dataset,query_group_size,eval_seed,episode_in_seed,mean_classes_per_group,homogeneous_group_fraction
CUB,2,42,0,1.8421052631578947,0.15789473684210525
CUB,3,42,0,2.4,0.08
CUB,4,42,0,3.1052631578947367,0.0
CUB,5,42,0,3.2,0.0
CUB,2,42,1,1.6842105263157894,0.3157894736842105
CUB,3,42,1,2.36,0.0
CUB,4,42,1,2.736842105263158,0.0
CUB,5,42,1,3.2666666666666666,0.0
CUB,2,42,2,1.763157894736842,0.23684210526315788
CUB,3,42,2,2.24,0.08
CUB,4,42,2,2.6842105263157894,0.0
CUB,5,42,2,3.2,0.0
CUB,2,42,3,1.868421052631579,0.13157894736842105
CUB,3,42,3,2.64,0.0
CUB,4,42,3,3.1578947368421053,0.0
CUB,5,42,3,3.466666666666667,0.0
CUB,2,42,4,1.763157894736842,0.23684210526315788
CUB,3,42,4,2.6,0.0
CUB,4,42,4,2.9473684210526314,0.0
CUB,5,42,4,3.533333333333333,0.0
CUB,2,42,5,1.7894736842105263,0.21052631578947367
CUB,3,42,5,2.52,0.0
CUB,4,42,5,2.9473684210526314,0.0
CUB,5,42,5,3.466666666666667,0.0
CUB,2,42,6,1.7894736842105263,0.21052631578947367
CUB,3,42,6,2.68,0.0
CUB,4,42,6,2.9473684210526314,0.0
CUB,5,42,6,3.6666666666666665,0.0
CUB,2,42,7,1.894736842105263,0.10526315789473684
CUB,3,42,7,2.44,0.04
CUB,4,42,7,2.789473684210526,0.05263157894736842
CUB,5,42,7,3.3333333333333335,0.0
CUB,2,42,8,1.8421052631578947,0.15789473684210525
CUB,3,42,8,2.56,0.0
CUB,4,42,8,3.263157894736842,0.0
CUB,5,42,8,3.466666666666667,0.0
CUB,2,42,9,1.736842105263158,0.2631578947368421
CUB,3,42,9,2.44,0.04
CUB,4,42,9,2.6842105263157894,0.05263157894736842
CUB,5,42,9,3.2,0.0
CUB,2,42,10,1.763157894736842,0.23684210526315788
CUB,3,42,10,2.6,0.0
CUB,4,42,10,3.0,0.0
CUB,5,42,10,3.6,0.0
CUB,2,42,11,1.8421052631578947,0.15789473684210525
CUB,3,42,11,2.6,0.0
CUB,4,42,11,2.8421052631578947,0.0
CUB,5,42,11,3.466666666666667,0.0
CUB,2,42,12,1.736842105263158,0.2631578947368421
CUB,3,42,12,2.56,0.0
CUB,4,42,12,3.0,0.0
CUB,5,42,12,3.4,0.0
CUB,2,42,13,1.763157894736842,0.23684210526315788
CUB,3,42,13,2.32,0.08
CUB,4,42,13,2.8421052631578947,0.0
CUB,5,42,13,3.4,0.0
CUB,2,42,14,1.6578947368421053,0.34210526315789475
CUB,3,42,14,2.08,0.12
CUB,4,42,14,2.6842105263157894,0.0
CUB,5,42,14,3.4,0.0
CUB,2,42,15,1.868421052631579,0.13157894736842105
CUB,3,42,15,2.4,0.0
CUB,4,42,15,3.0,0.0
CUB,5,42,15,3.2666666666666666,0.0
CUB,2,42,16,1.7894736842105263,0.21052631578947367
CUB,3,42,16,2.64,0.0
CUB,4,42,16,3.1578947368421053,0.0
CUB,5,42,16,3.933333333333333,0.0
CUB,2,42,17,1.6842105263157894,0.3157894736842105
CUB,3,42,17,2.36,0.04
CUB,4,42,17,2.6315789473684212,0.0
CUB,5,42,17,3.2,0.0
CUB,2,42,18,1.8157894736842106,0.18421052631578946
CUB,3,42,18,2.56,0.04
CUB,4,42,18,2.9473684210526314,0.0
CUB,5,42,18,3.3333333333333335,0.0
CUB,2,42,19,1.6578947368421053,0.34210526315789475
CUB,3,42,19,2.28,0.12
CUB,4,42,19,2.736842105263158,0.05263157894736842
CUB,5,42,19,3.066666666666667,0.06666666666666667
CUB,2,42,20,1.7105263157894737,0.2894736842105263
CUB,3,42,20,2.44,0.04
CUB,4,42,20,3.0,0.0
CUB,5,42,20,3.4,0.0
CUB,2,42,21,1.736842105263158,0.2631578947368421
CUB,3,42,21,2.48,0.12
CUB,4,42,21,3.0,0.0
CUB,5,42,21,3.6,0.0
CUB,2,42,22,1.8421052631578947,0.15789473684210525
CUB,3,42,22,2.52,0.0
CUB,4,42,22,3.0526315789473686,0.0
CUB,5,42,22,3.3333333333333335,0.0
CUB,2,42,23,1.763157894736842,0.23684210526315788
CUB,3,42,23,2.44,0.0
CUB,4,42,23,2.789473684210526,0.0
CUB,5,42,23,3.3333333333333335,0.0
CUB,2,42,24,1.8157894736842106,0.18421052631578946
CUB,3,42,24,2.48,0.0
CUB,4,42,24,3.1578947368421053,0.05263157894736842
CUB,5,42,24,3.4,0.0
CUB,2,42,25,1.763157894736842,0.23684210526315788
CUB,3,42,25,2.4,0.08
CUB,4,42,25,2.9473684210526314,0.0
CUB,5,42,25,3.2666666666666666,0.0
CUB,2,42,26,1.6842105263157894,0.3157894736842105
CUB,3,42,26,2.44,0.0
CUB,4,42,26,2.9473684210526314,0.0
CUB,5,42,26,3.1333333333333333,0.0
CUB,2,42,27,1.8421052631578947,0.15789473684210525
CUB,3,42,27,2.56,0.04
CUB,4,42,27,3.3157894736842106,0.0
CUB,5,42,27,3.6,0.0
CUB,2,42,28,1.763157894736842,0.23684210526315788
CUB,3,42,28,2.48,0.04
CUB,4,42,28,2.736842105263158,0.0
CUB,5,42,28,3.4,0.0
CUB,2,42,29,1.763157894736842,0.23684210526315788
CUB,3,42,29,2.56,0.0
CUB,4,42,29,3.0,0.0
CUB,5,42,29,3.2666666666666666,0.0
CUB,2,42,30,1.763157894736842,0.23684210526315788
CUB,3,42,30,2.52,0.04
CUB,4,42,30,3.0,0.0
CUB,5,42,30,3.533333333333333,0.0
CUB,2,42,31,1.6842105263157894,0.3157894736842105
CUB,3,42,31,2.4,0.04
CUB,4,42,31,2.6842105263157894,0.0
CUB,5,42,31,3.4,0.0
CUB,2,42,32,1.8421052631578947,0.15789473684210525
CUB,3,42,32,2.4,0.08
CUB,4,42,32,2.8947368421052633,0.0
CUB,5,42,32,3.4,0.0
CUB,2,42,33,1.736842105263158,0.2631578947368421
CUB,3,42,33,2.32,0.16
CUB,4,42,33,2.5789473684210527,0.05263157894736842
CUB,5,42,33,3.066666666666667,0.0
CUB,2,42,34,1.8421052631578947,0.15789473684210525
CUB,3,42,34,2.44,0.0
CUB,4,42,34,3.0526315789473686,0.0
CUB,5,42,34,3.2666666666666666,0.0
CUB,2,42,35,1.763157894736842,0.23684210526315788
CUB,3,42,35,2.2,0.12
CUB,4,42,35,2.9473684210526314,0.0
CUB,5,42,35,3.2666666666666666,0.0
CUB,2,42,36,1.763157894736842,0.23684210526315788
CUB,3,42,36,2.48,0.04
CUB,4,42,36,2.9473684210526314,0.05263157894736842
CUB,5,42,36,3.066666666666667,0.0
CUB,2,42,37,1.8421052631578947,0.15789473684210525
CUB,3,42,37,2.48,0.0
CUB,4,42,37,3.0526315789473686,0.0
CUB,5,42,37,3.2666666666666666,0.0
CUB,2,42,38,1.868421052631579,0.13157894736842105
CUB,3,42,38,2.4,0.04
CUB,4,42,38,3.0,0.0
CUB,5,42,38,3.1333333333333333,0.0
CUB,2,42,39,1.7894736842105263,0.21052631578947367
CUB,3,42,39,2.36,0.04
CUB,4,42,39,3.1052631578947367,0.0
CUB,5,42,39,3.533333333333333,0.0
CUB,2,42,40,1.8421052631578947,0.15789473684210525
CUB,3,42,40,2.48,0.0
CUB,4,42,40,2.6842105263157894,0.0
CUB,5,42,40,3.3333333333333335,0.0
CUB,2,42,41,1.736842105263158,0.2631578947368421
CUB,3,42,41,2.48,0.0
CUB,4,42,41,2.9473684210526314,0.0
CUB,5,42,41,3.3333333333333335,0.0
CUB,2,42,42,1.8421052631578947,0.15789473684210525
CUB,3,42,42,2.4,0.0
CUB,4,42,42,2.8421052631578947,0.0
CUB,5,42,42,3.533333333333333,0.0
CUB,2,42,43,1.7894736842105263,0.21052631578947367
CUB,3,42,43,2.4,0.04
CUB,4,42,43,3.0526315789473686,0.0
CUB,5,42,43,3.466666666666667,0.0
CUB,2,42,44,1.7894736842105263,0.21052631578947367
CUB,3,42,44,2.32,0.0
CUB,4,42,44,2.8947368421052633,0.0
CUB,5,42,44,3.466666666666667,0.0
CUB,2,42,45,1.868421052631579,0.13157894736842105
CUB,3,42,45,2.68,0.0
CUB,4,42,45,3.210526315789474,0.0
CUB,5,42,45,3.6,0.0
CUB,2,42,46,1.7105263157894737,0.2894736842105263
CUB,3,42,46,2.48,0.0
CUB,4,42,46,3.1578947368421053,0.0
CUB,5,42,46,3.6666666666666665,0.0
CUB,2,42,47,1.7894736842105263,0.21052631578947367
CUB,3,42,47,2.56,0.0
CUB,4,42,47,2.9473684210526314,0.0
CUB,5,42,47,3.6666666666666665,0.0
CUB,2,42,48,1.894736842105263,0.10526315789473684
CUB,3,42,48,2.52,0.0
CUB,4,42,48,2.8947368421052633,0.0
CUB,5,42,48,3.4,0.0
CUB,2,42,49,1.8421052631578947,0.15789473684210525
CUB,3,42,49,2.56,0.08
CUB,4,42,49,2.8947368421052633,0.0
CUB,5,42,49,3.2,0.0
CUB,2,42,50,1.736842105263158,0.2631578947368421
CUB,3,42,50,2.32,0.04
CUB,4,42,50,3.0,0.05263157894736842
CUB,5,42,50,3.3333333333333335,0.0
CUB,2,42,51,1.605263157894737,0.39473684210526316
CUB,3,42,51,2.52,0.0
CUB,4,42,51,2.736842105263158,0.0
CUB,5,42,51,3.3333333333333335,0.0
CUB,2,42,52,1.8157894736842106,0.18421052631578946
CUB,3,42,52,2.6,0.0
CUB,4,42,52,3.0526315789473686,0.0
CUB,5,42,52,3.466666666666667,0.0
CUB,2,42,53,1.868421052631579,0.13157894736842105
CUB,3,42,53,2.4,0.04
CUB,4,42,53,2.8947368421052633,0.0
CUB,5,42,53,3.4,0.0
CUB,2,42,54,1.8421052631578947,0.15789473684210525
CUB,3,42,54,2.36,0.0
CUB,4,42,54,2.8947368421052633,0.0
CUB,5,42,54,3.1333333333333333,0.0
CUB,2,42,55,1.8157894736842106,0.18421052631578946
CUB,3,42,55,2.52,0.0
CUB,4,42,55,3.0526315789473686,0.0
CUB,5,42,55,3.4,0.0
CUB,2,42,56,1.868421052631579,0.13157894736842105
CUB,3,42,56,2.44,0.0
CUB,4,42,56,3.0,0.0
CUB,5,42,56,3.466666666666667,0.0
CUB,2,42,57,1.736842105263158,0.2631578947368421
CUB,3,42,57,2.4,0.04
CUB,4,42,57,2.789473684210526,0.0
CUB,5,42,57,3.066666666666667,0.0
CUB,2,42,58,1.868421052631579,0.13157894736842105
CUB,3,42,58,2.6,0.0
CUB,4,42,58,3.0526315789473686,0.0
CUB,5,42,58,3.2,0.0
CUB,2,42,59,1.8421052631578947,0.15789473684210525
CUB,3,42,59,2.6,0.04
CUB,4,42,59,3.263157894736842,0.0
CUB,5,42,59,3.6,0.0
CUB,2,42,60,1.6578947368421053,0.34210526315789475
CUB,3,42,60,2.28,0.04
CUB,4,42,60,2.8947368421052633,0.0
CUB,5,42,60,3.3333333333333335,0.0
CUB,2,42,61,1.7894736842105263,0.21052631578947367
CUB,3,42,61,2.56,0.0
CUB,4,42,61,3.1052631578947367,0.0
CUB,5,42,61,3.533333333333333,0.0
CUB,2,42,62,1.6842105263157894,0.3157894736842105
CUB,3,42,62,2.4,0.08
CUB,4,42,62,2.736842105263158,0.0
CUB,5,42,62,3.7333333333333334,0.0
CUB,2,42,63,1.763157894736842,0.23684210526315788
CUB,3,42,63,2.4,0.12
CUB,4,42,63,2.8947368421052633,0.10526315789473684
CUB,5,42,63,3.3333333333333335,0.0
CUB,2,42,64,1.736842105263158,0.2631578947368421
CUB,3,42,64,2.36,0.04
CUB,4,42,64,3.0526315789473686,0.0
CUB,5,42,64,3.6,0.0
CUB,2,42,65,1.894736842105263,0.10526315789473684
CUB,3,42,65,2.64,0.0
CUB,4,42,65,3.1578947368421053,0.0
CUB,5,42,65,3.6666666666666665,0.0
CUB,2,42,66,1.7894736842105263,0.21052631578947367
CUB,3,42,66,2.56,0.0
CUB,4,42,66,3.1052631578947367,0.0
CUB,5,42,66,3.3333333333333335,0.0
CUB,2,42,67,1.7105263157894737,0.2894736842105263
CUB,3,42,67,2.2,0.12
CUB,4,42,67,2.6842105263157894,0.0
CUB,5,42,67,3.0,0.0
CUB,2,42,68,1.763157894736842,0.23684210526315788
CUB,3,42,68,2.64,0.08
CUB,4,42,68,3.1578947368421053,0.0
CUB,5,42,68,3.466666666666667,0.0
CUB,2,42,69,1.7105263157894737,0.2894736842105263
CUB,3,42,69,2.32,0.04
CUB,4,42,69,2.6315789473684212,0.0
CUB,5,42,69,3.066666666666667,0.0
CUB,2,42,70,1.7894736842105263,0.21052631578947367
CUB,3,42,70,2.52,0.04
CUB,4,42,70,3.0,0.0
CUB,5,42,70,3.6,0.0
CUB,2,42,71,1.9210526315789473,0.07894736842105263
CUB,3,42,71,2.32,0.04
CUB,4,42,71,3.0,0.0
CUB,5,42,71,3.466666666666667,0.0
CUB,2,42,72,1.7894736842105263,0.21052631578947367
CUB,3,42,72,2.64,0.0
CUB,4,42,72,3.1052631578947367,0.0
CUB,5,42,72,3.6666666666666665,0.0
CUB,2,42,73,1.8421052631578947,0.15789473684210525
CUB,3,42,73,2.4,0.08
CUB,4,42,73,2.8947368421052633,0.0
CUB,5,42,73,3.533333333333333,0.0
CUB,2,42,74,1.763157894736842,0.23684210526315788
CUB,3,42,74,2.52,0.04
CUB,4,42,74,2.6842105263157894,0.05263157894736842
CUB,5,42,74,3.533333333333333,0.0
CUB,2,42,75,1.6842105263157894,0.3157894736842105
CUB,3,42,75,2.28,0.08
CUB,4,42,75,2.8421052631578947,0.0
CUB,5,42,75,3.3333333333333335,0.0
CUB,2,42,76,1.7894736842105263,0.21052631578947367
CUB,3,42,76,2.52,0.04
CUB,4,42,76,2.8947368421052633,0.0
CUB,5,42,76,3.6,0.0
CUB,2,42,77,1.8157894736842106,0.18421052631578946
CUB,3,42,77,2.76,0.04
CUB,4,42,77,2.9473684210526314,0.0
CUB,5,42,77,3.3333333333333335,0.0
CUB,2,42,78,1.7894736842105263,0.21052631578947367
CUB,3,42,78,2.56,0.0
CUB,4,42,78,2.9473684210526314,0.0
CUB,5,42,78,3.2,0.0
CUB,2,42,79,1.7894736842105263,0.21052631578947367
CUB,3,42,79,2.52,0.04
CUB,4,42,79,3.0526315789473686,0.0
CUB,5,42,79,3.2,0.0
CUB,2,42,80,1.7894736842105263,0.21052631578947367
CUB,3,42,80,2.52,0.0
CUB,4,42,80,3.1052631578947367,0.0
CUB,5,42,80,3.533333333333333,0.0
CUB,2,42,81,1.894736842105263,0.10526315789473684
CUB,3,42,81,2.56,0.04
CUB,4,42,81,3.0526315789473686,0.0
CUB,5,42,81,3.6666666666666665,0.0
CUB,2,42,82,1.8421052631578947,0.15789473684210525
CUB,3,42,82,2.44,0.0
CUB,4,42,82,3.0,0.0
CUB,5,42,82,3.2666666666666666,0.0
CUB,2,42,83,1.763157894736842,0.23684210526315788
CUB,3,42,83,2.36,0.08
CUB,4,42,83,3.0,0.0
CUB,5,42,83,3.3333333333333335,0.0
CUB,2,42,84,1.7105263157894737,0.2894736842105263
CUB,3,42,84,2.4,0.08
CUB,4,42,84,2.789473684210526,0.05263157894736842
CUB,5,42,84,3.2666666666666666,0.0
CUB,2,42,85,1.7894736842105263,0.21052631578947367
CUB,3,42,85,2.52,0.0
CUB,4,42,85,2.8947368421052633,0.0
CUB,5,42,85,3.2666666666666666,0.0
CUB,2,42,86,1.7105263157894737,0.2894736842105263
CUB,3,42,86,2.48,0.04
CUB,4,42,86,2.8947368421052633,0.05263157894736842
CUB,5,42,86,3.2666666666666666,0.0
CUB,2,42,87,1.763157894736842,0.23684210526315788
CUB,3,42,87,2.48,0.0
CUB,4,42,87,3.1052631578947367,0.0
CUB,5,42,87,3.6666666666666665,0.0
CUB,2,42,88,1.868421052631579,0.13157894736842105
CUB,3,42,88,2.4,0.08
CUB,4,42,88,3.1578947368421053,0.0
CUB,5,42,88,3.4,0.0
CUB,2,42,89,1.736842105263158,0.2631578947368421
CUB,3,42,89,2.24,0.12
CUB,4,42,89,2.789473684210526,0.0
CUB,5,42,89,3.2,0.0
CUB,2,42,90,1.8157894736842106,0.18421052631578946
CUB,3,42,90,2.52,0.04
CUB,4,42,90,3.1052631578947367,0.0
CUB,5,42,90,3.466666666666667,0.0
CUB,2,42,91,1.7105263157894737,0.2894736842105263
CUB,3,42,91,2.44,0.08
CUB,4,42,91,2.8947368421052633,0.0
CUB,5,42,91,3.2,0.0
CUB,2,42,92,1.8421052631578947,0.15789473684210525
CUB,3,42,92,2.6,0.0
CUB,4,42,92,3.1578947368421053,0.0
CUB,5,42,92,3.533333333333333,0.0
CUB,2,42,93,1.736842105263158,0.2631578947368421
CUB,3,42,93,2.44,0.0
CUB,4,42,93,2.8947368421052633,0.0
CUB,5,42,93,3.6666666666666665,0.0
CUB,2,42,94,1.736842105263158,0.2631578947368421
CUB,3,42,94,2.4,0.04
CUB,4,42,94,2.8947368421052633,0.0
CUB,5,42,94,3.4,0.0
CUB,2,42,95,1.8157894736842106,0.18421052631578946
CUB,3,42,95,2.56,0.0
CUB,4,42,95,3.1578947368421053,0.0
CUB,5,42,95,3.6,0.0
CUB,2,42,96,1.763157894736842,0.23684210526315788
CUB,3,42,96,2.4,0.04
CUB,4,42,96,2.8947368421052633,0.0
CUB,5,42,96,3.3333333333333335,0.0
CUB,2,42,97,1.7894736842105263,0.21052631578947367
CUB,3,42,97,2.6,0.04
CUB,4,42,97,3.0,0.0
CUB,5,42,97,3.4,0.0
CUB,2,42,98,1.8421052631578947,0.15789473684210525
CUB,3,42,98,2.44,0.0
CUB,4,42,98,3.0,0.0
CUB,5,42,98,3.4,0.0
CUB,2,42,99,1.8157894736842106,0.18421052631578946
CUB,3,42,99,2.44,0.04
CUB,4,42,99,2.8421052631578947,0.05263157894736842
CUB,5,42,99,3.6,0.0
CUB,2,42,100,1.7894736842105263,0.21052631578947367
CUB,3,42,100,2.36,0.04
CUB,4,42,100,2.8421052631578947,0.0
CUB,5,42,100,3.2666666666666666,0.0
CUB,2,42,101,1.8421052631578947,0.15789473684210525
CUB,3,42,101,2.56,0.0
CUB,4,42,101,3.1052631578947367,0.0
CUB,5,42,101,3.466666666666667,0.0
CUB,2,42,102,1.9210526315789473,0.07894736842105263
CUB,3,42,102,2.56,0.0
CUB,4,42,102,3.1578947368421053,0.0
CUB,5,42,102,3.466666666666667,0.0
CUB,2,42,103,1.6578947368421053,0.34210526315789475
CUB,3,42,103,2.4,0.08
CUB,4,42,103,2.9473684210526314,0.0
CUB,5,42,103,3.3333333333333335,0.0
CUB,2,42,104,1.763157894736842,0.23684210526315788
CUB,3,42,104,2.52,0.0
CUB,4,42,104,3.1052631578947367,0.0
CUB,5,42,104,3.6,0.0
CUB,2,42,105,1.868421052631579,0.13157894736842105
CUB,3,42,105,2.44,0.04
CUB,4,42,105,3.1578947368421053,0.05263157894736842
CUB,5,42,105,3.6666666666666665,0.0
CUB,2,42,106,1.7105263157894737,0.2894736842105263
CUB,3,42,106,2.4,0.08
CUB,4,42,106,2.8421052631578947,0.0
CUB,5,42,106,3.2666666666666666,0.0
CUB,2,42,107,1.736842105263158,0.2631578947368421
CUB,3,42,107,2.56,0.0
CUB,4,42,107,2.789473684210526,0.0
CUB,5,42,107,3.533333333333333,0.0
CUB,2,42,108,1.868421052631579,0.13157894736842105
CUB,3,42,108,2.52,0.0
CUB,4,42,108,3.0,0.0
CUB,5,42,108,3.6,0.0
CUB,2,42,109,1.9210526315789473,0.07894736842105263
CUB,3,42,109,2.52,0.0
CUB,4,42,109,2.8421052631578947,0.0
CUB,5,42,109,3.533333333333333,0.0
CUB,2,42,110,1.6842105263157894,0.3157894736842105
CUB,3,42,110,2.36,0.08
CUB,4,42,110,2.736842105263158,0.0
CUB,5,42,110,3.4,0.0
CUB,2,42,111,1.7894736842105263,0.21052631578947367
CUB,3,42,111,2.44,0.08
CUB,4,42,111,3.0,0.05263157894736842
CUB,5,42,111,3.3333333333333335,0.0
CUB,2,42,112,1.736842105263158,0.2631578947368421
CUB,3,42,112,2.36,0.04
CUB,4,42,112,2.789473684210526,0.0
CUB,5,42,112,3.2,0.0
CUB,2,42,113,1.6842105263157894,0.3157894736842105
CUB,3,42,113,2.24,0.12
CUB,4,42,113,2.789473684210526,0.0
CUB,5,42,113,3.1333333333333333,0.0
CUB,2,42,114,1.8157894736842106,0.18421052631578946
CUB,3,42,114,2.52,0.0
CUB,4,42,114,3.1052631578947367,0.0
CUB,5,42,114,3.466666666666667,0.0
CUB,2,42,115,1.8157894736842106,0.18421052631578946
CUB,3,42,115,2.4,0.08
CUB,4,42,115,2.789473684210526,0.0
CUB,5,42,115,3.3333333333333335,0.0
CUB,2,42,116,1.763157894736842,0.23684210526315788
CUB,3,42,116,2.4,0.08
CUB,4,42,116,2.789473684210526,0.0
CUB,5,42,116,3.533333333333333,0.0
CUB,2,42,117,1.8421052631578947,0.15789473684210525
CUB,3,42,117,2.72,0.04
CUB,4,42,117,3.1052631578947367,0.0
CUB,5,42,117,3.466666666666667,0.0
CUB,2,42,118,1.894736842105263,0.10526315789473684
CUB,3,42,118,2.44,0.0
CUB,4,42,118,2.9473684210526314,0.0
CUB,5,42,118,3.2,0.0
CUB,2,42,119,1.8421052631578947,0.15789473684210525
CUB,3,42,119,2.6,0.04
CUB,4,42,119,3.1578947368421053,0.0
CUB,5,42,119,3.3333333333333335,0.0
CUB,2,42,120,1.8157894736842106,0.18421052631578946
CUB,3,42,120,2.56,0.04
CUB,4,42,120,3.0,0.0
CUB,5,42,120,3.3333333333333335,0.0
CUB,2,42,121,1.8157894736842106,0.18421052631578946
CUB,3,42,121,2.48,0.0
CUB,4,42,121,3.0,0.0
CUB,5,42,121,3.533333333333333,0.0
CUB,2,42,122,1.7894736842105263,0.21052631578947367
CUB,3,42,122,2.44,0.12
CUB,4,42,122,2.9473684210526314,0.0
CUB,5,42,122,3.4,0.0
CUB,2,42,123,1.6842105263157894,0.3157894736842105
CUB,3,42,123,2.28,0.08
CUB,4,42,123,2.9473684210526314,0.05263157894736842
CUB,5,42,123,3.2,0.0
CUB,2,42,124,1.8421052631578947,0.15789473684210525
CUB,3,42,124,2.52,0.0
CUB,4,42,124,3.0,0.0
CUB,5,42,124,3.533333333333333,0.0
CUB,2,42,125,1.8157894736842106,0.18421052631578946
CUB,3,42,125,2.4,0.0
CUB,4,42,125,2.789473684210526,0.0
CUB,5,42,125,3.2666666666666666,0.0
CUB,2,42,126,1.6578947368421053,0.34210526315789475
CUB,3,42,126,2.28,0.0
CUB,4,42,126,2.5789473684210527,0.0
CUB,5,42,126,3.2,0.0
CUB,2,42,127,1.9473684210526316,0.05263157894736842
CUB,3,42,127,2.76,0.0
CUB,4,42,127,3.263157894736842,0.0
CUB,5,42,127,3.7333333333333334,0.0
CUB,2,42,128,1.8157894736842106,0.18421052631578946
CUB,3,42,128,2.64,0.0
CUB,4,42,128,3.1578947368421053,0.0
CUB,5,42,128,3.6666666666666665,0.0
CUB,2,42,129,1.6842105263157894,0.3157894736842105
CUB,3,42,129,2.48,0.0
CUB,4,42,129,2.8947368421052633,0.0
CUB,5,42,129,3.466666666666667,0.0
CUB,2,42,130,1.7105263157894737,0.2894736842105263
CUB,3,42,130,2.32,0.16
CUB,4,42,130,2.9473684210526314,0.05263157894736842
CUB,5,42,130,3.466666666666667,0.0
CUB,2,42,131,1.8157894736842106,0.18421052631578946
CUB,3,42,131,2.4,0.04
CUB,4,42,131,2.9473684210526314,0.0
CUB,5,42,131,3.533333333333333,0.0
CUB,2,42,132,1.7105263157894737,0.2894736842105263
CUB,3,42,132,2.48,0.0
CUB,4,42,132,2.8421052631578947,0.0
CUB,5,42,132,3.4,0.0
CUB,2,42,133,1.8157894736842106,0.18421052631578946
CUB,3,42,133,2.48,0.04
CUB,4,42,133,3.210526315789474,0.05263157894736842
CUB,5,42,133,3.533333333333333,0.0
CUB,2,42,134,1.8157894736842106,0.18421052631578946
CUB,3,42,134,2.48,0.04
CUB,4,42,134,3.1052631578947367,0.0
CUB,5,42,134,3.2666666666666666,0.0
CUB,2,42,135,1.8157894736842106,0.18421052631578946
CUB,3,42,135,2.44,0.0
CUB,4,42,135,3.0526315789473686,0.0
CUB,5,42,135,3.4,0.0
CUB,2,42,136,1.8421052631578947,0.15789473684210525
CUB,3,42,136,2.64,0.0
CUB,4,42,136,3.263157894736842,0.0
CUB,5,42,136,3.7333333333333334,0.0
CUB,2,42,137,1.7105263157894737,0.2894736842105263
CUB,3,42,137,2.52,0.0
CUB,4,42,137,2.8947368421052633,0.0
CUB,5,42,137,3.4,0.0
CUB,2,42,138,1.763157894736842,0.23684210526315788
CUB,3,42,138,2.28,0.04
CUB,4,42,138,2.789473684210526,0.0
CUB,5,42,138,3.466666666666667,0.0
CUB,2,42,139,1.763157894736842,0.23684210526315788
CUB,3,42,139,2.44,0.08
CUB,4,42,139,2.9473684210526314,0.05263157894736842
CUB,5,42,139,3.2666666666666666,0.0
CUB,2,42,140,1.9210526315789473,0.07894736842105263
CUB,3,42,140,2.56,0.0
CUB,4,42,140,3.3157894736842106,0.0
CUB,5,42,140,3.7333333333333334,0.0
CUB,2,42,141,1.8421052631578947,0.15789473684210525
CUB,3,42,141,2.4,0.04
CUB,4,42,141,2.9473684210526314,0.0
CUB,5,42,141,3.533333333333333,0.0
CUB,2,42,142,1.736842105263158,0.2631578947368421
CUB,3,42,142,2.24,0.0
CUB,4,42,142,2.8947368421052633,0.0
CUB,5,42,142,3.2666666666666666,0.0
CUB,2,42,143,1.763157894736842,0.23684210526315788
CUB,3,42,143,2.48,0.08
CUB,4,42,143,2.8947368421052633,0.0
CUB,5,42,143,3.6666666666666665,0.0
CUB,2,42,144,1.763157894736842,0.23684210526315788
CUB,3,42,144,2.4,0.04
CUB,4,42,144,2.789473684210526,0.0
CUB,5,42,144,3.466666666666667,0.0
CUB,2,42,145,1.736842105263158,0.2631578947368421
CUB,3,42,145,2.28,0.0
CUB,4,42,145,2.6842105263157894,0.0
CUB,5,42,145,3.3333333333333335,0.0
CUB,2,42,146,1.8157894736842106,0.18421052631578946
CUB,3,42,146,2.4,0.0
CUB,4,42,146,2.9473684210526314,0.0
CUB,5,42,146,3.466666666666667,0.0
CUB,2,42,147,1.763157894736842,0.23684210526315788
CUB,3,42,147,2.44,0.0
CUB,4,42,147,2.789473684210526,0.0
CUB,5,42,147,3.6,0.0
CUB,2,42,148,1.894736842105263,0.10526315789473684
CUB,3,42,148,2.6,0.04
CUB,4,42,148,3.0526315789473686,0.0
CUB,5,42,148,3.8,0.0
CUB,2,42,149,1.7894736842105263,0.21052631578947367
CUB,3,42,149,2.48,0.04
CUB,4,42,149,2.9473684210526314,0.05263157894736842
CUB,5,42,149,3.6,0.0
CUB,2,42,150,1.868421052631579,0.13157894736842105
CUB,3,42,150,2.6,0.0
CUB,4,42,150,2.8947368421052633,0.0
CUB,5,42,150,3.4,0.0
CUB,2,42,151,1.7105263157894737,0.2894736842105263
CUB,3,42,151,2.36,0.0
CUB,4,42,151,2.789473684210526,0.0
CUB,5,42,151,3.2666666666666666,0.0
CUB,2,42,152,1.7894736842105263,0.21052631578947367
CUB,3,42,152,2.4,0.0
CUB,4,42,152,2.8421052631578947,0.0
CUB,5,42,152,3.2666666666666666,0.0
CUB,2,42,153,1.8157894736842106,0.18421052631578946
CUB,3,42,153,2.56,0.0
CUB,4,42,153,3.1052631578947367,0.0
CUB,5,42,153,3.6666666666666665,0.0
CUB,2,42,154,1.894736842105263,0.10526315789473684
CUB,3,42,154,2.44,0.04
CUB,4,42,154,3.263157894736842,0.0
CUB,5,42,154,3.6,0.0
CUB,2,42,155,1.736842105263158,0.2631578947368421
CUB,3,42,155,2.52,0.0
CUB,4,42,155,2.9473684210526314,0.0
CUB,5,42,155,3.4,0.0
CUB,2,42,156,1.736842105263158,0.2631578947368421
CUB,3,42,156,2.28,0.12
CUB,4,42,156,2.789473684210526,0.05263157894736842
CUB,5,42,156,3.2,0.0
CUB,2,42,157,1.7894736842105263,0.21052631578947367
CUB,3,42,157,2.48,0.04
CUB,4,42,157,3.0,0.0
CUB,5,42,157,3.3333333333333335,0.0
CUB,2,42,158,1.8421052631578947,0.15789473684210525
CUB,3,42,158,2.56,0.0
CUB,4,42,158,3.1052631578947367,0.0
CUB,5,42,158,3.466666666666667,0.0
CUB,2,42,159,1.7894736842105263,0.21052631578947367
CUB,3,42,159,2.4,0.04
CUB,4,42,159,2.8421052631578947,0.0
CUB,5,42,159,3.4,0.0
CUB,2,42,160,1.9210526315789473,0.07894736842105263
CUB,3,42,160,2.72,0.0
CUB,4,42,160,3.1578947368421053,0.0
CUB,5,42,160,3.6,0.0
CUB,2,42,161,1.763157894736842,0.23684210526315788
CUB,3,42,161,2.4,0.04
CUB,4,42,161,2.736842105263158,0.0
CUB,5,42,161,3.066666666666667,0.0
CUB,2,42,162,1.7894736842105263,0.21052631578947367
CUB,3,42,162,2.4,0.04
CUB,4,42,162,2.8947368421052633,0.0
CUB,5,42,162,3.1333333333333333,0.0
CUB,2,42,163,1.8157894736842106,0.18421052631578946
CUB,3,42,163,2.28,0.0
CUB,4,42,163,2.5789473684210527,0.0
CUB,5,42,163,3.1333333333333333,0.0
CUB,2,42,164,1.6842105263157894,0.3157894736842105
CUB,3,42,164,2.28,0.08
CUB,4,42,164,2.6315789473684212,0.0
CUB,5,42,164,3.0,0.0
CUB,2,42,165,1.8157894736842106,0.18421052631578946
CUB,3,42,165,2.32,0.04
CUB,4,42,165,2.8947368421052633,0.0
CUB,5,42,165,3.066666666666667,0.0
CUB,2,42,166,1.8157894736842106,0.18421052631578946
CUB,3,42,166,2.4,0.04
CUB,4,42,166,2.9473684210526314,0.0
CUB,5,42,166,3.6,0.0
CUB,2,42,167,1.868421052631579,0.13157894736842105
CUB,3,42,167,2.68,0.0
CUB,4,42,167,3.0,0.0
CUB,5,42,167,3.6666666666666665,0.0
CUB,2,42,168,1.736842105263158,0.2631578947368421
CUB,3,42,168,2.44,0.04
CUB,4,42,168,2.736842105263158,0.0
CUB,5,42,168,3.466666666666667,0.0
CUB,2,42,169,1.8157894736842106,0.18421052631578946
CUB,3,42,169,2.64,0.04
CUB,4,42,169,3.210526315789474,0.0
CUB,5,42,169,3.466666666666667,0.0
CUB,2,42,170,1.8157894736842106,0.18421052631578946
CUB,3,42,170,2.44,0.04
CUB,4,42,170,3.0,0.0
CUB,5,42,170,3.4,0.0
CUB,2,42,171,1.7894736842105263,0.21052631578947367
CUB,3,42,171,2.44,0.08
CUB,4,42,171,2.9473684210526314,0.0
CUB,5,42,171,3.6,0.0
CUB,2,42,172,1.8421052631578947,0.15789473684210525
CUB,3,42,172,2.6,0.0
CUB,4,42,172,2.9473684210526314,0.0
CUB,5,42,172,3.6666666666666665,0.0
CUB,2,42,173,1.7894736842105263,0.21052631578947367
CUB,3,42,173,2.48,0.04
CUB,4,42,173,3.1052631578947367,0.0
CUB,5,42,173,3.4,0.0
CUB,2,42,174,1.736842105263158,0.2631578947368421
CUB,3,42,174,2.36,0.04
CUB,4,42,174,2.789473684210526,0.0
CUB,5,42,174,3.2,0.0
CUB,2,42,175,1.7105263157894737,0.2894736842105263
CUB,3,42,175,2.48,0.0
CUB,4,42,175,3.0526315789473686,0.0
CUB,5,42,175,3.533333333333333,0.0
CUB,2,42,176,1.7894736842105263,0.21052631578947367
CUB,3,42,176,2.32,0.08
CUB,4,42,176,2.8421052631578947,0.0
CUB,5,42,176,3.3333333333333335,0.0
CUB,2,42,177,1.736842105263158,0.2631578947368421
CUB,3,42,177,2.36,0.08
CUB,4,42,177,2.6315789473684212,0.05263157894736842
CUB,5,42,177,3.533333333333333,0.0
CUB,2,42,178,1.736842105263158,0.2631578947368421
CUB,3,42,178,2.32,0.08
CUB,4,42,178,2.789473684210526,0.0
CUB,5,42,178,3.2666666666666666,0.0
CUB,2,42,179,1.8157894736842106,0.18421052631578946
CUB,3,42,179,2.32,0.04
CUB,4,42,179,2.5789473684210527,0.05263157894736842
CUB,5,42,179,3.066666666666667,0.06666666666666667
CUB,2,42,180,1.7105263157894737,0.2894736842105263
CUB,3,42,180,2.4,0.04
CUB,4,42,180,3.0,0.0
CUB,5,42,180,3.4,0.0
CUB,2,42,181,1.868421052631579,0.13157894736842105
CUB,3,42,181,2.52,0.0
CUB,4,42,181,3.210526315789474,0.0
CUB,5,42,181,3.466666666666667,0.0
CUB,2,42,182,1.868421052631579,0.13157894736842105
CUB,3,42,182,2.6,0.04
CUB,4,42,182,3.1052631578947367,0.0
CUB,5,42,182,3.6,0.0
CUB,2,42,183,1.7894736842105263,0.21052631578947367
CUB,3,42,183,2.36,0.08
CUB,4,42,183,2.6315789473684212,0.05263157894736842
CUB,5,42,183,3.2,0.0
CUB,2,42,184,1.894736842105263,0.10526315789473684
CUB,3,42,184,2.56,0.0
CUB,4,42,184,3.3157894736842106,0.0
CUB,5,42,184,3.2666666666666666,0.0
CUB,2,42,185,1.8157894736842106,0.18421052631578946
CUB,3,42,185,2.48,0.0
CUB,4,42,185,3.0,0.0
CUB,5,42,185,3.4,0.0
CUB,2,42,186,1.8421052631578947,0.15789473684210525
CUB,3,42,186,2.24,0.0
CUB,4,42,186,2.789473684210526,0.0
CUB,5,42,186,2.933333333333333,0.0
CUB,2,42,187,1.763157894736842,0.23684210526315788
CUB,3,42,187,2.52,0.0
CUB,4,42,187,2.8947368421052633,0.0
CUB,5,42,187,3.4,0.0
CUB,2,42,188,1.8421052631578947,0.15789473684210525
CUB,3,42,188,2.4,0.0
CUB,4,42,188,3.0,0.0
CUB,5,42,188,3.4,0.0
CUB,2,42,189,1.868421052631579,0.13157894736842105
CUB,3,42,189,2.4,0.04
CUB,4,42,189,3.210526315789474,0.0
CUB,5,42,189,3.6,0.0
CUB,2,42,190,1.763157894736842,0.23684210526315788
CUB,3,42,190,2.44,0.04
CUB,4,42,190,2.9473684210526314,0.0
CUB,5,42,190,3.6,0.0
CUB,2,42,191,1.7894736842105263,0.21052631578947367
CUB,3,42,191,2.48,0.04
CUB,4,42,191,2.9473684210526314,0.0
CUB,5,42,191,3.466666666666667,0.0
CUB,2,42,192,1.763157894736842,0.23684210526315788
CUB,3,42,192,2.4,0.0
CUB,4,42,192,2.8947368421052633,0.0
CUB,5,42,192,3.4,0.0
CUB,2,42,193,1.8157894736842106,0.18421052631578946
CUB,3,42,193,2.52,0.12
CUB,4,42,193,3.0,0.0
CUB,5,42,193,3.533333333333333,0.0
CUB,2,42,194,1.736842105263158,0.2631578947368421
CUB,3,42,194,2.44,0.08
CUB,4,42,194,2.9473684210526314,0.0
CUB,5,42,194,3.6,0.0
CUB,2,42,195,1.8421052631578947,0.15789473684210525
CUB,3,42,195,2.48,0.0
CUB,4,42,195,3.0,0.0
CUB,5,42,195,3.6,0.0
CUB,2,42,196,1.8421052631578947,0.15789473684210525
CUB,3,42,196,2.64,0.0
CUB,4,42,196,3.0526315789473686,0.0
CUB,5,42,196,3.6666666666666665,0.0
CUB,2,42,197,1.8157894736842106,0.18421052631578946
CUB,3,42,197,2.4,0.04
CUB,4,42,197,2.8421052631578947,0.05263157894736842
CUB,5,42,197,3.466666666666667,0.0
CUB,2,42,198,1.736842105263158,0.2631578947368421
CUB,3,42,198,2.64,0.04
CUB,4,42,198,3.0,0.0
CUB,5,42,198,3.6666666666666665,0.0
CUB,2,42,199,1.7105263157894737,0.2894736842105263
CUB,3,42,199,2.44,0.0
CUB,4,42,199,2.8947368421052633,0.0
CUB,5,42,199,3.3333333333333335,0.0
CUB,2,42,200,1.7105263157894737,0.2894736842105263
CUB,3,42,200,2.48,0.08
CUB,4,42,200,2.736842105263158,0.0
CUB,5,42,200,3.2,0.0
CUB,2,42,201,1.7105263157894737,0.2894736842105263
CUB,3,42,201,2.48,0.0
CUB,4,42,201,2.9473684210526314,0.0
CUB,5,42,201,3.4,0.0
CUB,2,42,202,1.7894736842105263,0.21052631578947367
CUB,3,42,202,2.6,0.0
CUB,4,42,202,2.8421052631578947,0.05263157894736842
CUB,5,42,202,3.6666666666666665,0.0
CUB,2,42,203,1.763157894736842,0.23684210526315788
CUB,3,42,203,2.48,0.0
CUB,4,42,203,2.9473684210526314,0.0
CUB,5,42,203,3.2666666666666666,0.0
CUB,2,42,204,1.7105263157894737,0.2894736842105263
CUB,3,42,204,2.32,0.16
CUB,4,42,204,2.8421052631578947,0.0
CUB,5,42,204,3.4,0.0
CUB,2,42,205,1.736842105263158,0.2631578947368421
CUB,3,42,205,2.44,0.0
CUB,4,42,205,3.1578947368421053,0.0
CUB,5,42,205,3.6666666666666665,0.0
CUB,2,42,206,1.7894736842105263,0.21052631578947367
CUB,3,42,206,2.44,0.08
CUB,4,42,206,3.0,0.0
CUB,5,42,206,3.3333333333333335,0.0
CUB,2,42,207,1.7894736842105263,0.21052631578947367
CUB,3,42,207,2.44,0.0
CUB,4,42,207,2.8947368421052633,0.0
CUB,5,42,207,3.1333333333333333,0.0
CUB,2,42,208,1.763157894736842,0.23684210526315788
CUB,3,42,208,2.36,0.08
CUB,4,42,208,2.8947368421052633,0.0
CUB,5,42,208,3.2666666666666666,0.0
CUB,2,42,209,1.8421052631578947,0.15789473684210525
CUB,3,42,209,2.48,0.08
CUB,4,42,209,3.0526315789473686,0.0
CUB,5,42,209,3.3333333333333335,0.0
CUB,2,42,210,1.763157894736842,0.23684210526315788
CUB,3,42,210,2.32,0.08
CUB,4,42,210,2.6842105263157894,0.0
CUB,5,42,210,3.3333333333333335,0.0
CUB,2,42,211,1.763157894736842,0.23684210526315788
CUB,3,42,211,2.52,0.0
CUB,4,42,211,3.1578947368421053,0.0
CUB,5,42,211,3.6,0.0
CUB,2,42,212,1.6578947368421053,0.34210526315789475
CUB,3,42,212,2.44,0.04
CUB,4,42,212,2.8421052631578947,0.0
CUB,5,42,212,3.2666666666666666,0.0
CUB,2,42,213,1.7894736842105263,0.21052631578947367
CUB,3,42,213,2.4,0.08
CUB,4,42,213,2.8421052631578947,0.0
CUB,5,42,213,3.066666666666667,0.0
CUB,2,42,214,1.894736842105263,0.10526315789473684
CUB,3,42,214,2.48,0.0
CUB,4,42,214,2.9473684210526314,0.0
CUB,5,42,214,3.466666666666667,0.0
CUB,2,42,215,1.763157894736842,0.23684210526315788
CUB,3,42,215,2.36,0.04
CUB,4,42,215,3.0526315789473686,0.0
CUB,5,42,215,3.466666666666667,0.0
CUB,2,42,216,1.6842105263157894,0.3157894736842105
CUB,3,42,216,2.44,0.04
CUB,4,42,216,2.8947368421052633,0.0
CUB,5,42,216,3.2,0.0
CUB,2,42,217,1.868421052631579,0.13157894736842105
CUB,3,42,217,2.36,0.04
CUB,4,42,217,2.9473684210526314,0.0
CUB,5,42,217,3.6666666666666665,0.0
CUB,2,42,218,1.736842105263158,0.2631578947368421
CUB,3,42,218,2.44,0.08
CUB,4,42,218,2.9473684210526314,0.0
CUB,5,42,218,3.3333333333333335,0.0
CUB,2,42,219,1.6842105263157894,0.3157894736842105
CUB,3,42,219,2.4,0.0
CUB,4,42,219,2.9473684210526314,0.0
CUB,5,42,219,3.6,0.0
CUB,2,42,220,1.736842105263158,0.2631578947368421
CUB,3,42,220,2.4,0.12
CUB,4,42,220,2.789473684210526,0.0
CUB,5,42,220,3.2,0.0
CUB,2,42,221,1.736842105263158,0.2631578947368421
CUB,3,42,221,2.4,0.08
CUB,4,42,221,2.9473684210526314,0.05263157894736842
CUB,5,42,221,3.3333333333333335,0.0
CUB,2,42,222,1.7894736842105263,0.21052631578947367
CUB,3,42,222,2.56,0.0
CUB,4,42,222,3.1052631578947367,0.0
CUB,5,42,222,3.6666666666666665,0.0
CUB,2,42,223,1.8157894736842106,0.18421052631578946
CUB,3,42,223,2.52,0.04
CUB,4,42,223,3.0,0.0
CUB,5,42,223,3.1333333333333333,0.0
CUB,2,42,224,1.736842105263158,0.2631578947368421
CUB,3,42,224,2.56,0.08
CUB,4,42,224,2.9473684210526314,0.0
CUB,5,42,224,3.533333333333333,0.0
CUB,2,42,225,1.763157894736842,0.23684210526315788
CUB,3,42,225,2.28,0.0
CUB,4,42,225,3.0,0.0
CUB,5,42,225,3.2,0.0
CUB,2,42,226,1.763157894736842,0.23684210526315788
CUB,3,42,226,2.36,0.16
CUB,4,42,226,2.9473684210526314,0.05263157894736842
CUB,5,42,226,3.533333333333333,0.0
CUB,2,42,227,1.894736842105263,0.10526315789473684
CUB,3,42,227,2.6,0.0
CUB,4,42,227,3.210526315789474,0.0
CUB,5,42,227,3.466666666666667,0.0
CUB,2,42,228,1.736842105263158,0.2631578947368421
CUB,3,42,228,2.32,0.04
CUB,4,42,228,2.8947368421052633,0.0
CUB,5,42,228,3.4,0.0
CUB,2,42,229,1.763157894736842,0.23684210526315788
CUB,3,42,229,2.52,0.04
CUB,4,42,229,2.8947368421052633,0.05263157894736842
CUB,5,42,229,3.2666666666666666,0.0
CUB,2,42,230,1.6578947368421053,0.34210526315789475
CUB,3,42,230,2.32,0.04
CUB,4,42,230,3.0,0.0
CUB,5,42,230,3.2666666666666666,0.0
CUB,2,42,231,1.8421052631578947,0.15789473684210525
CUB,3,42,231,2.52,0.04
CUB,4,42,231,3.0526315789473686,0.0
CUB,5,42,231,3.4,0.0
CUB,2,42,232,1.763157894736842,0.23684210526315788
CUB,3,42,232,2.48,0.04
CUB,4,42,232,3.0526315789473686,0.0
CUB,5,42,232,3.3333333333333335,0.0
CUB,2,42,233,1.7105263157894737,0.2894736842105263
CUB,3,42,233,2.48,0.0
CUB,4,42,233,2.8947368421052633,0.0
CUB,5,42,233,3.466666666666667,0.0
CUB,2,42,234,1.7894736842105263,0.21052631578947367
CUB,3,42,234,2.4,0.08
CUB,4,42,234,2.8947368421052633,0.0
CUB,5,42,234,3.3333333333333335,0.0
CUB,2,42,235,1.8157894736842106,0.18421052631578946
CUB,3,42,235,2.44,0.0
CUB,4,42,235,2.9473684210526314,0.0
CUB,5,42,235,3.4,0.0
CUB,2,42,236,1.7894736842105263,0.21052631578947367
CUB,3,42,236,2.64,0.0
CUB,4,42,236,3.0526315789473686,0.0
CUB,5,42,236,3.7333333333333334,0.0
CUB,2,42,237,1.7894736842105263,0.21052631578947367
CUB,3,42,237,2.36,0.12
CUB,4,42,237,2.9473684210526314,0.0
CUB,5,42,237,3.533333333333333,0.0
CUB,2,42,238,1.8157894736842106,0.18421052631578946
CUB,3,42,238,2.52,0.0
CUB,4,42,238,3.1052631578947367,0.0
CUB,5,42,238,3.2666666666666666,0.0
CUB,2,42,239,1.736842105263158,0.2631578947368421
CUB,3,42,239,2.52,0.0
CUB,4,42,239,3.0526315789473686,0.0
CUB,5,42,239,3.6666666666666665,0.0
CUB,2,42,240,1.7894736842105263,0.21052631578947367
CUB,3,42,240,2.48,0.0
CUB,4,42,240,2.8947368421052633,0.0
CUB,5,42,240,3.2,0.0
CUB,2,42,241,1.8421052631578947,0.15789473684210525
CUB,3,42,241,2.48,0.0
CUB,4,42,241,3.0,0.0
CUB,5,42,241,3.533333333333333,0.0
CUB,2,42,242,1.7894736842105263,0.21052631578947367
CUB,3,42,242,2.52,0.0
CUB,4,42,242,3.0526315789473686,0.0
CUB,5,42,242,3.3333333333333335,0.0
CUB,2,42,243,1.763157894736842,0.23684210526315788
CUB,3,42,243,2.48,0.0
CUB,4,42,243,2.8421052631578947,0.0
CUB,5,42,243,3.4,0.0
CUB,2,42,244,1.736842105263158,0.2631578947368421
CUB,3,42,244,2.28,0.08
CUB,4,42,244,2.6842105263157894,0.0
CUB,5,42,244,3.1333333333333333,0.0
CUB,2,42,245,1.763157894736842,0.23684210526315788
CUB,3,42,245,2.44,0.04
CUB,4,42,245,2.9473684210526314,0.05263157894736842
CUB,5,42,245,3.4,0.0
CUB,2,42,246,1.7894736842105263,0.21052631578947367
CUB,3,42,246,2.64,0.0
CUB,4,42,246,2.9473684210526314,0.0
CUB,5,42,246,3.6666666666666665,0.0
CUB,2,42,247,1.7894736842105263,0.21052631578947367
CUB,3,42,247,2.44,0.0
CUB,4,42,247,2.8421052631578947,0.0
CUB,5,42,247,3.2666666666666666,0.0
CUB,2,42,248,1.6578947368421053,0.34210526315789475
CUB,3,42,248,2.44,0.08
CUB,4,42,248,2.8947368421052633,0.0
CUB,5,42,248,3.3333333333333335,0.0
CUB,2,42,249,1.7894736842105263,0.21052631578947367
CUB,3,42,249,2.4,0.04
CUB,4,42,249,2.8947368421052633,0.0
CUB,5,42,249,3.6,0.0
CUB,2,42,250,1.7105263157894737,0.2894736842105263
CUB,3,42,250,2.4,0.0
CUB,4,42,250,2.8947368421052633,0.0
CUB,5,42,250,3.2,0.0
CUB,2,42,251,1.7894736842105263,0.21052631578947367
CUB,3,42,251,2.32,0.04
CUB,4,42,251,2.8947368421052633,0.0
CUB,5,42,251,3.2,0.0
CUB,2,42,252,1.8157894736842106,0.18421052631578946
CUB,3,42,252,2.52,0.0
CUB,4,42,252,3.0526315789473686,0.0
CUB,5,42,252,3.533333333333333,0.0
CUB,2,42,253,1.868421052631579,0.13157894736842105
CUB,3,42,253,2.56,0.0
CUB,4,42,253,3.1052631578947367,0.0
CUB,5,42,253,3.4,0.0
CUB,2,42,254,1.6842105263157894,0.3157894736842105
CUB,3,42,254,2.4,0.04
CUB,4,42,254,2.8947368421052633,0.0
CUB,5,42,254,3.533333333333333,0.0
CUB,2,42,255,1.894736842105263,0.10526315789473684
CUB,3,42,255,2.6,0.04
CUB,4,42,255,3.1578947368421053,0.0
CUB,5,42,255,3.533333333333333,0.0
CUB,2,42,256,1.7105263157894737,0.2894736842105263
CUB,3,42,256,2.48,0.0
CUB,4,42,256,2.9473684210526314,0.0
CUB,5,42,256,3.4,0.0
CUB,2,42,257,1.8421052631578947,0.15789473684210525
CUB,3,42,257,2.4,0.04
CUB,4,42,257,2.8421052631578947,0.05263157894736842
CUB,5,42,257,3.4,0.06666666666666667
CUB,2,42,258,1.6578947368421053,0.34210526315789475
CUB,3,42,258,2.2,0.12
CUB,4,42,258,2.8421052631578947,0.0
CUB,5,42,258,3.066666666666667,0.0
CUB,2,42,259,1.8421052631578947,0.15789473684210525
CUB,3,42,259,2.64,0.0
CUB,4,42,259,3.263157894736842,0.0
CUB,5,42,259,3.7333333333333334,0.0
CUB,2,42,260,1.7894736842105263,0.21052631578947367
CUB,3,42,260,2.48,0.04
CUB,4,42,260,2.8421052631578947,0.0
CUB,5,42,260,3.2,0.0
CUB,2,42,261,1.7894736842105263,0.21052631578947367
CUB,3,42,261,2.36,0.08
CUB,4,42,261,2.8947368421052633,0.05263157894736842
CUB,5,42,261,3.1333333333333333,0.0
CUB,2,42,262,1.736842105263158,0.2631578947368421
CUB,3,42,262,2.32,0.04
CUB,4,42,262,2.8421052631578947,0.0
CUB,5,42,262,3.2666666666666666,0.0
CUB,2,42,263,1.763157894736842,0.23684210526315788
CUB,3,42,263,2.36,0.04
CUB,4,42,263,3.0,0.0
CUB,5,42,263,3.2,0.0
CUB,2,42,264,1.8421052631578947,0.15789473684210525
CUB,3,42,264,2.52,0.04
CUB,4,42,264,3.1578947368421053,0.0
CUB,5,42,264,3.6666666666666665,0.0
CUB,2,42,265,1.8421052631578947,0.15789473684210525
CUB,3,42,265,2.6,0.0
CUB,4,42,265,2.8947368421052633,0.0
CUB,5,42,265,3.466666666666667,0.0
CUB,2,42,266,1.894736842105263,0.10526315789473684
CUB,3,42,266,2.52,0.0
CUB,4,42,266,2.8947368421052633,0.0
CUB,5,42,266,3.466666666666667,0.0
CUB,2,42,267,1.763157894736842,0.23684210526315788
CUB,3,42,267,2.32,0.08
CUB,4,42,267,2.8421052631578947,0.0
CUB,5,42,267,3.2666666666666666,0.0
CUB,2,42,268,1.7894736842105263,0.21052631578947367
CUB,3,42,268,2.48,0.04
CUB,4,42,268,2.9473684210526314,0.0
CUB,5,42,268,3.2666666666666666,0.0
CUB,2,42,269,1.763157894736842,0.23684210526315788
CUB,3,42,269,2.28,0.04
CUB,4,42,269,2.8421052631578947,0.0
CUB,5,42,269,3.3333333333333335,0.0
CUB,2,42,270,1.894736842105263,0.10526315789473684
CUB,3,42,270,2.72,0.0
CUB,4,42,270,3.210526315789474,0.0
CUB,5,42,270,3.6,0.0
CUB,2,42,271,1.7105263157894737,0.2894736842105263
CUB,3,42,271,2.44,0.08
CUB,4,42,271,2.9473684210526314,0.0
CUB,5,42,271,3.4,0.0
CUB,2,42,272,1.8157894736842106,0.18421052631578946
CUB,3,42,272,2.56,0.08
CUB,4,42,272,2.9473684210526314,0.05263157894736842
CUB,5,42,272,3.2666666666666666,0.0
CUB,2,42,273,1.868421052631579,0.13157894736842105
CUB,3,42,273,2.64,0.0
CUB,4,42,273,3.0,0.0
CUB,5,42,273,3.3333333333333335,0.0
CUB,2,42,274,1.736842105263158,0.2631578947368421
CUB,3,42,274,2.36,0.04
CUB,4,42,274,3.0526315789473686,0.0
CUB,5,42,274,3.466666666666667,0.0
CUB,2,42,275,1.763157894736842,0.23684210526315788
CUB,3,42,275,2.44,0.12
CUB,4,42,275,2.736842105263158,0.0
CUB,5,42,275,3.2666666666666666,0.0
CUB,2,42,276,1.736842105263158,0.2631578947368421
CUB,3,42,276,2.4,0.0
CUB,4,42,276,2.6315789473684212,0.05263157894736842
CUB,5,42,276,3.4,0.0
CUB,2,42,277,1.763157894736842,0.23684210526315788
CUB,3,42,277,2.4,0.0
CUB,4,42,277,2.8421052631578947,0.0
CUB,5,42,277,3.533333333333333,0.0
CUB,2,42,278,1.763157894736842,0.23684210526315788
CUB,3,42,278,2.48,0.0
CUB,4,42,278,3.1052631578947367,0.0
CUB,5,42,278,3.466666666666667,0.0
CUB,2,42,279,1.763157894736842,0.23684210526315788
CUB,3,42,279,2.44,0.08
CUB,4,42,279,2.6842105263157894,0.0
CUB,5,42,279,3.2,0.0
CUB,2,42,280,1.8157894736842106,0.18421052631578946
CUB,3,42,280,2.52,0.0
CUB,4,42,280,2.9473684210526314,0.0
CUB,5,42,280,3.1333333333333333,0.0
CUB,2,42,281,1.7105263157894737,0.2894736842105263
CUB,3,42,281,2.28,0.04
CUB,4,42,281,2.8421052631578947,0.0
CUB,5,42,281,3.4,0.0
CUB,2,42,282,1.894736842105263,0.10526315789473684
CUB,3,42,282,2.56,0.0
CUB,4,42,282,3.1578947368421053,0.0
CUB,5,42,282,3.533333333333333,0.0
CUB,2,42,283,1.868421052631579,0.13157894736842105
CUB,3,42,283,2.28,0.04
CUB,4,42,283,2.9473684210526314,0.0
CUB,5,42,283,3.466666666666667,0.0
CUB,2,42,284,1.763157894736842,0.23684210526315788
CUB,3,42,284,2.52,0.04
CUB,4,42,284,3.0526315789473686,0.0
CUB,5,42,284,3.533333333333333,0.0
CUB,2,42,285,1.8157894736842106,0.18421052631578946
CUB,3,42,285,2.36,0.04
CUB,4,42,285,2.736842105263158,0.0
CUB,5,42,285,3.3333333333333335,0.0
CUB,2,42,286,1.736842105263158,0.2631578947368421
CUB,3,42,286,2.44,0.04
CUB,4,42,286,2.8421052631578947,0.0
CUB,5,42,286,3.3333333333333335,0.0
CUB,2,42,287,1.736842105263158,0.2631578947368421
CUB,3,42,287,2.52,0.04
CUB,4,42,287,2.8421052631578947,0.0
CUB,5,42,287,3.3333333333333335,0.0
CUB,2,42,288,1.894736842105263,0.10526315789473684
CUB,3,42,288,2.48,0.0
CUB,4,42,288,3.0526315789473686,0.0
CUB,5,42,288,3.6,0.0
CUB,2,42,289,1.763157894736842,0.23684210526315788
CUB,3,42,289,2.56,0.04
CUB,4,42,289,2.8947368421052633,0.0
CUB,5,42,289,3.533333333333333,0.0
CUB,2,42,290,1.8421052631578947,0.15789473684210525
CUB,3,42,290,2.36,0.04
CUB,4,42,290,2.9473684210526314,0.0
CUB,5,42,290,3.4,0.0
CUB,2,42,291,1.763157894736842,0.23684210526315788
CUB,3,42,291,2.32,0.08
CUB,4,42,291,2.9473684210526314,0.0
CUB,5,42,291,3.466666666666667,0.0
CUB,2,42,292,1.868421052631579,0.13157894736842105
CUB,3,42,292,2.64,0.0
CUB,4,42,292,3.1052631578947367,0.0
CUB,5,42,292,3.533333333333333,0.0
CUB,2,42,293,1.868421052631579,0.13157894736842105
CUB,3,42,293,2.48,0.0
CUB,4,42,293,3.1052631578947367,0.0
CUB,5,42,293,3.466666666666667,0.0
CUB,2,42,294,1.6578947368421053,0.34210526315789475
CUB,3,42,294,2.36,0.04
CUB,4,42,294,2.6842105263157894,0.0
CUB,5,42,294,3.2,0.0
CUB,2,42,295,1.736842105263158,0.2631578947368421
CUB,3,42,295,2.2,0.12
CUB,4,42,295,2.8421052631578947,0.0
CUB,5,42,295,3.2,0.0
CUB,2,42,296,1.8157894736842106,0.18421052631578946
CUB,3,42,296,2.48,0.0
CUB,4,42,296,2.789473684210526,0.0
CUB,5,42,296,3.2,0.0
CUB,2,42,297,1.894736842105263,0.10526315789473684
CUB,3,42,297,2.64,0.0
CUB,4,42,297,2.8947368421052633,0.0
CUB,5,42,297,3.533333333333333,0.0
CUB,2,42,298,1.6842105263157894,0.3157894736842105
CUB,3,42,298,2.44,0.0
CUB,4,42,298,3.0,0.0
CUB,5,42,298,3.3333333333333335,0.0
CUB,2,42,299,1.8421052631578947,0.15789473684210525
CUB,3,42,299,2.68,0.0
CUB,4,42,299,3.1052631578947367,0.0
CUB,5,42,299,3.466666666666667,0.0
CUB,2,123,0,1.894736842105263,0.10526315789473684
CUB,3,123,0,2.76,0.0
CUB,4,123,0,3.3684210526315788,0.0
CUB,5,123,0,3.7333333333333334,0.0
CUB,2,123,1,1.8421052631578947,0.15789473684210525
CUB,3,123,1,2.52,0.04
CUB,4,123,1,2.8947368421052633,0.0
CUB,5,123,1,3.466666666666667,0.0
CUB,2,123,2,1.7105263157894737,0.2894736842105263
CUB,3,123,2,2.4,0.0
CUB,4,123,2,2.736842105263158,0.0
CUB,5,123,2,3.533333333333333,0.0
CUB,2,123,3,1.9210526315789473,0.07894736842105263
CUB,3,123,3,2.6,0.0
CUB,4,123,3,3.1578947368421053,0.0
CUB,5,123,3,3.7333333333333334,0.0
CUB,2,123,4,1.7894736842105263,0.21052631578947367
CUB,3,123,4,2.64,0.0
CUB,4,123,4,3.0,0.0
CUB,5,123,4,3.533333333333333,0.0
CUB,2,123,5,1.6842105263157894,0.3157894736842105
CUB,3,123,5,2.24,0.0
CUB,4,123,5,2.736842105263158,0.0
CUB,5,123,5,3.2,0.0
CUB,2,123,6,1.8421052631578947,0.15789473684210525
CUB,3,123,6,2.52,0.08
CUB,4,123,6,3.210526315789474,0.0
CUB,5,123,6,3.7333333333333334,0.0
CUB,2,123,7,1.8421052631578947,0.15789473684210525
CUB,3,123,7,2.56,0.0
CUB,4,123,7,3.0526315789473686,0.0
CUB,5,123,7,3.4,0.0
CUB,2,123,8,1.6578947368421053,0.34210526315789475
CUB,3,123,8,2.32,0.04
CUB,4,123,8,2.736842105263158,0.05263157894736842
CUB,5,123,8,3.2666666666666666,0.0
CUB,2,123,9,1.8157894736842106,0.18421052631578946
CUB,3,123,9,2.64,0.0
CUB,4,123,9,3.1052631578947367,0.0
CUB,5,123,9,3.6666666666666665,0.0
CUB,2,123,10,1.763157894736842,0.23684210526315788
CUB,3,123,10,2.48,0.04
CUB,4,123,10,3.1052631578947367,0.0
CUB,5,123,10,3.466666666666667,0.0
CUB,2,123,11,1.894736842105263,0.10526315789473684
CUB,3,123,11,2.56,0.0
CUB,4,123,11,3.0,0.0
CUB,5,123,11,3.533333333333333,0.0
CUB,2,123,12,1.7105263157894737,0.2894736842105263
CUB,3,123,12,2.48,0.08
CUB,4,123,12,2.8421052631578947,0.05263157894736842
CUB,5,123,12,3.2666666666666666,0.0
CUB,2,123,13,1.736842105263158,0.2631578947368421
CUB,3,123,13,2.32,0.08
CUB,4,123,13,2.789473684210526,0.05263157894736842
CUB,5,123,13,3.3333333333333335,0.0
CUB,2,123,14,1.763157894736842,0.23684210526315788
CUB,3,123,14,2.44,0.08
CUB,4,123,14,2.8421052631578947,0.0
CUB,5,123,14,3.2,0.0
CUB,2,123,15,1.868421052631579,0.13157894736842105
CUB,3,123,15,2.52,0.04
CUB,4,123,15,3.1578947368421053,0.0
CUB,5,123,15,3.466666666666667,0.0
CUB,2,123,16,1.7894736842105263,0.21052631578947367
CUB,3,123,16,2.48,0.12
CUB,4,123,16,3.1578947368421053,0.05263157894736842
CUB,5,123,16,3.6,0.0
CUB,2,123,17,1.6578947368421053,0.34210526315789475
CUB,3,123,17,2.4,0.0
CUB,4,123,17,2.9473684210526314,0.0
CUB,5,123,17,3.466666666666667,0.0
CUB,2,123,18,1.7105263157894737,0.2894736842105263
CUB,3,123,18,2.28,0.08
CUB,4,123,18,2.8421052631578947,0.0
CUB,5,123,18,3.2,0.0
CUB,2,123,19,1.763157894736842,0.23684210526315788
CUB,3,123,19,2.52,0.0
CUB,4,123,19,3.0526315789473686,0.0
CUB,5,123,19,3.533333333333333,0.0
CUB,2,123,20,1.8157894736842106,0.18421052631578946
CUB,3,123,20,2.6,0.0
CUB,4,123,20,2.8421052631578947,0.0
CUB,5,123,20,3.3333333333333335,0.0
CUB,2,123,21,1.6842105263157894,0.3157894736842105
CUB,3,123,21,2.36,0.0
CUB,4,123,21,3.0,0.0
CUB,5,123,21,3.2,0.0
CUB,2,123,22,1.8157894736842106,0.18421052631578946
CUB,3,123,22,2.44,0.04
CUB,4,123,22,2.9473684210526314,0.0
CUB,5,123,22,3.2,0.0
CUB,2,123,23,1.763157894736842,0.23684210526315788
CUB,3,123,23,2.52,0.08
CUB,4,123,23,3.0526315789473686,0.0
CUB,5,123,23,3.466666666666667,0.0
CUB,2,123,24,1.894736842105263,0.10526315789473684
CUB,3,123,24,2.52,0.04
CUB,4,123,24,3.0526315789473686,0.0
CUB,5,123,24,3.6,0.0
CUB,2,123,25,1.8421052631578947,0.15789473684210525
CUB,3,123,25,2.56,0.0
CUB,4,123,25,2.8421052631578947,0.05263157894736842
CUB,5,123,25,3.6,0.0
CUB,2,123,26,1.868421052631579,0.13157894736842105
CUB,3,123,26,2.56,0.0
CUB,4,123,26,3.1052631578947367,0.0
CUB,5,123,26,3.6,0.0
CUB,2,123,27,1.8421052631578947,0.15789473684210525
CUB,3,123,27,2.44,0.04
CUB,4,123,27,2.9473684210526314,0.0
CUB,5,123,27,3.3333333333333335,0.0
CUB,2,123,28,1.894736842105263,0.10526315789473684
CUB,3,123,28,2.56,0.0
CUB,4,123,28,3.0526315789473686,0.0
CUB,5,123,28,3.4,0.0
CUB,2,123,29,1.868421052631579,0.13157894736842105
CUB,3,123,29,2.52,0.04
CUB,4,123,29,3.1052631578947367,0.0
CUB,5,123,29,3.6,0.0
CUB,2,123,30,1.8421052631578947,0.15789473684210525
CUB,3,123,30,2.72,0.0
CUB,4,123,30,2.8947368421052633,0.0
CUB,5,123,30,3.533333333333333,0.0
CUB,2,123,31,1.763157894736842,0.23684210526315788
CUB,3,123,31,2.32,0.0
CUB,4,123,31,2.789473684210526,0.0
CUB,5,123,31,3.2,0.0
CUB,2,123,32,1.7894736842105263,0.21052631578947367
CUB,3,123,32,2.32,0.04
CUB,4,123,32,2.8947368421052633,0.0
CUB,5,123,32,3.3333333333333335,0.0
CUB,2,123,33,1.8421052631578947,0.15789473684210525
CUB,3,123,33,2.32,0.0
CUB,4,123,33,3.0,0.0
CUB,5,123,33,3.4,0.0
CUB,2,123,34,1.7894736842105263,0.21052631578947367
CUB,3,123,34,2.44,0.08
CUB,4,123,34,2.8947368421052633,0.0
CUB,5,123,34,3.533333333333333,0.0
CUB,2,123,35,1.868421052631579,0.13157894736842105
CUB,3,123,35,2.6,0.0
CUB,4,123,35,3.263157894736842,0.0
CUB,5,123,35,3.533333333333333,0.0
CUB,2,123,36,1.8157894736842106,0.18421052631578946
CUB,3,123,36,2.52,0.12
CUB,4,123,36,2.8421052631578947,0.0
CUB,5,123,36,3.3333333333333335,0.0
CUB,2,123,37,1.894736842105263,0.10526315789473684
CUB,3,123,37,2.4,0.0
CUB,4,123,37,3.1052631578947367,0.0
CUB,5,123,37,3.7333333333333334,0.0
CUB,2,123,38,1.8421052631578947,0.15789473684210525
CUB,3,123,38,2.76,0.0
CUB,4,123,38,3.210526315789474,0.0
CUB,5,123,38,3.6666666666666665,0.0
CUB,2,123,39,1.7105263157894737,0.2894736842105263
CUB,3,123,39,2.44,0.04
CUB,4,123,39,3.0,0.0
CUB,5,123,39,3.3333333333333335,0.0
CUB,2,123,40,1.763157894736842,0.23684210526315788
CUB,3,123,40,2.28,0.08
CUB,4,123,40,3.0526315789473686,0.0
CUB,5,123,40,3.2666666666666666,0.0
CUB,2,123,41,1.868421052631579,0.13157894736842105
CUB,3,123,41,2.56,0.0
CUB,4,123,41,3.0526315789473686,0.0
CUB,5,123,41,3.8,0.0
CUB,2,123,42,1.868421052631579,0.13157894736842105
CUB,3,123,42,2.48,0.04
CUB,4,123,42,3.1052631578947367,0.0
CUB,5,123,42,3.7333333333333334,0.0
CUB,2,123,43,1.8157894736842106,0.18421052631578946
CUB,3,123,43,2.52,0.0
CUB,4,123,43,3.0526315789473686,0.0
CUB,5,123,43,3.6666666666666665,0.0
CUB,2,123,44,1.8157894736842106,0.18421052631578946
CUB,3,123,44,2.56,0.04
CUB,4,123,44,3.0,0.05263157894736842
CUB,5,123,44,3.466666666666667,0.0
CUB,2,123,45,1.8157894736842106,0.18421052631578946
CUB,3,123,45,2.28,0.08
CUB,4,123,45,3.0,0.0
CUB,5,123,45,3.2666666666666666,0.0
CUB,2,123,46,1.868421052631579,0.13157894736842105
CUB,3,123,46,2.52,0.0
CUB,4,123,46,3.0526315789473686,0.0
CUB,5,123,46,3.4,0.0
CUB,2,123,47,1.763157894736842,0.23684210526315788
CUB,3,123,47,2.48,0.04
CUB,4,123,47,3.0,0.05263157894736842
CUB,5,123,47,3.4,0.0
CUB,2,123,48,1.7105263157894737,0.2894736842105263
CUB,3,123,48,2.52,0.04
CUB,4,123,48,2.9473684210526314,0.0
CUB,5,123,48,3.4,0.0
CUB,2,123,49,1.894736842105263,0.10526315789473684
CUB,3,123,49,2.44,0.0
CUB,4,123,49,2.8947368421052633,0.0
CUB,5,123,49,3.533333333333333,0.0
CUB,2,123,50,1.7105263157894737,0.2894736842105263
CUB,3,123,50,2.4,0.04
CUB,4,123,50,2.8947368421052633,0.0
CUB,5,123,50,3.466666666666667,0.0
CUB,2,123,51,1.7894736842105263,0.21052631578947367
CUB,3,123,51,2.4,0.04
CUB,4,123,51,2.789473684210526,0.05263157894736842
CUB,5,123,51,3.3333333333333335,0.0
CUB,2,123,52,1.736842105263158,0.2631578947368421
CUB,3,123,52,2.36,0.04
CUB,4,123,52,2.8947368421052633,0.0
CUB,5,123,52,3.6,0.0
CUB,2,123,53,1.8157894736842106,0.18421052631578946
CUB,3,123,53,2.52,0.0
CUB,4,123,53,2.8421052631578947,0.0
CUB,5,123,53,3.4,0.0
CUB,2,123,54,1.8157894736842106,0.18421052631578946
CUB,3,123,54,2.52,0.04
CUB,4,123,54,2.8421052631578947,0.0
CUB,5,123,54,3.6666666666666665,0.0
CUB,2,123,55,1.868421052631579,0.13157894736842105
CUB,3,123,55,2.56,0.04
CUB,4,123,55,3.0,0.05263157894736842
CUB,5,123,55,3.6,0.0
CUB,2,123,56,1.8157894736842106,0.18421052631578946
CUB,3,123,56,2.6,0.08
CUB,4,123,56,2.9473684210526314,0.0
CUB,5,123,56,3.533333333333333,0.0
CUB,2,123,57,1.763157894736842,0.23684210526315788
CUB,3,123,57,2.48,0.08
CUB,4,123,57,3.0,0.0
CUB,5,123,57,3.3333333333333335,0.0
CUB,2,123,58,1.8421052631578947,0.15789473684210525
CUB,3,123,58,2.52,0.0
CUB,4,123,58,3.0,0.0
CUB,5,123,58,3.466666666666667,0.0
CUB,2,123,59,1.6842105263157894,0.3157894736842105
CUB,3,123,59,2.36,0.04
CUB,4,123,59,2.6842105263157894,0.0
CUB,5,123,59,3.4,0.0
CUB,2,123,60,1.736842105263158,0.2631578947368421
CUB,3,123,60,2.28,0.04
CUB,4,123,60,2.736842105263158,0.0
CUB,5,123,60,3.2666666666666666,0.0
CUB,2,123,61,1.8421052631578947,0.15789473684210525
CUB,3,123,61,2.52,0.0
CUB,4,123,61,3.0526315789473686,0.0
CUB,5,123,61,3.6666666666666665,0.0
CUB,2,123,62,1.6578947368421053,0.34210526315789475
CUB,3,123,62,2.44,0.08
CUB,4,123,62,2.6842105263157894,0.0
CUB,5,123,62,3.2666666666666666,0.0
CUB,2,123,63,1.7105263157894737,0.2894736842105263
CUB,3,123,63,2.4,0.04
CUB,4,123,63,3.0,0.0
CUB,5,123,63,3.4,0.0
CUB,2,123,64,1.8157894736842106,0.18421052631578946
CUB,3,123,64,2.48,0.12
CUB,4,123,64,2.9473684210526314,0.0
CUB,5,123,64,3.1333333333333333,0.0
CUB,2,123,65,1.7894736842105263,0.21052631578947367
CUB,3,123,65,2.4,0.04
CUB,4,123,65,3.0526315789473686,0.0
CUB,5,123,65,3.2666666666666666,0.0
CUB,2,123,66,1.8421052631578947,0.15789473684210525
CUB,3,123,66,2.56,0.04
CUB,4,123,66,3.0526315789473686,0.05263157894736842
CUB,5,123,66,3.7333333333333334,0.0
CUB,2,123,67,1.6578947368421053,0.34210526315789475
CUB,3,123,67,2.24,0.12
CUB,4,123,67,2.5789473684210527,0.0
CUB,5,123,67,2.933333333333333,0.0
CUB,2,123,68,1.8421052631578947,0.15789473684210525
CUB,3,123,68,2.4,0.04
CUB,4,123,68,2.9473684210526314,0.0
CUB,5,123,68,3.533333333333333,0.0
CUB,2,123,69,1.894736842105263,0.10526315789473684
CUB,3,123,69,2.48,0.04
CUB,4,123,69,2.9473684210526314,0.0
CUB,5,123,69,3.533333333333333,0.0
CUB,2,123,70,1.763157894736842,0.23684210526315788
CUB,3,123,70,2.36,0.08
CUB,4,123,70,2.9473684210526314,0.0
CUB,5,123,70,3.3333333333333335,0.0
CUB,2,123,71,1.7894736842105263,0.21052631578947367
CUB,3,123,71,2.44,0.0
CUB,4,123,71,3.0526315789473686,0.0
CUB,5,123,71,3.6,0.0
CUB,2,123,72,1.763157894736842,0.23684210526315788
CUB,3,123,72,2.52,0.0
CUB,4,123,72,2.9473684210526314,0.0
CUB,5,123,72,3.6666666666666665,0.0
CUB,2,123,73,1.894736842105263,0.10526315789473684
CUB,3,123,73,2.28,0.12
CUB,4,123,73,2.736842105263158,0.0
CUB,5,123,73,3.2666666666666666,0.0
CUB,2,123,74,1.763157894736842,0.23684210526315788
CUB,3,123,74,2.32,0.08
CUB,4,123,74,2.8947368421052633,0.05263157894736842
CUB,5,123,74,3.2666666666666666,0.0
CUB,2,123,75,1.8421052631578947,0.15789473684210525
CUB,3,123,75,2.68,0.04
CUB,4,123,75,3.0,0.0
CUB,5,123,75,3.533333333333333,0.0
CUB,2,123,76,1.868421052631579,0.13157894736842105
CUB,3,123,76,2.72,0.0
CUB,4,123,76,3.263157894736842,0.0
CUB,5,123,76,3.6,0.0
CUB,2,123,77,1.8421052631578947,0.15789473684210525
CUB,3,123,77,2.64,0.0
CUB,4,123,77,3.1578947368421053,0.0
CUB,5,123,77,3.466666666666667,0.0
CUB,2,123,78,1.868421052631579,0.13157894736842105
CUB,3,123,78,2.6,0.0
CUB,4,123,78,2.9473684210526314,0.0
CUB,5,123,78,3.4,0.0
CUB,2,123,79,1.736842105263158,0.2631578947368421
CUB,3,123,79,2.36,0.08
CUB,4,123,79,2.8947368421052633,0.0
CUB,5,123,79,3.2,0.0
CUB,2,123,80,1.868421052631579,0.13157894736842105
CUB,3,123,80,2.6,0.0
CUB,4,123,80,3.1052631578947367,0.0
CUB,5,123,80,3.7333333333333334,0.0
CUB,2,123,81,1.7894736842105263,0.21052631578947367
CUB,3,123,81,2.6,0.0
CUB,4,123,81,3.0526315789473686,0.0
CUB,5,123,81,3.6,0.0
CUB,2,123,82,1.6578947368421053,0.34210526315789475
CUB,3,123,82,2.4,0.04
CUB,4,123,82,2.8947368421052633,0.0
CUB,5,123,82,3.4,0.0
CUB,2,123,83,1.763157894736842,0.23684210526315788
CUB,3,123,83,2.6,0.0
CUB,4,123,83,3.0,0.0
CUB,5,123,83,3.533333333333333,0.0
CUB,2,123,84,1.868421052631579,0.13157894736842105
CUB,3,123,84,2.56,0.0
CUB,4,123,84,3.210526315789474,0.0
CUB,5,123,84,3.533333333333333,0.0
CUB,2,123,85,1.763157894736842,0.23684210526315788
CUB,3,123,85,2.56,0.04
CUB,4,123,85,3.210526315789474,0.0
CUB,5,123,85,3.3333333333333335,0.0
CUB,2,123,86,1.7894736842105263,0.21052631578947367
CUB,3,123,86,2.52,0.0
CUB,4,123,86,2.8947368421052633,0.0
CUB,5,123,86,3.466666666666667,0.0
CUB,2,123,87,1.736842105263158,0.2631578947368421
CUB,3,123,87,2.36,0.0
CUB,4,123,87,2.789473684210526,0.0
CUB,5,123,87,3.533333333333333,0.0
CUB,2,123,88,1.736842105263158,0.2631578947368421
CUB,3,123,88,2.24,0.08
CUB,4,123,88,2.526315789473684,0.0
CUB,5,123,88,2.7333333333333334,0.0
CUB,2,123,89,1.763157894736842,0.23684210526315788
CUB,3,123,89,2.36,0.0
CUB,4,123,89,2.6842105263157894,0.0
CUB,5,123,89,3.1333333333333333,0.0
CUB,2,123,90,1.8157894736842106,0.18421052631578946
CUB,3,123,90,2.48,0.04
CUB,4,123,90,3.1052631578947367,0.05263157894736842
CUB,5,123,90,3.466666666666667,0.0
CUB,2,123,91,1.8421052631578947,0.15789473684210525
CUB,3,123,91,2.36,0.0
CUB,4,123,91,2.789473684210526,0.0
CUB,5,123,91,3.4,0.0
CUB,2,123,92,1.8157894736842106,0.18421052631578946
CUB,3,123,92,2.52,0.04
CUB,4,123,92,3.1578947368421053,0.0
CUB,5,123,92,3.2666666666666666,0.0
CUB,2,123,93,1.8421052631578947,0.15789473684210525
CUB,3,123,93,2.56,0.04
CUB,4,123,93,3.263157894736842,0.0
CUB,5,123,93,3.6,0.0
CUB,2,123,94,1.6842105263157894,0.3157894736842105
CUB,3,123,94,2.44,0.04
CUB,4,123,94,2.789473684210526,0.0
CUB,5,123,94,3.066666666666667,0.0
CUB,2,123,95,1.7894736842105263,0.21052631578947367
CUB,3,123,95,2.44,0.04
CUB,4,123,95,2.789473684210526,0.0
CUB,5,123,95,3.466666666666667,0.0
CUB,2,123,96,1.8421052631578947,0.15789473684210525
CUB,3,123,96,2.6,0.08
CUB,4,123,96,3.0526315789473686,0.0
CUB,5,123,96,3.6,0.0
CUB,2,123,97,1.7894736842105263,0.21052631578947367
CUB,3,123,97,2.36,0.04
CUB,4,123,97,2.8947368421052633,0.0
CUB,5,123,97,3.466666666666667,0.0
CUB,2,123,98,1.7894736842105263,0.21052631578947367
CUB,3,123,98,2.56,0.0
CUB,4,123,98,3.0,0.0
CUB,5,123,98,3.533333333333333,0.0
CUB,2,123,99,1.8157894736842106,0.18421052631578946
CUB,3,123,99,2.48,0.0
CUB,4,123,99,3.0,0.0
CUB,5,123,99,3.6,0.0
CUB,2,123,100,1.6578947368421053,0.34210526315789475
CUB,3,123,100,2.4,0.12
CUB,4,123,100,2.789473684210526,0.0
CUB,5,123,100,3.2,0.0
CUB,2,123,101,1.8157894736842106,0.18421052631578946
CUB,3,123,101,2.48,0.0
CUB,4,123,101,3.0,0.0
CUB,5,123,101,3.2666666666666666,0.0
CUB,2,123,102,1.7894736842105263,0.21052631578947367
CUB,3,123,102,2.4,0.08
CUB,4,123,102,2.8421052631578947,0.10526315789473684
CUB,5,123,102,3.2,0.0
CUB,2,123,103,1.8421052631578947,0.15789473684210525
CUB,3,123,103,2.52,0.0
CUB,4,123,103,3.0526315789473686,0.0
CUB,5,123,103,3.2,0.0
CUB,2,123,104,1.7894736842105263,0.21052631578947367
CUB,3,123,104,2.4,0.08
CUB,4,123,104,2.9473684210526314,0.0
CUB,5,123,104,3.1333333333333333,0.0
CUB,2,123,105,1.7894736842105263,0.21052631578947367
CUB,3,123,105,2.64,0.04
CUB,4,123,105,3.1052631578947367,0.0
CUB,5,123,105,3.7333333333333334,0.0
CUB,2,123,106,1.894736842105263,0.10526315789473684
CUB,3,123,106,2.4,0.0
CUB,4,123,106,3.1578947368421053,0.0
CUB,5,123,106,3.533333333333333,0.0
CUB,2,123,107,1.7894736842105263,0.21052631578947367
CUB,3,123,107,2.44,0.08
CUB,4,123,107,3.0,0.0
CUB,5,123,107,3.533333333333333,0.0
CUB,2,123,108,1.7105263157894737,0.2894736842105263
CUB,3,123,108,2.4,0.04
CUB,4,123,108,2.8421052631578947,0.0
CUB,5,123,108,3.3333333333333335,0.0
CUB,2,123,109,1.736842105263158,0.2631578947368421
CUB,3,123,109,2.52,0.04
CUB,4,123,109,2.9473684210526314,0.0
CUB,5,123,109,3.533333333333333,0.0
CUB,2,123,110,1.7105263157894737,0.2894736842105263
CUB,3,123,110,2.32,0.08
CUB,4,123,110,2.9473684210526314,0.0
CUB,5,123,110,3.3333333333333335,0.0
CUB,2,123,111,1.6578947368421053,0.34210526315789475
CUB,3,123,111,2.32,0.04
CUB,4,123,111,2.736842105263158,0.0
CUB,5,123,111,3.1333333333333333,0.0
CUB,2,123,112,1.8421052631578947,0.15789473684210525
CUB,3,123,112,2.48,0.0
CUB,4,123,112,2.9473684210526314,0.0
CUB,5,123,112,3.4,0.0
CUB,2,123,113,1.8421052631578947,0.15789473684210525
CUB,3,123,113,2.36,0.04
CUB,4,123,113,2.736842105263158,0.0
CUB,5,123,113,3.2,0.0
CUB,2,123,114,1.631578947368421,0.3684210526315789
CUB,3,123,114,2.28,0.08
CUB,4,123,114,2.736842105263158,0.05263157894736842
CUB,5,123,114,3.2666666666666666,0.0
CUB,2,123,115,1.8157894736842106,0.18421052631578946
CUB,3,123,115,2.48,0.08
CUB,4,123,115,2.736842105263158,0.0
CUB,5,123,115,3.1333333333333333,0.0
CUB,2,123,116,1.763157894736842,0.23684210526315788
CUB,3,123,116,2.48,0.0
CUB,4,123,116,2.9473684210526314,0.05263157894736842
CUB,5,123,116,3.466666666666667,0.0
CUB,2,123,117,1.763157894736842,0.23684210526315788
CUB,3,123,117,2.56,0.04
CUB,4,123,117,3.1052631578947367,0.0
CUB,5,123,117,3.6666666666666665,0.0
CUB,2,123,118,1.7105263157894737,0.2894736842105263
CUB,3,123,118,2.36,0.04
CUB,4,123,118,2.6315789473684212,0.0
CUB,5,123,118,3.4,0.0
CUB,2,123,119,1.6842105263157894,0.3157894736842105
CUB,3,123,119,2.4,0.0
CUB,4,123,119,3.0,0.0
CUB,5,123,119,3.466666666666667,0.0
CUB,2,123,120,1.763157894736842,0.23684210526315788
CUB,3,123,120,2.28,0.08
CUB,4,123,120,2.9473684210526314,0.05263157894736842
CUB,5,123,120,3.2,0.06666666666666667
CUB,2,123,121,1.6842105263157894,0.3157894736842105
CUB,3,123,121,2.28,0.04
CUB,4,123,121,2.8421052631578947,0.0
CUB,5,123,121,3.3333333333333335,0.0
CUB,2,123,122,1.7105263157894737,0.2894736842105263
CUB,3,123,122,2.56,0.0
CUB,4,123,122,3.0526315789473686,0.0
CUB,5,123,122,3.4,0.0
CUB,2,123,123,1.7894736842105263,0.21052631578947367
CUB,3,123,123,2.44,0.04
CUB,4,123,123,3.1578947368421053,0.0
CUB,5,123,123,3.6666666666666665,0.0
CUB,2,123,124,1.6842105263157894,0.3157894736842105
CUB,3,123,124,2.4,0.08
CUB,4,123,124,2.736842105263158,0.0
CUB,5,123,124,3.066666666666667,0.0
CUB,2,123,125,1.7894736842105263,0.21052631578947367
CUB,3,123,125,2.64,0.0
CUB,4,123,125,3.210526315789474,0.0
CUB,5,123,125,3.466666666666667,0.0
CUB,2,123,126,1.894736842105263,0.10526315789473684
CUB,3,123,126,2.44,0.0
CUB,4,123,126,3.210526315789474,0.0
CUB,5,123,126,3.6,0.0
CUB,2,123,127,1.736842105263158,0.2631578947368421
CUB,3,123,127,2.44,0.04
CUB,4,123,127,2.789473684210526,0.05263157894736842
CUB,5,123,127,3.2,0.0
CUB,2,123,128,1.736842105263158,0.2631578947368421
CUB,3,123,128,2.56,0.0
CUB,4,123,128,2.9473684210526314,0.0
CUB,5,123,128,3.466666666666667,0.0
CUB,2,123,129,1.763157894736842,0.23684210526315788
CUB,3,123,129,2.32,0.12
CUB,4,123,129,2.789473684210526,0.05263157894736842
CUB,5,123,129,3.2666666666666666,0.0
CUB,2,123,130,1.7894736842105263,0.21052631578947367
CUB,3,123,130,2.36,0.04
CUB,4,123,130,2.8947368421052633,0.0
CUB,5,123,130,3.6,0.0
CUB,2,123,131,1.9473684210526316,0.05263157894736842
CUB,3,123,131,2.52,0.0
CUB,4,123,131,3.1578947368421053,0.0
CUB,5,123,131,3.933333333333333,0.0
CUB,2,123,132,1.8157894736842106,0.18421052631578946
CUB,3,123,132,2.48,0.08
CUB,4,123,132,3.0526315789473686,0.05263157894736842
CUB,5,123,132,3.533333333333333,0.0
CUB,2,123,133,1.8421052631578947,0.15789473684210525
CUB,3,123,133,2.48,0.04
CUB,4,123,133,2.9473684210526314,0.0
CUB,5,123,133,3.3333333333333335,0.0
CUB,2,123,134,1.8157894736842106,0.18421052631578946
CUB,3,123,134,2.6,0.04
CUB,4,123,134,3.1578947368421053,0.0
CUB,5,123,134,3.6666666666666665,0.0
CUB,2,123,135,1.8157894736842106,0.18421052631578946
CUB,3,123,135,2.64,0.04
CUB,4,123,135,2.9473684210526314,0.0
CUB,5,123,135,3.6666666666666665,0.0
CUB,2,123,136,1.9210526315789473,0.07894736842105263
CUB,3,123,136,2.52,0.08
CUB,4,123,136,2.9473684210526314,0.05263157894736842
CUB,5,123,136,3.4,0.0
CUB,2,123,137,1.763157894736842,0.23684210526315788
CUB,3,123,137,2.4,0.04
CUB,4,123,137,2.8947368421052633,0.05263157894736842
CUB,5,123,137,3.533333333333333,0.0
CUB,2,123,138,1.7894736842105263,0.21052631578947367
CUB,3,123,138,2.56,0.0
CUB,4,123,138,2.8947368421052633,0.0
CUB,5,123,138,3.466666666666667,0.0
CUB,2,123,139,1.736842105263158,0.2631578947368421
CUB,3,123,139,2.48,0.08
CUB,4,123,139,2.8421052631578947,0.05263157894736842
CUB,5,123,139,3.2,0.0
CUB,2,123,140,1.763157894736842,0.23684210526315788
CUB,3,123,140,2.4,0.04
CUB,4,123,140,3.0526315789473686,0.0
CUB,5,123,140,3.6666666666666665,0.0
CUB,2,123,141,1.7894736842105263,0.21052631578947367
CUB,3,123,141,2.36,0.08
CUB,4,123,141,2.8947368421052633,0.0
CUB,5,123,141,3.466666666666667,0.0
CUB,2,123,142,1.763157894736842,0.23684210526315788
CUB,3,123,142,2.4,0.08
CUB,4,123,142,2.8947368421052633,0.05263157894736842
CUB,5,123,142,3.4,0.06666666666666667
CUB,2,123,143,1.736842105263158,0.2631578947368421
CUB,3,123,143,2.56,0.04
CUB,4,123,143,2.9473684210526314,0.0
CUB,5,123,143,3.4,0.0
CUB,2,123,144,1.9210526315789473,0.07894736842105263
CUB,3,123,144,2.64,0.0
CUB,4,123,144,3.210526315789474,0.0
CUB,5,123,144,3.8666666666666667,0.0
CUB,2,123,145,1.6842105263157894,0.3157894736842105
CUB,3,123,145,2.36,0.04
CUB,4,123,145,2.789473684210526,0.10526315789473684
CUB,5,123,145,3.1333333333333333,0.06666666666666667
CUB,2,123,146,1.763157894736842,0.23684210526315788
CUB,3,123,146,2.36,0.04
CUB,4,123,146,3.0,0.0
CUB,5,123,146,3.533333333333333,0.0
CUB,2,123,147,1.8157894736842106,0.18421052631578946
CUB,3,123,147,2.52,0.04
CUB,4,123,147,3.0526315789473686,0.0
CUB,5,123,147,3.2,0.0
CUB,2,123,148,1.894736842105263,0.10526315789473684
CUB,3,123,148,2.36,0.04
CUB,4,123,148,2.8947368421052633,0.0
CUB,5,123,148,3.3333333333333335,0.0
CUB,2,123,149,1.7894736842105263,0.21052631578947367
CUB,3,123,149,2.32,0.04
CUB,4,123,149,2.8421052631578947,0.0
CUB,5,123,149,3.466666666666667,0.0
CUB,2,123,150,1.7105263157894737,0.2894736842105263
CUB,3,123,150,2.36,0.08
CUB,4,123,150,2.789473684210526,0.05263157894736842
CUB,5,123,150,3.2,0.0
CUB,2,123,151,1.8421052631578947,0.15789473684210525
CUB,3,123,151,2.4,0.08
CUB,4,123,151,3.0,0.0
CUB,5,123,151,3.3333333333333335,0.0
CUB,2,123,152,1.6842105263157894,0.3157894736842105
CUB,3,123,152,2.16,0.04
CUB,4,123,152,2.736842105263158,0.0
CUB,5,123,152,3.1333333333333333,0.0
CUB,2,123,153,1.763157894736842,0.23684210526315788
CUB,3,123,153,2.44,0.0
CUB,4,123,153,3.0,0.0
CUB,5,123,153,3.466666666666667,0.0
CUB,2,123,154,1.736842105263158,0.2631578947368421
CUB,3,123,154,2.24,0.08
CUB,4,123,154,2.6842105263157894,0.0
CUB,5,123,154,3.2666666666666666,0.0
CUB,2,123,155,1.763157894736842,0.23684210526315788
CUB,3,123,155,2.4,0.04
CUB,4,123,155,3.0,0.0
CUB,5,123,155,3.3333333333333335,0.0
CUB,2,123,156,1.8157894736842106,0.18421052631578946
CUB,3,123,156,2.44,0.08
CUB,4,123,156,2.8421052631578947,0.0
CUB,5,123,156,3.2666666666666666,0.0
CUB,2,123,157,1.8421052631578947,0.15789473684210525
CUB,3,123,157,2.64,0.04
CUB,4,123,157,3.1578947368421053,0.0
CUB,5,123,157,3.466666666666667,0.0
CUB,2,123,158,1.7105263157894737,0.2894736842105263
CUB,3,123,158,2.4,0.0
CUB,4,123,158,2.736842105263158,0.0
CUB,5,123,158,3.066666666666667,0.0
CUB,2,123,159,1.8421052631578947,0.15789473684210525
CUB,3,123,159,2.36,0.08
CUB,4,123,159,3.210526315789474,0.0
CUB,5,123,159,3.3333333333333335,0.0
CUB,2,123,160,1.8421052631578947,0.15789473684210525
CUB,3,123,160,2.4,0.04
CUB,4,123,160,3.1578947368421053,0.0
CUB,5,123,160,3.6,0.0
CUB,2,123,161,1.763157894736842,0.23684210526315788
CUB,3,123,161,2.48,0.0
CUB,4,123,161,3.0526315789473686,0.0
CUB,5,123,161,3.466666666666667,0.0
CUB,2,123,162,1.763157894736842,0.23684210526315788
CUB,3,123,162,2.48,0.0
CUB,4,123,162,2.9473684210526314,0.0
CUB,5,123,162,3.1333333333333333,0.0
CUB,2,123,163,1.8157894736842106,0.18421052631578946
CUB,3,123,163,2.48,0.0
CUB,4,123,163,3.1052631578947367,0.0
CUB,5,123,163,3.466666666666667,0.0
CUB,2,123,164,1.736842105263158,0.2631578947368421
CUB,3,123,164,2.52,0.0
CUB,4,123,164,2.8421052631578947,0.0
CUB,5,123,164,3.4,0.0
CUB,2,123,165,1.7894736842105263,0.21052631578947367
CUB,3,123,165,2.48,0.08
CUB,4,123,165,3.1578947368421053,0.05263157894736842
CUB,5,123,165,3.6,0.0
CUB,2,123,166,1.8421052631578947,0.15789473684210525
CUB,3,123,166,2.48,0.12
CUB,4,123,166,2.736842105263158,0.05263157894736842
CUB,5,123,166,3.466666666666667,0.0
CUB,2,123,167,1.736842105263158,0.2631578947368421
CUB,3,123,167,2.44,0.08
CUB,4,123,167,3.1052631578947367,0.0
CUB,5,123,167,3.533333333333333,0.0
CUB,2,123,168,1.7894736842105263,0.21052631578947367
CUB,3,123,168,2.52,0.04
CUB,4,123,168,2.8421052631578947,0.0
CUB,5,123,168,3.533333333333333,0.0
CUB,2,123,169,1.763157894736842,0.23684210526315788
CUB,3,123,169,2.52,0.04
CUB,4,123,169,2.9473684210526314,0.0
CUB,5,123,169,3.466666666666667,0.0
CUB,2,123,170,1.763157894736842,0.23684210526315788
CUB,3,123,170,2.28,0.08
CUB,4,123,170,2.8947368421052633,0.05263157894736842
CUB,5,123,170,3.466666666666667,0.0
CUB,2,123,171,1.8421052631578947,0.15789473684210525
CUB,3,123,171,2.44,0.04
CUB,4,123,171,3.263157894736842,0.0
CUB,5,123,171,3.6,0.0
CUB,2,123,172,1.868421052631579,0.13157894736842105
CUB,3,123,172,2.52,0.0
CUB,4,123,172,3.0526315789473686,0.0
CUB,5,123,172,3.2,0.0
CUB,2,123,173,1.763157894736842,0.23684210526315788
CUB,3,123,173,2.36,0.08
CUB,4,123,173,2.789473684210526,0.0
CUB,5,123,173,3.533333333333333,0.0
CUB,2,123,174,1.763157894736842,0.23684210526315788
CUB,3,123,174,2.36,0.0
CUB,4,123,174,2.6315789473684212,0.0
CUB,5,123,174,3.3333333333333335,0.0
CUB,2,123,175,1.8157894736842106,0.18421052631578946
CUB,3,123,175,2.48,0.0
CUB,4,123,175,3.1052631578947367,0.0
CUB,5,123,175,3.4,0.0
CUB,2,123,176,1.7894736842105263,0.21052631578947367
CUB,3,123,176,2.32,0.08
CUB,4,123,176,2.8421052631578947,0.0
CUB,5,123,176,3.466666666666667,0.0
CUB,2,123,177,1.763157894736842,0.23684210526315788
CUB,3,123,177,2.36,0.04
CUB,4,123,177,2.6842105263157894,0.0
CUB,5,123,177,3.066666666666667,0.0
CUB,2,123,178,1.6578947368421053,0.34210526315789475
CUB,3,123,178,2.24,0.16
CUB,4,123,178,2.6315789473684212,0.10526315789473684
CUB,5,123,178,3.4,0.0
CUB,2,123,179,1.7105263157894737,0.2894736842105263
CUB,3,123,179,2.24,0.04
CUB,4,123,179,2.5789473684210527,0.0
CUB,5,123,179,3.066666666666667,0.0
CUB,2,123,180,1.736842105263158,0.2631578947368421
CUB,3,123,180,2.44,0.0
CUB,4,123,180,2.736842105263158,0.0
CUB,5,123,180,3.1333333333333333,0.0
CUB,2,123,181,1.7894736842105263,0.21052631578947367
CUB,3,123,181,2.4,0.04
CUB,4,123,181,3.0526315789473686,0.0
CUB,5,123,181,3.4,0.0
CUB,2,123,182,1.868421052631579,0.13157894736842105
CUB,3,123,182,2.48,0.0
CUB,4,123,182,3.263157894736842,0.0
CUB,5,123,182,3.4,0.0
CUB,2,123,183,1.8157894736842106,0.18421052631578946
CUB,3,123,183,2.44,0.08
CUB,4,123,183,3.1578947368421053,0.0
CUB,5,123,183,3.466666666666667,0.0
CUB,2,123,184,1.763157894736842,0.23684210526315788
CUB,3,123,184,2.4,0.04
CUB,4,123,184,2.8421052631578947,0.0
CUB,5,123,184,3.3333333333333335,0.0
CUB,2,123,185,1.736842105263158,0.2631578947368421
CUB,3,123,185,2.4,0.08
CUB,4,123,185,2.6842105263157894,0.0
CUB,5,123,185,3.2666666666666666,0.0
CUB,2,123,186,1.7105263157894737,0.2894736842105263
CUB,3,123,186,2.4,0.04
CUB,4,123,186,3.0,0.0
CUB,5,123,186,3.533333333333333,0.0
CUB,2,123,187,1.7105263157894737,0.2894736842105263
CUB,3,123,187,2.16,0.16
CUB,4,123,187,2.6842105263157894,0.0
CUB,5,123,187,3.1333333333333333,0.0
CUB,2,123,188,1.7105263157894737,0.2894736842105263
CUB,3,123,188,2.36,0.04
CUB,4,123,188,3.1578947368421053,0.0
CUB,5,123,188,3.7333333333333334,0.0
CUB,2,123,189,1.8421052631578947,0.15789473684210525
CUB,3,123,189,2.32,0.08
CUB,4,123,189,2.8421052631578947,0.0
CUB,5,123,189,3.1333333333333333,0.0
CUB,2,123,190,1.7894736842105263,0.21052631578947367
CUB,3,123,190,2.6,0.0
CUB,4,123,190,2.8421052631578947,0.0
CUB,5,123,190,3.466666666666667,0.0
CUB,2,123,191,1.8157894736842106,0.18421052631578946
CUB,3,123,191,2.64,0.04
CUB,4,123,191,3.1052631578947367,0.0
CUB,5,123,191,3.533333333333333,0.0
CUB,2,123,192,1.763157894736842,0.23684210526315788
CUB,3,123,192,2.28,0.08
CUB,4,123,192,2.8421052631578947,0.0
CUB,5,123,192,3.3333333333333335,0.0
CUB,2,123,193,1.868421052631579,0.13157894736842105
CUB,3,123,193,2.52,0.04
CUB,4,123,193,2.736842105263158,0.05263157894736842
CUB,5,123,193,3.2,0.0
CUB,2,123,194,1.8421052631578947,0.15789473684210525
CUB,3,123,194,2.48,0.04
CUB,4,123,194,3.0,0.0
CUB,5,123,194,3.466666666666667,0.0
CUB,2,123,195,1.7894736842105263,0.21052631578947367
CUB,3,123,195,2.44,0.08
CUB,4,123,195,3.0526315789473686,0.0
CUB,5,123,195,3.6,0.0
CUB,2,123,196,1.736842105263158,0.2631578947368421
CUB,3,123,196,2.36,0.04
CUB,4,123,196,2.6315789473684212,0.05263157894736842
CUB,5,123,196,3.3333333333333335,0.0
CUB,2,123,197,1.894736842105263,0.10526315789473684
CUB,3,123,197,2.48,0.0
CUB,4,123,197,3.1052631578947367,0.0
CUB,5,123,197,3.6,0.0
CUB,2,123,198,1.7894736842105263,0.21052631578947367
CUB,3,123,198,2.48,0.08
CUB,4,123,198,2.8421052631578947,0.0
CUB,5,123,198,3.0,0.0
CUB,2,123,199,1.8421052631578947,0.15789473684210525
CUB,3,123,199,2.48,0.0
CUB,4,123,199,2.8947368421052633,0.0
CUB,5,123,199,3.2666666666666666,0.0
CUB,2,123,200,1.7105263157894737,0.2894736842105263
CUB,3,123,200,2.36,0.0
CUB,4,123,200,2.6842105263157894,0.0
CUB,5,123,200,3.2,0.0
CUB,2,123,201,1.868421052631579,0.13157894736842105
CUB,3,123,201,2.4,0.0
CUB,4,123,201,3.0,0.0
CUB,5,123,201,3.6666666666666665,0.0
CUB,2,123,202,1.894736842105263,0.10526315789473684
CUB,3,123,202,2.56,0.0
CUB,4,123,202,3.1578947368421053,0.0
CUB,5,123,202,3.6,0.0
CUB,2,123,203,1.736842105263158,0.2631578947368421
CUB,3,123,203,2.4,0.04
CUB,4,123,203,3.0526315789473686,0.05263157894736842
CUB,5,123,203,3.6,0.0
CUB,2,123,204,1.6578947368421053,0.34210526315789475
CUB,3,123,204,2.44,0.04
CUB,4,123,204,2.6842105263157894,0.0
CUB,5,123,204,3.533333333333333,0.0
CUB,2,123,205,1.5789473684210527,0.42105263157894735
CUB,3,123,205,2.12,0.16
CUB,4,123,205,2.736842105263158,0.0
CUB,5,123,205,3.0,0.0
CUB,2,123,206,1.7105263157894737,0.2894736842105263
CUB,3,123,206,2.28,0.08
CUB,4,123,206,2.789473684210526,0.0
CUB,5,123,206,2.8666666666666667,0.0
CUB,2,123,207,1.736842105263158,0.2631578947368421
CUB,3,123,207,2.52,0.04
CUB,4,123,207,3.0,0.0
CUB,5,123,207,3.6666666666666665,0.0
CUB,2,123,208,1.7894736842105263,0.21052631578947367
CUB,3,123,208,2.44,0.0
CUB,4,123,208,2.8947368421052633,0.0
CUB,5,123,208,3.6,0.0
CUB,2,123,209,1.7894736842105263,0.21052631578947367
CUB,3,123,209,2.48,0.0
CUB,4,123,209,2.789473684210526,0.0
CUB,5,123,209,3.2666666666666666,0.0
CUB,2,123,210,1.8157894736842106,0.18421052631578946
CUB,3,123,210,2.6,0.0
CUB,4,123,210,3.0,0.0
CUB,5,123,210,3.6666666666666665,0.0
CUB,2,123,211,1.894736842105263,0.10526315789473684
CUB,3,123,211,2.48,0.0
CUB,4,123,211,2.9473684210526314,0.0
CUB,5,123,211,3.2,0.0
CUB,2,123,212,1.7894736842105263,0.21052631578947367
CUB,3,123,212,2.64,0.04
CUB,4,123,212,2.8947368421052633,0.0
CUB,5,123,212,3.3333333333333335,0.0
CUB,2,123,213,1.894736842105263,0.10526315789473684
CUB,3,123,213,2.76,0.0
CUB,4,123,213,3.263157894736842,0.0
CUB,5,123,213,3.6,0.0
CUB,2,123,214,1.868421052631579,0.13157894736842105
CUB,3,123,214,2.6,0.04
CUB,4,123,214,3.1052631578947367,0.0
CUB,5,123,214,3.2666666666666666,0.0
CUB,2,123,215,1.736842105263158,0.2631578947368421
CUB,3,123,215,2.36,0.04
CUB,4,123,215,2.789473684210526,0.05263157894736842
CUB,5,123,215,3.4,0.0
CUB,2,123,216,1.763157894736842,0.23684210526315788
CUB,3,123,216,2.52,0.04
CUB,4,123,216,3.0,0.0
CUB,5,123,216,3.466666666666667,0.0
CUB,2,123,217,1.763157894736842,0.23684210526315788
CUB,3,123,217,2.4,0.08
CUB,4,123,217,3.1052631578947367,0.0
CUB,5,123,217,3.466666666666667,0.0
CUB,2,123,218,1.9210526315789473,0.07894736842105263
CUB,3,123,218,2.72,0.0
CUB,4,123,218,3.210526315789474,0.0
CUB,5,123,218,3.8,0.0
CUB,2,123,219,1.868421052631579,0.13157894736842105
CUB,3,123,219,2.6,0.0
CUB,4,123,219,3.210526315789474,0.0
CUB,5,123,219,3.6666666666666665,0.0
CUB,2,123,220,1.8157894736842106,0.18421052631578946
CUB,3,123,220,2.52,0.04
CUB,4,123,220,2.9473684210526314,0.0
CUB,5,123,220,3.533333333333333,0.0
CUB,2,123,221,1.8421052631578947,0.15789473684210525
CUB,3,123,221,2.52,0.04
CUB,4,123,221,3.210526315789474,0.0
CUB,5,123,221,3.3333333333333335,0.0
CUB,2,123,222,1.736842105263158,0.2631578947368421
CUB,3,123,222,2.36,0.04
CUB,4,123,222,2.789473684210526,0.0
CUB,5,123,222,3.066666666666667,0.0
CUB,2,123,223,1.763157894736842,0.23684210526315788
CUB,3,123,223,2.52,0.0
CUB,4,123,223,2.8947368421052633,0.0
CUB,5,123,223,3.6,0.0
CUB,2,123,224,1.763157894736842,0.23684210526315788
CUB,3,123,224,2.52,0.0
CUB,4,123,224,3.0526315789473686,0.0
CUB,5,123,224,3.933333333333333,0.0
CUB,2,123,225,1.763157894736842,0.23684210526315788
CUB,3,123,225,2.64,0.0
CUB,4,123,225,2.8947368421052633,0.0
CUB,5,123,225,3.4,0.0
CUB,2,123,226,1.736842105263158,0.2631578947368421
CUB,3,123,226,2.4,0.04
CUB,4,123,226,2.6315789473684212,0.0
CUB,5,123,226,3.2,0.0
CUB,2,123,227,1.7894736842105263,0.21052631578947367
CUB,3,123,227,2.56,0.0
CUB,4,123,227,3.0,0.0
CUB,5,123,227,3.6,0.0
CUB,2,123,228,1.8157894736842106,0.18421052631578946
CUB,3,123,228,2.32,0.0
CUB,4,123,228,2.9473684210526314,0.0
CUB,5,123,228,3.2666666666666666,0.0
CUB,2,123,229,1.8421052631578947,0.15789473684210525
CUB,3,123,229,2.52,0.04
CUB,4,123,229,3.210526315789474,0.0
CUB,5,123,229,3.6666666666666665,0.0
CUB,2,123,230,1.7894736842105263,0.21052631578947367
CUB,3,123,230,2.4,0.08
CUB,4,123,230,2.8947368421052633,0.0
CUB,5,123,230,3.4,0.0
CUB,2,123,231,1.6842105263157894,0.3157894736842105
CUB,3,123,231,2.44,0.0
CUB,4,123,231,2.8947368421052633,0.05263157894736842
CUB,5,123,231,3.4,0.0
CUB,2,123,232,1.6842105263157894,0.3157894736842105
CUB,3,123,232,2.36,0.0
CUB,4,123,232,2.9473684210526314,0.0
CUB,5,123,232,3.3333333333333335,0.0
CUB,2,123,233,1.8157894736842106,0.18421052631578946
CUB,3,123,233,2.48,0.04
CUB,4,123,233,3.0526315789473686,0.0
CUB,5,123,233,3.4,0.0
CUB,2,123,234,1.7894736842105263,0.21052631578947367
CUB,3,123,234,2.56,0.0
CUB,4,123,234,3.1052631578947367,0.0
CUB,5,123,234,3.533333333333333,0.0
CUB,2,123,235,1.894736842105263,0.10526315789473684
CUB,3,123,235,2.64,0.0
CUB,4,123,235,3.263157894736842,0.0
CUB,5,123,235,3.533333333333333,0.0
CUB,2,123,236,1.7894736842105263,0.21052631578947367
CUB,3,123,236,2.6,0.04
CUB,4,123,236,3.0,0.0
CUB,5,123,236,3.4,0.0
CUB,2,123,237,1.8157894736842106,0.18421052631578946
CUB,3,123,237,2.52,0.0
CUB,4,123,237,3.0,0.0
CUB,5,123,237,3.466666666666667,0.0
CUB,2,123,238,1.8157894736842106,0.18421052631578946
CUB,3,123,238,2.36,0.08
CUB,4,123,238,2.789473684210526,0.0
CUB,5,123,238,3.533333333333333,0.0
CUB,2,123,239,1.868421052631579,0.13157894736842105
CUB,3,123,239,2.44,0.0
CUB,4,123,239,3.0526315789473686,0.0
CUB,5,123,239,3.466666666666667,0.0
CUB,2,123,240,1.894736842105263,0.10526315789473684
CUB,3,123,240,2.48,0.0
CUB,4,123,240,3.210526315789474,0.0
CUB,5,123,240,3.4,0.0
CUB,2,123,241,1.7105263157894737,0.2894736842105263
CUB,3,123,241,2.44,0.04
CUB,4,123,241,2.9473684210526314,0.0
CUB,5,123,241,3.3333333333333335,0.0
CUB,2,123,242,1.7894736842105263,0.21052631578947367
CUB,3,123,242,2.44,0.04
CUB,4,123,242,2.9473684210526314,0.0
CUB,5,123,242,3.533333333333333,0.0
CUB,2,123,243,1.6842105263157894,0.3157894736842105
CUB,3,123,243,2.24,0.04
CUB,4,123,243,2.8421052631578947,0.0
CUB,5,123,243,3.2666666666666666,0.0
CUB,2,123,244,1.894736842105263,0.10526315789473684
CUB,3,123,244,2.52,0.0
CUB,4,123,244,2.9473684210526314,0.0
CUB,5,123,244,3.3333333333333335,0.0
CUB,2,123,245,1.868421052631579,0.13157894736842105
CUB,3,123,245,2.44,0.0
CUB,4,123,245,2.736842105263158,0.0
CUB,5,123,245,3.4,0.0
CUB,2,123,246,1.763157894736842,0.23684210526315788
CUB,3,123,246,2.44,0.0
CUB,4,123,246,3.0,0.0
CUB,5,123,246,3.533333333333333,0.0
CUB,2,123,247,1.736842105263158,0.2631578947368421
CUB,3,123,247,2.32,0.04
CUB,4,123,247,2.8947368421052633,0.0
CUB,5,123,247,3.533333333333333,0.0
CUB,2,123,248,1.8421052631578947,0.15789473684210525
CUB,3,123,248,2.28,0.04
CUB,4,123,248,2.9473684210526314,0.0
CUB,5,123,248,3.8,0.0
CUB,2,123,249,1.605263157894737,0.39473684210526316
CUB,3,123,249,2.32,0.08
CUB,4,123,249,2.736842105263158,0.0
CUB,5,123,249,3.2666666666666666,0.0
CUB,2,123,250,1.8421052631578947,0.15789473684210525
CUB,3,123,250,2.64,0.04
CUB,4,123,250,3.210526315789474,0.0
CUB,5,123,250,3.533333333333333,0.0
CUB,2,123,251,1.894736842105263,0.10526315789473684
CUB,3,123,251,2.6,0.0
CUB,4,123,251,3.210526315789474,0.0
CUB,5,123,251,3.8,0.0
CUB,2,123,252,1.7894736842105263,0.21052631578947367
CUB,3,123,252,2.52,0.0
CUB,4,123,252,2.8947368421052633,0.0
CUB,5,123,252,3.466666666666667,0.0
CUB,2,123,253,1.763157894736842,0.23684210526315788
CUB,3,123,253,2.52,0.04
CUB,4,123,253,2.9473684210526314,0.0
CUB,5,123,253,3.533333333333333,0.0
CUB,2,123,254,1.736842105263158,0.2631578947368421
CUB,3,123,254,2.36,0.08
CUB,4,123,254,2.8421052631578947,0.05263157894736842
CUB,5,123,254,3.3333333333333335,0.0
CUB,2,123,255,1.8157894736842106,0.18421052631578946
CUB,3,123,255,2.4,0.0
CUB,4,123,255,3.0,0.0
CUB,5,123,255,3.4,0.0
CUB,2,123,256,1.6578947368421053,0.34210526315789475
CUB,3,123,256,2.4,0.04
CUB,4,123,256,3.0,0.0
CUB,5,123,256,3.533333333333333,0.0
CUB,2,123,257,1.868421052631579,0.13157894736842105
CUB,3,123,257,2.6,0.04
CUB,4,123,257,3.210526315789474,0.0
CUB,5,123,257,3.6666666666666665,0.0
CUB,2,123,258,1.8421052631578947,0.15789473684210525
CUB,3,123,258,2.4,0.04
CUB,4,123,258,3.0,0.0
CUB,5,123,258,3.2666666666666666,0.0
CUB,2,123,259,1.7105263157894737,0.2894736842105263
CUB,3,123,259,2.28,0.12
CUB,4,123,259,2.5789473684210527,0.05263157894736842
CUB,5,123,259,3.066666666666667,0.0
CUB,2,123,260,1.7894736842105263,0.21052631578947367
CUB,3,123,260,2.4,0.04
CUB,4,123,260,2.8421052631578947,0.0
CUB,5,123,260,3.6,0.0
CUB,2,123,261,1.8157894736842106,0.18421052631578946
CUB,3,123,261,2.48,0.08
CUB,4,123,261,2.8947368421052633,0.0
CUB,5,123,261,3.4,0.0
CUB,2,123,262,1.7105263157894737,0.2894736842105263
CUB,3,123,262,2.24,0.08
CUB,4,123,262,2.736842105263158,0.0
CUB,5,123,262,3.2,0.0
CUB,2,123,263,1.8421052631578947,0.15789473684210525
CUB,3,123,263,2.4,0.04
CUB,4,123,263,3.1052631578947367,0.0
CUB,5,123,263,3.466666666666667,0.0
CUB,2,123,264,1.868421052631579,0.13157894736842105
CUB,3,123,264,2.52,0.04
CUB,4,123,264,2.8947368421052633,0.0
CUB,5,123,264,3.4,0.0
CUB,2,123,265,1.6842105263157894,0.3157894736842105
CUB,3,123,265,2.36,0.16
CUB,4,123,265,2.8421052631578947,0.0
CUB,5,123,265,3.3333333333333335,0.0
CUB,2,123,266,1.894736842105263,0.10526315789473684
CUB,3,123,266,2.44,0.08
CUB,4,123,266,3.263157894736842,0.0
CUB,5,123,266,3.6,0.0
CUB,2,123,267,1.8421052631578947,0.15789473684210525
CUB,3,123,267,2.68,0.0
CUB,4,123,267,2.9473684210526314,0.0
CUB,5,123,267,3.6,0.0
CUB,2,123,268,1.8157894736842106,0.18421052631578946
CUB,3,123,268,2.56,0.0
CUB,4,123,268,2.8947368421052633,0.0
CUB,5,123,268,3.4,0.0
CUB,2,123,269,1.8421052631578947,0.15789473684210525
CUB,3,123,269,2.44,0.04
CUB,4,123,269,2.9473684210526314,0.0
CUB,5,123,269,3.1333333333333333,0.0
CUB,2,123,270,1.8157894736842106,0.18421052631578946
CUB,3,123,270,2.6,0.0
CUB,4,123,270,3.0526315789473686,0.0
CUB,5,123,270,3.2,0.0
CUB,2,123,271,1.7894736842105263,0.21052631578947367
CUB,3,123,271,2.56,0.0
CUB,4,123,271,2.8947368421052633,0.0
CUB,5,123,271,3.2,0.0
CUB,2,123,272,1.868421052631579,0.13157894736842105
CUB,3,123,272,2.56,0.04
CUB,4,123,272,3.0,0.0
CUB,5,123,272,3.2666666666666666,0.0
CUB,2,123,273,1.7894736842105263,0.21052631578947367
CUB,3,123,273,2.52,0.04
CUB,4,123,273,2.8947368421052633,0.05263157894736842
CUB,5,123,273,3.3333333333333335,0.0
CUB,2,123,274,1.9473684210526316,0.05263157894736842
CUB,3,123,274,2.72,0.0
CUB,4,123,274,3.210526315789474,0.0
CUB,5,123,274,3.8666666666666667,0.0
CUB,2,123,275,1.894736842105263,0.10526315789473684
CUB,3,123,275,2.52,0.04
CUB,4,123,275,2.6842105263157894,0.05263157894736842
CUB,5,123,275,3.2666666666666666,0.0
CUB,2,123,276,1.763157894736842,0.23684210526315788
CUB,3,123,276,2.52,0.08
CUB,4,123,276,2.736842105263158,0.0
CUB,5,123,276,3.3333333333333335,0.0
CUB,2,123,277,1.8157894736842106,0.18421052631578946
CUB,3,123,277,2.6,0.0
CUB,4,123,277,3.0,0.0
CUB,5,123,277,3.3333333333333335,0.0
CUB,2,123,278,1.8421052631578947,0.15789473684210525
CUB,3,123,278,2.28,0.04
CUB,4,123,278,2.789473684210526,0.0
CUB,5,123,278,3.3333333333333335,0.0
CUB,2,123,279,1.8157894736842106,0.18421052631578946
CUB,3,123,279,2.6,0.0
CUB,4,123,279,2.8947368421052633,0.0
CUB,5,123,279,3.4,0.0
CUB,2,123,280,1.8421052631578947,0.15789473684210525
CUB,3,123,280,2.68,0.08
CUB,4,123,280,3.210526315789474,0.0
CUB,5,123,280,3.8666666666666667,0.0
CUB,2,123,281,1.8421052631578947,0.15789473684210525
CUB,3,123,281,2.4,0.04
CUB,4,123,281,2.789473684210526,0.0
CUB,5,123,281,3.1333333333333333,0.0
CUB,2,123,282,1.7105263157894737,0.2894736842105263
CUB,3,123,282,2.36,0.04
CUB,4,123,282,3.0526315789473686,0.0
CUB,5,123,282,3.2666666666666666,0.0
CUB,2,123,283,1.8157894736842106,0.18421052631578946
CUB,3,123,283,2.56,0.0
CUB,4,123,283,3.1052631578947367,0.0
CUB,5,123,283,3.6666666666666665,0.0
CUB,2,123,284,1.868421052631579,0.13157894736842105
CUB,3,123,284,2.64,0.0
CUB,4,123,284,3.0526315789473686,0.0
CUB,5,123,284,3.6,0.0
CUB,2,123,285,1.894736842105263,0.10526315789473684
CUB,3,123,285,2.6,0.0
CUB,4,123,285,3.0,0.0
CUB,5,123,285,3.4,0.0
CUB,2,123,286,1.8157894736842106,0.18421052631578946
CUB,3,123,286,2.48,0.0
CUB,4,123,286,2.9473684210526314,0.0
CUB,5,123,286,3.4,0.0
CUB,2,123,287,1.868421052631579,0.13157894736842105
CUB,3,123,287,2.48,0.0
CUB,4,123,287,3.1578947368421053,0.0
CUB,5,123,287,3.466666666666667,0.0
CUB,2,123,288,1.8157894736842106,0.18421052631578946
CUB,3,123,288,2.64,0.0
CUB,4,123,288,3.263157894736842,0.0
CUB,5,123,288,3.6666666666666665,0.0
CUB,2,123,289,1.7105263157894737,0.2894736842105263
CUB,3,123,289,2.48,0.04
CUB,4,123,289,2.8421052631578947,0.05263157894736842
CUB,5,123,289,3.2666666666666666,0.0
CUB,2,123,290,1.868421052631579,0.13157894736842105
CUB,3,123,290,2.56,0.04
CUB,4,123,290,3.1578947368421053,0.0
CUB,5,123,290,3.2666666666666666,0.06666666666666667
CUB,2,123,291,1.8157894736842106,0.18421052631578946
CUB,3,123,291,2.64,0.0
CUB,4,123,291,3.1052631578947367,0.0
CUB,5,123,291,3.3333333333333335,0.0
CUB,2,123,292,1.736842105263158,0.2631578947368421
CUB,3,123,292,2.44,0.12
CUB,4,123,292,3.1052631578947367,0.0
CUB,5,123,292,3.7333333333333334,0.0
CUB,2,123,293,1.6842105263157894,0.3157894736842105
CUB,3,123,293,2.44,0.04
CUB,4,123,293,2.9473684210526314,0.0
CUB,5,123,293,3.4,0.0
CUB,2,123,294,1.631578947368421,0.3684210526315789
CUB,3,123,294,2.48,0.0
CUB,4,123,294,2.8947368421052633,0.0
CUB,5,123,294,3.3333333333333335,0.0
CUB,2,123,295,1.7894736842105263,0.21052631578947367
CUB,3,123,295,2.48,0.0
CUB,4,123,295,2.8947368421052633,0.0
CUB,5,123,295,3.6,0.0
CUB,2,123,296,1.7894736842105263,0.21052631578947367
CUB,3,123,296,2.68,0.0
CUB,4,123,296,3.210526315789474,0.0
CUB,5,123,296,3.6,0.0
CUB,2,123,297,1.736842105263158,0.2631578947368421
CUB,3,123,297,2.44,0.04
CUB,4,123,297,2.8947368421052633,0.0
CUB,5,123,297,3.1333333333333333,0.0
CUB,2,123,298,1.7894736842105263,0.21052631578947367
CUB,3,123,298,2.48,0.0
CUB,4,123,298,2.9473684210526314,0.0
CUB,5,123,298,3.466666666666667,0.0
CUB,2,123,299,1.6842105263157894,0.3157894736842105
CUB,3,123,299,2.28,0.04
CUB,4,123,299,2.8421052631578947,0.05263157894736842
CUB,5,123,299,3.3333333333333335,0.0
CUB,2,2024,0,1.8157894736842106,0.18421052631578946
CUB,3,2024,0,2.56,0.0
CUB,4,2024,0,3.1578947368421053,0.0
CUB,5,2024,0,3.7333333333333334,0.0
CUB,2,2024,1,1.8157894736842106,0.18421052631578946
CUB,3,2024,1,2.56,0.0
CUB,4,2024,1,3.0,0.0
CUB,5,2024,1,3.466666666666667,0.0
CUB,2,2024,2,1.8421052631578947,0.15789473684210525
CUB,3,2024,2,2.32,0.04
CUB,4,2024,2,2.9473684210526314,0.0
CUB,5,2024,2,3.2666666666666666,0.0
CUB,2,2024,3,1.8421052631578947,0.15789473684210525
CUB,3,2024,3,2.4,0.0
CUB,4,2024,3,3.1578947368421053,0.0
CUB,5,2024,3,3.2666666666666666,0.0
CUB,2,2024,4,1.763157894736842,0.23684210526315788
CUB,3,2024,4,2.36,0.04
CUB,4,2024,4,2.8947368421052633,0.0
CUB,5,2024,4,3.2,0.0
CUB,2,2024,5,1.894736842105263,0.10526315789473684
CUB,3,2024,5,2.64,0.0
CUB,4,2024,5,3.1578947368421053,0.0
CUB,5,2024,5,3.7333333333333334,0.0
CUB,2,2024,6,1.7105263157894737,0.2894736842105263
CUB,3,2024,6,2.36,0.08
CUB,4,2024,6,2.789473684210526,0.0
CUB,5,2024,6,3.066666666666667,0.0
CUB,2,2024,7,1.7894736842105263,0.21052631578947367
CUB,3,2024,7,2.44,0.0
CUB,4,2024,7,3.0,0.0
CUB,5,2024,7,3.533333333333333,0.0
CUB,2,2024,8,1.8157894736842106,0.18421052631578946
CUB,3,2024,8,2.52,0.0
CUB,4,2024,8,3.0,0.0
CUB,5,2024,8,3.466666666666667,0.0
CUB,2,2024,9,1.763157894736842,0.23684210526315788
CUB,3,2024,9,2.44,0.04
CUB,4,2024,9,3.0,0.0
CUB,5,2024,9,3.6,0.0
CUB,2,2024,10,1.763157894736842,0.23684210526315788
CUB,3,2024,10,2.28,0.04
CUB,4,2024,10,2.9473684210526314,0.0
CUB,5,2024,10,3.2,0.0
CUB,2,2024,11,1.7105263157894737,0.2894736842105263
CUB,3,2024,11,2.32,0.12
CUB,4,2024,11,2.789473684210526,0.0
CUB,5,2024,11,3.3333333333333335,0.0
CUB,2,2024,12,1.6842105263157894,0.3157894736842105
CUB,3,2024,12,2.32,0.04
CUB,4,2024,12,2.6842105263157894,0.0
CUB,5,2024,12,3.4,0.0
CUB,2,2024,13,1.736842105263158,0.2631578947368421
CUB,3,2024,13,2.4,0.04
CUB,4,2024,13,2.789473684210526,0.05263157894736842
CUB,5,2024,13,3.3333333333333335,0.0
CUB,2,2024,14,1.763157894736842,0.23684210526315788
CUB,3,2024,14,2.4,0.08
CUB,4,2024,14,2.9473684210526314,0.0
CUB,5,2024,14,3.2,0.0
CUB,2,2024,15,1.736842105263158,0.2631578947368421
CUB,3,2024,15,2.36,0.0
CUB,4,2024,15,2.789473684210526,0.0
CUB,5,2024,15,3.6,0.0
CUB,2,2024,16,1.605263157894737,0.39473684210526316
CUB,3,2024,16,2.36,0.08
CUB,4,2024,16,2.6315789473684212,0.05263157894736842
CUB,5,2024,16,3.3333333333333335,0.0
CUB,2,2024,17,1.6578947368421053,0.34210526315789475
CUB,3,2024,17,2.2,0.04
CUB,4,2024,17,2.789473684210526,0.0
CUB,5,2024,17,3.0,0.0
CUB,2,2024,18,1.6842105263157894,0.3157894736842105
CUB,3,2024,18,2.2,0.16
CUB,4,2024,18,2.8421052631578947,0.0
CUB,5,2024,18,2.933333333333333,0.0
CUB,2,2024,19,1.8157894736842106,0.18421052631578946
CUB,3,2024,19,2.48,0.0
CUB,4,2024,19,2.9473684210526314,0.0
CUB,5,2024,19,3.8666666666666667,0.0
CUB,2,2024,20,1.6842105263157894,0.3157894736842105
CUB,3,2024,20,2.4,0.04
CUB,4,2024,20,3.0,0.0
CUB,5,2024,20,3.2666666666666666,0.0
CUB,2,2024,21,1.8421052631578947,0.15789473684210525
CUB,3,2024,21,2.36,0.04
CUB,4,2024,21,3.210526315789474,0.0
CUB,5,2024,21,3.4,0.0
CUB,2,2024,22,1.736842105263158,0.2631578947368421
CUB,3,2024,22,2.28,0.08
CUB,4,2024,22,2.8421052631578947,0.0
CUB,5,2024,22,3.4,0.0
CUB,2,2024,23,1.763157894736842,0.23684210526315788
CUB,3,2024,23,2.52,0.04
CUB,4,2024,23,2.9473684210526314,0.05263157894736842
CUB,5,2024,23,3.466666666666667,0.0
CUB,2,2024,24,1.736842105263158,0.2631578947368421
CUB,3,2024,24,2.32,0.12
CUB,4,2024,24,3.0,0.0
CUB,5,2024,24,3.1333333333333333,0.0
CUB,2,2024,25,1.7894736842105263,0.21052631578947367
CUB,3,2024,25,2.4,0.08
CUB,4,2024,25,3.0526315789473686,0.0
CUB,5,2024,25,3.3333333333333335,0.0
CUB,2,2024,26,1.7894736842105263,0.21052631578947367
CUB,3,2024,26,2.4,0.08
CUB,4,2024,26,3.1052631578947367,0.0
CUB,5,2024,26,3.1333333333333333,0.0
CUB,2,2024,27,1.736842105263158,0.2631578947368421
CUB,3,2024,27,2.4,0.04
CUB,4,2024,27,3.0,0.0
CUB,5,2024,27,3.4,0.0
CUB,2,2024,28,1.763157894736842,0.23684210526315788
CUB,3,2024,28,2.52,0.08
CUB,4,2024,28,3.1052631578947367,0.0
CUB,5,2024,28,3.466666666666667,0.0
CUB,2,2024,29,1.736842105263158,0.2631578947368421
CUB,3,2024,29,2.56,0.0
CUB,4,2024,29,2.8947368421052633,0.0
CUB,5,2024,29,3.466666666666667,0.0
CUB,2,2024,30,1.8421052631578947,0.15789473684210525
CUB,3,2024,30,2.64,0.04
CUB,4,2024,30,2.736842105263158,0.0
CUB,5,2024,30,3.4,0.0
CUB,2,2024,31,1.8157894736842106,0.18421052631578946
CUB,3,2024,31,2.64,0.04
CUB,4,2024,31,3.0,0.0
CUB,5,2024,31,3.2,0.0
CUB,2,2024,32,1.7105263157894737,0.2894736842105263
CUB,3,2024,32,2.6,0.04
CUB,4,2024,32,2.8421052631578947,0.0
CUB,5,2024,32,3.533333333333333,0.0
CUB,2,2024,33,1.7894736842105263,0.21052631578947367
CUB,3,2024,33,2.44,0.04
CUB,4,2024,33,2.736842105263158,0.0
CUB,5,2024,33,3.466666666666667,0.0
CUB,2,2024,34,1.8421052631578947,0.15789473684210525
CUB,3,2024,34,2.6,0.0
CUB,4,2024,34,2.9473684210526314,0.0
CUB,5,2024,34,3.6,0.0
CUB,2,2024,35,1.868421052631579,0.13157894736842105
CUB,3,2024,35,2.52,0.0
CUB,4,2024,35,3.0526315789473686,0.0
CUB,5,2024,35,3.6666666666666665,0.0
CUB,2,2024,36,1.736842105263158,0.2631578947368421
CUB,3,2024,36,2.32,0.04
CUB,4,2024,36,2.789473684210526,0.0
CUB,5,2024,36,3.1333333333333333,0.0
CUB,2,2024,37,1.7894736842105263,0.21052631578947367
CUB,3,2024,37,2.44,0.04
CUB,4,2024,37,3.0,0.0
CUB,5,2024,37,3.6666666666666665,0.0
CUB,2,2024,38,1.7894736842105263,0.21052631578947367
CUB,3,2024,38,2.64,0.0
CUB,4,2024,38,2.8421052631578947,0.0
CUB,5,2024,38,3.2666666666666666,0.0
CUB,2,2024,39,1.8421052631578947,0.15789473684210525
CUB,3,2024,39,2.56,0.0
CUB,4,2024,39,2.8947368421052633,0.0
CUB,5,2024,39,3.3333333333333335,0.0
CUB,2,2024,40,1.868421052631579,0.13157894736842105
CUB,3,2024,40,2.56,0.04
CUB,4,2024,40,2.8947368421052633,0.0
CUB,5,2024,40,3.533333333333333,0.0
CUB,2,2024,41,1.894736842105263,0.10526315789473684
CUB,3,2024,41,2.6,0.0
CUB,4,2024,41,3.1052631578947367,0.0
CUB,5,2024,41,3.6,0.0
CUB,2,2024,42,1.8421052631578947,0.15789473684210525
CUB,3,2024,42,2.52,0.04
CUB,4,2024,42,3.0,0.0
CUB,5,2024,42,3.6666666666666665,0.0
CUB,2,2024,43,1.763157894736842,0.23684210526315788
CUB,3,2024,43,2.4,0.08
CUB,4,2024,43,2.9473684210526314,0.0
CUB,5,2024,43,3.6,0.0
CUB,2,2024,44,1.763157894736842,0.23684210526315788
CUB,3,2024,44,2.36,0.04
CUB,4,2024,44,2.736842105263158,0.0
CUB,5,2024,44,3.4,0.0
CUB,2,2024,45,1.9210526315789473,0.07894736842105263
CUB,3,2024,45,2.44,0.0
CUB,4,2024,45,3.0,0.0
CUB,5,2024,45,3.466666666666667,0.0
CUB,2,2024,46,1.8421052631578947,0.15789473684210525
CUB,3,2024,46,2.44,0.0
CUB,4,2024,46,2.8947368421052633,0.0
CUB,5,2024,46,3.466666666666667,0.0
CUB,2,2024,47,1.7105263157894737,0.2894736842105263
CUB,3,2024,47,2.44,0.0
CUB,4,2024,47,2.9473684210526314,0.0
CUB,5,2024,47,3.3333333333333335,0.0
CUB,2,2024,48,1.763157894736842,0.23684210526315788
CUB,3,2024,48,2.52,0.04
CUB,4,2024,48,3.1052631578947367,0.0
CUB,5,2024,48,3.2666666666666666,0.0
CUB,2,2024,49,1.736842105263158,0.2631578947368421
CUB,3,2024,49,2.4,0.04
CUB,4,2024,49,2.789473684210526,0.0
CUB,5,2024,49,3.466666666666667,0.0
CUB,2,2024,50,1.8157894736842106,0.18421052631578946
CUB,3,2024,50,2.6,0.04
CUB,4,2024,50,2.8947368421052633,0.0
CUB,5,2024,50,3.6,0.0
CUB,2,2024,51,1.763157894736842,0.23684210526315788
CUB,3,2024,51,2.48,0.04
CUB,4,2024,51,2.789473684210526,0.05263157894736842
CUB,5,2024,51,3.2666666666666666,0.06666666666666667
CUB,2,2024,52,1.763157894736842,0.23684210526315788
CUB,3,2024,52,2.44,0.0
CUB,4,2024,52,2.9473684210526314,0.0
CUB,5,2024,52,3.6666666666666665,0.0
CUB,2,2024,53,1.8421052631578947,0.15789473684210525
CUB,3,2024,53,2.44,0.08
CUB,4,2024,53,2.8947368421052633,0.05263157894736842
CUB,5,2024,53,3.466666666666667,0.0
CUB,2,2024,54,1.6842105263157894,0.3157894736842105
CUB,3,2024,54,2.48,0.0
CUB,4,2024,54,2.9473684210526314,0.0
CUB,5,2024,54,3.4,0.0
CUB,2,2024,55,1.7894736842105263,0.21052631578947367
CUB,3,2024,55,2.24,0.12
CUB,4,2024,55,3.0,0.0
CUB,5,2024,55,3.533333333333333,0.0
CUB,2,2024,56,1.6842105263157894,0.3157894736842105
CUB,3,2024,56,2.32,0.08
CUB,4,2024,56,2.9473684210526314,0.0
CUB,5,2024,56,3.4,0.0
CUB,2,2024,57,1.7894736842105263,0.21052631578947367
CUB,3,2024,57,2.64,0.0
CUB,4,2024,57,3.210526315789474,0.0
CUB,5,2024,57,3.466666666666667,0.0
CUB,2,2024,58,1.7105263157894737,0.2894736842105263
CUB,3,2024,58,2.52,0.0
CUB,4,2024,58,2.9473684210526314,0.0
CUB,5,2024,58,3.6666666666666665,0.0
CUB,2,2024,59,1.763157894736842,0.23684210526315788
CUB,3,2024,59,2.56,0.04
CUB,4,2024,59,3.1052631578947367,0.0
CUB,5,2024,59,3.533333333333333,0.0
CUB,2,2024,60,1.7894736842105263,0.21052631578947367
CUB,3,2024,60,2.4,0.04
CUB,4,2024,60,2.9473684210526314,0.0
CUB,5,2024,60,3.6,0.0
CUB,2,2024,61,1.7894736842105263,0.21052631578947367
CUB,3,2024,61,2.44,0.0
CUB,4,2024,61,3.0526315789473686,0.0
CUB,5,2024,61,3.3333333333333335,0.0
CUB,2,2024,62,1.8421052631578947,0.15789473684210525
CUB,3,2024,62,2.4,0.08
CUB,4,2024,62,3.1578947368421053,0.05263157894736842
CUB,5,2024,62,3.3333333333333335,0.0
CUB,2,2024,63,1.7894736842105263,0.21052631578947367
CUB,3,2024,63,2.6,0.08
CUB,4,2024,63,2.8947368421052633,0.05263157894736842
CUB,5,2024,63,3.2666666666666666,0.0
CUB,2,2024,64,1.763157894736842,0.23684210526315788
CUB,3,2024,64,2.52,0.04
CUB,4,2024,64,2.9473684210526314,0.0
CUB,5,2024,64,3.4,0.0
CUB,2,2024,65,1.605263157894737,0.39473684210526316
CUB,3,2024,65,2.16,0.12
CUB,4,2024,65,2.526315789473684,0.0
CUB,5,2024,65,3.2,0.0
CUB,2,2024,66,1.8157894736842106,0.18421052631578946
CUB,3,2024,66,2.48,0.0
CUB,4,2024,66,2.9473684210526314,0.0
CUB,5,2024,66,3.2,0.0
CUB,2,2024,67,1.868421052631579,0.13157894736842105
CUB,3,2024,67,2.6,0.0
CUB,4,2024,67,3.1578947368421053,0.0
CUB,5,2024,67,3.533333333333333,0.0
CUB,2,2024,68,1.8157894736842106,0.18421052631578946
CUB,3,2024,68,2.52,0.04
CUB,4,2024,68,3.1052631578947367,0.0
CUB,5,2024,68,3.1333333333333333,0.0
CUB,2,2024,69,1.7894736842105263,0.21052631578947367
CUB,3,2024,69,2.56,0.0
CUB,4,2024,69,3.1578947368421053,0.0
CUB,5,2024,69,3.3333333333333335,0.0
CUB,2,2024,70,1.868421052631579,0.13157894736842105
CUB,3,2024,70,2.56,0.0
CUB,4,2024,70,3.210526315789474,0.0
CUB,5,2024,70,3.6666666666666665,0.0
CUB,2,2024,71,1.7105263157894737,0.2894736842105263
CUB,3,2024,71,2.48,0.0
CUB,4,2024,71,2.8947368421052633,0.0
CUB,5,2024,71,3.6,0.0
CUB,2,2024,72,1.8157894736842106,0.18421052631578946
CUB,3,2024,72,2.52,0.0
CUB,4,2024,72,3.0526315789473686,0.0
CUB,5,2024,72,3.7333333333333334,0.0
CUB,2,2024,73,1.8157894736842106,0.18421052631578946
CUB,3,2024,73,2.52,0.0
CUB,4,2024,73,2.8947368421052633,0.0
CUB,5,2024,73,3.533333333333333,0.0
CUB,2,2024,74,1.736842105263158,0.2631578947368421
CUB,3,2024,74,2.36,0.04
CUB,4,2024,74,2.8947368421052633,0.0
CUB,5,2024,74,3.4,0.0
CUB,2,2024,75,1.8157894736842106,0.18421052631578946
CUB,3,2024,75,2.32,0.04
CUB,4,2024,75,2.8947368421052633,0.0
CUB,5,2024,75,3.2666666666666666,0.0
CUB,2,2024,76,1.6578947368421053,0.34210526315789475
CUB,3,2024,76,2.4,0.08
CUB,4,2024,76,2.9473684210526314,0.0
CUB,5,2024,76,3.3333333333333335,0.06666666666666667
CUB,2,2024,77,1.868421052631579,0.13157894736842105
CUB,3,2024,77,2.76,0.0
CUB,4,2024,77,3.1052631578947367,0.0
CUB,5,2024,77,3.933333333333333,0.0
CUB,2,2024,78,1.736842105263158,0.2631578947368421
CUB,3,2024,78,2.32,0.16
CUB,4,2024,78,2.9473684210526314,0.0
CUB,5,2024,78,3.3333333333333335,0.0
CUB,2,2024,79,1.6578947368421053,0.34210526315789475
CUB,3,2024,79,2.4,0.0
CUB,4,2024,79,2.526315789473684,0.0
CUB,5,2024,79,2.8666666666666667,0.0
CUB,2,2024,80,1.9473684210526316,0.05263157894736842
CUB,3,2024,80,2.56,0.0
CUB,4,2024,80,3.0526315789473686,0.0
CUB,5,2024,80,3.2,0.0
CUB,2,2024,81,1.763157894736842,0.23684210526315788
CUB,3,2024,81,2.68,0.0
CUB,4,2024,81,3.1578947368421053,0.0
CUB,5,2024,81,3.4,0.0
CUB,2,2024,82,1.7894736842105263,0.21052631578947367
CUB,3,2024,82,2.64,0.0
CUB,4,2024,82,3.1052631578947367,0.0
CUB,5,2024,82,3.7333333333333334,0.0
CUB,2,2024,83,1.8157894736842106,0.18421052631578946
CUB,3,2024,83,2.52,0.04
CUB,4,2024,83,3.1052631578947367,0.0
CUB,5,2024,83,3.2,0.0
CUB,2,2024,84,1.8421052631578947,0.15789473684210525
CUB,3,2024,84,2.44,0.0
CUB,4,2024,84,3.0526315789473686,0.0
CUB,5,2024,84,3.533333333333333,0.0
CUB,2,2024,85,1.7894736842105263,0.21052631578947367
CUB,3,2024,85,2.48,0.04
CUB,4,2024,85,3.0526315789473686,0.0
CUB,5,2024,85,3.466666666666667,0.0
CUB,2,2024,86,1.763157894736842,0.23684210526315788
CUB,3,2024,86,2.64,0.0
CUB,4,2024,86,3.0526315789473686,0.0
CUB,5,2024,86,3.066666666666667,0.0
CUB,2,2024,87,1.894736842105263,0.10526315789473684
CUB,3,2024,87,2.52,0.04
CUB,4,2024,87,3.3157894736842106,0.0
CUB,5,2024,87,3.933333333333333,0.0
CUB,2,2024,88,1.8157894736842106,0.18421052631578946
CUB,3,2024,88,2.44,0.0
CUB,4,2024,88,2.8421052631578947,0.0
CUB,5,2024,88,3.4,0.0
CUB,2,2024,89,1.763157894736842,0.23684210526315788
CUB,3,2024,89,2.48,0.0
CUB,4,2024,89,3.0526315789473686,0.0
CUB,5,2024,89,3.0,0.0
CUB,2,2024,90,1.763157894736842,0.23684210526315788
CUB,3,2024,90,2.44,0.08
CUB,4,2024,90,2.9473684210526314,0.0
CUB,5,2024,90,3.466666666666667,0.0
CUB,2,2024,91,1.763157894736842,0.23684210526315788
CUB,3,2024,91,2.48,0.04
CUB,4,2024,91,2.8421052631578947,0.0
CUB,5,2024,91,2.933333333333333,0.0
CUB,2,2024,92,1.8421052631578947,0.15789473684210525
CUB,3,2024,92,2.56,0.04
CUB,4,2024,92,2.9473684210526314,0.0
CUB,5,2024,92,3.466666666666667,0.0
CUB,2,2024,93,1.8421052631578947,0.15789473684210525
CUB,3,2024,93,2.6,0.0
CUB,4,2024,93,3.263157894736842,0.0
CUB,5,2024,93,3.6666666666666665,0.0
CUB,2,2024,94,1.7105263157894737,0.2894736842105263
CUB,3,2024,94,2.48,0.04
CUB,4,2024,94,2.9473684210526314,0.05263157894736842
CUB,5,2024,94,3.2666666666666666,0.0
CUB,2,2024,95,1.7894736842105263,0.21052631578947367
CUB,3,2024,95,2.48,0.04
CUB,4,2024,95,2.8947368421052633,0.05263157894736842
CUB,5,2024,95,3.2,0.0
CUB,2,2024,96,1.868421052631579,0.13157894736842105
CUB,3,2024,96,2.6,0.04
CUB,4,2024,96,3.263157894736842,0.0
CUB,5,2024,96,3.3333333333333335,0.0
CUB,2,2024,97,1.7105263157894737,0.2894736842105263
CUB,3,2024,97,2.48,0.04
CUB,4,2024,97,2.8421052631578947,0.0
CUB,5,2024,97,3.2666666666666666,0.0
CUB,2,2024,98,1.736842105263158,0.2631578947368421
CUB,3,2024,98,2.36,0.12
CUB,4,2024,98,2.8421052631578947,0.05263157894736842
CUB,5,2024,98,3.2666666666666666,0.0
CUB,2,2024,99,1.8157894736842106,0.18421052631578946
CUB,3,2024,99,2.52,0.0
CUB,4,2024,99,2.9473684210526314,0.0
CUB,5,2024,99,3.4,0.0
CUB,2,2024,100,1.8157894736842106,0.18421052631578946
CUB,3,2024,100,2.52,0.04
CUB,4,2024,100,2.9473684210526314,0.0
CUB,5,2024,100,3.4,0.0
CUB,2,2024,101,1.7894736842105263,0.21052631578947367
CUB,3,2024,101,2.52,0.04
CUB,4,2024,101,3.0526315789473686,0.0
CUB,5,2024,101,3.2,0.0
CUB,2,2024,102,1.8157894736842106,0.18421052631578946
CUB,3,2024,102,2.4,0.04
CUB,4,2024,102,2.8947368421052633,0.0
CUB,5,2024,102,3.6666666666666665,0.0
CUB,2,2024,103,1.631578947368421,0.3684210526315789
CUB,3,2024,103,2.32,0.12
CUB,4,2024,103,2.6842105263157894,0.0
CUB,5,2024,103,3.066666666666667,0.06666666666666667
CUB,2,2024,104,1.6842105263157894,0.3157894736842105
CUB,3,2024,104,2.4,0.0
CUB,4,2024,104,2.789473684210526,0.0
CUB,5,2024,104,3.2666666666666666,0.0
CUB,2,2024,105,1.868421052631579,0.13157894736842105
CUB,3,2024,105,2.6,0.0
CUB,4,2024,105,3.263157894736842,0.0
CUB,5,2024,105,3.466666666666667,0.0
CUB,2,2024,106,1.736842105263158,0.2631578947368421
CUB,3,2024,106,2.44,0.0
CUB,4,2024,106,2.8421052631578947,0.0
CUB,5,2024,106,3.1333333333333333,0.0
CUB,2,2024,107,1.736842105263158,0.2631578947368421
CUB,3,2024,107,2.36,0.0
CUB,4,2024,107,3.0,0.0
CUB,5,2024,107,3.3333333333333335,0.0
CUB,2,2024,108,1.7894736842105263,0.21052631578947367
CUB,3,2024,108,2.48,0.04
CUB,4,2024,108,2.9473684210526314,0.0
CUB,5,2024,108,3.1333333333333333,0.0
CUB,2,2024,109,1.8421052631578947,0.15789473684210525
CUB,3,2024,109,2.44,0.04
CUB,4,2024,109,3.1052631578947367,0.0
CUB,5,2024,109,3.6666666666666665,0.0
CUB,2,2024,110,1.894736842105263,0.10526315789473684
CUB,3,2024,110,2.52,0.0
CUB,4,2024,110,3.210526315789474,0.0
CUB,5,2024,110,3.3333333333333335,0.0
CUB,2,2024,111,1.736842105263158,0.2631578947368421
CUB,3,2024,111,2.36,0.04
CUB,4,2024,111,2.8947368421052633,0.0
CUB,5,2024,111,3.2666666666666666,0.0
CUB,2,2024,112,1.8421052631578947,0.15789473684210525
CUB,3,2024,112,2.52,0.08
CUB,4,2024,112,3.1578947368421053,0.0
CUB,5,2024,112,3.6,0.0
CUB,2,2024,113,1.8157894736842106,0.18421052631578946
CUB,3,2024,113,2.52,0.04
CUB,4,2024,113,3.0,0.05263157894736842
CUB,5,2024,113,3.6666666666666665,0.0
CUB,2,2024,114,1.763157894736842,0.23684210526315788
CUB,3,2024,114,2.56,0.0
CUB,4,2024,114,2.8947368421052633,0.0
CUB,5,2024,114,3.466666666666667,0.0
CUB,2,2024,115,1.6842105263157894,0.3157894736842105
CUB,3,2024,115,2.32,0.04
CUB,4,2024,115,2.6842105263157894,0.0
CUB,5,2024,115,3.1333333333333333,0.0
CUB,2,2024,116,1.868421052631579,0.13157894736842105
CUB,3,2024,116,2.48,0.0
CUB,4,2024,116,3.0,0.0
CUB,5,2024,116,3.466666666666667,0.0
CUB,2,2024,117,1.894736842105263,0.10526315789473684
CUB,3,2024,117,2.52,0.0
CUB,4,2024,117,3.0526315789473686,0.0
CUB,5,2024,117,3.466666666666667,0.0
CUB,2,2024,118,1.763157894736842,0.23684210526315788
CUB,3,2024,118,2.32,0.04
CUB,4,2024,118,3.1052631578947367,0.0
CUB,5,2024,118,3.466666666666667,0.0
CUB,2,2024,119,1.763157894736842,0.23684210526315788
CUB,3,2024,119,2.64,0.04
CUB,4,2024,119,3.0526315789473686,0.0
CUB,5,2024,119,3.2666666666666666,0.0
CUB,2,2024,120,1.868421052631579,0.13157894736842105
CUB,3,2024,120,2.76,0.0
CUB,4,2024,120,3.3157894736842106,0.0
CUB,5,2024,120,3.533333333333333,0.0
CUB,2,2024,121,1.7105263157894737,0.2894736842105263
CUB,3,2024,121,2.32,0.08
CUB,4,2024,121,2.6842105263157894,0.0
CUB,5,2024,121,3.3333333333333335,0.0
CUB,2,2024,122,1.763157894736842,0.23684210526315788
CUB,3,2024,122,2.52,0.0
CUB,4,2024,122,3.0,0.0
CUB,5,2024,122,3.2666666666666666,0.0
CUB,2,2024,123,1.8157894736842106,0.18421052631578946
CUB,3,2024,123,2.56,0.0
CUB,4,2024,123,3.1052631578947367,0.0
CUB,5,2024,123,3.6666666666666665,0.0
CUB,2,2024,124,1.763157894736842,0.23684210526315788
CUB,3,2024,124,2.4,0.08
CUB,4,2024,124,2.9473684210526314,0.0
CUB,5,2024,124,3.6,0.0
CUB,2,2024,125,1.7105263157894737,0.2894736842105263
CUB,3,2024,125,2.4,0.08
CUB,4,2024,125,2.6842105263157894,0.0
CUB,5,2024,125,3.1333333333333333,0.0
CUB,2,2024,126,1.868421052631579,0.13157894736842105
CUB,3,2024,126,2.52,0.04
CUB,4,2024,126,3.1052631578947367,0.0
CUB,5,2024,126,3.8,0.0
CUB,2,2024,127,1.868421052631579,0.13157894736842105
CUB,3,2024,127,2.52,0.04
CUB,4,2024,127,3.0526315789473686,0.0
CUB,5,2024,127,3.4,0.0
CUB,2,2024,128,1.7894736842105263,0.21052631578947367
CUB,3,2024,128,2.48,0.0
CUB,4,2024,128,3.0,0.0
CUB,5,2024,128,3.4,0.0
CUB,2,2024,129,1.605263157894737,0.39473684210526316
CUB,3,2024,129,2.32,0.12
CUB,4,2024,129,3.0,0.0
CUB,5,2024,129,3.3333333333333335,0.0
CUB,2,2024,130,1.7105263157894737,0.2894736842105263
CUB,3,2024,130,2.2,0.08
CUB,4,2024,130,2.5789473684210527,0.05263157894736842
CUB,5,2024,130,2.933333333333333,0.0
CUB,2,2024,131,1.868421052631579,0.13157894736842105
CUB,3,2024,131,2.32,0.04
CUB,4,2024,131,3.0,0.05263157894736842
CUB,5,2024,131,3.4,0.0
CUB,2,2024,132,1.8421052631578947,0.15789473684210525
CUB,3,2024,132,2.4,0.04
CUB,4,2024,132,3.0,0.0
CUB,5,2024,132,3.6666666666666665,0.0
CUB,2,2024,133,1.8157894736842106,0.18421052631578946
CUB,3,2024,133,2.52,0.08
CUB,4,2024,133,3.1052631578947367,0.05263157894736842
CUB,5,2024,133,3.466666666666667,0.0
CUB,2,2024,134,1.763157894736842,0.23684210526315788
CUB,3,2024,134,2.48,0.0
CUB,4,2024,134,3.0,0.0
CUB,5,2024,134,3.4,0.0
CUB,2,2024,135,1.8157894736842106,0.18421052631578946
CUB,3,2024,135,2.36,0.08
CUB,4,2024,135,3.0,0.0
CUB,5,2024,135,3.3333333333333335,0.0
CUB,2,2024,136,1.763157894736842,0.23684210526315788
CUB,3,2024,136,2.28,0.16
CUB,4,2024,136,2.6842105263157894,0.15789473684210525
CUB,5,2024,136,3.2,0.0
CUB,2,2024,137,1.7894736842105263,0.21052631578947367
CUB,3,2024,137,2.44,0.04
CUB,4,2024,137,3.0526315789473686,0.0
CUB,5,2024,137,3.3333333333333335,0.0
CUB,2,2024,138,1.868421052631579,0.13157894736842105
CUB,3,2024,138,2.64,0.0
CUB,4,2024,138,3.3157894736842106,0.0
CUB,5,2024,138,3.6,0.0
CUB,2,2024,139,1.868421052631579,0.13157894736842105
CUB,3,2024,139,2.68,0.0
CUB,4,2024,139,3.263157894736842,0.0
CUB,5,2024,139,3.8666666666666667,0.0
CUB,2,2024,140,1.7105263157894737,0.2894736842105263
CUB,3,2024,140,2.32,0.08
CUB,4,2024,140,2.9473684210526314,0.05263157894736842
CUB,5,2024,140,3.3333333333333335,0.0
CUB,2,2024,141,1.6842105263157894,0.3157894736842105
CUB,3,2024,141,2.28,0.08
CUB,4,2024,141,2.8421052631578947,0.05263157894736842
CUB,5,2024,141,3.3333333333333335,0.0
CUB,2,2024,142,1.736842105263158,0.2631578947368421
CUB,3,2024,142,2.52,0.08
CUB,4,2024,142,2.8421052631578947,0.0
CUB,5,2024,142,3.2666666666666666,0.0
CUB,2,2024,143,1.8421052631578947,0.15789473684210525
CUB,3,2024,143,2.52,0.0
CUB,4,2024,143,2.9473684210526314,0.0
CUB,5,2024,143,3.533333333333333,0.0
CUB,2,2024,144,1.8421052631578947,0.15789473684210525
CUB,3,2024,144,2.52,0.0
CUB,4,2024,144,3.1578947368421053,0.0
CUB,5,2024,144,3.8,0.0
CUB,2,2024,145,1.631578947368421,0.3684210526315789
CUB,3,2024,145,2.4,0.0
CUB,4,2024,145,2.789473684210526,0.0
CUB,5,2024,145,3.4,0.0
CUB,2,2024,146,1.6842105263157894,0.3157894736842105
CUB,3,2024,146,2.36,0.08
CUB,4,2024,146,2.8947368421052633,0.0
CUB,5,2024,146,3.0,0.0
CUB,2,2024,147,1.7894736842105263,0.21052631578947367
CUB,3,2024,147,2.48,0.0
CUB,4,2024,147,3.0526315789473686,0.0
CUB,5,2024,147,3.4,0.0
CUB,2,2024,148,1.7894736842105263,0.21052631578947367
CUB,3,2024,148,2.32,0.04
CUB,4,2024,148,2.789473684210526,0.0
CUB,5,2024,148,3.066666666666667,0.0
CUB,2,2024,149,1.8421052631578947,0.15789473684210525
CUB,3,2024,149,2.48,0.04
CUB,4,2024,149,3.210526315789474,0.0
CUB,5,2024,149,3.6666666666666665,0.0
CUB,2,2024,150,1.7105263157894737,0.2894736842105263
CUB,3,2024,150,2.48,0.0
CUB,4,2024,150,3.0526315789473686,0.0
CUB,5,2024,150,3.466666666666667,0.0
CUB,2,2024,151,1.736842105263158,0.2631578947368421
CUB,3,2024,151,2.32,0.04
CUB,4,2024,151,2.8947368421052633,0.0
CUB,5,2024,151,3.3333333333333335,0.0
CUB,2,2024,152,1.763157894736842,0.23684210526315788
CUB,3,2024,152,2.4,0.04
CUB,4,2024,152,2.8421052631578947,0.0
CUB,5,2024,152,3.466666666666667,0.0
CUB,2,2024,153,1.7894736842105263,0.21052631578947367
CUB,3,2024,153,2.6,0.04
CUB,4,2024,153,2.9473684210526314,0.0
CUB,5,2024,153,3.6666666666666665,0.0
CUB,2,2024,154,1.6842105263157894,0.3157894736842105
CUB,3,2024,154,2.44,0.04
CUB,4,2024,154,2.5789473684210527,0.0
CUB,5,2024,154,3.4,0.0
CUB,2,2024,155,1.736842105263158,0.2631578947368421
CUB,3,2024,155,2.52,0.08
CUB,4,2024,155,3.0526315789473686,0.0
CUB,5,2024,155,3.4,0.0
CUB,2,2024,156,1.894736842105263,0.10526315789473684
CUB,3,2024,156,2.4,0.04
CUB,4,2024,156,3.0,0.0
CUB,5,2024,156,3.466666666666667,0.0
CUB,2,2024,157,1.763157894736842,0.23684210526315788
CUB,3,2024,157,2.52,0.08
CUB,4,2024,157,2.789473684210526,0.0
CUB,5,2024,157,3.2666666666666666,0.0
CUB,2,2024,158,1.8421052631578947,0.15789473684210525
CUB,3,2024,158,2.48,0.0
CUB,4,2024,158,2.8947368421052633,0.0
CUB,5,2024,158,3.3333333333333335,0.0
CUB,2,2024,159,1.7894736842105263,0.21052631578947367
CUB,3,2024,159,2.48,0.04
CUB,4,2024,159,3.0526315789473686,0.0
CUB,5,2024,159,3.1333333333333333,0.0
CUB,2,2024,160,1.763157894736842,0.23684210526315788
CUB,3,2024,160,2.44,0.04
CUB,4,2024,160,2.8947368421052633,0.0
CUB,5,2024,160,3.2666666666666666,0.0
CUB,2,2024,161,1.868421052631579,0.13157894736842105
CUB,3,2024,161,2.32,0.0
CUB,4,2024,161,3.0,0.0
CUB,5,2024,161,3.466666666666667,0.0
CUB,2,2024,162,1.7894736842105263,0.21052631578947367
CUB,3,2024,162,2.48,0.0
CUB,4,2024,162,2.8947368421052633,0.0
CUB,5,2024,162,3.4,0.0
CUB,2,2024,163,1.8421052631578947,0.15789473684210525
CUB,3,2024,163,2.6,0.0
CUB,4,2024,163,3.210526315789474,0.0
CUB,5,2024,163,3.8,0.0
CUB,2,2024,164,1.736842105263158,0.2631578947368421
CUB,3,2024,164,2.68,0.04
CUB,4,2024,164,3.1578947368421053,0.0
CUB,5,2024,164,3.4,0.0
CUB,2,2024,165,1.7894736842105263,0.21052631578947367
CUB,3,2024,165,2.28,0.04
CUB,4,2024,165,2.8421052631578947,0.0
CUB,5,2024,165,3.3333333333333335,0.0
CUB,2,2024,166,1.8157894736842106,0.18421052631578946
CUB,3,2024,166,2.52,0.0
CUB,4,2024,166,2.8421052631578947,0.0
CUB,5,2024,166,3.2,0.0
CUB,2,2024,167,1.894736842105263,0.10526315789473684
CUB,3,2024,167,2.68,0.04
CUB,4,2024,167,3.3684210526315788,0.0
CUB,5,2024,167,3.466666666666667,0.0
CUB,2,2024,168,1.6842105263157894,0.3157894736842105
CUB,3,2024,168,2.56,0.0
CUB,4,2024,168,3.0,0.0
CUB,5,2024,168,3.533333333333333,0.0
CUB,2,2024,169,1.763157894736842,0.23684210526315788
CUB,3,2024,169,2.44,0.04
CUB,4,2024,169,3.0,0.05263157894736842
CUB,5,2024,169,3.466666666666667,0.0
CUB,2,2024,170,1.763157894736842,0.23684210526315788
CUB,3,2024,170,2.36,0.04
CUB,4,2024,170,2.789473684210526,0.0
CUB,5,2024,170,3.2666666666666666,0.0
CUB,2,2024,171,1.894736842105263,0.10526315789473684
CUB,3,2024,171,2.28,0.0
CUB,4,2024,171,2.8947368421052633,0.0
CUB,5,2024,171,3.2666666666666666,0.0
CUB,2,2024,172,1.8421052631578947,0.15789473684210525
CUB,3,2024,172,2.48,0.04
CUB,4,2024,172,2.8421052631578947,0.0
CUB,5,2024,172,3.466666666666667,0.0
CUB,2,2024,173,1.6842105263157894,0.3157894736842105
CUB,3,2024,173,2.2,0.08
CUB,4,2024,173,2.6842105263157894,0.0
CUB,5,2024,173,3.2666666666666666,0.0
CUB,2,2024,174,1.763157894736842,0.23684210526315788
CUB,3,2024,174,2.48,0.04
CUB,4,2024,174,3.0526315789473686,0.0
CUB,5,2024,174,3.466666666666667,0.0
CUB,2,2024,175,1.8157894736842106,0.18421052631578946
CUB,3,2024,175,2.52,0.04
CUB,4,2024,175,3.0,0.0
CUB,5,2024,175,3.2666666666666666,0.0
CUB,2,2024,176,1.763157894736842,0.23684210526315788
CUB,3,2024,176,2.48,0.04
CUB,4,2024,176,3.1052631578947367,0.0
CUB,5,2024,176,3.6666666666666665,0.0
CUB,2,2024,177,1.6842105263157894,0.3157894736842105
CUB,3,2024,177,2.48,0.0
CUB,4,2024,177,2.8947368421052633,0.0
CUB,5,2024,177,3.4,0.0
CUB,2,2024,178,1.8421052631578947,0.15789473684210525
CUB,3,2024,178,2.48,0.04
CUB,4,2024,178,3.1052631578947367,0.0
CUB,5,2024,178,3.533333333333333,0.0
CUB,2,2024,179,1.894736842105263,0.10526315789473684
CUB,3,2024,179,2.64,0.0
CUB,4,2024,179,3.1052631578947367,0.0
CUB,5,2024,179,3.6666666666666665,0.0
CUB,2,2024,180,1.868421052631579,0.13157894736842105
CUB,3,2024,180,2.48,0.04
CUB,4,2024,180,3.263157894736842,0.0
CUB,5,2024,180,3.3333333333333335,0.0
CUB,2,2024,181,1.7894736842105263,0.21052631578947367
CUB,3,2024,181,2.4,0.04
CUB,4,2024,181,2.8421052631578947,0.0
CUB,5,2024,181,3.066666666666667,0.0
CUB,2,2024,182,1.736842105263158,0.2631578947368421
CUB,3,2024,182,2.32,0.08
CUB,4,2024,182,2.8947368421052633,0.0
CUB,5,2024,182,3.6,0.0
CUB,2,2024,183,1.8421052631578947,0.15789473684210525
CUB,3,2024,183,2.68,0.0
CUB,4,2024,183,3.0,0.0
CUB,5,2024,183,3.466666666666667,0.0
CUB,2,2024,184,1.894736842105263,0.10526315789473684
CUB,3,2024,184,2.56,0.04
CUB,4,2024,184,3.263157894736842,0.0
CUB,5,2024,184,3.533333333333333,0.0
CUB,2,2024,185,1.763157894736842,0.23684210526315788
CUB,3,2024,185,2.4,0.0
CUB,4,2024,185,2.9473684210526314,0.0
CUB,5,2024,185,3.2666666666666666,0.0
CUB,2,2024,186,1.763157894736842,0.23684210526315788
CUB,3,2024,186,2.36,0.08
CUB,4,2024,186,2.736842105263158,0.0
CUB,5,2024,186,3.2,0.0
CUB,2,2024,187,1.736842105263158,0.2631578947368421
CUB,3,2024,187,2.36,0.04
CUB,4,2024,187,2.9473684210526314,0.0
CUB,5,2024,187,3.3333333333333335,0.0
CUB,2,2024,188,1.7894736842105263,0.21052631578947367
CUB,3,2024,188,2.44,0.0
CUB,4,2024,188,2.6842105263157894,0.05263157894736842
CUB,5,2024,188,3.0,0.0
CUB,2,2024,189,1.6842105263157894,0.3157894736842105
CUB,3,2024,189,2.28,0.08
CUB,4,2024,189,2.8947368421052633,0.10526315789473684
CUB,5,2024,189,3.3333333333333335,0.0
CUB,2,2024,190,1.7894736842105263,0.21052631578947367
CUB,3,2024,190,2.44,0.0
CUB,4,2024,190,2.8421052631578947,0.0
CUB,5,2024,190,3.0,0.0
CUB,2,2024,191,1.6842105263157894,0.3157894736842105
CUB,3,2024,191,2.4,0.0
CUB,4,2024,191,2.789473684210526,0.0
CUB,5,2024,191,3.2,0.0
CUB,2,2024,192,1.868421052631579,0.13157894736842105
CUB,3,2024,192,2.72,0.0
CUB,4,2024,192,3.1578947368421053,0.0
CUB,5,2024,192,3.6,0.0
CUB,2,2024,193,1.8421052631578947,0.15789473684210525
CUB,3,2024,193,2.52,0.0
CUB,4,2024,193,3.0,0.0
CUB,5,2024,193,3.4,0.0
CUB,2,2024,194,1.7894736842105263,0.21052631578947367
CUB,3,2024,194,2.36,0.08
CUB,4,2024,194,2.6315789473684212,0.0
CUB,5,2024,194,3.2666666666666666,0.0
CUB,2,2024,195,1.7105263157894737,0.2894736842105263
CUB,3,2024,195,2.36,0.08
CUB,4,2024,195,3.0526315789473686,0.0
CUB,5,2024,195,3.3333333333333335,0.0
CUB,2,2024,196,1.7894736842105263,0.21052631578947367
CUB,3,2024,196,2.4,0.04
CUB,4,2024,196,2.736842105263158,0.0
CUB,5,2024,196,3.3333333333333335,0.0
CUB,2,2024,197,1.7894736842105263,0.21052631578947367
CUB,3,2024,197,2.48,0.0
CUB,4,2024,197,3.0526315789473686,0.0
CUB,5,2024,197,3.466666666666667,0.0
CUB,2,2024,198,1.8157894736842106,0.18421052631578946
CUB,3,2024,198,2.6,0.0
CUB,4,2024,198,3.0,0.0
CUB,5,2024,198,3.466666666666667,0.0
CUB,2,2024,199,1.7894736842105263,0.21052631578947367
CUB,3,2024,199,2.52,0.0
CUB,4,2024,199,3.1052631578947367,0.0
CUB,5,2024,199,3.4,0.0
CUB,2,2024,200,1.894736842105263,0.10526315789473684
CUB,3,2024,200,2.48,0.0
CUB,4,2024,200,3.0,0.0
CUB,5,2024,200,3.4,0.0
CUB,2,2024,201,1.7105263157894737,0.2894736842105263
CUB,3,2024,201,2.32,0.04
CUB,4,2024,201,2.736842105263158,0.0
CUB,5,2024,201,3.1333333333333333,0.0
CUB,2,2024,202,1.868421052631579,0.13157894736842105
CUB,3,2024,202,2.64,0.0
CUB,4,2024,202,3.0526315789473686,0.0
CUB,5,2024,202,3.466666666666667,0.0
CUB,2,2024,203,1.736842105263158,0.2631578947368421
CUB,3,2024,203,2.44,0.08
CUB,4,2024,203,2.789473684210526,0.05263157894736842
CUB,5,2024,203,3.3333333333333335,0.0
CUB,2,2024,204,1.763157894736842,0.23684210526315788
CUB,3,2024,204,2.28,0.12
CUB,4,2024,204,2.789473684210526,0.10526315789473684
CUB,5,2024,204,3.3333333333333335,0.0
CUB,2,2024,205,1.7894736842105263,0.21052631578947367
CUB,3,2024,205,2.6,0.04
CUB,4,2024,205,3.263157894736842,0.0
CUB,5,2024,205,3.7333333333333334,0.0
CUB,2,2024,206,1.6842105263157894,0.3157894736842105
CUB,3,2024,206,2.4,0.08
CUB,4,2024,206,2.8947368421052633,0.05263157894736842
CUB,5,2024,206,3.2,0.0
CUB,2,2024,207,1.8421052631578947,0.15789473684210525
CUB,3,2024,207,2.48,0.04
CUB,4,2024,207,2.8947368421052633,0.0
CUB,5,2024,207,3.2666666666666666,0.0
CUB,2,2024,208,1.894736842105263,0.10526315789473684
CUB,3,2024,208,2.52,0.0
CUB,4,2024,208,3.0526315789473686,0.0
CUB,5,2024,208,3.7333333333333334,0.0
CUB,2,2024,209,1.7894736842105263,0.21052631578947367
CUB,3,2024,209,2.52,0.0
CUB,4,2024,209,3.1052631578947367,0.0
CUB,5,2024,209,3.466666666666667,0.0
CUB,2,2024,210,1.763157894736842,0.23684210526315788
CUB,3,2024,210,2.4,0.04
CUB,4,2024,210,2.736842105263158,0.0
CUB,5,2024,210,3.3333333333333335,0.0
CUB,2,2024,211,1.763157894736842,0.23684210526315788
CUB,3,2024,211,2.44,0.0
CUB,4,2024,211,2.8421052631578947,0.0
CUB,5,2024,211,3.2,0.0
CUB,2,2024,212,1.763157894736842,0.23684210526315788
CUB,3,2024,212,2.4,0.04
CUB,4,2024,212,2.6315789473684212,0.05263157894736842
CUB,5,2024,212,3.2,0.0
CUB,2,2024,213,1.7894736842105263,0.21052631578947367
CUB,3,2024,213,2.44,0.04
CUB,4,2024,213,3.0,0.0
CUB,5,2024,213,3.533333333333333,0.0
CUB,2,2024,214,1.8157894736842106,0.18421052631578946
CUB,3,2024,214,2.44,0.04
CUB,4,2024,214,3.0,0.0
CUB,5,2024,214,3.533333333333333,0.0
CUB,2,2024,215,1.894736842105263,0.10526315789473684
CUB,3,2024,215,2.6,0.0
CUB,4,2024,215,3.3684210526315788,0.0
CUB,5,2024,215,3.6666666666666665,0.0
CUB,2,2024,216,1.8421052631578947,0.15789473684210525
CUB,3,2024,216,2.6,0.0
CUB,4,2024,216,3.210526315789474,0.0
CUB,5,2024,216,3.466666666666667,0.0
CUB,2,2024,217,1.7894736842105263,0.21052631578947367
CUB,3,2024,217,2.28,0.08
CUB,4,2024,217,2.8947368421052633,0.0
CUB,5,2024,217,3.066666666666667,0.0
CUB,2,2024,218,1.8421052631578947,0.15789473684210525
CUB,3,2024,218,2.44,0.0
CUB,4,2024,218,3.0,0.0
CUB,5,2024,218,3.066666666666667,0.0
CUB,2,2024,219,1.868421052631579,0.13157894736842105
CUB,3,2024,219,2.56,0.04
CUB,4,2024,219,3.3157894736842106,0.0
CUB,5,2024,219,3.6,0.0
CUB,2,2024,220,1.6842105263157894,0.3157894736842105
CUB,3,2024,220,2.32,0.12
CUB,4,2024,220,2.6842105263157894,0.0
CUB,5,2024,220,3.2666666666666666,0.0
CUB,2,2024,221,1.8421052631578947,0.15789473684210525
CUB,3,2024,221,2.52,0.0
CUB,4,2024,221,3.0,0.0
CUB,5,2024,221,3.6,0.0
CUB,2,2024,222,1.763157894736842,0.23684210526315788
CUB,3,2024,222,2.44,0.08
CUB,4,2024,222,2.789473684210526,0.05263157894736842
CUB,5,2024,222,3.1333333333333333,0.0
CUB,2,2024,223,1.8157894736842106,0.18421052631578946
CUB,3,2024,223,2.36,0.0
CUB,4,2024,223,3.0526315789473686,0.0
CUB,5,2024,223,3.7333333333333334,0.0
CUB,2,2024,224,1.736842105263158,0.2631578947368421
CUB,3,2024,224,2.36,0.04
CUB,4,2024,224,2.789473684210526,0.0
CUB,5,2024,224,3.466666666666667,0.0
CUB,2,2024,225,1.7105263157894737,0.2894736842105263
CUB,3,2024,225,2.36,0.04
CUB,4,2024,225,2.736842105263158,0.05263157894736842
CUB,5,2024,225,3.466666666666667,0.0
CUB,2,2024,226,1.8157894736842106,0.18421052631578946
CUB,3,2024,226,2.48,0.0
CUB,4,2024,226,2.9473684210526314,0.0
CUB,5,2024,226,3.466666666666667,0.0
CUB,2,2024,227,1.9210526315789473,0.07894736842105263
CUB,3,2024,227,2.6,0.0
CUB,4,2024,227,3.3157894736842106,0.0
CUB,5,2024,227,3.8,0.0
CUB,2,2024,228,1.736842105263158,0.2631578947368421
CUB,3,2024,228,2.4,0.04
CUB,4,2024,228,2.789473684210526,0.0
CUB,5,2024,228,3.3333333333333335,0.0
CUB,2,2024,229,1.8157894736842106,0.18421052631578946
CUB,3,2024,229,2.4,0.0
CUB,4,2024,229,3.0,0.0
CUB,5,2024,229,3.466666666666667,0.0
CUB,2,2024,230,1.894736842105263,0.10526315789473684
CUB,3,2024,230,2.48,0.0
CUB,4,2024,230,3.210526315789474,0.0
CUB,5,2024,230,3.7333333333333334,0.0
CUB,2,2024,231,1.736842105263158,0.2631578947368421
CUB,3,2024,231,2.28,0.04
CUB,4,2024,231,2.8947368421052633,0.0
CUB,5,2024,231,3.533333333333333,0.0
CUB,2,2024,232,1.894736842105263,0.10526315789473684
CUB,3,2024,232,2.72,0.0
CUB,4,2024,232,3.210526315789474,0.0
CUB,5,2024,232,3.7333333333333334,0.0
CUB,2,2024,233,1.868421052631579,0.13157894736842105
CUB,3,2024,233,2.52,0.0
CUB,4,2024,233,3.0,0.0
CUB,5,2024,233,3.4,0.0
CUB,2,2024,234,1.7894736842105263,0.21052631578947367
CUB,3,2024,234,2.6,0.0
CUB,4,2024,234,3.1052631578947367,0.0
CUB,5,2024,234,3.6666666666666665,0.0
CUB,2,2024,235,1.8157894736842106,0.18421052631578946
CUB,3,2024,235,2.4,0.0
CUB,4,2024,235,2.789473684210526,0.0
CUB,5,2024,235,3.3333333333333335,0.0
CUB,2,2024,236,1.7894736842105263,0.21052631578947367
CUB,3,2024,236,2.68,0.04
CUB,4,2024,236,3.0526315789473686,0.0
CUB,5,2024,236,3.8,0.0
CUB,2,2024,237,1.8157894736842106,0.18421052631578946
CUB,3,2024,237,2.48,0.0
CUB,4,2024,237,3.1578947368421053,0.0
CUB,5,2024,237,3.3333333333333335,0.0
CUB,2,2024,238,1.8421052631578947,0.15789473684210525
CUB,3,2024,238,2.56,0.0
CUB,4,2024,238,3.263157894736842,0.0
CUB,5,2024,238,3.7333333333333334,0.0
CUB,2,2024,239,1.8157894736842106,0.18421052631578946
CUB,3,2024,239,2.4,0.0
CUB,4,2024,239,3.0,0.0
CUB,5,2024,239,3.6666666666666665,0.0
CUB,2,2024,240,1.868421052631579,0.13157894736842105
CUB,3,2024,240,2.44,0.04
CUB,4,2024,240,2.9473684210526314,0.0
CUB,5,2024,240,3.466666666666667,0.0
CUB,2,2024,241,1.631578947368421,0.3684210526315789
CUB,3,2024,241,2.36,0.12
CUB,4,2024,241,2.736842105263158,0.0
CUB,5,2024,241,3.3333333333333335,0.0
CUB,2,2024,242,1.7894736842105263,0.21052631578947367
CUB,3,2024,242,2.68,0.04
CUB,4,2024,242,3.1052631578947367,0.05263157894736842
CUB,5,2024,242,3.466666666666667,0.0
CUB,2,2024,243,1.7894736842105263,0.21052631578947367
CUB,3,2024,243,2.32,0.04
CUB,4,2024,243,2.9473684210526314,0.0
CUB,5,2024,243,3.2666666666666666,0.0
CUB,2,2024,244,1.8421052631578947,0.15789473684210525
CUB,3,2024,244,2.52,0.0
CUB,4,2024,244,3.0526315789473686,0.0
CUB,5,2024,244,3.6,0.0
CUB,2,2024,245,1.7105263157894737,0.2894736842105263
CUB,3,2024,245,2.24,0.12
CUB,4,2024,245,2.8421052631578947,0.0
CUB,5,2024,245,2.933333333333333,0.0
CUB,2,2024,246,1.894736842105263,0.10526315789473684
CUB,3,2024,246,2.48,0.04
CUB,4,2024,246,3.3157894736842106,0.0
CUB,5,2024,246,3.533333333333333,0.0
CUB,2,2024,247,1.736842105263158,0.2631578947368421
CUB,3,2024,247,2.32,0.04
CUB,4,2024,247,2.8947368421052633,0.0
CUB,5,2024,247,3.533333333333333,0.0
CUB,2,2024,248,1.8421052631578947,0.15789473684210525
CUB,3,2024,248,2.44,0.0
CUB,4,2024,248,3.0,0.0
CUB,5,2024,248,3.6666666666666665,0.0
CUB,2,2024,249,1.763157894736842,0.23684210526315788
CUB,3,2024,249,2.44,0.08
CUB,4,2024,249,2.789473684210526,0.05263157894736842
CUB,5,2024,249,3.466666666666667,0.0
CUB,2,2024,250,1.8157894736842106,0.18421052631578946
CUB,3,2024,250,2.44,0.0
CUB,4,2024,250,2.8421052631578947,0.0
CUB,5,2024,250,3.3333333333333335,0.0
CUB,2,2024,251,1.8157894736842106,0.18421052631578946
CUB,3,2024,251,2.44,0.0
CUB,4,2024,251,2.9473684210526314,0.0
CUB,5,2024,251,3.4,0.0
CUB,2,2024,252,1.9210526315789473,0.07894736842105263
CUB,3,2024,252,2.64,0.0
CUB,4,2024,252,3.1578947368421053,0.0
CUB,5,2024,252,3.8,0.0
CUB,2,2024,253,1.763157894736842,0.23684210526315788
CUB,3,2024,253,2.32,0.0
CUB,4,2024,253,2.789473684210526,0.0
CUB,5,2024,253,3.066666666666667,0.0
CUB,2,2024,254,1.7894736842105263,0.21052631578947367
CUB,3,2024,254,2.48,0.0
CUB,4,2024,254,2.8421052631578947,0.0
CUB,5,2024,254,3.4,0.0
CUB,2,2024,255,1.8421052631578947,0.15789473684210525
CUB,3,2024,255,2.44,0.0
CUB,4,2024,255,2.8947368421052633,0.0
CUB,5,2024,255,3.2666666666666666,0.0
CUB,2,2024,256,1.8157894736842106,0.18421052631578946
CUB,3,2024,256,2.24,0.08
CUB,4,2024,256,2.789473684210526,0.0
CUB,5,2024,256,3.2,0.0
CUB,2,2024,257,1.7894736842105263,0.21052631578947367
CUB,3,2024,257,2.56,0.08
CUB,4,2024,257,3.1578947368421053,0.0
CUB,5,2024,257,3.8666666666666667,0.0
CUB,2,2024,258,1.7894736842105263,0.21052631578947367
CUB,3,2024,258,2.52,0.04
CUB,4,2024,258,3.1578947368421053,0.0
CUB,5,2024,258,3.533333333333333,0.0
CUB,2,2024,259,1.8421052631578947,0.15789473684210525
CUB,3,2024,259,2.52,0.04
CUB,4,2024,259,2.8421052631578947,0.0
CUB,5,2024,259,3.4,0.0
CUB,2,2024,260,1.763157894736842,0.23684210526315788
CUB,3,2024,260,2.56,0.0
CUB,4,2024,260,3.1052631578947367,0.0
CUB,5,2024,260,3.6,0.0
CUB,2,2024,261,1.763157894736842,0.23684210526315788
CUB,3,2024,261,2.48,0.04
CUB,4,2024,261,2.9473684210526314,0.0
CUB,5,2024,261,3.2666666666666666,0.0
CUB,2,2024,262,1.8421052631578947,0.15789473684210525
CUB,3,2024,262,2.44,0.04
CUB,4,2024,262,2.8947368421052633,0.05263157894736842
CUB,5,2024,262,3.533333333333333,0.0
CUB,2,2024,263,1.8421052631578947,0.15789473684210525
CUB,3,2024,263,2.52,0.04
CUB,4,2024,263,3.3157894736842106,0.0
CUB,5,2024,263,3.3333333333333335,0.0
CUB,2,2024,264,1.894736842105263,0.10526315789473684
CUB,3,2024,264,2.48,0.0
CUB,4,2024,264,2.9473684210526314,0.0
CUB,5,2024,264,3.3333333333333335,0.0
CUB,2,2024,265,1.8421052631578947,0.15789473684210525
CUB,3,2024,265,2.52,0.0
CUB,4,2024,265,3.0,0.0
CUB,5,2024,265,3.4,0.0
CUB,2,2024,266,1.8157894736842106,0.18421052631578946
CUB,3,2024,266,2.48,0.0
CUB,4,2024,266,2.9473684210526314,0.0
CUB,5,2024,266,3.3333333333333335,0.0
CUB,2,2024,267,1.7105263157894737,0.2894736842105263
CUB,3,2024,267,2.56,0.08
CUB,4,2024,267,2.8421052631578947,0.05263157894736842
CUB,5,2024,267,3.4,0.0
CUB,2,2024,268,1.894736842105263,0.10526315789473684
CUB,3,2024,268,2.56,0.0
CUB,4,2024,268,3.3157894736842106,0.0
CUB,5,2024,268,3.533333333333333,0.0
CUB,2,2024,269,1.763157894736842,0.23684210526315788
CUB,3,2024,269,2.56,0.0
CUB,4,2024,269,3.0,0.0
CUB,5,2024,269,3.7333333333333334,0.0
CUB,2,2024,270,1.8421052631578947,0.15789473684210525
CUB,3,2024,270,2.52,0.0
CUB,4,2024,270,2.8947368421052633,0.0
CUB,5,2024,270,3.466666666666667,0.0
CUB,2,2024,271,1.9210526315789473,0.07894736842105263
CUB,3,2024,271,2.44,0.04
CUB,4,2024,271,3.1052631578947367,0.0
CUB,5,2024,271,3.7333333333333334,0.0
CUB,2,2024,272,1.7894736842105263,0.21052631578947367
CUB,3,2024,272,2.44,0.08
CUB,4,2024,272,2.8421052631578947,0.05263157894736842
CUB,5,2024,272,3.6,0.0
CUB,2,2024,273,1.763157894736842,0.23684210526315788
CUB,3,2024,273,2.44,0.04
CUB,4,2024,273,2.9473684210526314,0.0
CUB,5,2024,273,3.6666666666666665,0.0
CUB,2,2024,274,1.8421052631578947,0.15789473684210525
CUB,3,2024,274,2.48,0.04
CUB,4,2024,274,3.1052631578947367,0.0
CUB,5,2024,274,3.533333333333333,0.0
CUB,2,2024,275,1.6842105263157894,0.3157894736842105
CUB,3,2024,275,2.4,0.0
CUB,4,2024,275,3.0,0.0
CUB,5,2024,275,3.1333333333333333,0.0
CUB,2,2024,276,1.736842105263158,0.2631578947368421
CUB,3,2024,276,2.44,0.0
CUB,4,2024,276,2.9473684210526314,0.0
CUB,5,2024,276,3.466666666666667,0.0
CUB,2,2024,277,1.763157894736842,0.23684210526315788
CUB,3,2024,277,2.28,0.08
CUB,4,2024,277,2.8947368421052633,0.05263157894736842
CUB,5,2024,277,3.2,0.0
CUB,2,2024,278,1.8157894736842106,0.18421052631578946
CUB,3,2024,278,2.32,0.04
CUB,4,2024,278,2.8947368421052633,0.05263157894736842
CUB,5,2024,278,3.466666666666667,0.0
CUB,2,2024,279,1.8157894736842106,0.18421052631578946
CUB,3,2024,279,2.48,0.04
CUB,4,2024,279,3.1578947368421053,0.05263157894736842
CUB,5,2024,279,3.6,0.0
CUB,2,2024,280,1.763157894736842,0.23684210526315788
CUB,3,2024,280,2.52,0.0
CUB,4,2024,280,3.0526315789473686,0.0
CUB,5,2024,280,3.4,0.0
CUB,2,2024,281,1.868421052631579,0.13157894736842105
CUB,3,2024,281,2.4,0.0
CUB,4,2024,281,2.8947368421052633,0.0
CUB,5,2024,281,3.4,0.0
CUB,2,2024,282,1.7105263157894737,0.2894736842105263
CUB,3,2024,282,2.44,0.08
CUB,4,2024,282,2.9473684210526314,0.0
CUB,5,2024,282,3.1333333333333333,0.0
CUB,2,2024,283,1.763157894736842,0.23684210526315788
CUB,3,2024,283,2.44,0.0
CUB,4,2024,283,2.8947368421052633,0.0
CUB,5,2024,283,3.466666666666667,0.0
CUB,2,2024,284,1.7894736842105263,0.21052631578947367
CUB,3,2024,284,2.36,0.08
CUB,4,2024,284,2.8947368421052633,0.0
CUB,5,2024,284,3.6666666666666665,0.0
CUB,2,2024,285,1.736842105263158,0.2631578947368421
CUB,3,2024,285,2.52,0.0
CUB,4,2024,285,2.8947368421052633,0.0
CUB,5,2024,285,3.2666666666666666,0.0
CUB,2,2024,286,1.8157894736842106,0.18421052631578946
CUB,3,2024,286,2.44,0.04
CUB,4,2024,286,2.8947368421052633,0.0
CUB,5,2024,286,3.4,0.0
CUB,2,2024,287,1.736842105263158,0.2631578947368421
CUB,3,2024,287,2.36,0.08
CUB,4,2024,287,2.736842105263158,0.05263157894736842
CUB,5,2024,287,3.3333333333333335,0.0
CUB,2,2024,288,1.736842105263158,0.2631578947368421
CUB,3,2024,288,2.44,0.0
CUB,4,2024,288,2.789473684210526,0.0
CUB,5,2024,288,3.3333333333333335,0.0
CUB,2,2024,289,1.7894736842105263,0.21052631578947367
CUB,3,2024,289,2.68,0.0
CUB,4,2024,289,3.263157894736842,0.0
CUB,5,2024,289,3.8,0.0
CUB,2,2024,290,1.763157894736842,0.23684210526315788
CUB,3,2024,290,2.4,0.04
CUB,4,2024,290,3.0,0.0
CUB,5,2024,290,3.533333333333333,0.0
CUB,2,2024,291,1.736842105263158,0.2631578947368421
CUB,3,2024,291,2.24,0.04
CUB,4,2024,291,2.9473684210526314,0.05263157894736842
CUB,5,2024,291,3.066666666666667,0.0
CUB,2,2024,292,1.868421052631579,0.13157894736842105
CUB,3,2024,292,2.32,0.04
CUB,4,2024,292,3.0526315789473686,0.0
CUB,5,2024,292,3.466666666666667,0.0
CUB,2,2024,293,1.7894736842105263,0.21052631578947367
CUB,3,2024,293,2.64,0.0
CUB,4,2024,293,3.0526315789473686,0.0
CUB,5,2024,293,3.8,0.0
CUB,2,2024,294,1.763157894736842,0.23684210526315788
CUB,3,2024,294,2.28,0.08
CUB,4,2024,294,2.736842105263158,0.0
CUB,5,2024,294,3.533333333333333,0.06666666666666667
CUB,2,2024,295,1.8421052631578947,0.15789473684210525
CUB,3,2024,295,2.48,0.04
CUB,4,2024,295,3.1578947368421053,0.0
CUB,5,2024,295,3.6666666666666665,0.0
CUB,2,2024,296,1.8421052631578947,0.15789473684210525
CUB,3,2024,296,2.52,0.04
CUB,4,2024,296,3.1578947368421053,0.0
CUB,5,2024,296,3.6,0.0
CUB,2,2024,297,1.8421052631578947,0.15789473684210525
CUB,3,2024,297,2.4,0.0
CUB,4,2024,297,2.8421052631578947,0.0
CUB,5,2024,297,3.2666666666666666,0.0
CUB,2,2024,298,1.8421052631578947,0.15789473684210525
CUB,3,2024,298,2.56,0.0
CUB,4,2024,298,3.1052631578947367,0.05263157894736842
CUB,5,2024,298,3.8,0.0
CUB,2,2024,299,1.763157894736842,0.23684210526315788
CUB,3,2024,299,2.76,0.0
CUB,4,2024,299,3.1578947368421053,0.0
CUB,5,2024,299,3.6666666666666665,0.0
CUB,2,7,0,1.894736842105263,0.10526315789473684
CUB,3,7,0,2.52,0.0
CUB,4,7,0,3.1052631578947367,0.0
CUB,5,7,0,3.2666666666666666,0.0
CUB,2,7,1,1.763157894736842,0.23684210526315788
CUB,3,7,1,2.36,0.12
CUB,4,7,1,2.736842105263158,0.05263157894736842
CUB,5,7,1,3.1333333333333333,0.06666666666666667
CUB,2,7,2,1.7105263157894737,0.2894736842105263
CUB,3,7,2,2.32,0.12
CUB,4,7,2,2.6842105263157894,0.05263157894736842
CUB,5,7,2,3.3333333333333335,0.0
CUB,2,7,3,1.763157894736842,0.23684210526315788
CUB,3,7,3,2.44,0.04
CUB,4,7,3,3.1052631578947367,0.0
CUB,5,7,3,3.4,0.0
CUB,2,7,4,1.7894736842105263,0.21052631578947367
CUB,3,7,4,2.52,0.0
CUB,4,7,4,2.6842105263157894,0.0
CUB,5,7,4,3.2,0.0
CUB,2,7,5,1.8421052631578947,0.15789473684210525
CUB,3,7,5,2.64,0.04
CUB,4,7,5,3.0,0.0
CUB,5,7,5,3.6,0.0
CUB,2,7,6,1.7105263157894737,0.2894736842105263
CUB,3,7,6,2.56,0.0
CUB,4,7,6,2.9473684210526314,0.0
CUB,5,7,6,3.2,0.0
CUB,2,7,7,1.7105263157894737,0.2894736842105263
CUB,3,7,7,2.4,0.04
CUB,4,7,7,2.8421052631578947,0.0
CUB,5,7,7,3.4,0.0
CUB,2,7,8,1.868421052631579,0.13157894736842105
CUB,3,7,8,2.52,0.0
CUB,4,7,8,2.9473684210526314,0.0
CUB,5,7,8,3.8,0.0
CUB,2,7,9,1.7894736842105263,0.21052631578947367
CUB,3,7,9,2.44,0.04
CUB,4,7,9,3.1052631578947367,0.0
CUB,5,7,9,3.2,0.0
CUB,2,7,10,1.894736842105263,0.10526315789473684
CUB,3,7,10,2.52,0.0
CUB,4,7,10,3.1578947368421053,0.0
CUB,5,7,10,3.2666666666666666,0.0
CUB,2,7,11,1.868421052631579,0.13157894736842105
CUB,3,7,11,2.44,0.0
CUB,4,7,11,2.9473684210526314,0.0
CUB,5,7,11,3.4,0.0
CUB,2,7,12,1.7894736842105263,0.21052631578947367
CUB,3,7,12,2.24,0.04
CUB,4,7,12,2.789473684210526,0.05263157894736842
CUB,5,7,12,3.3333333333333335,0.0
CUB,2,7,13,1.8421052631578947,0.15789473684210525
CUB,3,7,13,2.48,0.04
CUB,4,7,13,3.1052631578947367,0.0
CUB,5,7,13,3.6666666666666665,0.0
CUB,2,7,14,1.8157894736842106,0.18421052631578946
CUB,3,7,14,2.32,0.0
CUB,4,7,14,3.0,0.0
CUB,5,7,14,3.3333333333333335,0.0
CUB,2,7,15,1.763157894736842,0.23684210526315788
CUB,3,7,15,2.32,0.04
CUB,4,7,15,2.789473684210526,0.0
CUB,5,7,15,3.466666666666667,0.0
CUB,2,7,16,1.8421052631578947,0.15789473684210525
CUB,3,7,16,2.64,0.0
CUB,4,7,16,3.0,0.0
CUB,5,7,16,3.533333333333333,0.0
CUB,2,7,17,1.8157894736842106,0.18421052631578946
CUB,3,7,17,2.48,0.08
CUB,4,7,17,2.736842105263158,0.0
CUB,5,7,17,3.6666666666666665,0.0
CUB,2,7,18,1.894736842105263,0.10526315789473684
CUB,3,7,18,2.52,0.04
CUB,4,7,18,3.0526315789473686,0.0
CUB,5,7,18,3.4,0.0
CUB,2,7,19,1.763157894736842,0.23684210526315788
CUB,3,7,19,2.36,0.04
CUB,4,7,19,3.0526315789473686,0.0
CUB,5,7,19,3.3333333333333335,0.0
CUB,2,7,20,1.7894736842105263,0.21052631578947367
CUB,3,7,20,2.44,0.0
CUB,4,7,20,2.8947368421052633,0.0
CUB,5,7,20,3.4,0.0
CUB,2,7,21,1.8157894736842106,0.18421052631578946
CUB,3,7,21,2.36,0.04
CUB,4,7,21,3.0,0.0
CUB,5,7,21,3.2666666666666666,0.0
CUB,2,7,22,1.8157894736842106,0.18421052631578946
CUB,3,7,22,2.56,0.04
CUB,4,7,22,2.8947368421052633,0.0
CUB,5,7,22,3.4,0.0
CUB,2,7,23,1.8157894736842106,0.18421052631578946
CUB,3,7,23,2.64,0.0
CUB,4,7,23,2.736842105263158,0.0
CUB,5,7,23,3.2666666666666666,0.0
CUB,2,7,24,1.763157894736842,0.23684210526315788
CUB,3,7,24,2.52,0.0
CUB,4,7,24,2.8947368421052633,0.0
CUB,5,7,24,3.3333333333333335,0.0
CUB,2,7,25,1.894736842105263,0.10526315789473684
CUB,3,7,25,2.6,0.0
CUB,4,7,25,3.0526315789473686,0.0
CUB,5,7,25,3.2666666666666666,0.0
CUB,2,7,26,1.763157894736842,0.23684210526315788
CUB,3,7,26,2.48,0.0
CUB,4,7,26,2.9473684210526314,0.0
CUB,5,7,26,3.4,0.0
CUB,2,7,27,1.763157894736842,0.23684210526315788
CUB,3,7,27,2.44,0.04
CUB,4,7,27,2.8421052631578947,0.0
CUB,5,7,27,3.466666666666667,0.0
CUB,2,7,28,1.7894736842105263,0.21052631578947367
CUB,3,7,28,2.52,0.04
CUB,4,7,28,2.9473684210526314,0.0
CUB,5,7,28,3.7333333333333334,0.0
CUB,2,7,29,1.736842105263158,0.2631578947368421
CUB,3,7,29,2.4,0.04
CUB,4,7,29,2.8947368421052633,0.0
CUB,5,7,29,3.2666666666666666,0.0
CUB,2,7,30,1.868421052631579,0.13157894736842105
CUB,3,7,30,2.6,0.0
CUB,4,7,30,3.263157894736842,0.0
CUB,5,7,30,3.466666666666667,0.0
CUB,2,7,31,1.8157894736842106,0.18421052631578946
CUB,3,7,31,2.4,0.0
CUB,4,7,31,2.789473684210526,0.0
CUB,5,7,31,2.933333333333333,0.0
CUB,2,7,32,1.7894736842105263,0.21052631578947367
CUB,3,7,32,2.36,0.04
CUB,4,7,32,2.9473684210526314,0.0
CUB,5,7,32,3.466666666666667,0.0
CUB,2,7,33,1.7894736842105263,0.21052631578947367
CUB,3,7,33,2.64,0.0
CUB,4,7,33,3.0,0.0
CUB,5,7,33,3.2666666666666666,0.0
CUB,2,7,34,1.8421052631578947,0.15789473684210525
CUB,3,7,34,2.68,0.0
CUB,4,7,34,3.210526315789474,0.0
CUB,5,7,34,3.7333333333333334,0.0
CUB,2,7,35,1.7105263157894737,0.2894736842105263
CUB,3,7,35,2.48,0.0
CUB,4,7,35,2.9473684210526314,0.0
CUB,5,7,35,3.2666666666666666,0.0
CUB,2,7,36,1.9210526315789473,0.07894736842105263
CUB,3,7,36,2.6,0.0
CUB,4,7,36,3.0526315789473686,0.0
CUB,5,7,36,3.6,0.0
CUB,2,7,37,1.736842105263158,0.2631578947368421
CUB,3,7,37,2.52,0.04
CUB,4,7,37,2.8947368421052633,0.0
CUB,5,7,37,3.4,0.0
CUB,2,7,38,1.7105263157894737,0.2894736842105263
CUB,3,7,38,2.36,0.04
CUB,4,7,38,3.0,0.0
CUB,5,7,38,3.2666666666666666,0.0
CUB,2,7,39,1.7894736842105263,0.21052631578947367
CUB,3,7,39,2.6,0.0
CUB,4,7,39,3.1578947368421053,0.0
CUB,5,7,39,3.4,0.0
CUB,2,7,40,1.7894736842105263,0.21052631578947367
CUB,3,7,40,2.4,0.04
CUB,4,7,40,2.8947368421052633,0.0
CUB,5,7,40,3.533333333333333,0.0
CUB,2,7,41,1.7894736842105263,0.21052631578947367
CUB,3,7,41,2.56,0.0
CUB,4,7,41,3.1052631578947367,0.0
CUB,5,7,41,3.6666666666666665,0.0
CUB,2,7,42,1.8421052631578947,0.15789473684210525
CUB,3,7,42,2.52,0.04
CUB,4,7,42,3.0,0.0
CUB,5,7,42,3.6,0.0
CUB,2,7,43,1.868421052631579,0.13157894736842105
CUB,3,7,43,2.6,0.04
CUB,4,7,43,3.1578947368421053,0.0
CUB,5,7,43,3.466666666666667,0.0
CUB,2,7,44,1.6842105263157894,0.3157894736842105
CUB,3,7,44,2.4,0.0
CUB,4,7,44,2.8947368421052633,0.0
CUB,5,7,44,3.3333333333333335,0.0
CUB,2,7,45,1.7894736842105263,0.21052631578947367
CUB,3,7,45,2.48,0.04
CUB,4,7,45,3.1052631578947367,0.0
CUB,5,7,45,3.7333333333333334,0.0
CUB,2,7,46,1.8157894736842106,0.18421052631578946
CUB,3,7,46,2.48,0.04
CUB,4,7,46,3.0526315789473686,0.05263157894736842
CUB,5,7,46,3.466666666666667,0.0
CUB,2,7,47,1.894736842105263,0.10526315789473684
CUB,3,7,47,2.52,0.0
CUB,4,7,47,3.1578947368421053,0.0
CUB,5,7,47,3.3333333333333335,0.0
CUB,2,7,48,1.7105263157894737,0.2894736842105263
CUB,3,7,48,2.36,0.08
CUB,4,7,48,2.8421052631578947,0.05263157894736842
CUB,5,7,48,3.466666666666667,0.0
CUB,2,7,49,1.736842105263158,0.2631578947368421
CUB,3,7,49,2.52,0.0
CUB,4,7,49,3.0526315789473686,0.0
CUB,5,7,49,3.533333333333333,0.0
CUB,2,7,50,1.7105263157894737,0.2894736842105263
CUB,3,7,50,2.44,0.04
CUB,4,7,50,2.789473684210526,0.0
CUB,5,7,50,3.6,0.0
CUB,2,7,51,1.8421052631578947,0.15789473684210525
CUB,3,7,51,2.52,0.0
CUB,4,7,51,3.0,0.0
CUB,5,7,51,3.3333333333333335,0.0
CUB,2,7,52,1.736842105263158,0.2631578947368421
CUB,3,7,52,2.44,0.0
CUB,4,7,52,2.8421052631578947,0.0
CUB,5,7,52,3.066666666666667,0.0
CUB,2,7,53,1.894736842105263,0.10526315789473684
CUB,3,7,53,2.6,0.0
CUB,4,7,53,3.1578947368421053,0.0
CUB,5,7,53,3.6666666666666665,0.0
CUB,2,7,54,1.7894736842105263,0.21052631578947367
CUB,3,7,54,2.4,0.0
CUB,4,7,54,2.8421052631578947,0.0
CUB,5,7,54,3.2666666666666666,0.0
CUB,2,7,55,1.7894736842105263,0.21052631578947367
CUB,3,7,55,2.44,0.04
CUB,4,7,55,2.9473684210526314,0.0
CUB,5,7,55,3.3333333333333335,0.0
CUB,2,7,56,1.763157894736842,0.23684210526315788
CUB,3,7,56,2.4,0.08
CUB,4,7,56,3.0526315789473686,0.0
CUB,5,7,56,3.466666666666667,0.0
CUB,2,7,57,1.7105263157894737,0.2894736842105263
CUB,3,7,57,2.4,0.08
CUB,4,7,57,2.9473684210526314,0.0
CUB,5,7,57,3.4,0.0
CUB,2,7,58,1.8157894736842106,0.18421052631578946
CUB,3,7,58,2.56,0.04
CUB,4,7,58,3.1578947368421053,0.0
CUB,5,7,58,3.466666666666667,0.0
CUB,2,7,59,1.7894736842105263,0.21052631578947367
CUB,3,7,59,2.4,0.0
CUB,4,7,59,2.789473684210526,0.0
CUB,5,7,59,3.4,0.0
CUB,2,7,60,1.7894736842105263,0.21052631578947367
CUB,3,7,60,2.56,0.0
CUB,4,7,60,3.1052631578947367,0.0
CUB,5,7,60,3.4,0.0
CUB,2,7,61,1.7105263157894737,0.2894736842105263
CUB,3,7,61,2.52,0.08
CUB,4,7,61,2.9473684210526314,0.10526315789473684
CUB,5,7,61,3.3333333333333335,0.0
CUB,2,7,62,1.736842105263158,0.2631578947368421
CUB,3,7,62,2.52,0.04
CUB,4,7,62,2.9473684210526314,0.05263157894736842
CUB,5,7,62,3.2666666666666666,0.0
CUB,2,7,63,1.868421052631579,0.13157894736842105
CUB,3,7,63,2.48,0.0
CUB,4,7,63,3.0526315789473686,0.0
CUB,5,7,63,3.466666666666667,0.0
CUB,2,7,64,1.736842105263158,0.2631578947368421
CUB,3,7,64,2.52,0.04
CUB,4,7,64,2.8947368421052633,0.05263157894736842
CUB,5,7,64,3.066666666666667,0.06666666666666667
CUB,2,7,65,1.736842105263158,0.2631578947368421
CUB,3,7,65,2.4,0.04
CUB,4,7,65,2.9473684210526314,0.0
CUB,5,7,65,3.466666666666667,0.0
CUB,2,7,66,1.763157894736842,0.23684210526315788
CUB,3,7,66,2.24,0.12
CUB,4,7,66,3.0526315789473686,0.0
CUB,5,7,66,3.1333333333333333,0.0
CUB,2,7,67,1.894736842105263,0.10526315789473684
CUB,3,7,67,2.36,0.04
CUB,4,7,67,3.0526315789473686,0.0
CUB,5,7,67,3.533333333333333,0.0
CUB,2,7,68,1.7894736842105263,0.21052631578947367
CUB,3,7,68,2.44,0.04
CUB,4,7,68,2.8947368421052633,0.0
CUB,5,7,68,3.6666666666666665,0.0
CUB,2,7,69,1.8157894736842106,0.18421052631578946
CUB,3,7,69,2.44,0.08
CUB,4,7,69,2.9473684210526314,0.0
CUB,5,7,69,3.466666666666667,0.0
CUB,2,7,70,1.7894736842105263,0.21052631578947367
CUB,3,7,70,2.4,0.0
CUB,4,7,70,2.9473684210526314,0.05263157894736842
CUB,5,7,70,3.6,0.0
CUB,2,7,71,1.736842105263158,0.2631578947368421
CUB,3,7,71,2.36,0.04
CUB,4,7,71,2.736842105263158,0.05263157894736842
CUB,5,7,71,3.466666666666667,0.0
CUB,2,7,72,1.736842105263158,0.2631578947368421
CUB,3,7,72,2.32,0.04
CUB,4,7,72,3.0526315789473686,0.0
CUB,5,7,72,3.4,0.0
CUB,2,7,73,1.7894736842105263,0.21052631578947367
CUB,3,7,73,2.52,0.0
CUB,4,7,73,3.1052631578947367,0.0
CUB,5,7,73,3.533333333333333,0.0
CUB,2,7,74,1.763157894736842,0.23684210526315788
CUB,3,7,74,2.44,0.04
CUB,4,7,74,3.0,0.0
CUB,5,7,74,3.3333333333333335,0.0
CUB,2,7,75,1.736842105263158,0.2631578947368421
CUB,3,7,75,2.52,0.04
CUB,4,7,75,3.0,0.0
CUB,5,7,75,3.4,0.0
CUB,2,7,76,1.8421052631578947,0.15789473684210525
CUB,3,7,76,2.56,0.04
CUB,4,7,76,2.9473684210526314,0.0
CUB,5,7,76,3.533333333333333,0.0
CUB,2,7,77,1.763157894736842,0.23684210526315788
CUB,3,7,77,2.48,0.04
CUB,4,7,77,2.8947368421052633,0.05263157894736842
CUB,5,7,77,3.466666666666667,0.0
CUB,2,7,78,1.8157894736842106,0.18421052631578946
CUB,3,7,78,2.36,0.0
CUB,4,7,78,3.0,0.0
CUB,5,7,78,3.4,0.0
CUB,2,7,79,1.763157894736842,0.23684210526315788
CUB,3,7,79,2.36,0.08
CUB,4,7,79,3.1052631578947367,0.05263157894736842
CUB,5,7,79,3.2,0.0
CUB,2,7,80,1.8421052631578947,0.15789473684210525
CUB,3,7,80,2.56,0.0
CUB,4,7,80,3.0,0.0
CUB,5,7,80,3.4,0.0
CUB,2,7,81,1.868421052631579,0.13157894736842105
CUB,3,7,81,2.52,0.04
CUB,4,7,81,3.0,0.05263157894736842
CUB,5,7,81,3.6666666666666665,0.0
CUB,2,7,82,1.6842105263157894,0.3157894736842105
CUB,3,7,82,2.52,0.0
CUB,4,7,82,2.8947368421052633,0.0
CUB,5,7,82,3.466666666666667,0.0
CUB,2,7,83,1.7894736842105263,0.21052631578947367
CUB,3,7,83,2.48,0.04
CUB,4,7,83,3.0,0.0
CUB,5,7,83,3.1333333333333333,0.0
CUB,2,7,84,1.763157894736842,0.23684210526315788
CUB,3,7,84,2.4,0.04
CUB,4,7,84,3.0,0.0
CUB,5,7,84,3.533333333333333,0.0
CUB,2,7,85,1.7105263157894737,0.2894736842105263
CUB,3,7,85,2.32,0.04
CUB,4,7,85,2.8947368421052633,0.05263157894736842
CUB,5,7,85,3.4,0.0
CUB,2,7,86,1.7105263157894737,0.2894736842105263
CUB,3,7,86,2.36,0.04
CUB,4,7,86,2.8421052631578947,0.0
CUB,5,7,86,3.2666666666666666,0.0
CUB,2,7,87,1.7105263157894737,0.2894736842105263
CUB,3,7,87,2.32,0.0
CUB,4,7,87,2.8947368421052633,0.0
CUB,5,7,87,3.533333333333333,0.0
CUB,2,7,88,1.736842105263158,0.2631578947368421
CUB,3,7,88,2.16,0.12
CUB,4,7,88,2.9473684210526314,0.05263157894736842
CUB,5,7,88,3.066666666666667,0.06666666666666667
CUB,2,7,89,1.868421052631579,0.13157894736842105
CUB,3,7,89,2.6,0.0
CUB,4,7,89,3.210526315789474,0.0
CUB,5,7,89,3.466666666666667,0.0
CUB,2,7,90,1.868421052631579,0.13157894736842105
CUB,3,7,90,2.44,0.04
CUB,4,7,90,2.9473684210526314,0.0
CUB,5,7,90,3.3333333333333335,0.0
CUB,2,7,91,1.8421052631578947,0.15789473684210525
CUB,3,7,91,2.6,0.04
CUB,4,7,91,2.9473684210526314,0.05263157894736842
CUB,5,7,91,3.4,0.0
CUB,2,7,92,1.868421052631579,0.13157894736842105
CUB,3,7,92,2.68,0.0
CUB,4,7,92,3.1578947368421053,0.0
CUB,5,7,92,3.6,0.0
CUB,2,7,93,1.7105263157894737,0.2894736842105263
CUB,3,7,93,2.56,0.0
CUB,4,7,93,3.0,0.0
CUB,5,7,93,3.466666666666667,0.0
CUB,2,7,94,1.868421052631579,0.13157894736842105
CUB,3,7,94,2.48,0.04
CUB,4,7,94,2.9473684210526314,0.0
CUB,5,7,94,3.1333333333333333,0.0
CUB,2,7,95,1.8421052631578947,0.15789473684210525
CUB,3,7,95,2.56,0.08
CUB,4,7,95,3.1578947368421053,0.05263157894736842
CUB,5,7,95,3.6,0.0
CUB,2,7,96,1.7105263157894737,0.2894736842105263
CUB,3,7,96,2.48,0.04
CUB,4,7,96,3.0,0.0
CUB,5,7,96,3.6,0.0
CUB,2,7,97,1.7105263157894737,0.2894736842105263
CUB,3,7,97,2.56,0.0
CUB,4,7,97,2.8947368421052633,0.0
CUB,5,7,97,3.066666666666667,0.0
CUB,2,7,98,1.868421052631579,0.13157894736842105
CUB,3,7,98,2.4,0.04
CUB,4,7,98,3.1052631578947367,0.0
CUB,5,7,98,3.4,0.0
CUB,2,7,99,1.8421052631578947,0.15789473684210525
CUB,3,7,99,2.52,0.04
CUB,4,7,99,3.0526315789473686,0.0
CUB,5,7,99,3.466666666666667,0.0
CUB,2,7,100,1.8421052631578947,0.15789473684210525
CUB,3,7,100,2.56,0.04
CUB,4,7,100,2.8947368421052633,0.05263157894736842
CUB,5,7,100,3.1333333333333333,0.0
CUB,2,7,101,1.736842105263158,0.2631578947368421
CUB,3,7,101,2.48,0.0
CUB,4,7,101,3.0,0.0
CUB,5,7,101,3.533333333333333,0.0
CUB,2,7,102,1.7894736842105263,0.21052631578947367
CUB,3,7,102,2.48,0.04
CUB,4,7,102,3.0,0.0
CUB,5,7,102,3.4,0.0
CUB,2,7,103,1.7894736842105263,0.21052631578947367
CUB,3,7,103,2.56,0.0
CUB,4,7,103,3.0,0.0
CUB,5,7,103,3.466666666666667,0.0
CUB,2,7,104,1.6842105263157894,0.3157894736842105
CUB,3,7,104,2.32,0.08
CUB,4,7,104,3.0,0.0
CUB,5,7,104,3.2,0.0
CUB,2,7,105,1.8421052631578947,0.15789473684210525
CUB,3,7,105,2.56,0.08
CUB,4,7,105,2.8947368421052633,0.05263157894736842
CUB,5,7,105,3.466666666666667,0.0
CUB,2,7,106,1.868421052631579,0.13157894736842105
CUB,3,7,106,2.52,0.0
CUB,4,7,106,3.3157894736842106,0.0
CUB,5,7,106,3.6,0.0
CUB,2,7,107,1.8157894736842106,0.18421052631578946
CUB,3,7,107,2.36,0.0
CUB,4,7,107,2.9473684210526314,0.0
CUB,5,7,107,3.466666666666667,0.0
CUB,2,7,108,1.6842105263157894,0.3157894736842105
CUB,3,7,108,2.28,0.0
CUB,4,7,108,2.8947368421052633,0.0
CUB,5,7,108,3.4,0.0
CUB,2,7,109,1.7894736842105263,0.21052631578947367
CUB,3,7,109,2.56,0.0
CUB,4,7,109,2.9473684210526314,0.0
CUB,5,7,109,3.6666666666666665,0.0
CUB,2,7,110,1.763157894736842,0.23684210526315788
CUB,3,7,110,2.28,0.08
CUB,4,7,110,2.8421052631578947,0.05263157894736842
CUB,5,7,110,3.2666666666666666,0.0
CUB,2,7,111,1.763157894736842,0.23684210526315788
CUB,3,7,111,2.36,0.08
CUB,4,7,111,3.0,0.0
CUB,5,7,111,3.066666666666667,0.0
CUB,2,7,112,1.868421052631579,0.13157894736842105
CUB,3,7,112,2.4,0.04
CUB,4,7,112,3.1052631578947367,0.0
CUB,5,7,112,3.1333333333333333,0.0
CUB,2,7,113,1.7894736842105263,0.21052631578947367
CUB,3,7,113,2.4,0.04
CUB,4,7,113,2.8421052631578947,0.0
CUB,5,7,113,3.466666666666667,0.0
CUB,2,7,114,1.8157894736842106,0.18421052631578946
CUB,3,7,114,2.48,0.12
CUB,4,7,114,3.0526315789473686,0.0
CUB,5,7,114,3.4,0.0
CUB,2,7,115,1.7894736842105263,0.21052631578947367
CUB,3,7,115,2.32,0.08
CUB,4,7,115,2.8421052631578947,0.05263157894736842
CUB,5,7,115,3.1333333333333333,0.0
CUB,2,7,116,1.894736842105263,0.10526315789473684
CUB,3,7,116,2.64,0.0
CUB,4,7,116,3.1052631578947367,0.0
CUB,5,7,116,3.533333333333333,0.0
CUB,2,7,117,1.7105263157894737,0.2894736842105263
CUB,3,7,117,2.32,0.12
CUB,4,7,117,2.8947368421052633,0.0
CUB,5,7,117,3.1333333333333333,0.0
CUB,2,7,118,1.7894736842105263,0.21052631578947367
CUB,3,7,118,2.6,0.0
CUB,4,7,118,3.0,0.0
CUB,5,7,118,3.533333333333333,0.0
CUB,2,7,119,1.631578947368421,0.3684210526315789
CUB,3,7,119,2.28,0.04
CUB,4,7,119,2.789473684210526,0.0
CUB,5,7,119,3.3333333333333335,0.0
CUB,2,7,120,1.763157894736842,0.23684210526315788
CUB,3,7,120,2.36,0.0
CUB,4,7,120,2.736842105263158,0.0
CUB,5,7,120,3.2,0.0
CUB,2,7,121,1.7894736842105263,0.21052631578947367
CUB,3,7,121,2.48,0.0
CUB,4,7,121,3.1052631578947367,0.0
CUB,5,7,121,3.533333333333333,0.0
CUB,2,7,122,1.736842105263158,0.2631578947368421
CUB,3,7,122,2.4,0.04
CUB,4,7,122,2.8947368421052633,0.0
CUB,5,7,122,3.2666666666666666,0.06666666666666667
CUB,2,7,123,1.7894736842105263,0.21052631578947367
CUB,3,7,123,2.36,0.04
CUB,4,7,123,2.9473684210526314,0.05263157894736842
CUB,5,7,123,3.6,0.0
CUB,2,7,124,1.7894736842105263,0.21052631578947367
CUB,3,7,124,2.52,0.04
CUB,4,7,124,2.789473684210526,0.0
CUB,5,7,124,3.2,0.0
CUB,2,7,125,1.8421052631578947,0.15789473684210525
CUB,3,7,125,2.4,0.04
CUB,4,7,125,2.789473684210526,0.05263157894736842
CUB,5,7,125,3.466666666666667,0.0
CUB,2,7,126,1.736842105263158,0.2631578947368421
CUB,3,7,126,2.36,0.04
CUB,4,7,126,2.6842105263157894,0.0
CUB,5,7,126,3.1333333333333333,0.0
CUB,2,7,127,1.763157894736842,0.23684210526315788
CUB,3,7,127,2.56,0.04
CUB,4,7,127,3.1052631578947367,0.0
CUB,5,7,127,3.4,0.0
CUB,2,7,128,1.6578947368421053,0.34210526315789475
CUB,3,7,128,2.36,0.04
CUB,4,7,128,2.6842105263157894,0.0
CUB,5,7,128,3.1333333333333333,0.0
CUB,2,7,129,1.868421052631579,0.13157894736842105
CUB,3,7,129,2.48,0.04
CUB,4,7,129,3.210526315789474,0.0
CUB,5,7,129,3.533333333333333,0.0
CUB,2,7,130,1.6842105263157894,0.3157894736842105
CUB,3,7,130,2.32,0.08
CUB,4,7,130,3.0,0.0
CUB,5,7,130,3.2,0.0
CUB,2,7,131,1.7105263157894737,0.2894736842105263
CUB,3,7,131,2.48,0.04
CUB,4,7,131,2.789473684210526,0.05263157894736842
CUB,5,7,131,3.2666666666666666,0.0
CUB,2,7,132,1.8157894736842106,0.18421052631578946
CUB,3,7,132,2.48,0.0
CUB,4,7,132,3.210526315789474,0.0
CUB,5,7,132,3.3333333333333335,0.0
CUB,2,7,133,1.8157894736842106,0.18421052631578946
CUB,3,7,133,2.44,0.04
CUB,4,7,133,3.0,0.0
CUB,5,7,133,3.533333333333333,0.0
CUB,2,7,134,1.7894736842105263,0.21052631578947367
CUB,3,7,134,2.64,0.0
CUB,4,7,134,3.0,0.0
CUB,5,7,134,3.7333333333333334,0.0
CUB,2,7,135,1.763157894736842,0.23684210526315788
CUB,3,7,135,2.36,0.08
CUB,4,7,135,3.1578947368421053,0.0
CUB,5,7,135,3.3333333333333335,0.0
CUB,2,7,136,1.868421052631579,0.13157894736842105
CUB,3,7,136,2.44,0.04
CUB,4,7,136,3.1578947368421053,0.05263157894736842
CUB,5,7,136,3.6666666666666665,0.0
CUB,2,7,137,1.763157894736842,0.23684210526315788
CUB,3,7,137,2.36,0.04
CUB,4,7,137,2.8421052631578947,0.0
CUB,5,7,137,3.466666666666667,0.0
CUB,2,7,138,1.7894736842105263,0.21052631578947367
CUB,3,7,138,2.6,0.0
CUB,4,7,138,2.9473684210526314,0.0
CUB,5,7,138,3.2,0.0
CUB,2,7,139,1.6842105263157894,0.3157894736842105
CUB,3,7,139,2.32,0.0
CUB,4,7,139,2.9473684210526314,0.0
CUB,5,7,139,3.466666666666667,0.0
CUB,2,7,140,1.8157894736842106,0.18421052631578946
CUB,3,7,140,2.4,0.04
CUB,4,7,140,2.9473684210526314,0.0
CUB,5,7,140,3.6,0.0
CUB,2,7,141,1.6842105263157894,0.3157894736842105
CUB,3,7,141,2.36,0.04
CUB,4,7,141,2.8421052631578947,0.05263157894736842
CUB,5,7,141,3.466666666666667,0.0
CUB,2,7,142,1.8157894736842106,0.18421052631578946
CUB,3,7,142,2.44,0.08
CUB,4,7,142,3.210526315789474,0.0
CUB,5,7,142,3.466666666666667,0.0
CUB,2,7,143,1.8157894736842106,0.18421052631578946
CUB,3,7,143,2.64,0.0
CUB,4,7,143,3.0526315789473686,0.0
CUB,5,7,143,3.4,0.0
CUB,2,7,144,1.868421052631579,0.13157894736842105
CUB,3,7,144,2.6,0.0
CUB,4,7,144,3.3157894736842106,0.0
CUB,5,7,144,3.6,0.0
CUB,2,7,145,1.736842105263158,0.2631578947368421
CUB,3,7,145,2.44,0.08
CUB,4,7,145,3.0,0.05263157894736842
CUB,5,7,145,3.533333333333333,0.0
CUB,2,7,146,1.763157894736842,0.23684210526315788
CUB,3,7,146,2.44,0.04
CUB,4,7,146,2.789473684210526,0.0
CUB,5,7,146,3.6666666666666665,0.0
CUB,2,7,147,1.763157894736842,0.23684210526315788
CUB,3,7,147,2.48,0.04
CUB,4,7,147,3.1578947368421053,0.0
CUB,5,7,147,3.3333333333333335,0.0
CUB,2,7,148,1.763157894736842,0.23684210526315788
CUB,3,7,148,2.4,0.0
CUB,4,7,148,2.6842105263157894,0.0
CUB,5,7,148,3.1333333333333333,0.0
CUB,2,7,149,1.736842105263158,0.2631578947368421
CUB,3,7,149,2.4,0.04
CUB,4,7,149,2.6315789473684212,0.0
CUB,5,7,149,2.933333333333333,0.0
CUB,2,7,150,1.7894736842105263,0.21052631578947367
CUB,3,7,150,2.56,0.0
CUB,4,7,150,2.8947368421052633,0.0
CUB,5,7,150,3.3333333333333335,0.0
CUB,2,7,151,1.894736842105263,0.10526315789473684
CUB,3,7,151,2.4,0.04
CUB,4,7,151,2.8421052631578947,0.0
CUB,5,7,151,3.6,0.0
CUB,2,7,152,1.736842105263158,0.2631578947368421
CUB,3,7,152,2.28,0.04
CUB,4,7,152,2.5789473684210527,0.0
CUB,5,7,152,3.2,0.0
CUB,2,7,153,1.7894736842105263,0.21052631578947367
CUB,3,7,153,2.52,0.04
CUB,4,7,153,2.8421052631578947,0.0
CUB,5,7,153,3.4,0.0
CUB,2,7,154,1.763157894736842,0.23684210526315788
CUB,3,7,154,2.68,0.0
CUB,4,7,154,3.210526315789474,0.0
CUB,5,7,154,3.6,0.0
CUB,2,7,155,1.7105263157894737,0.2894736842105263
CUB,3,7,155,2.36,0.04
CUB,4,7,155,3.0,0.0
CUB,5,7,155,3.066666666666667,0.0
CUB,2,7,156,1.8421052631578947,0.15789473684210525
CUB,3,7,156,2.4,0.08
CUB,4,7,156,3.0526315789473686,0.0
CUB,5,7,156,3.2666666666666666,0.0
CUB,2,7,157,1.7105263157894737,0.2894736842105263
CUB,3,7,157,2.32,0.12
CUB,4,7,157,2.736842105263158,0.0
CUB,5,7,157,3.1333333333333333,0.0
CUB,2,7,158,1.8157894736842106,0.18421052631578946
CUB,3,7,158,2.4,0.08
CUB,4,7,158,2.8947368421052633,0.0
CUB,5,7,158,3.466666666666667,0.0
CUB,2,7,159,1.8421052631578947,0.15789473684210525
CUB,3,7,159,2.52,0.0
CUB,4,7,159,2.8947368421052633,0.0
CUB,5,7,159,3.466666666666667,0.0
CUB,2,7,160,1.8421052631578947,0.15789473684210525
CUB,3,7,160,2.48,0.0
CUB,4,7,160,2.8421052631578947,0.0
CUB,5,7,160,3.466666666666667,0.0
CUB,2,7,161,1.6842105263157894,0.3157894736842105
CUB,3,7,161,2.28,0.16
CUB,4,7,161,2.736842105263158,0.05263157894736842
CUB,5,7,161,3.066666666666667,0.06666666666666667
CUB,2,7,162,1.868421052631579,0.13157894736842105
CUB,3,7,162,2.6,0.0
CUB,4,7,162,3.3157894736842106,0.0
CUB,5,7,162,3.466666666666667,0.0
CUB,2,7,163,1.8157894736842106,0.18421052631578946
CUB,3,7,163,2.44,0.04
CUB,4,7,163,3.0,0.0
CUB,5,7,163,3.1333333333333333,0.0
CUB,2,7,164,1.8157894736842106,0.18421052631578946
CUB,3,7,164,2.36,0.04
CUB,4,7,164,2.9473684210526314,0.0
CUB,5,7,164,3.4,0.0
CUB,2,7,165,1.8157894736842106,0.18421052631578946
CUB,3,7,165,2.52,0.04
CUB,4,7,165,3.1052631578947367,0.05263157894736842
CUB,5,7,165,3.7333333333333334,0.0
CUB,2,7,166,1.736842105263158,0.2631578947368421
CUB,3,7,166,2.32,0.04
CUB,4,7,166,3.0,0.05263157894736842
CUB,5,7,166,3.3333333333333335,0.0
CUB,2,7,167,1.7894736842105263,0.21052631578947367
CUB,3,7,167,2.64,0.04
CUB,4,7,167,3.0526315789473686,0.0
CUB,5,7,167,3.2666666666666666,0.0
CUB,2,7,168,1.868421052631579,0.13157894736842105
CUB,3,7,168,2.36,0.04
CUB,4,7,168,3.0526315789473686,0.0
CUB,5,7,168,3.2666666666666666,0.0
CUB,2,7,169,1.8157894736842106,0.18421052631578946
CUB,3,7,169,2.48,0.0
CUB,4,7,169,2.9473684210526314,0.0
CUB,5,7,169,3.2,0.0
CUB,2,7,170,1.8421052631578947,0.15789473684210525
CUB,3,7,170,2.36,0.04
CUB,4,7,170,2.789473684210526,0.0
CUB,5,7,170,3.6,0.0
CUB,2,7,171,1.868421052631579,0.13157894736842105
CUB,3,7,171,2.36,0.04
CUB,4,7,171,3.0526315789473686,0.0
CUB,5,7,171,3.2666666666666666,0.0
CUB,2,7,172,1.8157894736842106,0.18421052631578946
CUB,3,7,172,2.68,0.04
CUB,4,7,172,3.1578947368421053,0.0
CUB,5,7,172,3.8,0.0
CUB,2,7,173,1.605263157894737,0.39473684210526316
CUB,3,7,173,2.32,0.16
CUB,4,7,173,2.789473684210526,0.10526315789473684
CUB,5,7,173,3.1333333333333333,0.0
CUB,2,7,174,1.7894736842105263,0.21052631578947367
CUB,3,7,174,2.28,0.04
CUB,4,7,174,2.8421052631578947,0.0
CUB,5,7,174,2.933333333333333,0.0
CUB,2,7,175,1.7894736842105263,0.21052631578947367
CUB,3,7,175,2.56,0.0
CUB,4,7,175,3.0,0.0
CUB,5,7,175,3.466666666666667,0.0
CUB,2,7,176,1.7894736842105263,0.21052631578947367
CUB,3,7,176,2.44,0.04
CUB,4,7,176,2.9473684210526314,0.0
CUB,5,7,176,3.3333333333333335,0.0
CUB,2,7,177,1.7894736842105263,0.21052631578947367
CUB,3,7,177,2.44,0.04
CUB,4,7,177,2.9473684210526314,0.0
CUB,5,7,177,3.533333333333333,0.0
CUB,2,7,178,1.6578947368421053,0.34210526315789475
CUB,3,7,178,2.32,0.04
CUB,4,7,178,2.8421052631578947,0.0
CUB,5,7,178,3.066666666666667,0.0
CUB,2,7,179,1.736842105263158,0.2631578947368421
CUB,3,7,179,2.4,0.0
CUB,4,7,179,2.8421052631578947,0.0
CUB,5,7,179,3.466666666666667,0.0
CUB,2,7,180,1.763157894736842,0.23684210526315788
CUB,3,7,180,2.4,0.0
CUB,4,7,180,3.0,0.0
CUB,5,7,180,3.2666666666666666,0.0
CUB,2,7,181,1.7894736842105263,0.21052631578947367
CUB,3,7,181,2.72,0.0
CUB,4,7,181,3.210526315789474,0.0
CUB,5,7,181,3.533333333333333,0.0
CUB,2,7,182,1.8157894736842106,0.18421052631578946
CUB,3,7,182,2.56,0.0
CUB,4,7,182,3.1052631578947367,0.0
CUB,5,7,182,3.3333333333333335,0.0
CUB,2,7,183,1.8157894736842106,0.18421052631578946
CUB,3,7,183,2.52,0.04
CUB,4,7,183,2.9473684210526314,0.05263157894736842
CUB,5,7,183,3.2666666666666666,0.0
CUB,2,7,184,1.6842105263157894,0.3157894736842105
CUB,3,7,184,2.48,0.04
CUB,4,7,184,2.6842105263157894,0.05263157894736842
CUB,5,7,184,3.533333333333333,0.0
CUB,2,7,185,1.736842105263158,0.2631578947368421
CUB,3,7,185,2.44,0.08
CUB,4,7,185,2.8421052631578947,0.0
CUB,5,7,185,3.066666666666667,0.0
CUB,2,7,186,1.7894736842105263,0.21052631578947367
CUB,3,7,186,2.52,0.0
CUB,4,7,186,3.0,0.0
CUB,5,7,186,3.6,0.0
CUB,2,7,187,1.7894736842105263,0.21052631578947367
CUB,3,7,187,2.44,0.04
CUB,4,7,187,3.0,0.0
CUB,5,7,187,3.466666666666667,0.0
CUB,2,7,188,1.8421052631578947,0.15789473684210525
CUB,3,7,188,2.52,0.08
CUB,4,7,188,3.3157894736842106,0.0
CUB,5,7,188,3.466666666666667,0.0
CUB,2,7,189,1.8157894736842106,0.18421052631578946
CUB,3,7,189,2.4,0.08
CUB,4,7,189,3.0,0.0
CUB,5,7,189,3.533333333333333,0.0
CUB,2,7,190,1.736842105263158,0.2631578947368421
CUB,3,7,190,2.52,0.04
CUB,4,7,190,2.8421052631578947,0.0
CUB,5,7,190,3.6,0.0
CUB,2,7,191,1.6842105263157894,0.3157894736842105
CUB,3,7,191,2.4,0.12
CUB,4,7,191,2.789473684210526,0.0
CUB,5,7,191,3.2,0.0
CUB,2,7,192,1.763157894736842,0.23684210526315788
CUB,3,7,192,2.28,0.0
CUB,4,7,192,3.1578947368421053,0.0
CUB,5,7,192,3.4,0.0
CUB,2,7,193,1.7894736842105263,0.21052631578947367
CUB,3,7,193,2.64,0.04
CUB,4,7,193,3.0526315789473686,0.0
CUB,5,7,193,3.533333333333333,0.0
CUB,2,7,194,1.763157894736842,0.23684210526315788
CUB,3,7,194,2.2,0.04
CUB,4,7,194,2.9473684210526314,0.0
CUB,5,7,194,3.466666666666667,0.0
CUB,2,7,195,1.605263157894737,0.39473684210526316
CUB,3,7,195,2.32,0.04
CUB,4,7,195,2.8421052631578947,0.0
CUB,5,7,195,3.1333333333333333,0.0
CUB,2,7,196,1.8157894736842106,0.18421052631578946
CUB,3,7,196,2.52,0.04
CUB,4,7,196,2.8947368421052633,0.0
CUB,5,7,196,3.2,0.0
CUB,2,7,197,1.868421052631579,0.13157894736842105
CUB,3,7,197,2.4,0.04
CUB,4,7,197,3.1052631578947367,0.0
CUB,5,7,197,3.6,0.0
CUB,2,7,198,1.8157894736842106,0.18421052631578946
CUB,3,7,198,2.64,0.0
CUB,4,7,198,3.1578947368421053,0.0
CUB,5,7,198,3.8,0.0
CUB,2,7,199,1.763157894736842,0.23684210526315788
CUB,3,7,199,2.28,0.04
CUB,4,7,199,2.8947368421052633,0.05263157894736842
CUB,5,7,199,3.2666666666666666,0.0
CUB,2,7,200,1.868421052631579,0.13157894736842105
CUB,3,7,200,2.64,0.0
CUB,4,7,200,3.1052631578947367,0.0
CUB,5,7,200,3.4,0.0
CUB,2,7,201,1.736842105263158,0.2631578947368421
CUB,3,7,201,2.36,0.08
CUB,4,7,201,3.0526315789473686,0.0
CUB,5,7,201,3.3333333333333335,0.0
CUB,2,7,202,1.868421052631579,0.13157894736842105
CUB,3,7,202,2.56,0.0
CUB,4,7,202,3.0,0.0
CUB,5,7,202,3.466666666666667,0.0
CUB,2,7,203,1.868421052631579,0.13157894736842105
CUB,3,7,203,2.44,0.0
CUB,4,7,203,3.1052631578947367,0.05263157894736842
CUB,5,7,203,3.466666666666667,0.0
CUB,2,7,204,1.868421052631579,0.13157894736842105
CUB,3,7,204,2.76,0.0
CUB,4,7,204,3.210526315789474,0.0
CUB,5,7,204,3.7333333333333334,0.0
CUB,2,7,205,1.631578947368421,0.3684210526315789
CUB,3,7,205,2.16,0.08
CUB,4,7,205,2.6842105263157894,0.0
CUB,5,7,205,3.2,0.06666666666666667
CUB,2,7,206,1.7894736842105263,0.21052631578947367
CUB,3,7,206,2.4,0.04
CUB,4,7,206,3.0,0.0
CUB,5,7,206,3.4,0.0
CUB,2,7,207,1.7105263157894737,0.2894736842105263
CUB,3,7,207,2.64,0.04
CUB,4,7,207,2.8421052631578947,0.05263157894736842
CUB,5,7,207,3.466666666666667,0.0
CUB,2,7,208,1.763157894736842,0.23684210526315788
CUB,3,7,208,2.4,0.0
CUB,4,7,208,2.8947368421052633,0.0
CUB,5,7,208,3.3333333333333335,0.0
CUB,2,7,209,1.8421052631578947,0.15789473684210525
CUB,3,7,209,2.44,0.04
CUB,4,7,209,2.8947368421052633,0.0
CUB,5,7,209,3.4,0.0
CUB,2,7,210,1.8421052631578947,0.15789473684210525
CUB,3,7,210,2.64,0.0
CUB,4,7,210,3.210526315789474,0.0
CUB,5,7,210,3.466666666666667,0.0
CUB,2,7,211,1.8157894736842106,0.18421052631578946
CUB,3,7,211,2.76,0.0
CUB,4,7,211,3.210526315789474,0.0
CUB,5,7,211,3.6666666666666665,0.0
CUB,2,7,212,1.7105263157894737,0.2894736842105263
CUB,3,7,212,2.32,0.04
CUB,4,7,212,2.8947368421052633,0.0
CUB,5,7,212,3.2666666666666666,0.0
CUB,2,7,213,1.9210526315789473,0.07894736842105263
CUB,3,7,213,2.44,0.0
CUB,4,7,213,3.0,0.0
CUB,5,7,213,3.533333333333333,0.0
CUB,2,7,214,1.8421052631578947,0.15789473684210525
CUB,3,7,214,2.44,0.04
CUB,4,7,214,2.9473684210526314,0.0
CUB,5,7,214,3.2666666666666666,0.0
CUB,2,7,215,1.8157894736842106,0.18421052631578946
CUB,3,7,215,2.44,0.04
CUB,4,7,215,2.9473684210526314,0.0
CUB,5,7,215,3.466666666666667,0.0
CUB,2,7,216,1.7894736842105263,0.21052631578947367
CUB,3,7,216,2.48,0.08
CUB,4,7,216,3.263157894736842,0.0
CUB,5,7,216,3.3333333333333335,0.0
CUB,2,7,217,1.8421052631578947,0.15789473684210525
CUB,3,7,217,2.56,0.04
CUB,4,7,217,2.9473684210526314,0.0
CUB,5,7,217,3.1333333333333333,0.0
CUB,2,7,218,1.868421052631579,0.13157894736842105
CUB,3,7,218,2.64,0.0
CUB,4,7,218,3.1578947368421053,0.0
CUB,5,7,218,3.466666666666667,0.0
CUB,2,7,219,1.8421052631578947,0.15789473684210525
CUB,3,7,219,2.64,0.0
CUB,4,7,219,3.1578947368421053,0.0
CUB,5,7,219,4.0,0.0
CUB,2,7,220,1.8421052631578947,0.15789473684210525
CUB,3,7,220,2.6,0.04
CUB,4,7,220,2.8421052631578947,0.0
CUB,5,7,220,3.6,0.0
CUB,2,7,221,1.8421052631578947,0.15789473684210525
CUB,3,7,221,2.44,0.04
CUB,4,7,221,3.1052631578947367,0.0
CUB,5,7,221,3.6,0.0
CUB,2,7,222,1.736842105263158,0.2631578947368421
CUB,3,7,222,2.44,0.0
CUB,4,7,222,2.8947368421052633,0.0
CUB,5,7,222,3.533333333333333,0.0
CUB,2,7,223,1.763157894736842,0.23684210526315788
CUB,3,7,223,2.44,0.04
CUB,4,7,223,2.789473684210526,0.05263157894736842
CUB,5,7,223,3.2666666666666666,0.0
CUB,2,7,224,1.7894736842105263,0.21052631578947367
CUB,3,7,224,2.52,0.0
CUB,4,7,224,2.9473684210526314,0.0
CUB,5,7,224,3.466666666666667,0.0
CUB,2,7,225,1.9210526315789473,0.07894736842105263
CUB,3,7,225,2.56,0.04
CUB,4,7,225,3.263157894736842,0.0
CUB,5,7,225,3.6666666666666665,0.0
CUB,2,7,226,1.736842105263158,0.2631578947368421
CUB,3,7,226,2.48,0.04
CUB,4,7,226,2.8421052631578947,0.0
CUB,5,7,226,3.2,0.0
CUB,2,7,227,1.736842105263158,0.2631578947368421
CUB,3,7,227,2.32,0.04
CUB,4,7,227,2.8421052631578947,0.0
CUB,5,7,227,3.3333333333333335,0.0
CUB,2,7,228,1.868421052631579,0.13157894736842105
CUB,3,7,228,2.44,0.0
CUB,4,7,228,2.9473684210526314,0.0
CUB,5,7,228,3.2666666666666666,0.0
CUB,2,7,229,1.6578947368421053,0.34210526315789475
CUB,3,7,229,2.16,0.08
CUB,4,7,229,2.9473684210526314,0.0
CUB,5,7,229,3.466666666666667,0.0
CUB,2,7,230,1.763157894736842,0.23684210526315788
CUB,3,7,230,2.6,0.0
CUB,4,7,230,3.1052631578947367,0.0
CUB,5,7,230,3.4,0.0
CUB,2,7,231,1.8157894736842106,0.18421052631578946
CUB,3,7,231,2.64,0.04
CUB,4,7,231,3.1052631578947367,0.0
CUB,5,7,231,3.6,0.0
CUB,2,7,232,1.8421052631578947,0.15789473684210525
CUB,3,7,232,2.4,0.08
CUB,4,7,232,3.0526315789473686,0.0
CUB,5,7,232,3.6666666666666665,0.0
CUB,2,7,233,1.8157894736842106,0.18421052631578946
CUB,3,7,233,2.6,0.04
CUB,4,7,233,3.0,0.0
CUB,5,7,233,3.466666666666667,0.0
CUB,2,7,234,1.7894736842105263,0.21052631578947367
CUB,3,7,234,2.56,0.0
CUB,4,7,234,2.9473684210526314,0.0
CUB,5,7,234,3.3333333333333335,0.0
CUB,2,7,235,1.8421052631578947,0.15789473684210525
CUB,3,7,235,2.4,0.04
CUB,4,7,235,3.0,0.0
CUB,5,7,235,3.2,0.06666666666666667
CUB,2,7,236,1.8421052631578947,0.15789473684210525
CUB,3,7,236,2.76,0.0
CUB,4,7,236,3.263157894736842,0.0
CUB,5,7,236,3.7333333333333334,0.0
CUB,2,7,237,1.7105263157894737,0.2894736842105263
CUB,3,7,237,2.32,0.0
CUB,4,7,237,2.9473684210526314,0.0
CUB,5,7,237,3.2666666666666666,0.0
CUB,2,7,238,1.8157894736842106,0.18421052631578946
CUB,3,7,238,2.32,0.04
CUB,4,7,238,2.736842105263158,0.0
CUB,5,7,238,3.3333333333333335,0.0
CUB,2,7,239,1.868421052631579,0.13157894736842105
CUB,3,7,239,2.48,0.04
CUB,4,7,239,3.1578947368421053,0.0
CUB,5,7,239,3.2666666666666666,0.0
CUB,2,7,240,1.8157894736842106,0.18421052631578946
CUB,3,7,240,2.64,0.0
CUB,4,7,240,3.0526315789473686,0.0
CUB,5,7,240,3.533333333333333,0.0
CUB,2,7,241,1.8157894736842106,0.18421052631578946
CUB,3,7,241,2.48,0.04
CUB,4,7,241,3.1578947368421053,0.0
CUB,5,7,241,3.466666666666667,0.0
CUB,2,7,242,1.736842105263158,0.2631578947368421
CUB,3,7,242,2.44,0.0
CUB,4,7,242,2.8947368421052633,0.0
CUB,5,7,242,3.466666666666667,0.0
CUB,2,7,243,1.8157894736842106,0.18421052631578946
CUB,3,7,243,2.44,0.0
CUB,4,7,243,2.8947368421052633,0.0
CUB,5,7,243,3.3333333333333335,0.0
CUB,2,7,244,1.736842105263158,0.2631578947368421
CUB,3,7,244,2.24,0.12
CUB,4,7,244,3.0,0.0
CUB,5,7,244,3.4,0.0
CUB,2,7,245,1.631578947368421,0.3684210526315789
CUB,3,7,245,2.44,0.04
CUB,4,7,245,2.8421052631578947,0.0
CUB,5,7,245,3.2,0.0
CUB,2,7,246,1.868421052631579,0.13157894736842105
CUB,3,7,246,2.36,0.04
CUB,4,7,246,3.1052631578947367,0.0
CUB,5,7,246,3.2666666666666666,0.0
CUB,2,7,247,1.736842105263158,0.2631578947368421
CUB,3,7,247,2.52,0.0
CUB,4,7,247,2.9473684210526314,0.0
CUB,5,7,247,3.466666666666667,0.0
CUB,2,7,248,1.7894736842105263,0.21052631578947367
CUB,3,7,248,2.36,0.04
CUB,4,7,248,2.8947368421052633,0.0
CUB,5,7,248,3.4,0.0
CUB,2,7,249,1.763157894736842,0.23684210526315788
CUB,3,7,249,2.36,0.08
CUB,4,7,249,2.8421052631578947,0.05263157894736842
CUB,5,7,249,3.2666666666666666,0.0
CUB,2,7,250,1.7105263157894737,0.2894736842105263
CUB,3,7,250,2.16,0.04
CUB,4,7,250,2.5789473684210527,0.0
CUB,5,7,250,2.933333333333333,0.0
CUB,2,7,251,1.8157894736842106,0.18421052631578946
CUB,3,7,251,2.56,0.0
CUB,4,7,251,3.0,0.0
CUB,5,7,251,3.3333333333333335,0.0
CUB,2,7,252,1.7894736842105263,0.21052631578947367
CUB,3,7,252,2.36,0.04
CUB,4,7,252,2.8947368421052633,0.0
CUB,5,7,252,3.2,0.0
CUB,2,7,253,1.8157894736842106,0.18421052631578946
CUB,3,7,253,2.4,0.0
CUB,4,7,253,2.9473684210526314,0.0
CUB,5,7,253,3.6666666666666665,0.0
CUB,2,7,254,1.736842105263158,0.2631578947368421
CUB,3,7,254,2.36,0.04
CUB,4,7,254,3.0,0.0
CUB,5,7,254,3.3333333333333335,0.0
CUB,2,7,255,1.8421052631578947,0.15789473684210525
CUB,3,7,255,2.36,0.0
CUB,4,7,255,2.8421052631578947,0.0
CUB,5,7,255,3.1333333333333333,0.0
CUB,2,7,256,1.8421052631578947,0.15789473684210525
CUB,3,7,256,2.44,0.08
CUB,4,7,256,2.8421052631578947,0.0
CUB,5,7,256,3.2666666666666666,0.0
CUB,2,7,257,1.763157894736842,0.23684210526315788
CUB,3,7,257,2.52,0.0
CUB,4,7,257,2.8421052631578947,0.0
CUB,5,7,257,3.4,0.0
CUB,2,7,258,1.8157894736842106,0.18421052631578946
CUB,3,7,258,2.4,0.08
CUB,4,7,258,3.0526315789473686,0.0
CUB,5,7,258,3.3333333333333335,0.0
CUB,2,7,259,1.894736842105263,0.10526315789473684
CUB,3,7,259,2.48,0.0
CUB,4,7,259,2.9473684210526314,0.0
CUB,5,7,259,3.7333333333333334,0.0
CUB,2,7,260,1.8421052631578947,0.15789473684210525
CUB,3,7,260,2.68,0.0
CUB,4,7,260,3.1578947368421053,0.0
CUB,5,7,260,3.8666666666666667,0.0
CUB,2,7,261,1.868421052631579,0.13157894736842105
CUB,3,7,261,2.6,0.0
CUB,4,7,261,3.1578947368421053,0.0
CUB,5,7,261,3.533333333333333,0.0
CUB,2,7,262,1.8421052631578947,0.15789473684210525
CUB,3,7,262,2.48,0.08
CUB,4,7,262,2.9473684210526314,0.0
CUB,5,7,262,3.2,0.0
CUB,2,7,263,1.7105263157894737,0.2894736842105263
CUB,3,7,263,2.44,0.0
CUB,4,7,263,2.789473684210526,0.05263157894736842
CUB,5,7,263,3.2,0.0
CUB,2,7,264,1.7105263157894737,0.2894736842105263
CUB,3,7,264,2.6,0.04
CUB,4,7,264,2.8947368421052633,0.0
CUB,5,7,264,3.466666666666667,0.0
CUB,2,7,265,1.8157894736842106,0.18421052631578946
CUB,3,7,265,2.64,0.04
CUB,4,7,265,3.210526315789474,0.0
CUB,5,7,265,3.6666666666666665,0.0
CUB,2,7,266,1.763157894736842,0.23684210526315788
CUB,3,7,266,2.4,0.0
CUB,4,7,266,2.9473684210526314,0.0
CUB,5,7,266,3.3333333333333335,0.0
CUB,2,7,267,1.8157894736842106,0.18421052631578946
CUB,3,7,267,2.56,0.0
CUB,4,7,267,2.8947368421052633,0.0
CUB,5,7,267,3.4,0.0
CUB,2,7,268,1.763157894736842,0.23684210526315788
CUB,3,7,268,2.52,0.0
CUB,4,7,268,3.1052631578947367,0.0
CUB,5,7,268,3.466666666666667,0.0
CUB,2,7,269,1.736842105263158,0.2631578947368421
CUB,3,7,269,2.68,0.0
CUB,4,7,269,2.736842105263158,0.05263157894736842
CUB,5,7,269,3.2666666666666666,0.0
CUB,2,7,270,1.6842105263157894,0.3157894736842105
CUB,3,7,270,2.2,0.12
CUB,4,7,270,2.8947368421052633,0.0
CUB,5,7,270,3.2666666666666666,0.0
CUB,2,7,271,1.763157894736842,0.23684210526315788
CUB,3,7,271,2.28,0.08
CUB,4,7,271,2.9473684210526314,0.0
CUB,5,7,271,3.2666666666666666,0.0
CUB,2,7,272,1.6842105263157894,0.3157894736842105
CUB,3,7,272,2.48,0.04
CUB,4,7,272,2.9473684210526314,0.0
CUB,5,7,272,3.466666666666667,0.0
CUB,2,7,273,1.6578947368421053,0.34210526315789475
CUB,3,7,273,2.36,0.0
CUB,4,7,273,2.9473684210526314,0.0
CUB,5,7,273,3.3333333333333335,0.0
CUB,2,7,274,1.763157894736842,0.23684210526315788
CUB,3,7,274,2.28,0.08
CUB,4,7,274,2.736842105263158,0.0
CUB,5,7,274,3.466666666666667,0.0
CUB,2,7,275,1.8157894736842106,0.18421052631578946
CUB,3,7,275,2.6,0.0
CUB,4,7,275,3.0526315789473686,0.0
CUB,5,7,275,3.6666666666666665,0.0
CUB,2,7,276,1.8421052631578947,0.15789473684210525
CUB,3,7,276,2.48,0.04
CUB,4,7,276,2.8421052631578947,0.0
CUB,5,7,276,3.2,0.0
CUB,2,7,277,1.6578947368421053,0.34210526315789475
CUB,3,7,277,2.24,0.12
CUB,4,7,277,2.8947368421052633,0.0
CUB,5,7,277,3.0,0.06666666666666667
CUB,2,7,278,1.8157894736842106,0.18421052631578946
CUB,3,7,278,2.6,0.0
CUB,4,7,278,3.263157894736842,0.0
CUB,5,7,278,3.533333333333333,0.0
CUB,2,7,279,1.8421052631578947,0.15789473684210525
CUB,3,7,279,2.52,0.0
CUB,4,7,279,2.9473684210526314,0.0
CUB,5,7,279,3.2,0.0
CUB,2,7,280,1.736842105263158,0.2631578947368421
CUB,3,7,280,2.28,0.08
CUB,4,7,280,2.8421052631578947,0.05263157894736842
CUB,5,7,280,3.2,0.0
CUB,2,7,281,1.763157894736842,0.23684210526315788
CUB,3,7,281,2.32,0.12
CUB,4,7,281,3.0,0.0
CUB,5,7,281,3.533333333333333,0.0
CUB,2,7,282,1.736842105263158,0.2631578947368421
CUB,3,7,282,2.32,0.04
CUB,4,7,282,2.789473684210526,0.05263157894736842
CUB,5,7,282,3.0,0.06666666666666667
CUB,2,7,283,1.763157894736842,0.23684210526315788
CUB,3,7,283,2.28,0.08
CUB,4,7,283,3.0,0.0
CUB,5,7,283,3.4,0.0
CUB,2,7,284,1.763157894736842,0.23684210526315788
CUB,3,7,284,2.56,0.0
CUB,4,7,284,3.1578947368421053,0.05263157894736842
CUB,5,7,284,3.6,0.0
CUB,2,7,285,1.763157894736842,0.23684210526315788
CUB,3,7,285,2.72,0.0
CUB,4,7,285,2.8947368421052633,0.0
CUB,5,7,285,3.4,0.0
CUB,2,7,286,1.763157894736842,0.23684210526315788
CUB,3,7,286,2.44,0.0
CUB,4,7,286,2.8947368421052633,0.0
CUB,5,7,286,3.2,0.0
CUB,2,7,287,1.8157894736842106,0.18421052631578946
CUB,3,7,287,2.48,0.04
CUB,4,7,287,2.9473684210526314,0.0
CUB,5,7,287,3.6,0.0
CUB,2,7,288,1.894736842105263,0.10526315789473684
CUB,3,7,288,2.52,0.0
CUB,4,7,288,3.0,0.0
CUB,5,7,288,3.4,0.0
CUB,2,7,289,1.763157894736842,0.23684210526315788
CUB,3,7,289,2.36,0.16
CUB,4,7,289,2.789473684210526,0.05263157894736842
CUB,5,7,289,3.2,0.0
CUB,2,7,290,1.736842105263158,0.2631578947368421
CUB,3,7,290,2.52,0.04
CUB,4,7,290,3.0,0.0
CUB,5,7,290,3.466666666666667,0.0
CUB,2,7,291,1.8421052631578947,0.15789473684210525
CUB,3,7,291,2.4,0.08
CUB,4,7,291,2.9473684210526314,0.0
CUB,5,7,291,3.3333333333333335,0.0
CUB,2,7,292,1.9210526315789473,0.07894736842105263
CUB,3,7,292,2.72,0.0
CUB,4,7,292,3.263157894736842,0.0
CUB,5,7,292,3.7333333333333334,0.0
CUB,2,7,293,1.763157894736842,0.23684210526315788
CUB,3,7,293,2.4,0.04
CUB,4,7,293,2.9473684210526314,0.0
CUB,5,7,293,3.2666666666666666,0.0
CUB,2,7,294,1.736842105263158,0.2631578947368421
CUB,3,7,294,2.4,0.0
CUB,4,7,294,2.6842105263157894,0.0
CUB,5,7,294,3.2,0.0
CUB,2,7,295,1.763157894736842,0.23684210526315788
CUB,3,7,295,2.72,0.0
CUB,4,7,295,3.0526315789473686,0.0
CUB,5,7,295,3.6,0.0
CUB,2,7,296,1.763157894736842,0.23684210526315788
CUB,3,7,296,2.36,0.08
CUB,4,7,296,2.6842105263157894,0.05263157894736842
CUB,5,7,296,3.2666666666666666,0.0
CUB,2,7,297,1.6578947368421053,0.34210526315789475
CUB,3,7,297,2.48,0.04
CUB,4,7,297,2.9473684210526314,0.0
CUB,5,7,297,3.4,0.0
CUB,2,7,298,1.894736842105263,0.10526315789473684
CUB,3,7,298,2.48,0.0
CUB,4,7,298,3.210526315789474,0.0
CUB,5,7,298,3.4,0.0
CUB,2,7,299,1.894736842105263,0.10526315789473684
CUB,3,7,299,2.6,0.0
CUB,4,7,299,3.263157894736842,0.0
CUB,5,7,299,3.6666666666666665,0.0
CUB,2,999,0,1.8157894736842106,0.18421052631578946
CUB,3,999,0,2.56,0.04
CUB,4,999,0,2.8421052631578947,0.0
CUB,5,999,0,3.6666666666666665,0.0
CUB,2,999,1,1.8421052631578947,0.15789473684210525
CUB,3,999,1,2.64,0.0
CUB,4,999,1,3.1578947368421053,0.0
CUB,5,999,1,3.533333333333333,0.0
CUB,2,999,2,1.736842105263158,0.2631578947368421
CUB,3,999,2,2.32,0.0
CUB,4,999,2,2.6842105263157894,0.0
CUB,5,999,2,3.2666666666666666,0.0
CUB,2,999,3,1.8421052631578947,0.15789473684210525
CUB,3,999,3,2.48,0.04
CUB,4,999,3,3.0,0.0
CUB,5,999,3,3.533333333333333,0.0
CUB,2,999,4,1.763157894736842,0.23684210526315788
CUB,3,999,4,2.4,0.04
CUB,4,999,4,3.0,0.0
CUB,5,999,4,3.3333333333333335,0.0
CUB,2,999,5,1.7894736842105263,0.21052631578947367
CUB,3,999,5,2.44,0.08
CUB,4,999,5,3.0526315789473686,0.0
CUB,5,999,5,3.6,0.0
CUB,2,999,6,1.736842105263158,0.2631578947368421
CUB,3,999,6,2.48,0.0
CUB,4,999,6,2.6842105263157894,0.0
CUB,5,999,6,3.3333333333333335,0.0
CUB,2,999,7,1.8157894736842106,0.18421052631578946
CUB,3,999,7,2.44,0.0
CUB,4,999,7,3.1578947368421053,0.0
CUB,5,999,7,3.466666666666667,0.0
CUB,2,999,8,1.894736842105263,0.10526315789473684
CUB,3,999,8,2.56,0.0
CUB,4,999,8,3.0,0.0
CUB,5,999,8,3.466666666666667,0.0
CUB,2,999,9,1.7894736842105263,0.21052631578947367
CUB,3,999,9,2.68,0.0
CUB,4,999,9,2.8421052631578947,0.0
CUB,5,999,9,3.466666666666667,0.0
CUB,2,999,10,1.7105263157894737,0.2894736842105263
CUB,3,999,10,2.44,0.04
CUB,4,999,10,2.8421052631578947,0.0
CUB,5,999,10,3.533333333333333,0.0
CUB,2,999,11,1.763157894736842,0.23684210526315788
CUB,3,999,11,2.28,0.0
CUB,4,999,11,3.0,0.0
CUB,5,999,11,3.2,0.0
CUB,2,999,12,1.763157894736842,0.23684210526315788
CUB,3,999,12,2.48,0.0
CUB,4,999,12,2.789473684210526,0.0
CUB,5,999,12,3.4,0.0
CUB,2,999,13,1.7894736842105263,0.21052631578947367
CUB,3,999,13,2.56,0.04
CUB,4,999,13,2.9473684210526314,0.0
CUB,5,999,13,3.466666666666667,0.0
CUB,2,999,14,1.8421052631578947,0.15789473684210525
CUB,3,999,14,2.48,0.0
CUB,4,999,14,2.9473684210526314,0.0
CUB,5,999,14,3.2666666666666666,0.0
CUB,2,999,15,1.763157894736842,0.23684210526315788
CUB,3,999,15,2.52,0.04
CUB,4,999,15,2.789473684210526,0.0
CUB,5,999,15,3.3333333333333335,0.0
CUB,2,999,16,1.8157894736842106,0.18421052631578946
CUB,3,999,16,2.48,0.0
CUB,4,999,16,3.3157894736842106,0.0
CUB,5,999,16,3.533333333333333,0.0
CUB,2,999,17,1.8421052631578947,0.15789473684210525
CUB,3,999,17,2.56,0.0
CUB,4,999,17,2.9473684210526314,0.0
CUB,5,999,17,3.533333333333333,0.0
CUB,2,999,18,1.8157894736842106,0.18421052631578946
CUB,3,999,18,2.52,0.08
CUB,4,999,18,3.0,0.0
CUB,5,999,18,3.466666666666667,0.0
CUB,2,999,19,1.7894736842105263,0.21052631578947367
CUB,3,999,19,2.44,0.0
CUB,4,999,19,3.0526315789473686,0.0
CUB,5,999,19,3.3333333333333335,0.0
CUB,2,999,20,1.8157894736842106,0.18421052631578946
CUB,3,999,20,2.48,0.04
CUB,4,999,20,3.1052631578947367,0.0
CUB,5,999,20,3.3333333333333335,0.0
CUB,2,999,21,1.8157894736842106,0.18421052631578946
CUB,3,999,21,2.56,0.04
CUB,4,999,21,2.8947368421052633,0.0
CUB,5,999,21,3.4,0.0
CUB,2,999,22,1.868421052631579,0.13157894736842105
CUB,3,999,22,2.48,0.04
CUB,4,999,22,3.210526315789474,0.0
CUB,5,999,22,3.466666666666667,0.0
CUB,2,999,23,1.8421052631578947,0.15789473684210525
CUB,3,999,23,2.4,0.0
CUB,4,999,23,3.0,0.0
CUB,5,999,23,3.4,0.0
CUB,2,999,24,1.8421052631578947,0.15789473684210525
CUB,3,999,24,2.64,0.0
CUB,4,999,24,3.1052631578947367,0.0
CUB,5,999,24,3.3333333333333335,0.0
CUB,2,999,25,1.763157894736842,0.23684210526315788
CUB,3,999,25,2.4,0.0
CUB,4,999,25,2.736842105263158,0.0
CUB,5,999,25,3.066666666666667,0.0
CUB,2,999,26,1.8421052631578947,0.15789473684210525
CUB,3,999,26,2.56,0.04
CUB,4,999,26,2.736842105263158,0.0
CUB,5,999,26,3.066666666666667,0.0
CUB,2,999,27,1.8421052631578947,0.15789473684210525
CUB,3,999,27,2.56,0.04
CUB,4,999,27,2.8421052631578947,0.05263157894736842
CUB,5,999,27,3.2,0.0
CUB,2,999,28,1.7105263157894737,0.2894736842105263
CUB,3,999,28,2.36,0.0
CUB,4,999,28,2.789473684210526,0.0
CUB,5,999,28,3.2,0.0
CUB,2,999,29,1.8421052631578947,0.15789473684210525
CUB,3,999,29,2.52,0.0
CUB,4,999,29,3.1578947368421053,0.0
CUB,5,999,29,3.4,0.0
CUB,2,999,30,1.8157894736842106,0.18421052631578946
CUB,3,999,30,2.6,0.0
CUB,4,999,30,3.263157894736842,0.0
CUB,5,999,30,3.533333333333333,0.0
CUB,2,999,31,1.763157894736842,0.23684210526315788
CUB,3,999,31,2.48,0.08
CUB,4,999,31,2.8421052631578947,0.0
CUB,5,999,31,3.466666666666667,0.0
CUB,2,999,32,1.868421052631579,0.13157894736842105
CUB,3,999,32,2.4,0.08
CUB,4,999,32,2.9473684210526314,0.0
CUB,5,999,32,3.466666666666667,0.0
CUB,2,999,33,1.868421052631579,0.13157894736842105
CUB,3,999,33,2.56,0.0
CUB,4,999,33,2.9473684210526314,0.0
CUB,5,999,33,3.466666666666667,0.0
CUB,2,999,34,1.8421052631578947,0.15789473684210525
CUB,3,999,34,2.44,0.0
CUB,4,999,34,3.1052631578947367,0.0
CUB,5,999,34,3.2666666666666666,0.0
CUB,2,999,35,1.8421052631578947,0.15789473684210525
CUB,3,999,35,2.64,0.08
CUB,4,999,35,3.0,0.0
CUB,5,999,35,3.7333333333333334,0.0
CUB,2,999,36,1.763157894736842,0.23684210526315788
CUB,3,999,36,2.48,0.04
CUB,4,999,36,2.8947368421052633,0.0
CUB,5,999,36,3.3333333333333335,0.0
CUB,2,999,37,1.8157894736842106,0.18421052631578946
CUB,3,999,37,2.32,0.0
CUB,4,999,37,2.9473684210526314,0.0
CUB,5,999,37,3.466666666666667,0.0
CUB,2,999,38,1.8421052631578947,0.15789473684210525
CUB,3,999,38,2.56,0.0
CUB,4,999,38,3.1052631578947367,0.0
CUB,5,999,38,3.6,0.0
CUB,2,999,39,1.8157894736842106,0.18421052631578946
CUB,3,999,39,2.64,0.0
CUB,4,999,39,2.8421052631578947,0.0
CUB,5,999,39,3.2666666666666666,0.0
CUB,2,999,40,1.7894736842105263,0.21052631578947367
CUB,3,999,40,2.48,0.0
CUB,4,999,40,3.0,0.0
CUB,5,999,40,3.466666666666667,0.0
CUB,2,999,41,1.7105263157894737,0.2894736842105263
CUB,3,999,41,2.28,0.08
CUB,4,999,41,2.789473684210526,0.05263157894736842
CUB,5,999,41,3.3333333333333335,0.0
CUB,2,999,42,1.8157894736842106,0.18421052631578946
CUB,3,999,42,2.52,0.04
CUB,4,999,42,3.0526315789473686,0.0
CUB,5,999,42,3.533333333333333,0.0
CUB,2,999,43,1.8157894736842106,0.18421052631578946
CUB,3,999,43,2.48,0.04
CUB,4,999,43,3.0526315789473686,0.0
CUB,5,999,43,3.533333333333333,0.0
CUB,2,999,44,1.763157894736842,0.23684210526315788
CUB,3,999,44,2.44,0.08
CUB,4,999,44,2.789473684210526,0.05263157894736842
CUB,5,999,44,3.2666666666666666,0.0
CUB,2,999,45,1.763157894736842,0.23684210526315788
CUB,3,999,45,2.4,0.04
CUB,4,999,45,2.8421052631578947,0.0
CUB,5,999,45,3.6666666666666665,0.0
CUB,2,999,46,1.868421052631579,0.13157894736842105
CUB,3,999,46,2.52,0.12
CUB,4,999,46,2.8421052631578947,0.0
CUB,5,999,46,3.3333333333333335,0.0
CUB,2,999,47,1.8157894736842106,0.18421052631578946
CUB,3,999,47,2.4,0.08
CUB,4,999,47,3.0526315789473686,0.0
CUB,5,999,47,3.4,0.0
CUB,2,999,48,1.868421052631579,0.13157894736842105
CUB,3,999,48,2.6,0.0
CUB,4,999,48,3.1578947368421053,0.0
CUB,5,999,48,3.3333333333333335,0.0
CUB,2,999,49,1.7894736842105263,0.21052631578947367
CUB,3,999,49,2.44,0.04
CUB,4,999,49,3.0526315789473686,0.0
CUB,5,999,49,3.466666666666667,0.0
CUB,2,999,50,1.8157894736842106,0.18421052631578946
CUB,3,999,50,2.56,0.0
CUB,4,999,50,3.1052631578947367,0.0
CUB,5,999,50,3.533333333333333,0.0
CUB,2,999,51,1.8421052631578947,0.15789473684210525
CUB,3,999,51,2.4,0.0
CUB,4,999,51,3.0526315789473686,0.0
CUB,5,999,51,3.2,0.0
CUB,2,999,52,1.8157894736842106,0.18421052631578946
CUB,3,999,52,2.44,0.0
CUB,4,999,52,3.1052631578947367,0.0
CUB,5,999,52,3.3333333333333335,0.0
CUB,2,999,53,1.6842105263157894,0.3157894736842105
CUB,3,999,53,2.44,0.04
CUB,4,999,53,2.8421052631578947,0.0
CUB,5,999,53,3.1333333333333333,0.0
CUB,2,999,54,1.7105263157894737,0.2894736842105263
CUB,3,999,54,2.52,0.04
CUB,4,999,54,2.6315789473684212,0.05263157894736842
CUB,5,999,54,3.2,0.0
CUB,2,999,55,1.7894736842105263,0.21052631578947367
CUB,3,999,55,2.52,0.0
CUB,4,999,55,3.0,0.0
CUB,5,999,55,3.7333333333333334,0.0
CUB,2,999,56,1.7894736842105263,0.21052631578947367
CUB,3,999,56,2.44,0.0
CUB,4,999,56,2.9473684210526314,0.0
CUB,5,999,56,3.466666666666667,0.0
CUB,2,999,57,1.7894736842105263,0.21052631578947367
CUB,3,999,57,2.48,0.0
CUB,4,999,57,2.736842105263158,0.0
CUB,5,999,57,3.2,0.0
CUB,2,999,58,1.763157894736842,0.23684210526315788
CUB,3,999,58,2.48,0.08
CUB,4,999,58,3.0526315789473686,0.05263157894736842
CUB,5,999,58,3.533333333333333,0.0
CUB,2,999,59,1.8157894736842106,0.18421052631578946
CUB,3,999,59,2.6,0.0
CUB,4,999,59,2.736842105263158,0.05263157894736842
CUB,5,999,59,3.2,0.0
CUB,2,999,60,1.868421052631579,0.13157894736842105
CUB,3,999,60,2.36,0.04
CUB,4,999,60,2.9473684210526314,0.0
CUB,5,999,60,3.1333333333333333,0.0
CUB,2,999,61,1.8157894736842106,0.18421052631578946
CUB,3,999,61,2.72,0.0
CUB,4,999,61,3.263157894736842,0.0
CUB,5,999,61,3.8,0.0
CUB,2,999,62,1.8421052631578947,0.15789473684210525
CUB,3,999,62,2.52,0.04
CUB,4,999,62,3.1578947368421053,0.0
CUB,5,999,62,3.4,0.0
CUB,2,999,63,1.8157894736842106,0.18421052631578946
CUB,3,999,63,2.76,0.0
CUB,4,999,63,3.263157894736842,0.0
CUB,5,999,63,3.533333333333333,0.0
CUB,2,999,64,1.8421052631578947,0.15789473684210525
CUB,3,999,64,2.56,0.04
CUB,4,999,64,3.0526315789473686,0.0
CUB,5,999,64,3.533333333333333,0.0
CUB,2,999,65,1.8157894736842106,0.18421052631578946
CUB,3,999,65,2.64,0.0
CUB,4,999,65,2.9473684210526314,0.0
CUB,5,999,65,3.6,0.0
CUB,2,999,66,1.763157894736842,0.23684210526315788
CUB,3,999,66,2.36,0.04
CUB,4,999,66,2.8947368421052633,0.0
CUB,5,999,66,3.2666666666666666,0.0
CUB,2,999,67,1.8157894736842106,0.18421052631578946
CUB,3,999,67,2.44,0.08
CUB,4,999,67,3.1052631578947367,0.05263157894736842
CUB,5,999,67,3.533333333333333,0.0
CUB,2,999,68,1.8421052631578947,0.15789473684210525
CUB,3,999,68,2.44,0.04
CUB,4,999,68,3.263157894736842,0.0
CUB,5,999,68,4.066666666666666,0.0
CUB,2,999,69,1.7894736842105263,0.21052631578947367
CUB,3,999,69,2.48,0.04
CUB,4,999,69,3.1578947368421053,0.05263157894736842
CUB,5,999,69,3.533333333333333,0.0
CUB,2,999,70,1.8421052631578947,0.15789473684210525
CUB,3,999,70,2.36,0.04
CUB,4,999,70,2.9473684210526314,0.0
CUB,5,999,70,3.2,0.0
CUB,2,999,71,1.7105263157894737,0.2894736842105263
CUB,3,999,71,2.36,0.08
CUB,4,999,71,2.789473684210526,0.0
CUB,5,999,71,3.2666666666666666,0.0
CUB,2,999,72,1.8157894736842106,0.18421052631578946
CUB,3,999,72,2.44,0.08
CUB,4,999,72,3.0,0.0
CUB,5,999,72,3.466666666666667,0.0
CUB,2,999,73,1.7894736842105263,0.21052631578947367
CUB,3,999,73,2.44,0.04
CUB,4,999,73,3.1052631578947367,0.0
CUB,5,999,73,3.3333333333333335,0.0
CUB,2,999,74,1.868421052631579,0.13157894736842105
CUB,3,999,74,2.6,0.0
CUB,4,999,74,3.1578947368421053,0.0
CUB,5,999,74,3.7333333333333334,0.0
CUB,2,999,75,1.763157894736842,0.23684210526315788
CUB,3,999,75,2.44,0.04
CUB,4,999,75,3.0526315789473686,0.0
CUB,5,999,75,3.6,0.0
CUB,2,999,76,1.7894736842105263,0.21052631578947367
CUB,3,999,76,2.36,0.0
CUB,4,999,76,2.9473684210526314,0.0
CUB,5,999,76,3.466666666666667,0.0
CUB,2,999,77,1.8421052631578947,0.15789473684210525
CUB,3,999,77,2.36,0.0
CUB,4,999,77,2.8947368421052633,0.0
CUB,5,999,77,3.6666666666666665,0.0
CUB,2,999,78,1.736842105263158,0.2631578947368421
CUB,3,999,78,2.56,0.04
CUB,4,999,78,3.1578947368421053,0.05263157894736842
CUB,5,999,78,3.4,0.0
CUB,2,999,79,1.7105263157894737,0.2894736842105263
CUB,3,999,79,2.2,0.08
CUB,4,999,79,2.6315789473684212,0.0
CUB,5,999,79,3.6,0.0
CUB,2,999,80,1.8421052631578947,0.15789473684210525
CUB,3,999,80,2.52,0.04
CUB,4,999,80,3.0,0.0
CUB,5,999,80,3.466666666666667,0.0
CUB,2,999,81,1.763157894736842,0.23684210526315788
CUB,3,999,81,2.32,0.12
CUB,4,999,81,3.0,0.05263157894736842
CUB,5,999,81,3.4,0.0
CUB,2,999,82,1.763157894736842,0.23684210526315788
CUB,3,999,82,2.48,0.0
CUB,4,999,82,2.8947368421052633,0.0
CUB,5,999,82,3.466666666666667,0.0
CUB,2,999,83,1.736842105263158,0.2631578947368421
CUB,3,999,83,2.56,0.0
CUB,4,999,83,2.8947368421052633,0.0
CUB,5,999,83,3.3333333333333335,0.0
CUB,2,999,84,1.7894736842105263,0.21052631578947367
CUB,3,999,84,2.44,0.0
CUB,4,999,84,3.0,0.0
CUB,5,999,84,3.2,0.0
CUB,2,999,85,1.8421052631578947,0.15789473684210525
CUB,3,999,85,2.44,0.04
CUB,4,999,85,3.263157894736842,0.0
CUB,5,999,85,3.7333333333333334,0.0
CUB,2,999,86,1.763157894736842,0.23684210526315788
CUB,3,999,86,2.36,0.08
CUB,4,999,86,2.789473684210526,0.0
CUB,5,999,86,3.4,0.0
CUB,2,999,87,1.7894736842105263,0.21052631578947367
CUB,3,999,87,2.44,0.04
CUB,4,999,87,3.1052631578947367,0.0
CUB,5,999,87,3.533333333333333,0.0
CUB,2,999,88,1.763157894736842,0.23684210526315788
CUB,3,999,88,2.44,0.08
CUB,4,999,88,3.0526315789473686,0.0
CUB,5,999,88,3.2666666666666666,0.0
CUB,2,999,89,1.5789473684210527,0.42105263157894735
CUB,3,999,89,2.4,0.04
CUB,4,999,89,2.6315789473684212,0.05263157894736842
CUB,5,999,89,3.2666666666666666,0.0
CUB,2,999,90,1.8421052631578947,0.15789473684210525
CUB,3,999,90,2.6,0.0
CUB,4,999,90,2.9473684210526314,0.0
CUB,5,999,90,3.466666666666667,0.0
CUB,2,999,91,1.8421052631578947,0.15789473684210525
CUB,3,999,91,2.44,0.0
CUB,4,999,91,3.0,0.0
CUB,5,999,91,3.466666666666667,0.0
CUB,2,999,92,1.868421052631579,0.13157894736842105
CUB,3,999,92,2.4,0.04
CUB,4,999,92,3.210526315789474,0.0
CUB,5,999,92,3.3333333333333335,0.0
CUB,2,999,93,1.7894736842105263,0.21052631578947367
CUB,3,999,93,2.48,0.04
CUB,4,999,93,2.8947368421052633,0.0
CUB,5,999,93,3.2666666666666666,0.0
CUB,2,999,94,1.8421052631578947,0.15789473684210525
CUB,3,999,94,2.44,0.0
CUB,4,999,94,3.0,0.0
CUB,5,999,94,3.533333333333333,0.0
CUB,2,999,95,1.7105263157894737,0.2894736842105263
CUB,3,999,95,2.4,0.04
CUB,4,999,95,2.8421052631578947,0.0
CUB,5,999,95,3.4,0.0
CUB,2,999,96,1.868421052631579,0.13157894736842105
CUB,3,999,96,2.4,0.04
CUB,4,999,96,3.1052631578947367,0.0
CUB,5,999,96,3.466666666666667,0.0
CUB,2,999,97,1.8157894736842106,0.18421052631578946
CUB,3,999,97,2.56,0.0
CUB,4,999,97,3.263157894736842,0.0
CUB,5,999,97,3.6666666666666665,0.0
CUB,2,999,98,1.736842105263158,0.2631578947368421
CUB,3,999,98,2.28,0.08
CUB,4,999,98,3.0526315789473686,0.0
CUB,5,999,98,3.2,0.0
CUB,2,999,99,1.8421052631578947,0.15789473684210525
CUB,3,999,99,2.52,0.04
CUB,4,999,99,3.1052631578947367,0.0
CUB,5,999,99,3.533333333333333,0.0
CUB,2,999,100,1.8157894736842106,0.18421052631578946
CUB,3,999,100,2.68,0.0
CUB,4,999,100,3.1578947368421053,0.0
CUB,5,999,100,3.466666666666667,0.0
CUB,2,999,101,1.868421052631579,0.13157894736842105
CUB,3,999,101,2.4,0.0
CUB,4,999,101,2.8421052631578947,0.0
CUB,5,999,101,3.2,0.0
CUB,2,999,102,1.7894736842105263,0.21052631578947367
CUB,3,999,102,2.6,0.04
CUB,4,999,102,3.0526315789473686,0.0
CUB,5,999,102,3.8,0.0
CUB,2,999,103,1.736842105263158,0.2631578947368421
CUB,3,999,103,2.24,0.12
CUB,4,999,103,2.8421052631578947,0.05263157894736842
CUB,5,999,103,3.3333333333333335,0.0
CUB,2,999,104,1.7894736842105263,0.21052631578947367
CUB,3,999,104,2.52,0.0
CUB,4,999,104,3.0526315789473686,0.0
CUB,5,999,104,3.533333333333333,0.0
CUB,2,999,105,1.763157894736842,0.23684210526315788
CUB,3,999,105,2.4,0.0
CUB,4,999,105,3.1052631578947367,0.0
CUB,5,999,105,3.2,0.0
CUB,2,999,106,1.763157894736842,0.23684210526315788
CUB,3,999,106,2.48,0.08
CUB,4,999,106,3.0,0.0
CUB,5,999,106,3.466666666666667,0.06666666666666667
CUB,2,999,107,1.736842105263158,0.2631578947368421
CUB,3,999,107,2.52,0.0
CUB,4,999,107,2.9473684210526314,0.0
CUB,5,999,107,3.1333333333333333,0.0
CUB,2,999,108,1.7894736842105263,0.21052631578947367
CUB,3,999,108,2.6,0.04
CUB,4,999,108,3.0,0.0
CUB,5,999,108,3.6666666666666665,0.0
CUB,2,999,109,1.7105263157894737,0.2894736842105263
CUB,3,999,109,2.4,0.04
CUB,4,999,109,2.6842105263157894,0.0
CUB,5,999,109,3.066666666666667,0.0
CUB,2,999,110,1.763157894736842,0.23684210526315788
CUB,3,999,110,2.48,0.04
CUB,4,999,110,2.8421052631578947,0.0
CUB,5,999,110,3.7333333333333334,0.0
CUB,2,999,111,1.763157894736842,0.23684210526315788
CUB,3,999,111,2.48,0.04
CUB,4,999,111,2.8421052631578947,0.0
CUB,5,999,111,3.533333333333333,0.0
CUB,2,999,112,1.736842105263158,0.2631578947368421
CUB,3,999,112,2.4,0.0
CUB,4,999,112,2.8947368421052633,0.0
CUB,5,999,112,3.2666666666666666,0.0
CUB,2,999,113,1.8421052631578947,0.15789473684210525
CUB,3,999,113,2.56,0.0
CUB,4,999,113,3.1052631578947367,0.0
CUB,5,999,113,3.466666666666667,0.0
CUB,2,999,114,1.7105263157894737,0.2894736842105263
CUB,3,999,114,2.28,0.0
CUB,4,999,114,2.789473684210526,0.0
CUB,5,999,114,3.3333333333333335,0.0
CUB,2,999,115,1.8157894736842106,0.18421052631578946
CUB,3,999,115,2.52,0.04
CUB,4,999,115,3.210526315789474,0.0
CUB,5,999,115,3.466666666666667,0.0
CUB,2,999,116,1.7894736842105263,0.21052631578947367
CUB,3,999,116,2.48,0.0
CUB,4,999,116,2.8421052631578947,0.0
CUB,5,999,116,3.2,0.0
CUB,2,999,117,1.8421052631578947,0.15789473684210525
CUB,3,999,117,2.56,0.0
CUB,4,999,117,3.0526315789473686,0.0
CUB,5,999,117,3.533333333333333,0.0
CUB,2,999,118,1.736842105263158,0.2631578947368421
CUB,3,999,118,2.6,0.04
CUB,4,999,118,3.0526315789473686,0.0
CUB,5,999,118,3.3333333333333335,0.0
CUB,2,999,119,1.8421052631578947,0.15789473684210525
CUB,3,999,119,2.52,0.04
CUB,4,999,119,3.0,0.0
CUB,5,999,119,3.3333333333333335,0.0
CUB,2,999,120,1.8157894736842106,0.18421052631578946
CUB,3,999,120,2.6,0.04
CUB,4,999,120,2.9473684210526314,0.0
CUB,5,999,120,3.466666666666667,0.0
CUB,2,999,121,1.8421052631578947,0.15789473684210525
CUB,3,999,121,2.48,0.08
CUB,4,999,121,3.0526315789473686,0.0
CUB,5,999,121,3.8666666666666667,0.0
CUB,2,999,122,1.736842105263158,0.2631578947368421
CUB,3,999,122,2.44,0.08
CUB,4,999,122,2.789473684210526,0.0
CUB,5,999,122,3.3333333333333335,0.0
CUB,2,999,123,1.763157894736842,0.23684210526315788
CUB,3,999,123,2.4,0.04
CUB,4,999,123,2.8947368421052633,0.0
CUB,5,999,123,3.466666666666667,0.0
CUB,2,999,124,1.8157894736842106,0.18421052631578946
CUB,3,999,124,2.6,0.0
CUB,4,999,124,3.0,0.0
CUB,5,999,124,3.6666666666666665,0.0
CUB,2,999,125,1.7894736842105263,0.21052631578947367
CUB,3,999,125,2.32,0.04
CUB,4,999,125,2.789473684210526,0.0
CUB,5,999,125,3.466666666666667,0.0
CUB,2,999,126,1.8421052631578947,0.15789473684210525
CUB,3,999,126,2.68,0.0
CUB,4,999,126,3.263157894736842,0.0
CUB,5,999,126,3.8,0.0
CUB,2,999,127,1.8421052631578947,0.15789473684210525
CUB,3,999,127,2.48,0.04
CUB,4,999,127,3.1052631578947367,0.0
CUB,5,999,127,3.8,0.0
CUB,2,999,128,1.8421052631578947,0.15789473684210525
CUB,3,999,128,2.44,0.0
CUB,4,999,128,2.8947368421052633,0.0
CUB,5,999,128,3.533333333333333,0.0
CUB,2,999,129,1.7105263157894737,0.2894736842105263
CUB,3,999,129,2.64,0.04
CUB,4,999,129,3.1578947368421053,0.0
CUB,5,999,129,3.6,0.0
CUB,2,999,130,1.894736842105263,0.10526315789473684
CUB,3,999,130,2.56,0.04
CUB,4,999,130,3.1578947368421053,0.0
CUB,5,999,130,3.533333333333333,0.0
CUB,2,999,131,1.763157894736842,0.23684210526315788
CUB,3,999,131,2.6,0.0
CUB,4,999,131,2.8421052631578947,0.0
CUB,5,999,131,3.4,0.0
CUB,2,999,132,1.7894736842105263,0.21052631578947367
CUB,3,999,132,2.48,0.0
CUB,4,999,132,3.0,0.0
CUB,5,999,132,3.3333333333333335,0.0
CUB,2,999,133,1.763157894736842,0.23684210526315788
CUB,3,999,133,2.4,0.04
CUB,4,999,133,2.9473684210526314,0.0
CUB,5,999,133,3.1333333333333333,0.0
CUB,2,999,134,1.7894736842105263,0.21052631578947367
CUB,3,999,134,2.48,0.0
CUB,4,999,134,2.9473684210526314,0.0
CUB,5,999,134,3.466666666666667,0.0
CUB,2,999,135,1.8157894736842106,0.18421052631578946
CUB,3,999,135,2.48,0.08
CUB,4,999,135,3.0526315789473686,0.05263157894736842
CUB,5,999,135,3.466666666666667,0.0
CUB,2,999,136,1.8421052631578947,0.15789473684210525
CUB,3,999,136,2.36,0.04
CUB,4,999,136,2.789473684210526,0.0
CUB,5,999,136,3.466666666666667,0.0
CUB,2,999,137,1.7894736842105263,0.21052631578947367
CUB,3,999,137,2.48,0.0
CUB,4,999,137,2.8947368421052633,0.0
CUB,5,999,137,3.2666666666666666,0.0
CUB,2,999,138,1.8157894736842106,0.18421052631578946
CUB,3,999,138,2.4,0.0
CUB,4,999,138,3.0,0.0
CUB,5,999,138,3.4,0.0
CUB,2,999,139,1.8157894736842106,0.18421052631578946
CUB,3,999,139,2.52,0.0
CUB,4,999,139,3.0,0.0
CUB,5,999,139,3.4,0.0
CUB,2,999,140,1.763157894736842,0.23684210526315788
CUB,3,999,140,2.44,0.04
CUB,4,999,140,3.0526315789473686,0.0
CUB,5,999,140,3.466666666666667,0.0
CUB,2,999,141,1.8421052631578947,0.15789473684210525
CUB,3,999,141,2.4,0.0
CUB,4,999,141,3.210526315789474,0.0
CUB,5,999,141,3.3333333333333335,0.0
CUB,2,999,142,1.763157894736842,0.23684210526315788
CUB,3,999,142,2.32,0.16
CUB,4,999,142,3.0526315789473686,0.0
CUB,5,999,142,3.2666666666666666,0.0
CUB,2,999,143,1.8157894736842106,0.18421052631578946
CUB,3,999,143,2.48,0.08
CUB,4,999,143,2.8947368421052633,0.0
CUB,5,999,143,3.533333333333333,0.0
CUB,2,999,144,1.868421052631579,0.13157894736842105
CUB,3,999,144,2.56,0.0
CUB,4,999,144,3.0526315789473686,0.0
CUB,5,999,144,3.6,0.0
CUB,2,999,145,1.8157894736842106,0.18421052631578946
CUB,3,999,145,2.68,0.04
CUB,4,999,145,2.9473684210526314,0.0
CUB,5,999,145,3.466666666666667,0.0
CUB,2,999,146,1.8157894736842106,0.18421052631578946
CUB,3,999,146,2.52,0.04
CUB,4,999,146,3.0526315789473686,0.0
CUB,5,999,146,3.3333333333333335,0.0
CUB,2,999,147,1.868421052631579,0.13157894736842105
CUB,3,999,147,2.48,0.0
CUB,4,999,147,3.1052631578947367,0.0
CUB,5,999,147,3.6,0.0
CUB,2,999,148,1.736842105263158,0.2631578947368421
CUB,3,999,148,2.52,0.08
CUB,4,999,148,2.9473684210526314,0.0
CUB,5,999,148,3.4,0.0
CUB,2,999,149,1.6578947368421053,0.34210526315789475
CUB,3,999,149,2.48,0.0
CUB,4,999,149,2.736842105263158,0.0
CUB,5,999,149,3.3333333333333335,0.0
CUB,2,999,150,1.763157894736842,0.23684210526315788
CUB,3,999,150,2.4,0.08
CUB,4,999,150,3.1578947368421053,0.0
CUB,5,999,150,3.6,0.0
CUB,2,999,151,1.631578947368421,0.3684210526315789
CUB,3,999,151,2.4,0.04
CUB,4,999,151,2.736842105263158,0.05263157894736842
CUB,5,999,151,3.466666666666667,0.0
CUB,2,999,152,1.8157894736842106,0.18421052631578946
CUB,3,999,152,2.44,0.0
CUB,4,999,152,3.0,0.0
CUB,5,999,152,3.2,0.0
CUB,2,999,153,1.736842105263158,0.2631578947368421
CUB,3,999,153,2.36,0.08
CUB,4,999,153,3.0,0.0
CUB,5,999,153,3.466666666666667,0.0
CUB,2,999,154,1.7894736842105263,0.21052631578947367
CUB,3,999,154,2.48,0.0
CUB,4,999,154,3.1052631578947367,0.0
CUB,5,999,154,3.7333333333333334,0.0
CUB,2,999,155,1.736842105263158,0.2631578947368421
CUB,3,999,155,2.4,0.08
CUB,4,999,155,2.8947368421052633,0.05263157894736842
CUB,5,999,155,3.4,0.0
CUB,2,999,156,1.8421052631578947,0.15789473684210525
CUB,3,999,156,2.56,0.0
CUB,4,999,156,3.1052631578947367,0.0
CUB,5,999,156,3.2666666666666666,0.0
CUB,2,999,157,1.7894736842105263,0.21052631578947367
CUB,3,999,157,2.52,0.08
CUB,4,999,157,3.0526315789473686,0.0
CUB,5,999,157,3.533333333333333,0.0
CUB,2,999,158,1.6578947368421053,0.34210526315789475
CUB,3,999,158,2.32,0.12
CUB,4,999,158,2.6842105263157894,0.05263157894736842
CUB,5,999,158,3.3333333333333335,0.0
CUB,2,999,159,1.868421052631579,0.13157894736842105
CUB,3,999,159,2.4,0.04
CUB,4,999,159,3.210526315789474,0.0
CUB,5,999,159,3.6666666666666665,0.0
CUB,2,999,160,1.894736842105263,0.10526315789473684
CUB,3,999,160,2.6,0.0
CUB,4,999,160,3.210526315789474,0.0
CUB,5,999,160,3.4,0.0
CUB,2,999,161,1.894736842105263,0.10526315789473684
CUB,3,999,161,2.48,0.04
CUB,4,999,161,3.210526315789474,0.05263157894736842
CUB,5,999,161,3.6666666666666665,0.0
CUB,2,999,162,1.736842105263158,0.2631578947368421
CUB,3,999,162,2.48,0.04
CUB,4,999,162,2.8947368421052633,0.0
CUB,5,999,162,3.533333333333333,0.0
CUB,2,999,163,1.7894736842105263,0.21052631578947367
CUB,3,999,163,2.4,0.04
CUB,4,999,163,3.1052631578947367,0.0
CUB,5,999,163,3.2,0.0
CUB,2,999,164,1.8157894736842106,0.18421052631578946
CUB,3,999,164,2.56,0.0
CUB,4,999,164,3.0,0.0
CUB,5,999,164,3.533333333333333,0.0
CUB,2,999,165,1.8421052631578947,0.15789473684210525
CUB,3,999,165,2.56,0.0
CUB,4,999,165,3.3684210526315788,0.0
CUB,5,999,165,3.6,0.0
CUB,2,999,166,1.7894736842105263,0.21052631578947367
CUB,3,999,166,2.44,0.0
CUB,4,999,166,3.1052631578947367,0.0
CUB,5,999,166,3.466666666666667,0.0
CUB,2,999,167,1.736842105263158,0.2631578947368421
CUB,3,999,167,2.32,0.08
CUB,4,999,167,2.8421052631578947,0.05263157894736842
CUB,5,999,167,3.2,0.0
CUB,2,999,168,1.763157894736842,0.23684210526315788
CUB,3,999,168,2.52,0.04
CUB,4,999,168,3.0526315789473686,0.0
CUB,5,999,168,3.6666666666666665,0.0
CUB,2,999,169,1.7894736842105263,0.21052631578947367
CUB,3,999,169,2.44,0.0
CUB,4,999,169,3.0526315789473686,0.0
CUB,5,999,169,3.533333333333333,0.0
CUB,2,999,170,1.763157894736842,0.23684210526315788
CUB,3,999,170,2.6,0.0
CUB,4,999,170,2.8421052631578947,0.0
CUB,5,999,170,3.4,0.0
CUB,2,999,171,1.736842105263158,0.2631578947368421
CUB,3,999,171,2.44,0.04
CUB,4,999,171,2.8421052631578947,0.0
CUB,5,999,171,3.0,0.0
CUB,2,999,172,1.763157894736842,0.23684210526315788
CUB,3,999,172,2.44,0.08
CUB,4,999,172,3.0,0.05263157894736842
CUB,5,999,172,3.4,0.0
CUB,2,999,173,1.8157894736842106,0.18421052631578946
CUB,3,999,173,2.32,0.08
CUB,4,999,173,3.1578947368421053,0.0
CUB,5,999,173,3.533333333333333,0.0
CUB,2,999,174,1.763157894736842,0.23684210526315788
CUB,3,999,174,2.56,0.0
CUB,4,999,174,2.8947368421052633,0.0
CUB,5,999,174,3.4,0.0
CUB,2,999,175,1.631578947368421,0.3684210526315789
CUB,3,999,175,2.24,0.16
CUB,4,999,175,2.8421052631578947,0.05263157894736842
CUB,5,999,175,3.066666666666667,0.0
CUB,2,999,176,1.7894736842105263,0.21052631578947367
CUB,3,999,176,2.44,0.0
CUB,4,999,176,2.9473684210526314,0.0
CUB,5,999,176,3.466666666666667,0.0
CUB,2,999,177,1.7105263157894737,0.2894736842105263
CUB,3,999,177,2.24,0.12
CUB,4,999,177,2.736842105263158,0.0
CUB,5,999,177,3.1333333333333333,0.0
CUB,2,999,178,1.763157894736842,0.23684210526315788
CUB,3,999,178,2.52,0.04
CUB,4,999,178,3.1578947368421053,0.0
CUB,5,999,178,3.6,0.0
CUB,2,999,179,1.763157894736842,0.23684210526315788
CUB,3,999,179,2.56,0.0
CUB,4,999,179,2.8947368421052633,0.0
CUB,5,999,179,3.4,0.0
CUB,2,999,180,1.736842105263158,0.2631578947368421
CUB,3,999,180,2.4,0.0
CUB,4,999,180,2.8421052631578947,0.0
CUB,5,999,180,3.2,0.0
CUB,2,999,181,1.8157894736842106,0.18421052631578946
CUB,3,999,181,2.56,0.0
CUB,4,999,181,3.0,0.0
CUB,5,999,181,3.533333333333333,0.0
CUB,2,999,182,1.8421052631578947,0.15789473684210525
CUB,3,999,182,2.52,0.04
CUB,4,999,182,3.1578947368421053,0.0
CUB,5,999,182,3.6,0.0
CUB,2,999,183,1.8421052631578947,0.15789473684210525
CUB,3,999,183,2.44,0.0
CUB,4,999,183,3.1578947368421053,0.0
CUB,5,999,183,3.4,0.0
CUB,2,999,184,1.736842105263158,0.2631578947368421
CUB,3,999,184,2.32,0.08
CUB,4,999,184,2.8421052631578947,0.05263157894736842
CUB,5,999,184,3.4,0.0
CUB,2,999,185,1.7105263157894737,0.2894736842105263
CUB,3,999,185,2.32,0.12
CUB,4,999,185,2.6842105263157894,0.10526315789473684
CUB,5,999,185,3.2666666666666666,0.0
CUB,2,999,186,1.736842105263158,0.2631578947368421
CUB,3,999,186,2.36,0.04
CUB,4,999,186,2.6842105263157894,0.0
CUB,5,999,186,3.4,0.0
CUB,2,999,187,1.8157894736842106,0.18421052631578946
CUB,3,999,187,2.4,0.04
CUB,4,999,187,2.9473684210526314,0.0
CUB,5,999,187,3.1333333333333333,0.0
CUB,2,999,188,1.8421052631578947,0.15789473684210525
CUB,3,999,188,2.48,0.0
CUB,4,999,188,2.9473684210526314,0.0
CUB,5,999,188,3.4,0.0
CUB,2,999,189,1.8421052631578947,0.15789473684210525
CUB,3,999,189,2.4,0.04
CUB,4,999,189,2.9473684210526314,0.0
CUB,5,999,189,3.2,0.0
CUB,2,999,190,1.8421052631578947,0.15789473684210525
CUB,3,999,190,2.56,0.0
CUB,4,999,190,3.0526315789473686,0.0
CUB,5,999,190,3.3333333333333335,0.0
CUB,2,999,191,1.763157894736842,0.23684210526315788
CUB,3,999,191,2.36,0.04
CUB,4,999,191,2.6842105263157894,0.0
CUB,5,999,191,3.1333333333333333,0.0
CUB,2,999,192,1.8421052631578947,0.15789473684210525
CUB,3,999,192,2.64,0.04
CUB,4,999,192,3.0526315789473686,0.0
CUB,5,999,192,3.6,0.0
CUB,2,999,193,1.763157894736842,0.23684210526315788
CUB,3,999,193,2.44,0.04
CUB,4,999,193,3.0,0.0
CUB,5,999,193,3.533333333333333,0.0
CUB,2,999,194,1.8157894736842106,0.18421052631578946
CUB,3,999,194,2.56,0.04
CUB,4,999,194,3.1052631578947367,0.0
CUB,5,999,194,3.4,0.0
CUB,2,999,195,1.6842105263157894,0.3157894736842105
CUB,3,999,195,2.28,0.08
CUB,4,999,195,2.736842105263158,0.0
CUB,5,999,195,3.1333333333333333,0.0
CUB,2,999,196,1.7894736842105263,0.21052631578947367
CUB,3,999,196,2.32,0.12
CUB,4,999,196,3.0526315789473686,0.05263157894736842
CUB,5,999,196,3.2666666666666666,0.06666666666666667
CUB,2,999,197,1.6578947368421053,0.34210526315789475
CUB,3,999,197,2.32,0.0
CUB,4,999,197,2.736842105263158,0.0
CUB,5,999,197,3.466666666666667,0.0
CUB,2,999,198,1.7894736842105263,0.21052631578947367
CUB,3,999,198,2.28,0.08
CUB,4,999,198,2.8947368421052633,0.0
CUB,5,999,198,3.3333333333333335,0.0
CUB,2,999,199,1.8421052631578947,0.15789473684210525
CUB,3,999,199,2.36,0.0
CUB,4,999,199,2.8421052631578947,0.0
CUB,5,999,199,3.2,0.0
CUB,2,999,200,1.736842105263158,0.2631578947368421
CUB,3,999,200,2.24,0.0
CUB,4,999,200,2.8421052631578947,0.0
CUB,5,999,200,3.2666666666666666,0.0
CUB,2,999,201,1.6842105263157894,0.3157894736842105
CUB,3,999,201,2.44,0.04
CUB,4,999,201,3.0,0.0
CUB,5,999,201,3.466666666666667,0.0
CUB,2,999,202,1.8157894736842106,0.18421052631578946
CUB,3,999,202,2.52,0.0
CUB,4,999,202,3.0526315789473686,0.0
CUB,5,999,202,3.6,0.0
CUB,2,999,203,1.7105263157894737,0.2894736842105263
CUB,3,999,203,2.28,0.12
CUB,4,999,203,2.9473684210526314,0.0
CUB,5,999,203,3.466666666666667,0.0
CUB,2,999,204,1.894736842105263,0.10526315789473684
CUB,3,999,204,2.64,0.0
CUB,4,999,204,3.210526315789474,0.0
CUB,5,999,204,3.533333333333333,0.0
CUB,2,999,205,1.763157894736842,0.23684210526315788
CUB,3,999,205,2.44,0.0
CUB,4,999,205,2.6842105263157894,0.0
CUB,5,999,205,3.066666666666667,0.0
CUB,2,999,206,1.8157894736842106,0.18421052631578946
CUB,3,999,206,2.2,0.08
CUB,4,999,206,2.736842105263158,0.0
CUB,5,999,206,3.2,0.0
CUB,2,999,207,1.763157894736842,0.23684210526315788
CUB,3,999,207,2.4,0.0
CUB,4,999,207,2.8421052631578947,0.0
CUB,5,999,207,3.1333333333333333,0.0
CUB,2,999,208,1.7105263157894737,0.2894736842105263
CUB,3,999,208,2.32,0.08
CUB,4,999,208,2.789473684210526,0.0
CUB,5,999,208,3.066666666666667,0.06666666666666667
CUB,2,999,209,1.8421052631578947,0.15789473684210525
CUB,3,999,209,2.64,0.0
CUB,4,999,209,2.8947368421052633,0.0
CUB,5,999,209,3.3333333333333335,0.0
CUB,2,999,210,1.7105263157894737,0.2894736842105263
CUB,3,999,210,2.44,0.04
CUB,4,999,210,2.9473684210526314,0.0
CUB,5,999,210,3.1333333333333333,0.0
CUB,2,999,211,1.868421052631579,0.13157894736842105
CUB,3,999,211,2.44,0.04
CUB,4,999,211,3.0526315789473686,0.0
CUB,5,999,211,3.6,0.0
CUB,2,999,212,1.8421052631578947,0.15789473684210525
CUB,3,999,212,2.48,0.04
CUB,4,999,212,3.1578947368421053,0.0
CUB,5,999,212,3.4,0.0
CUB,2,999,213,1.7894736842105263,0.21052631578947367
CUB,3,999,213,2.44,0.04
CUB,4,999,213,2.8947368421052633,0.0
CUB,5,999,213,3.8,0.0
CUB,2,999,214,1.894736842105263,0.10526315789473684
CUB,3,999,214,2.48,0.04
CUB,4,999,214,3.1052631578947367,0.0
CUB,5,999,214,3.2666666666666666,0.0
CUB,2,999,215,1.7894736842105263,0.21052631578947367
CUB,3,999,215,2.52,0.0
CUB,4,999,215,2.789473684210526,0.0
CUB,5,999,215,3.533333333333333,0.0
CUB,2,999,216,1.736842105263158,0.2631578947368421
CUB,3,999,216,2.4,0.08
CUB,4,999,216,2.8947368421052633,0.0
CUB,5,999,216,3.2666666666666666,0.0
CUB,2,999,217,1.7894736842105263,0.21052631578947367
CUB,3,999,217,2.56,0.0
CUB,4,999,217,3.210526315789474,0.0
CUB,5,999,217,3.533333333333333,0.0
CUB,2,999,218,1.763157894736842,0.23684210526315788
CUB,3,999,218,2.48,0.04
CUB,4,999,218,3.1052631578947367,0.0
CUB,5,999,218,3.3333333333333335,0.0
CUB,2,999,219,1.7894736842105263,0.21052631578947367
CUB,3,999,219,2.6,0.0
CUB,4,999,219,3.1052631578947367,0.0
CUB,5,999,219,3.6666666666666665,0.0
CUB,2,999,220,1.763157894736842,0.23684210526315788
CUB,3,999,220,2.44,0.08
CUB,4,999,220,2.8421052631578947,0.0
CUB,5,999,220,3.4,0.0
CUB,2,999,221,1.763157894736842,0.23684210526315788
CUB,3,999,221,2.4,0.0
CUB,4,999,221,2.9473684210526314,0.0
CUB,5,999,221,3.2666666666666666,0.0
CUB,2,999,222,1.8421052631578947,0.15789473684210525
CUB,3,999,222,2.32,0.04
CUB,4,999,222,3.0526315789473686,0.0
CUB,5,999,222,3.3333333333333335,0.0
CUB,2,999,223,1.736842105263158,0.2631578947368421
CUB,3,999,223,2.44,0.0
CUB,4,999,223,2.6842105263157894,0.0
CUB,5,999,223,3.3333333333333335,0.0
CUB,2,999,224,1.7105263157894737,0.2894736842105263
CUB,3,999,224,2.4,0.04
CUB,4,999,224,2.9473684210526314,0.0
CUB,5,999,224,3.4,0.0
CUB,2,999,225,1.894736842105263,0.10526315789473684
CUB,3,999,225,2.56,0.0
CUB,4,999,225,3.0,0.0
CUB,5,999,225,3.6,0.0
CUB,2,999,226,1.8157894736842106,0.18421052631578946
CUB,3,999,226,2.44,0.0
CUB,4,999,226,2.9473684210526314,0.0
CUB,5,999,226,3.2,0.0
CUB,2,999,227,1.7894736842105263,0.21052631578947367
CUB,3,999,227,2.4,0.08
CUB,4,999,227,3.1578947368421053,0.0
CUB,5,999,227,3.3333333333333335,0.0
CUB,2,999,228,1.7894736842105263,0.21052631578947367
CUB,3,999,228,2.6,0.0
CUB,4,999,228,3.0526315789473686,0.0
CUB,5,999,228,3.4,0.0
CUB,2,999,229,1.894736842105263,0.10526315789473684
CUB,3,999,229,2.64,0.0
CUB,4,999,229,3.0,0.0
CUB,5,999,229,3.466666666666667,0.0
CUB,2,999,230,1.8157894736842106,0.18421052631578946
CUB,3,999,230,2.4,0.04
CUB,4,999,230,3.0526315789473686,0.05263157894736842
CUB,5,999,230,3.3333333333333335,0.0
CUB,2,999,231,1.8157894736842106,0.18421052631578946
CUB,3,999,231,2.48,0.0
CUB,4,999,231,3.0,0.0
CUB,5,999,231,3.533333333333333,0.0
CUB,2,999,232,1.7105263157894737,0.2894736842105263
CUB,3,999,232,2.32,0.04
CUB,4,999,232,3.0526315789473686,0.0
CUB,5,999,232,3.2666666666666666,0.0
CUB,2,999,233,1.8421052631578947,0.15789473684210525
CUB,3,999,233,2.52,0.0
CUB,4,999,233,3.0,0.0
CUB,5,999,233,3.6666666666666665,0.0
CUB,2,999,234,1.763157894736842,0.23684210526315788
CUB,3,999,234,2.4,0.04
CUB,4,999,234,2.6842105263157894,0.0
CUB,5,999,234,3.4,0.0
CUB,2,999,235,1.763157894736842,0.23684210526315788
CUB,3,999,235,2.44,0.08
CUB,4,999,235,3.0,0.0
CUB,5,999,235,3.466666666666667,0.0
CUB,2,999,236,1.605263157894737,0.39473684210526316
CUB,3,999,236,2.28,0.08
CUB,4,999,236,2.6842105263157894,0.0
CUB,5,999,236,3.0,0.0
CUB,2,999,237,1.8157894736842106,0.18421052631578946
CUB,3,999,237,2.36,0.08
CUB,4,999,237,3.0,0.0
CUB,5,999,237,3.2666666666666666,0.0
CUB,2,999,238,1.7894736842105263,0.21052631578947367
CUB,3,999,238,2.6,0.0
CUB,4,999,238,3.1052631578947367,0.0
CUB,5,999,238,3.466666666666667,0.0
CUB,2,999,239,1.8157894736842106,0.18421052631578946
CUB,3,999,239,2.28,0.0
CUB,4,999,239,3.0,0.0
CUB,5,999,239,3.4,0.0
CUB,2,999,240,1.763157894736842,0.23684210526315788
CUB,3,999,240,2.44,0.0
CUB,4,999,240,2.8947368421052633,0.0
CUB,5,999,240,3.3333333333333335,0.0
CUB,2,999,241,1.9210526315789473,0.07894736842105263
CUB,3,999,241,2.68,0.0
CUB,4,999,241,3.0526315789473686,0.0
CUB,5,999,241,3.533333333333333,0.0
CUB,2,999,242,1.8157894736842106,0.18421052631578946
CUB,3,999,242,2.6,0.0
CUB,4,999,242,3.0526315789473686,0.0
CUB,5,999,242,3.3333333333333335,0.0
CUB,2,999,243,1.9210526315789473,0.07894736842105263
CUB,3,999,243,2.52,0.04
CUB,4,999,243,3.1578947368421053,0.0
CUB,5,999,243,3.1333333333333333,0.0
CUB,2,999,244,1.868421052631579,0.13157894736842105
CUB,3,999,244,2.48,0.04
CUB,4,999,244,3.1052631578947367,0.0
CUB,5,999,244,3.2,0.0
CUB,2,999,245,1.868421052631579,0.13157894736842105
CUB,3,999,245,2.52,0.04
CUB,4,999,245,3.210526315789474,0.0
CUB,5,999,245,3.533333333333333,0.0
CUB,2,999,246,1.7105263157894737,0.2894736842105263
CUB,3,999,246,2.4,0.04
CUB,4,999,246,2.736842105263158,0.0
CUB,5,999,246,3.3333333333333335,0.0
CUB,2,999,247,1.763157894736842,0.23684210526315788
CUB,3,999,247,2.44,0.0
CUB,4,999,247,2.8421052631578947,0.0
CUB,5,999,247,3.1333333333333333,0.0
CUB,2,999,248,1.736842105263158,0.2631578947368421
CUB,3,999,248,2.28,0.04
CUB,4,999,248,2.789473684210526,0.0
CUB,5,999,248,3.2666666666666666,0.0
CUB,2,999,249,1.736842105263158,0.2631578947368421
CUB,3,999,249,2.44,0.0
CUB,4,999,249,2.8947368421052633,0.0
CUB,5,999,249,3.2666666666666666,0.0
CUB,2,999,250,1.763157894736842,0.23684210526315788
CUB,3,999,250,2.36,0.0
CUB,4,999,250,3.0526315789473686,0.0
CUB,5,999,250,3.4,0.0
CUB,2,999,251,1.868421052631579,0.13157894736842105
CUB,3,999,251,2.64,0.0
CUB,4,999,251,3.0526315789473686,0.0
CUB,5,999,251,3.7333333333333334,0.0
CUB,2,999,252,1.7894736842105263,0.21052631578947367
CUB,3,999,252,2.64,0.0
CUB,4,999,252,2.9473684210526314,0.0
CUB,5,999,252,3.6,0.0
CUB,2,999,253,1.6578947368421053,0.34210526315789475
CUB,3,999,253,2.6,0.0
CUB,4,999,253,2.8421052631578947,0.0
CUB,5,999,253,3.6,0.0
CUB,2,999,254,1.8157894736842106,0.18421052631578946
CUB,3,999,254,2.48,0.08
CUB,4,999,254,3.1052631578947367,0.05263157894736842
CUB,5,999,254,3.466666666666667,0.0
CUB,2,999,255,1.8157894736842106,0.18421052631578946
CUB,3,999,255,2.48,0.04
CUB,4,999,255,3.1578947368421053,0.0
CUB,5,999,255,3.533333333333333,0.0
CUB,2,999,256,1.763157894736842,0.23684210526315788
CUB,3,999,256,2.32,0.04
CUB,4,999,256,2.9473684210526314,0.0
CUB,5,999,256,3.1333333333333333,0.0
CUB,2,999,257,1.8157894736842106,0.18421052631578946
CUB,3,999,257,2.56,0.04
CUB,4,999,257,2.9473684210526314,0.0
CUB,5,999,257,3.466666666666667,0.0
CUB,2,999,258,1.8421052631578947,0.15789473684210525
CUB,3,999,258,2.48,0.0
CUB,4,999,258,3.1052631578947367,0.0
CUB,5,999,258,3.533333333333333,0.0
CUB,2,999,259,1.8157894736842106,0.18421052631578946
CUB,3,999,259,2.4,0.0
CUB,4,999,259,2.8947368421052633,0.0
CUB,5,999,259,3.466666666666667,0.0
CUB,2,999,260,1.7894736842105263,0.21052631578947367
CUB,3,999,260,2.52,0.0
CUB,4,999,260,2.736842105263158,0.0
CUB,5,999,260,3.0,0.0
CUB,2,999,261,1.8157894736842106,0.18421052631578946
CUB,3,999,261,2.48,0.0
CUB,4,999,261,2.9473684210526314,0.0
CUB,5,999,261,3.1333333333333333,0.0
CUB,2,999,262,1.736842105263158,0.2631578947368421
CUB,3,999,262,2.32,0.08
CUB,4,999,262,2.8947368421052633,0.0
CUB,5,999,262,3.466666666666667,0.0
CUB,2,999,263,1.736842105263158,0.2631578947368421
CUB,3,999,263,2.48,0.04
CUB,4,999,263,2.9473684210526314,0.0
CUB,5,999,263,3.2,0.0
CUB,2,999,264,1.763157894736842,0.23684210526315788
CUB,3,999,264,2.36,0.04
CUB,4,999,264,3.0,0.0
CUB,5,999,264,3.533333333333333,0.0
CUB,2,999,265,1.7894736842105263,0.21052631578947367
CUB,3,999,265,2.4,0.08
CUB,4,999,265,2.8947368421052633,0.0
CUB,5,999,265,3.1333333333333333,0.0
CUB,2,999,266,1.868421052631579,0.13157894736842105
CUB,3,999,266,2.6,0.04
CUB,4,999,266,3.0,0.0
CUB,5,999,266,3.6,0.0
CUB,2,999,267,1.8157894736842106,0.18421052631578946
CUB,3,999,267,2.72,0.0
CUB,4,999,267,3.0,0.0
CUB,5,999,267,3.466666666666667,0.0
CUB,2,999,268,1.6842105263157894,0.3157894736842105
CUB,3,999,268,2.44,0.12
CUB,4,999,268,2.8947368421052633,0.0
CUB,5,999,268,3.466666666666667,0.0
CUB,2,999,269,1.8421052631578947,0.15789473684210525
CUB,3,999,269,2.52,0.0
CUB,4,999,269,3.0,0.0
CUB,5,999,269,3.6,0.0
CUB,2,999,270,1.894736842105263,0.10526315789473684
CUB,3,999,270,2.64,0.0
CUB,4,999,270,3.1578947368421053,0.0
CUB,5,999,270,3.533333333333333,0.0
CUB,2,999,271,1.763157894736842,0.23684210526315788
CUB,3,999,271,2.52,0.04
CUB,4,999,271,3.210526315789474,0.0
CUB,5,999,271,3.6,0.0
CUB,2,999,272,1.763157894736842,0.23684210526315788
CUB,3,999,272,2.44,0.08
CUB,4,999,272,2.9473684210526314,0.0
CUB,5,999,272,3.466666666666667,0.0
CUB,2,999,273,1.8421052631578947,0.15789473684210525
CUB,3,999,273,2.6,0.04
CUB,4,999,273,3.0526315789473686,0.0
CUB,5,999,273,3.533333333333333,0.0
CUB,2,999,274,1.7894736842105263,0.21052631578947367
CUB,3,999,274,2.28,0.04
CUB,4,999,274,2.736842105263158,0.05263157894736842
CUB,5,999,274,3.2,0.0
CUB,2,999,275,1.8421052631578947,0.15789473684210525
CUB,3,999,275,2.32,0.04
CUB,4,999,275,2.8947368421052633,0.0
CUB,5,999,275,3.2,0.0
CUB,2,999,276,1.736842105263158,0.2631578947368421
CUB,3,999,276,2.52,0.04
CUB,4,999,276,3.0,0.0
CUB,5,999,276,3.533333333333333,0.0
CUB,2,999,277,1.763157894736842,0.23684210526315788
CUB,3,999,277,2.4,0.0
CUB,4,999,277,3.0,0.0
CUB,5,999,277,3.533333333333333,0.0
CUB,2,999,278,1.894736842105263,0.10526315789473684
CUB,3,999,278,2.64,0.0
CUB,4,999,278,3.3684210526315788,0.0
CUB,5,999,278,3.533333333333333,0.0
CUB,2,999,279,1.763157894736842,0.23684210526315788
CUB,3,999,279,2.36,0.12
CUB,4,999,279,2.736842105263158,0.0
CUB,5,999,279,3.3333333333333335,0.0
CUB,2,999,280,1.7894736842105263,0.21052631578947367
CUB,3,999,280,2.6,0.0
CUB,4,999,280,3.0,0.0
CUB,5,999,280,3.533333333333333,0.0
CUB,2,999,281,1.763157894736842,0.23684210526315788
CUB,3,999,281,2.56,0.0
CUB,4,999,281,2.8421052631578947,0.0
CUB,5,999,281,3.2,0.0
CUB,2,999,282,1.763157894736842,0.23684210526315788
CUB,3,999,282,2.6,0.0
CUB,4,999,282,3.1052631578947367,0.0
CUB,5,999,282,3.3333333333333335,0.0
CUB,2,999,283,1.763157894736842,0.23684210526315788
CUB,3,999,283,2.52,0.04
CUB,4,999,283,3.0526315789473686,0.0
CUB,5,999,283,3.533333333333333,0.0
CUB,2,999,284,1.7105263157894737,0.2894736842105263
CUB,3,999,284,2.36,0.12
CUB,4,999,284,2.8421052631578947,0.0
CUB,5,999,284,3.4,0.0
CUB,2,999,285,1.8157894736842106,0.18421052631578946
CUB,3,999,285,2.44,0.04
CUB,4,999,285,2.789473684210526,0.0
CUB,5,999,285,3.4,0.0
CUB,2,999,286,1.8157894736842106,0.18421052631578946
CUB,3,999,286,2.36,0.0
CUB,4,999,286,2.9473684210526314,0.0
CUB,5,999,286,3.4,0.0
CUB,2,999,287,1.763157894736842,0.23684210526315788
CUB,3,999,287,2.48,0.04
CUB,4,999,287,2.789473684210526,0.05263157894736842
CUB,5,999,287,3.3333333333333335,0.0
CUB,2,999,288,1.8421052631578947,0.15789473684210525
CUB,3,999,288,2.56,0.0
CUB,4,999,288,2.9473684210526314,0.0
CUB,5,999,288,3.6,0.0
CUB,2,999,289,1.736842105263158,0.2631578947368421
CUB,3,999,289,2.32,0.0
CUB,4,999,289,3.0526315789473686,0.0
CUB,5,999,289,3.2,0.0
CUB,2,999,290,1.6842105263157894,0.3157894736842105
CUB,3,999,290,2.32,0.08
CUB,4,999,290,2.5789473684210527,0.0
CUB,5,999,290,3.2666666666666666,0.0
CUB,2,999,291,1.8157894736842106,0.18421052631578946
CUB,3,999,291,2.56,0.0
CUB,4,999,291,3.263157894736842,0.0
CUB,5,999,291,3.6,0.0
CUB,2,999,292,1.7894736842105263,0.21052631578947367
CUB,3,999,292,2.56,0.04
CUB,4,999,292,3.1052631578947367,0.0
CUB,5,999,292,3.1333333333333333,0.0
CUB,2,999,293,1.868421052631579,0.13157894736842105
CUB,3,999,293,2.32,0.04
CUB,4,999,293,2.9473684210526314,0.0
CUB,5,999,293,3.3333333333333335,0.0
CUB,2,999,294,1.8157894736842106,0.18421052631578946
CUB,3,999,294,2.56,0.04
CUB,4,999,294,3.0,0.0
CUB,5,999,294,3.533333333333333,0.0
CUB,2,999,295,1.8157894736842106,0.18421052631578946
CUB,3,999,295,2.36,0.0
CUB,4,999,295,3.0526315789473686,0.0
CUB,5,999,295,3.7333333333333334,0.0
CUB,2,999,296,1.763157894736842,0.23684210526315788
CUB,3,999,296,2.48,0.0
CUB,4,999,296,2.6315789473684212,0.0
CUB,5,999,296,3.2,0.0
CUB,2,999,297,1.7894736842105263,0.21052631578947367
CUB,3,999,297,2.4,0.04
CUB,4,999,297,2.8947368421052633,0.0
CUB,5,999,297,3.2666666666666666,0.0
CUB,2,999,298,1.7894736842105263,0.21052631578947367
CUB,3,999,298,2.56,0.04
CUB,4,999,298,2.8421052631578947,0.0
CUB,5,999,298,3.2,0.0
CUB,2,999,299,1.8421052631578947,0.15789473684210525
CUB,3,999,299,2.52,0.04
CUB,4,999,299,3.1578947368421053,0.0
CUB,5,999,299,3.2666666666666666,0.0
EuroSAT,2,42,0,1.8421052631578947,0.15789473684210525
EuroSAT,3,42,0,2.4,0.08
EuroSAT,4,42,0,3.1052631578947367,0.0
EuroSAT,5,42,0,3.2,0.0
EuroSAT,2,42,1,1.6842105263157894,0.3157894736842105
EuroSAT,3,42,1,2.36,0.0
EuroSAT,4,42,1,2.736842105263158,0.0
EuroSAT,5,42,1,3.2666666666666666,0.0
EuroSAT,2,42,2,1.763157894736842,0.23684210526315788
EuroSAT,3,42,2,2.24,0.08
EuroSAT,4,42,2,2.6842105263157894,0.0
EuroSAT,5,42,2,3.2,0.0
EuroSAT,2,42,3,1.868421052631579,0.13157894736842105
EuroSAT,3,42,3,2.64,0.0
EuroSAT,4,42,3,3.1578947368421053,0.0
EuroSAT,5,42,3,3.466666666666667,0.0
EuroSAT,2,42,4,1.763157894736842,0.23684210526315788
EuroSAT,3,42,4,2.6,0.0
EuroSAT,4,42,4,2.9473684210526314,0.0
EuroSAT,5,42,4,3.533333333333333,0.0
EuroSAT,2,42,5,1.7894736842105263,0.21052631578947367
EuroSAT,3,42,5,2.52,0.0
EuroSAT,4,42,5,2.9473684210526314,0.0
EuroSAT,5,42,5,3.466666666666667,0.0
EuroSAT,2,42,6,1.7894736842105263,0.21052631578947367
EuroSAT,3,42,6,2.68,0.0
EuroSAT,4,42,6,2.9473684210526314,0.0
EuroSAT,5,42,6,3.6666666666666665,0.0
EuroSAT,2,42,7,1.894736842105263,0.10526315789473684
EuroSAT,3,42,7,2.44,0.04
EuroSAT,4,42,7,2.789473684210526,0.05263157894736842
EuroSAT,5,42,7,3.3333333333333335,0.0
EuroSAT,2,42,8,1.8421052631578947,0.15789473684210525
EuroSAT,3,42,8,2.56,0.0
EuroSAT,4,42,8,3.263157894736842,0.0
EuroSAT,5,42,8,3.466666666666667,0.0
EuroSAT,2,42,9,1.736842105263158,0.2631578947368421
EuroSAT,3,42,9,2.44,0.04
EuroSAT,4,42,9,2.6842105263157894,0.05263157894736842
EuroSAT,5,42,9,3.2,0.0
EuroSAT,2,42,10,1.763157894736842,0.23684210526315788
EuroSAT,3,42,10,2.6,0.0
EuroSAT,4,42,10,3.0,0.0
EuroSAT,5,42,10,3.6,0.0
EuroSAT,2,42,11,1.8421052631578947,0.15789473684210525
EuroSAT,3,42,11,2.6,0.0
EuroSAT,4,42,11,2.8421052631578947,0.0
EuroSAT,5,42,11,3.466666666666667,0.0
EuroSAT,2,42,12,1.736842105263158,0.2631578947368421
EuroSAT,3,42,12,2.56,0.0
EuroSAT,4,42,12,3.0,0.0
EuroSAT,5,42,12,3.4,0.0
EuroSAT,2,42,13,1.763157894736842,0.23684210526315788
EuroSAT,3,42,13,2.32,0.08
EuroSAT,4,42,13,2.8421052631578947,0.0
EuroSAT,5,42,13,3.4,0.0
EuroSAT,2,42,14,1.6578947368421053,0.34210526315789475
EuroSAT,3,42,14,2.08,0.12
EuroSAT,4,42,14,2.6842105263157894,0.0
EuroSAT,5,42,14,3.4,0.0
EuroSAT,2,42,15,1.868421052631579,0.13157894736842105
EuroSAT,3,42,15,2.4,0.0
EuroSAT,4,42,15,3.0,0.0
EuroSAT,5,42,15,3.2666666666666666,0.0
EuroSAT,2,42,16,1.7894736842105263,0.21052631578947367
EuroSAT,3,42,16,2.64,0.0
EuroSAT,4,42,16,3.1578947368421053,0.0
EuroSAT,5,42,16,3.933333333333333,0.0
EuroSAT,2,42,17,1.6842105263157894,0.3157894736842105
EuroSAT,3,42,17,2.36,0.04
EuroSAT,4,42,17,2.6315789473684212,0.0
EuroSAT,5,42,17,3.2,0.0
EuroSAT,2,42,18,1.8157894736842106,0.18421052631578946
EuroSAT,3,42,18,2.56,0.04
EuroSAT,4,42,18,2.9473684210526314,0.0
EuroSAT,5,42,18,3.3333333333333335,0.0
EuroSAT,2,42,19,1.6578947368421053,0.34210526315789475
EuroSAT,3,42,19,2.28,0.12
EuroSAT,4,42,19,2.736842105263158,0.05263157894736842
EuroSAT,5,42,19,3.066666666666667,0.06666666666666667
EuroSAT,2,42,20,1.7105263157894737,0.2894736842105263
EuroSAT,3,42,20,2.44,0.04
EuroSAT,4,42,20,3.0,0.0
EuroSAT,5,42,20,3.4,0.0
EuroSAT,2,42,21,1.736842105263158,0.2631578947368421
EuroSAT,3,42,21,2.48,0.12
EuroSAT,4,42,21,3.0,0.0
EuroSAT,5,42,21,3.6,0.0
EuroSAT,2,42,22,1.8421052631578947,0.15789473684210525
EuroSAT,3,42,22,2.52,0.0
EuroSAT,4,42,22,3.0526315789473686,0.0
EuroSAT,5,42,22,3.3333333333333335,0.0
EuroSAT,2,42,23,1.763157894736842,0.23684210526315788
EuroSAT,3,42,23,2.44,0.0
EuroSAT,4,42,23,2.789473684210526,0.0
EuroSAT,5,42,23,3.3333333333333335,0.0
EuroSAT,2,42,24,1.8157894736842106,0.18421052631578946
EuroSAT,3,42,24,2.48,0.0
EuroSAT,4,42,24,3.1578947368421053,0.05263157894736842
EuroSAT,5,42,24,3.4,0.0
EuroSAT,2,42,25,1.763157894736842,0.23684210526315788
EuroSAT,3,42,25,2.4,0.08
EuroSAT,4,42,25,2.9473684210526314,0.0
EuroSAT,5,42,25,3.2666666666666666,0.0
EuroSAT,2,42,26,1.6842105263157894,0.3157894736842105
EuroSAT,3,42,26,2.44,0.0
EuroSAT,4,42,26,2.9473684210526314,0.0
EuroSAT,5,42,26,3.1333333333333333,0.0
EuroSAT,2,42,27,1.8421052631578947,0.15789473684210525
EuroSAT,3,42,27,2.56,0.04
EuroSAT,4,42,27,3.3157894736842106,0.0
EuroSAT,5,42,27,3.6,0.0
EuroSAT,2,42,28,1.763157894736842,0.23684210526315788
EuroSAT,3,42,28,2.48,0.04
EuroSAT,4,42,28,2.736842105263158,0.0
EuroSAT,5,42,28,3.4,0.0
EuroSAT,2,42,29,1.763157894736842,0.23684210526315788
EuroSAT,3,42,29,2.56,0.0
EuroSAT,4,42,29,3.0,0.0
EuroSAT,5,42,29,3.2666666666666666,0.0
EuroSAT,2,42,30,1.763157894736842,0.23684210526315788
EuroSAT,3,42,30,2.52,0.04
EuroSAT,4,42,30,3.0,0.0
EuroSAT,5,42,30,3.533333333333333,0.0
EuroSAT,2,42,31,1.6842105263157894,0.3157894736842105
EuroSAT,3,42,31,2.4,0.04
EuroSAT,4,42,31,2.6842105263157894,0.0
EuroSAT,5,42,31,3.4,0.0
EuroSAT,2,42,32,1.8421052631578947,0.15789473684210525
EuroSAT,3,42,32,2.4,0.08
EuroSAT,4,42,32,2.8947368421052633,0.0
EuroSAT,5,42,32,3.4,0.0
EuroSAT,2,42,33,1.736842105263158,0.2631578947368421
EuroSAT,3,42,33,2.32,0.16
EuroSAT,4,42,33,2.5789473684210527,0.05263157894736842
EuroSAT,5,42,33,3.066666666666667,0.0
EuroSAT,2,42,34,1.8421052631578947,0.15789473684210525
EuroSAT,3,42,34,2.44,0.0
EuroSAT,4,42,34,3.0526315789473686,0.0
EuroSAT,5,42,34,3.2666666666666666,0.0
EuroSAT,2,42,35,1.763157894736842,0.23684210526315788
EuroSAT,3,42,35,2.2,0.12
EuroSAT,4,42,35,2.9473684210526314,0.0
EuroSAT,5,42,35,3.2666666666666666,0.0
EuroSAT,2,42,36,1.763157894736842,0.23684210526315788
EuroSAT,3,42,36,2.48,0.04
EuroSAT,4,42,36,2.9473684210526314,0.05263157894736842
EuroSAT,5,42,36,3.066666666666667,0.0
EuroSAT,2,42,37,1.8421052631578947,0.15789473684210525
EuroSAT,3,42,37,2.48,0.0
EuroSAT,4,42,37,3.0526315789473686,0.0
EuroSAT,5,42,37,3.2666666666666666,0.0
EuroSAT,2,42,38,1.868421052631579,0.13157894736842105
EuroSAT,3,42,38,2.4,0.04
EuroSAT,4,42,38,3.0,0.0
EuroSAT,5,42,38,3.1333333333333333,0.0
EuroSAT,2,42,39,1.7894736842105263,0.21052631578947367
EuroSAT,3,42,39,2.36,0.04
EuroSAT,4,42,39,3.1052631578947367,0.0
EuroSAT,5,42,39,3.533333333333333,0.0
EuroSAT,2,42,40,1.8421052631578947,0.15789473684210525
EuroSAT,3,42,40,2.48,0.0
EuroSAT,4,42,40,2.6842105263157894,0.0
EuroSAT,5,42,40,3.3333333333333335,0.0
EuroSAT,2,42,41,1.736842105263158,0.2631578947368421
EuroSAT,3,42,41,2.48,0.0
EuroSAT,4,42,41,2.9473684210526314,0.0
EuroSAT,5,42,41,3.3333333333333335,0.0
EuroSAT,2,42,42,1.8421052631578947,0.15789473684210525
EuroSAT,3,42,42,2.4,0.0
EuroSAT,4,42,42,2.8421052631578947,0.0
EuroSAT,5,42,42,3.533333333333333,0.0
EuroSAT,2,42,43,1.7894736842105263,0.21052631578947367
EuroSAT,3,42,43,2.4,0.04
EuroSAT,4,42,43,3.0526315789473686,0.0
EuroSAT,5,42,43,3.466666666666667,0.0
EuroSAT,2,42,44,1.7894736842105263,0.21052631578947367
EuroSAT,3,42,44,2.32,0.0
EuroSAT,4,42,44,2.8947368421052633,0.0
EuroSAT,5,42,44,3.466666666666667,0.0
EuroSAT,2,42,45,1.868421052631579,0.13157894736842105
EuroSAT,3,42,45,2.68,0.0
EuroSAT,4,42,45,3.210526315789474,0.0
EuroSAT,5,42,45,3.6,0.0
EuroSAT,2,42,46,1.7105263157894737,0.2894736842105263
EuroSAT,3,42,46,2.48,0.0
EuroSAT,4,42,46,3.1578947368421053,0.0
EuroSAT,5,42,46,3.6666666666666665,0.0
EuroSAT,2,42,47,1.7894736842105263,0.21052631578947367
EuroSAT,3,42,47,2.56,0.0
EuroSAT,4,42,47,2.9473684210526314,0.0
EuroSAT,5,42,47,3.6666666666666665,0.0
EuroSAT,2,42,48,1.894736842105263,0.10526315789473684
EuroSAT,3,42,48,2.52,0.0
EuroSAT,4,42,48,2.8947368421052633,0.0
EuroSAT,5,42,48,3.4,0.0
EuroSAT,2,42,49,1.8421052631578947,0.15789473684210525
EuroSAT,3,42,49,2.56,0.08
EuroSAT,4,42,49,2.8947368421052633,0.0
EuroSAT,5,42,49,3.2,0.0
EuroSAT,2,42,50,1.736842105263158,0.2631578947368421
EuroSAT,3,42,50,2.32,0.04
EuroSAT,4,42,50,3.0,0.05263157894736842
EuroSAT,5,42,50,3.3333333333333335,0.0
EuroSAT,2,42,51,1.605263157894737,0.39473684210526316
EuroSAT,3,42,51,2.52,0.0
EuroSAT,4,42,51,2.736842105263158,0.0
EuroSAT,5,42,51,3.3333333333333335,0.0
EuroSAT,2,42,52,1.8157894736842106,0.18421052631578946
EuroSAT,3,42,52,2.6,0.0
EuroSAT,4,42,52,3.0526315789473686,0.0
EuroSAT,5,42,52,3.466666666666667,0.0
EuroSAT,2,42,53,1.868421052631579,0.13157894736842105
EuroSAT,3,42,53,2.4,0.04
EuroSAT,4,42,53,2.8947368421052633,0.0
EuroSAT,5,42,53,3.4,0.0
EuroSAT,2,42,54,1.8421052631578947,0.15789473684210525
EuroSAT,3,42,54,2.36,0.0
EuroSAT,4,42,54,2.8947368421052633,0.0
EuroSAT,5,42,54,3.1333333333333333,0.0
EuroSAT,2,42,55,1.8157894736842106,0.18421052631578946
EuroSAT,3,42,55,2.52,0.0
EuroSAT,4,42,55,3.0526315789473686,0.0
EuroSAT,5,42,55,3.4,0.0
EuroSAT,2,42,56,1.868421052631579,0.13157894736842105
EuroSAT,3,42,56,2.44,0.0
EuroSAT,4,42,56,3.0,0.0
EuroSAT,5,42,56,3.466666666666667,0.0
EuroSAT,2,42,57,1.736842105263158,0.2631578947368421
EuroSAT,3,42,57,2.4,0.04
EuroSAT,4,42,57,2.789473684210526,0.0
EuroSAT,5,42,57,3.066666666666667,0.0
EuroSAT,2,42,58,1.868421052631579,0.13157894736842105
EuroSAT,3,42,58,2.6,0.0
EuroSAT,4,42,58,3.0526315789473686,0.0
EuroSAT,5,42,58,3.2,0.0
EuroSAT,2,42,59,1.8421052631578947,0.15789473684210525
EuroSAT,3,42,59,2.6,0.04
EuroSAT,4,42,59,3.263157894736842,0.0
EuroSAT,5,42,59,3.6,0.0
EuroSAT,2,42,60,1.6578947368421053,0.34210526315789475
EuroSAT,3,42,60,2.28,0.04
EuroSAT,4,42,60,2.8947368421052633,0.0
EuroSAT,5,42,60,3.3333333333333335,0.0
EuroSAT,2,42,61,1.7894736842105263,0.21052631578947367
EuroSAT,3,42,61,2.56,0.0
EuroSAT,4,42,61,3.1052631578947367,0.0
EuroSAT,5,42,61,3.533333333333333,0.0
EuroSAT,2,42,62,1.6842105263157894,0.3157894736842105
EuroSAT,3,42,62,2.4,0.08
EuroSAT,4,42,62,2.736842105263158,0.0
EuroSAT,5,42,62,3.7333333333333334,0.0
EuroSAT,2,42,63,1.763157894736842,0.23684210526315788
EuroSAT,3,42,63,2.4,0.12
EuroSAT,4,42,63,2.8947368421052633,0.10526315789473684
EuroSAT,5,42,63,3.3333333333333335,0.0
EuroSAT,2,42,64,1.736842105263158,0.2631578947368421
EuroSAT,3,42,64,2.36,0.04
EuroSAT,4,42,64,3.0526315789473686,0.0
EuroSAT,5,42,64,3.6,0.0
EuroSAT,2,42,65,1.894736842105263,0.10526315789473684
EuroSAT,3,42,65,2.64,0.0
EuroSAT,4,42,65,3.1578947368421053,0.0
EuroSAT,5,42,65,3.6666666666666665,0.0
EuroSAT,2,42,66,1.7894736842105263,0.21052631578947367
EuroSAT,3,42,66,2.56,0.0
EuroSAT,4,42,66,3.1052631578947367,0.0
EuroSAT,5,42,66,3.3333333333333335,0.0
EuroSAT,2,42,67,1.7105263157894737,0.2894736842105263
EuroSAT,3,42,67,2.2,0.12
EuroSAT,4,42,67,2.6842105263157894,0.0
EuroSAT,5,42,67,3.0,0.0
EuroSAT,2,42,68,1.763157894736842,0.23684210526315788
EuroSAT,3,42,68,2.64,0.08
EuroSAT,4,42,68,3.1578947368421053,0.0
EuroSAT,5,42,68,3.466666666666667,0.0
EuroSAT,2,42,69,1.7105263157894737,0.2894736842105263
EuroSAT,3,42,69,2.32,0.04
EuroSAT,4,42,69,2.6315789473684212,0.0
EuroSAT,5,42,69,3.066666666666667,0.0
EuroSAT,2,42,70,1.7894736842105263,0.21052631578947367
EuroSAT,3,42,70,2.52,0.04
EuroSAT,4,42,70,3.0,0.0
EuroSAT,5,42,70,3.6,0.0
EuroSAT,2,42,71,1.9210526315789473,0.07894736842105263
EuroSAT,3,42,71,2.32,0.04
EuroSAT,4,42,71,3.0,0.0
EuroSAT,5,42,71,3.466666666666667,0.0
EuroSAT,2,42,72,1.7894736842105263,0.21052631578947367
EuroSAT,3,42,72,2.64,0.0
EuroSAT,4,42,72,3.1052631578947367,0.0
EuroSAT,5,42,72,3.6666666666666665,0.0
EuroSAT,2,42,73,1.8421052631578947,0.15789473684210525
EuroSAT,3,42,73,2.4,0.08
EuroSAT,4,42,73,2.8947368421052633,0.0
EuroSAT,5,42,73,3.533333333333333,0.0
EuroSAT,2,42,74,1.763157894736842,0.23684210526315788
EuroSAT,3,42,74,2.52,0.04
EuroSAT,4,42,74,2.6842105263157894,0.05263157894736842
EuroSAT,5,42,74,3.533333333333333,0.0
EuroSAT,2,42,75,1.6842105263157894,0.3157894736842105
EuroSAT,3,42,75,2.28,0.08
EuroSAT,4,42,75,2.8421052631578947,0.0
EuroSAT,5,42,75,3.3333333333333335,0.0
EuroSAT,2,42,76,1.7894736842105263,0.21052631578947367
EuroSAT,3,42,76,2.52,0.04
EuroSAT,4,42,76,2.8947368421052633,0.0
EuroSAT,5,42,76,3.6,0.0
EuroSAT,2,42,77,1.8157894736842106,0.18421052631578946
EuroSAT,3,42,77,2.76,0.04
EuroSAT,4,42,77,2.9473684210526314,0.0
EuroSAT,5,42,77,3.3333333333333335,0.0
EuroSAT,2,42,78,1.7894736842105263,0.21052631578947367
EuroSAT,3,42,78,2.56,0.0
EuroSAT,4,42,78,2.9473684210526314,0.0
EuroSAT,5,42,78,3.2,0.0
EuroSAT,2,42,79,1.7894736842105263,0.21052631578947367
EuroSAT,3,42,79,2.52,0.04
EuroSAT,4,42,79,3.0526315789473686,0.0
EuroSAT,5,42,79,3.2,0.0
EuroSAT,2,42,80,1.7894736842105263,0.21052631578947367
EuroSAT,3,42,80,2.52,0.0
EuroSAT,4,42,80,3.1052631578947367,0.0
EuroSAT,5,42,80,3.533333333333333,0.0
EuroSAT,2,42,81,1.894736842105263,0.10526315789473684
EuroSAT,3,42,81,2.56,0.04
EuroSAT,4,42,81,3.0526315789473686,0.0
EuroSAT,5,42,81,3.6666666666666665,0.0
EuroSAT,2,42,82,1.8421052631578947,0.15789473684210525
EuroSAT,3,42,82,2.44,0.0
EuroSAT,4,42,82,3.0,0.0
EuroSAT,5,42,82,3.2666666666666666,0.0
EuroSAT,2,42,83,1.763157894736842,0.23684210526315788
EuroSAT,3,42,83,2.36,0.08
EuroSAT,4,42,83,3.0,0.0
EuroSAT,5,42,83,3.3333333333333335,0.0
EuroSAT,2,42,84,1.7105263157894737,0.2894736842105263
EuroSAT,3,42,84,2.4,0.08
EuroSAT,4,42,84,2.789473684210526,0.05263157894736842
EuroSAT,5,42,84,3.2666666666666666,0.0
EuroSAT,2,42,85,1.7894736842105263,0.21052631578947367
EuroSAT,3,42,85,2.52,0.0
EuroSAT,4,42,85,2.8947368421052633,0.0
EuroSAT,5,42,85,3.2666666666666666,0.0
EuroSAT,2,42,86,1.7105263157894737,0.2894736842105263
EuroSAT,3,42,86,2.48,0.04
EuroSAT,4,42,86,2.8947368421052633,0.05263157894736842
EuroSAT,5,42,86,3.2666666666666666,0.0
EuroSAT,2,42,87,1.763157894736842,0.23684210526315788
EuroSAT,3,42,87,2.48,0.0
EuroSAT,4,42,87,3.1052631578947367,0.0
EuroSAT,5,42,87,3.6666666666666665,0.0
EuroSAT,2,42,88,1.868421052631579,0.13157894736842105
EuroSAT,3,42,88,2.4,0.08
EuroSAT,4,42,88,3.1578947368421053,0.0
EuroSAT,5,42,88,3.4,0.0
EuroSAT,2,42,89,1.736842105263158,0.2631578947368421
EuroSAT,3,42,89,2.24,0.12
EuroSAT,4,42,89,2.789473684210526,0.0
EuroSAT,5,42,89,3.2,0.0
EuroSAT,2,42,90,1.8157894736842106,0.18421052631578946
EuroSAT,3,42,90,2.52,0.04
EuroSAT,4,42,90,3.1052631578947367,0.0
EuroSAT,5,42,90,3.466666666666667,0.0
EuroSAT,2,42,91,1.7105263157894737,0.2894736842105263
EuroSAT,3,42,91,2.44,0.08
EuroSAT,4,42,91,2.8947368421052633,0.0
EuroSAT,5,42,91,3.2,0.0
EuroSAT,2,42,92,1.8421052631578947,0.15789473684210525
EuroSAT,3,42,92,2.6,0.0
EuroSAT,4,42,92,3.1578947368421053,0.0
EuroSAT,5,42,92,3.533333333333333,0.0
EuroSAT,2,42,93,1.736842105263158,0.2631578947368421
EuroSAT,3,42,93,2.44,0.0
EuroSAT,4,42,93,2.8947368421052633,0.0
EuroSAT,5,42,93,3.6666666666666665,0.0
EuroSAT,2,42,94,1.736842105263158,0.2631578947368421
EuroSAT,3,42,94,2.4,0.04
EuroSAT,4,42,94,2.8947368421052633,0.0
EuroSAT,5,42,94,3.4,0.0
EuroSAT,2,42,95,1.8157894736842106,0.18421052631578946
EuroSAT,3,42,95,2.56,0.0
EuroSAT,4,42,95,3.1578947368421053,0.0
EuroSAT,5,42,95,3.6,0.0
EuroSAT,2,42,96,1.763157894736842,0.23684210526315788
EuroSAT,3,42,96,2.4,0.04
EuroSAT,4,42,96,2.8947368421052633,0.0
EuroSAT,5,42,96,3.3333333333333335,0.0
EuroSAT,2,42,97,1.7894736842105263,0.21052631578947367
EuroSAT,3,42,97,2.6,0.04
EuroSAT,4,42,97,3.0,0.0
EuroSAT,5,42,97,3.4,0.0
EuroSAT,2,42,98,1.8421052631578947,0.15789473684210525
EuroSAT,3,42,98,2.44,0.0
EuroSAT,4,42,98,3.0,0.0
EuroSAT,5,42,98,3.4,0.0
EuroSAT,2,42,99,1.8157894736842106,0.18421052631578946
EuroSAT,3,42,99,2.44,0.04
EuroSAT,4,42,99,2.8421052631578947,0.05263157894736842
EuroSAT,5,42,99,3.6,0.0
EuroSAT,2,42,100,1.7894736842105263,0.21052631578947367
EuroSAT,3,42,100,2.36,0.04
EuroSAT,4,42,100,2.8421052631578947,0.0
EuroSAT,5,42,100,3.2666666666666666,0.0
EuroSAT,2,42,101,1.8421052631578947,0.15789473684210525
EuroSAT,3,42,101,2.56,0.0
EuroSAT,4,42,101,3.1052631578947367,0.0
EuroSAT,5,42,101,3.466666666666667,0.0
EuroSAT,2,42,102,1.9210526315789473,0.07894736842105263
EuroSAT,3,42,102,2.56,0.0
EuroSAT,4,42,102,3.1578947368421053,0.0
EuroSAT,5,42,102,3.466666666666667,0.0
EuroSAT,2,42,103,1.6578947368421053,0.34210526315789475
EuroSAT,3,42,103,2.4,0.08
EuroSAT,4,42,103,2.9473684210526314,0.0
EuroSAT,5,42,103,3.3333333333333335,0.0
EuroSAT,2,42,104,1.763157894736842,0.23684210526315788
EuroSAT,3,42,104,2.52,0.0
EuroSAT,4,42,104,3.1052631578947367,0.0
EuroSAT,5,42,104,3.6,0.0
EuroSAT,2,42,105,1.868421052631579,0.13157894736842105
EuroSAT,3,42,105,2.44,0.04
EuroSAT,4,42,105,3.1578947368421053,0.05263157894736842
EuroSAT,5,42,105,3.6666666666666665,0.0
EuroSAT,2,42,106,1.7105263157894737,0.2894736842105263
EuroSAT,3,42,106,2.4,0.08
EuroSAT,4,42,106,2.8421052631578947,0.0
EuroSAT,5,42,106,3.2666666666666666,0.0
EuroSAT,2,42,107,1.736842105263158,0.2631578947368421
EuroSAT,3,42,107,2.56,0.0
EuroSAT,4,42,107,2.789473684210526,0.0
EuroSAT,5,42,107,3.533333333333333,0.0
EuroSAT,2,42,108,1.868421052631579,0.13157894736842105
EuroSAT,3,42,108,2.52,0.0
EuroSAT,4,42,108,3.0,0.0
EuroSAT,5,42,108,3.6,0.0
EuroSAT,2,42,109,1.9210526315789473,0.07894736842105263
EuroSAT,3,42,109,2.52,0.0
EuroSAT,4,42,109,2.8421052631578947,0.0
EuroSAT,5,42,109,3.533333333333333,0.0
EuroSAT,2,42,110,1.6842105263157894,0.3157894736842105
EuroSAT,3,42,110,2.36,0.08
EuroSAT,4,42,110,2.736842105263158,0.0
EuroSAT,5,42,110,3.4,0.0
EuroSAT,2,42,111,1.7894736842105263,0.21052631578947367
EuroSAT,3,42,111,2.44,0.08
EuroSAT,4,42,111,3.0,0.05263157894736842
EuroSAT,5,42,111,3.3333333333333335,0.0
EuroSAT,2,42,112,1.736842105263158,0.2631578947368421
EuroSAT,3,42,112,2.36,0.04
EuroSAT,4,42,112,2.789473684210526,0.0
EuroSAT,5,42,112,3.2,0.0
EuroSAT,2,42,113,1.6842105263157894,0.3157894736842105
EuroSAT,3,42,113,2.24,0.12
EuroSAT,4,42,113,2.789473684210526,0.0
EuroSAT,5,42,113,3.1333333333333333,0.0
EuroSAT,2,42,114,1.8157894736842106,0.18421052631578946
EuroSAT,3,42,114,2.52,0.0
EuroSAT,4,42,114,3.1052631578947367,0.0
EuroSAT,5,42,114,3.466666666666667,0.0
EuroSAT,2,42,115,1.8157894736842106,0.18421052631578946
EuroSAT,3,42,115,2.4,0.08
EuroSAT,4,42,115,2.789473684210526,0.0
EuroSAT,5,42,115,3.3333333333333335,0.0
EuroSAT,2,42,116,1.763157894736842,0.23684210526315788
EuroSAT,3,42,116,2.4,0.08
EuroSAT,4,42,116,2.789473684210526,0.0
EuroSAT,5,42,116,3.533333333333333,0.0
EuroSAT,2,42,117,1.8421052631578947,0.15789473684210525
EuroSAT,3,42,117,2.72,0.04
EuroSAT,4,42,117,3.1052631578947367,0.0
EuroSAT,5,42,117,3.466666666666667,0.0
EuroSAT,2,42,118,1.894736842105263,0.10526315789473684
EuroSAT,3,42,118,2.44,0.0
EuroSAT,4,42,118,2.9473684210526314,0.0
EuroSAT,5,42,118,3.2,0.0
EuroSAT,2,42,119,1.8421052631578947,0.15789473684210525
EuroSAT,3,42,119,2.6,0.04
EuroSAT,4,42,119,3.1578947368421053,0.0
EuroSAT,5,42,119,3.3333333333333335,0.0
EuroSAT,2,42,120,1.8157894736842106,0.18421052631578946
EuroSAT,3,42,120,2.56,0.04
EuroSAT,4,42,120,3.0,0.0
EuroSAT,5,42,120,3.3333333333333335,0.0
EuroSAT,2,42,121,1.8157894736842106,0.18421052631578946
EuroSAT,3,42,121,2.48,0.0
EuroSAT,4,42,121,3.0,0.0
EuroSAT,5,42,121,3.533333333333333,0.0
EuroSAT,2,42,122,1.7894736842105263,0.21052631578947367
EuroSAT,3,42,122,2.44,0.12
EuroSAT,4,42,122,2.9473684210526314,0.0
EuroSAT,5,42,122,3.4,0.0
EuroSAT,2,42,123,1.6842105263157894,0.3157894736842105
EuroSAT,3,42,123,2.28,0.08
EuroSAT,4,42,123,2.9473684210526314,0.05263157894736842
EuroSAT,5,42,123,3.2,0.0
EuroSAT,2,42,124,1.8421052631578947,0.15789473684210525
EuroSAT,3,42,124,2.52,0.0
EuroSAT,4,42,124,3.0,0.0
EuroSAT,5,42,124,3.533333333333333,0.0
EuroSAT,2,42,125,1.8157894736842106,0.18421052631578946
EuroSAT,3,42,125,2.4,0.0
EuroSAT,4,42,125,2.789473684210526,0.0
EuroSAT,5,42,125,3.2666666666666666,0.0
EuroSAT,2,42,126,1.6578947368421053,0.34210526315789475
EuroSAT,3,42,126,2.28,0.0
EuroSAT,4,42,126,2.5789473684210527,0.0
EuroSAT,5,42,126,3.2,0.0
EuroSAT,2,42,127,1.9473684210526316,0.05263157894736842
EuroSAT,3,42,127,2.76,0.0
EuroSAT,4,42,127,3.263157894736842,0.0
EuroSAT,5,42,127,3.7333333333333334,0.0
EuroSAT,2,42,128,1.8157894736842106,0.18421052631578946
EuroSAT,3,42,128,2.64,0.0
EuroSAT,4,42,128,3.1578947368421053,0.0
EuroSAT,5,42,128,3.6666666666666665,0.0
EuroSAT,2,42,129,1.6842105263157894,0.3157894736842105
EuroSAT,3,42,129,2.48,0.0
EuroSAT,4,42,129,2.8947368421052633,0.0
EuroSAT,5,42,129,3.466666666666667,0.0
EuroSAT,2,42,130,1.7105263157894737,0.2894736842105263
EuroSAT,3,42,130,2.32,0.16
EuroSAT,4,42,130,2.9473684210526314,0.05263157894736842
EuroSAT,5,42,130,3.466666666666667,0.0
EuroSAT,2,42,131,1.8157894736842106,0.18421052631578946
EuroSAT,3,42,131,2.4,0.04
EuroSAT,4,42,131,2.9473684210526314,0.0
EuroSAT,5,42,131,3.533333333333333,0.0
EuroSAT,2,42,132,1.7105263157894737,0.2894736842105263
EuroSAT,3,42,132,2.48,0.0
EuroSAT,4,42,132,2.8421052631578947,0.0
EuroSAT,5,42,132,3.4,0.0
EuroSAT,2,42,133,1.8157894736842106,0.18421052631578946
EuroSAT,3,42,133,2.48,0.04
EuroSAT,4,42,133,3.210526315789474,0.05263157894736842
EuroSAT,5,42,133,3.533333333333333,0.0
EuroSAT,2,42,134,1.8157894736842106,0.18421052631578946
EuroSAT,3,42,134,2.48,0.04
EuroSAT,4,42,134,3.1052631578947367,0.0
EuroSAT,5,42,134,3.2666666666666666,0.0
EuroSAT,2,42,135,1.8157894736842106,0.18421052631578946
EuroSAT,3,42,135,2.44,0.0
EuroSAT,4,42,135,3.0526315789473686,0.0
EuroSAT,5,42,135,3.4,0.0
EuroSAT,2,42,136,1.8421052631578947,0.15789473684210525
EuroSAT,3,42,136,2.64,0.0
EuroSAT,4,42,136,3.263157894736842,0.0
EuroSAT,5,42,136,3.7333333333333334,0.0
EuroSAT,2,42,137,1.7105263157894737,0.2894736842105263
EuroSAT,3,42,137,2.52,0.0
EuroSAT,4,42,137,2.8947368421052633,0.0
EuroSAT,5,42,137,3.4,0.0
EuroSAT,2,42,138,1.763157894736842,0.23684210526315788
EuroSAT,3,42,138,2.28,0.04
EuroSAT,4,42,138,2.789473684210526,0.0
EuroSAT,5,42,138,3.466666666666667,0.0
EuroSAT,2,42,139,1.763157894736842,0.23684210526315788
EuroSAT,3,42,139,2.44,0.08
EuroSAT,4,42,139,2.9473684210526314,0.05263157894736842
EuroSAT,5,42,139,3.2666666666666666,0.0
EuroSAT,2,42,140,1.9210526315789473,0.07894736842105263
EuroSAT,3,42,140,2.56,0.0
EuroSAT,4,42,140,3.3157894736842106,0.0
EuroSAT,5,42,140,3.7333333333333334,0.0
EuroSAT,2,42,141,1.8421052631578947,0.15789473684210525
EuroSAT,3,42,141,2.4,0.04
EuroSAT,4,42,141,2.9473684210526314,0.0
EuroSAT,5,42,141,3.533333333333333,0.0
EuroSAT,2,42,142,1.736842105263158,0.2631578947368421
EuroSAT,3,42,142,2.24,0.0
EuroSAT,4,42,142,2.8947368421052633,0.0
EuroSAT,5,42,142,3.2666666666666666,0.0
EuroSAT,2,42,143,1.763157894736842,0.23684210526315788
EuroSAT,3,42,143,2.48,0.08
EuroSAT,4,42,143,2.8947368421052633,0.0
EuroSAT,5,42,143,3.6666666666666665,0.0
EuroSAT,2,42,144,1.763157894736842,0.23684210526315788
EuroSAT,3,42,144,2.4,0.04
EuroSAT,4,42,144,2.789473684210526,0.0
EuroSAT,5,42,144,3.466666666666667,0.0
EuroSAT,2,42,145,1.736842105263158,0.2631578947368421
EuroSAT,3,42,145,2.28,0.0
EuroSAT,4,42,145,2.6842105263157894,0.0
EuroSAT,5,42,145,3.3333333333333335,0.0
EuroSAT,2,42,146,1.8157894736842106,0.18421052631578946
EuroSAT,3,42,146,2.4,0.0
EuroSAT,4,42,146,2.9473684210526314,0.0
EuroSAT,5,42,146,3.466666666666667,0.0
EuroSAT,2,42,147,1.763157894736842,0.23684210526315788
EuroSAT,3,42,147,2.44,0.0
EuroSAT,4,42,147,2.789473684210526,0.0
EuroSAT,5,42,147,3.6,0.0
EuroSAT,2,42,148,1.894736842105263,0.10526315789473684
EuroSAT,3,42,148,2.6,0.04
EuroSAT,4,42,148,3.0526315789473686,0.0
EuroSAT,5,42,148,3.8,0.0
EuroSAT,2,42,149,1.7894736842105263,0.21052631578947367
EuroSAT,3,42,149,2.48,0.04
EuroSAT,4,42,149,2.9473684210526314,0.05263157894736842
EuroSAT,5,42,149,3.6,0.0
EuroSAT,2,42,150,1.868421052631579,0.13157894736842105
EuroSAT,3,42,150,2.6,0.0
EuroSAT,4,42,150,2.8947368421052633,0.0
EuroSAT,5,42,150,3.4,0.0
EuroSAT,2,42,151,1.7105263157894737,0.2894736842105263
EuroSAT,3,42,151,2.36,0.0
EuroSAT,4,42,151,2.789473684210526,0.0
EuroSAT,5,42,151,3.2666666666666666,0.0
EuroSAT,2,42,152,1.7894736842105263,0.21052631578947367
EuroSAT,3,42,152,2.4,0.0
EuroSAT,4,42,152,2.8421052631578947,0.0
EuroSAT,5,42,152,3.2666666666666666,0.0
EuroSAT,2,42,153,1.8157894736842106,0.18421052631578946
EuroSAT,3,42,153,2.56,0.0
EuroSAT,4,42,153,3.1052631578947367,0.0
EuroSAT,5,42,153,3.6666666666666665,0.0
EuroSAT,2,42,154,1.894736842105263,0.10526315789473684
EuroSAT,3,42,154,2.44,0.04
EuroSAT,4,42,154,3.263157894736842,0.0
EuroSAT,5,42,154,3.6,0.0
EuroSAT,2,42,155,1.736842105263158,0.2631578947368421
EuroSAT,3,42,155,2.52,0.0
EuroSAT,4,42,155,2.9473684210526314,0.0
EuroSAT,5,42,155,3.4,0.0
EuroSAT,2,42,156,1.736842105263158,0.2631578947368421
EuroSAT,3,42,156,2.28,0.12
EuroSAT,4,42,156,2.789473684210526,0.05263157894736842
EuroSAT,5,42,156,3.2,0.0
EuroSAT,2,42,157,1.7894736842105263,0.21052631578947367
EuroSAT,3,42,157,2.48,0.04
EuroSAT,4,42,157,3.0,0.0
EuroSAT,5,42,157,3.3333333333333335,0.0
EuroSAT,2,42,158,1.8421052631578947,0.15789473684210525
EuroSAT,3,42,158,2.56,0.0
EuroSAT,4,42,158,3.1052631578947367,0.0
EuroSAT,5,42,158,3.466666666666667,0.0
EuroSAT,2,42,159,1.7894736842105263,0.21052631578947367
EuroSAT,3,42,159,2.4,0.04
EuroSAT,4,42,159,2.8421052631578947,0.0
EuroSAT,5,42,159,3.4,0.0
EuroSAT,2,42,160,1.9210526315789473,0.07894736842105263
EuroSAT,3,42,160,2.72,0.0
EuroSAT,4,42,160,3.1578947368421053,0.0
EuroSAT,5,42,160,3.6,0.0
EuroSAT,2,42,161,1.763157894736842,0.23684210526315788
EuroSAT,3,42,161,2.4,0.04
EuroSAT,4,42,161,2.736842105263158,0.0
EuroSAT,5,42,161,3.066666666666667,0.0
EuroSAT,2,42,162,1.7894736842105263,0.21052631578947367
EuroSAT,3,42,162,2.4,0.04
EuroSAT,4,42,162,2.8947368421052633,0.0
EuroSAT,5,42,162,3.1333333333333333,0.0
EuroSAT,2,42,163,1.8157894736842106,0.18421052631578946
EuroSAT,3,42,163,2.28,0.0
EuroSAT,4,42,163,2.5789473684210527,0.0
EuroSAT,5,42,163,3.1333333333333333,0.0
EuroSAT,2,42,164,1.6842105263157894,0.3157894736842105
EuroSAT,3,42,164,2.28,0.08
EuroSAT,4,42,164,2.6315789473684212,0.0
EuroSAT,5,42,164,3.0,0.0
EuroSAT,2,42,165,1.8157894736842106,0.18421052631578946
EuroSAT,3,42,165,2.32,0.04
EuroSAT,4,42,165,2.8947368421052633,0.0
EuroSAT,5,42,165,3.066666666666667,0.0
EuroSAT,2,42,166,1.8157894736842106,0.18421052631578946
EuroSAT,3,42,166,2.4,0.04
EuroSAT,4,42,166,2.9473684210526314,0.0
EuroSAT,5,42,166,3.6,0.0
EuroSAT,2,42,167,1.868421052631579,0.13157894736842105
EuroSAT,3,42,167,2.68,0.0
EuroSAT,4,42,167,3.0,0.0
EuroSAT,5,42,167,3.6666666666666665,0.0
EuroSAT,2,42,168,1.736842105263158,0.2631578947368421
EuroSAT,3,42,168,2.44,0.04
EuroSAT,4,42,168,2.736842105263158,0.0
EuroSAT,5,42,168,3.466666666666667,0.0
EuroSAT,2,42,169,1.8157894736842106,0.18421052631578946
EuroSAT,3,42,169,2.64,0.04
EuroSAT,4,42,169,3.210526315789474,0.0
EuroSAT,5,42,169,3.466666666666667,0.0
EuroSAT,2,42,170,1.8157894736842106,0.18421052631578946
EuroSAT,3,42,170,2.44,0.04
EuroSAT,4,42,170,3.0,0.0
EuroSAT,5,42,170,3.4,0.0
EuroSAT,2,42,171,1.7894736842105263,0.21052631578947367
EuroSAT,3,42,171,2.44,0.08
EuroSAT,4,42,171,2.9473684210526314,0.0
EuroSAT,5,42,171,3.6,0.0
EuroSAT,2,42,172,1.8421052631578947,0.15789473684210525
EuroSAT,3,42,172,2.6,0.0
EuroSAT,4,42,172,2.9473684210526314,0.0
EuroSAT,5,42,172,3.6666666666666665,0.0
EuroSAT,2,42,173,1.7894736842105263,0.21052631578947367
EuroSAT,3,42,173,2.48,0.04
EuroSAT,4,42,173,3.1052631578947367,0.0
EuroSAT,5,42,173,3.4,0.0
EuroSAT,2,42,174,1.736842105263158,0.2631578947368421
EuroSAT,3,42,174,2.36,0.04
EuroSAT,4,42,174,2.789473684210526,0.0
EuroSAT,5,42,174,3.2,0.0
EuroSAT,2,42,175,1.7105263157894737,0.2894736842105263
EuroSAT,3,42,175,2.48,0.0
EuroSAT,4,42,175,3.0526315789473686,0.0
EuroSAT,5,42,175,3.533333333333333,0.0
EuroSAT,2,42,176,1.7894736842105263,0.21052631578947367
EuroSAT,3,42,176,2.32,0.08
EuroSAT,4,42,176,2.8421052631578947,0.0
EuroSAT,5,42,176,3.3333333333333335,0.0
EuroSAT,2,42,177,1.736842105263158,0.2631578947368421
EuroSAT,3,42,177,2.36,0.08
EuroSAT,4,42,177,2.6315789473684212,0.05263157894736842
EuroSAT,5,42,177,3.533333333333333,0.0
EuroSAT,2,42,178,1.736842105263158,0.2631578947368421
EuroSAT,3,42,178,2.32,0.08
EuroSAT,4,42,178,2.789473684210526,0.0
EuroSAT,5,42,178,3.2666666666666666,0.0
EuroSAT,2,42,179,1.8157894736842106,0.18421052631578946
EuroSAT,3,42,179,2.32,0.04
EuroSAT,4,42,179,2.5789473684210527,0.05263157894736842
EuroSAT,5,42,179,3.066666666666667,0.06666666666666667
EuroSAT,2,42,180,1.7105263157894737,0.2894736842105263
EuroSAT,3,42,180,2.4,0.04
EuroSAT,4,42,180,3.0,0.0
EuroSAT,5,42,180,3.4,0.0
EuroSAT,2,42,181,1.868421052631579,0.13157894736842105
EuroSAT,3,42,181,2.52,0.0
EuroSAT,4,42,181,3.210526315789474,0.0
EuroSAT,5,42,181,3.466666666666667,0.0
EuroSAT,2,42,182,1.868421052631579,0.13157894736842105
EuroSAT,3,42,182,2.6,0.04
EuroSAT,4,42,182,3.1052631578947367,0.0
EuroSAT,5,42,182,3.6,0.0
EuroSAT,2,42,183,1.7894736842105263,0.21052631578947367
EuroSAT,3,42,183,2.36,0.08
EuroSAT,4,42,183,2.6315789473684212,0.05263157894736842
EuroSAT,5,42,183,3.2,0.0
EuroSAT,2,42,184,1.894736842105263,0.10526315789473684
EuroSAT,3,42,184,2.56,0.0
EuroSAT,4,42,184,3.3157894736842106,0.0
EuroSAT,5,42,184,3.2666666666666666,0.0
EuroSAT,2,42,185,1.8157894736842106,0.18421052631578946
EuroSAT,3,42,185,2.48,0.0
EuroSAT,4,42,185,3.0,0.0
EuroSAT,5,42,185,3.4,0.0
EuroSAT,2,42,186,1.8421052631578947,0.15789473684210525
EuroSAT,3,42,186,2.24,0.0
EuroSAT,4,42,186,2.789473684210526,0.0
EuroSAT,5,42,186,2.933333333333333,0.0
EuroSAT,2,42,187,1.763157894736842,0.23684210526315788
EuroSAT,3,42,187,2.52,0.0
EuroSAT,4,42,187,2.8947368421052633,0.0
EuroSAT,5,42,187,3.4,0.0
EuroSAT,2,42,188,1.8421052631578947,0.15789473684210525
EuroSAT,3,42,188,2.4,0.0
EuroSAT,4,42,188,3.0,0.0
EuroSAT,5,42,188,3.4,0.0
EuroSAT,2,42,189,1.868421052631579,0.13157894736842105
EuroSAT,3,42,189,2.4,0.04
EuroSAT,4,42,189,3.210526315789474,0.0
EuroSAT,5,42,189,3.6,0.0
EuroSAT,2,42,190,1.763157894736842,0.23684210526315788
EuroSAT,3,42,190,2.44,0.04
EuroSAT,4,42,190,2.9473684210526314,0.0
EuroSAT,5,42,190,3.6,0.0
EuroSAT,2,42,191,1.7894736842105263,0.21052631578947367
EuroSAT,3,42,191,2.48,0.04
EuroSAT,4,42,191,2.9473684210526314,0.0
EuroSAT,5,42,191,3.466666666666667,0.0
EuroSAT,2,42,192,1.763157894736842,0.23684210526315788
EuroSAT,3,42,192,2.4,0.0
EuroSAT,4,42,192,2.8947368421052633,0.0
EuroSAT,5,42,192,3.4,0.0
EuroSAT,2,42,193,1.8157894736842106,0.18421052631578946
EuroSAT,3,42,193,2.52,0.12
EuroSAT,4,42,193,3.0,0.0
EuroSAT,5,42,193,3.533333333333333,0.0
EuroSAT,2,42,194,1.736842105263158,0.2631578947368421
EuroSAT,3,42,194,2.44,0.08
EuroSAT,4,42,194,2.9473684210526314,0.0
EuroSAT,5,42,194,3.6,0.0
EuroSAT,2,42,195,1.8421052631578947,0.15789473684210525
EuroSAT,3,42,195,2.48,0.0
EuroSAT,4,42,195,3.0,0.0
EuroSAT,5,42,195,3.6,0.0
EuroSAT,2,42,196,1.8421052631578947,0.15789473684210525
EuroSAT,3,42,196,2.64,0.0
EuroSAT,4,42,196,3.0526315789473686,0.0
EuroSAT,5,42,196,3.6666666666666665,0.0
EuroSAT,2,42,197,1.8157894736842106,0.18421052631578946
EuroSAT,3,42,197,2.4,0.04
EuroSAT,4,42,197,2.8421052631578947,0.05263157894736842
EuroSAT,5,42,197,3.466666666666667,0.0
EuroSAT,2,42,198,1.736842105263158,0.2631578947368421
EuroSAT,3,42,198,2.64,0.04
EuroSAT,4,42,198,3.0,0.0
EuroSAT,5,42,198,3.6666666666666665,0.0
EuroSAT,2,42,199,1.7105263157894737,0.2894736842105263
EuroSAT,3,42,199,2.44,0.0
EuroSAT,4,42,199,2.8947368421052633,0.0
EuroSAT,5,42,199,3.3333333333333335,0.0
EuroSAT,2,42,200,1.7105263157894737,0.2894736842105263
EuroSAT,3,42,200,2.48,0.08
EuroSAT,4,42,200,2.736842105263158,0.0
EuroSAT,5,42,200,3.2,0.0
EuroSAT,2,42,201,1.7105263157894737,0.2894736842105263
EuroSAT,3,42,201,2.48,0.0
EuroSAT,4,42,201,2.9473684210526314,0.0
EuroSAT,5,42,201,3.4,0.0
EuroSAT,2,42,202,1.7894736842105263,0.21052631578947367
EuroSAT,3,42,202,2.6,0.0
EuroSAT,4,42,202,2.8421052631578947,0.05263157894736842
EuroSAT,5,42,202,3.6666666666666665,0.0
EuroSAT,2,42,203,1.763157894736842,0.23684210526315788
EuroSAT,3,42,203,2.48,0.0
EuroSAT,4,42,203,2.9473684210526314,0.0
EuroSAT,5,42,203,3.2666666666666666,0.0
EuroSAT,2,42,204,1.7105263157894737,0.2894736842105263
EuroSAT,3,42,204,2.32,0.16
EuroSAT,4,42,204,2.8421052631578947,0.0
EuroSAT,5,42,204,3.4,0.0
EuroSAT,2,42,205,1.736842105263158,0.2631578947368421
EuroSAT,3,42,205,2.44,0.0
EuroSAT,4,42,205,3.1578947368421053,0.0
EuroSAT,5,42,205,3.6666666666666665,0.0
EuroSAT,2,42,206,1.7894736842105263,0.21052631578947367
EuroSAT,3,42,206,2.44,0.08
EuroSAT,4,42,206,3.0,0.0
EuroSAT,5,42,206,3.3333333333333335,0.0
EuroSAT,2,42,207,1.7894736842105263,0.21052631578947367
EuroSAT,3,42,207,2.44,0.0
EuroSAT,4,42,207,2.8947368421052633,0.0
EuroSAT,5,42,207,3.1333333333333333,0.0
EuroSAT,2,42,208,1.763157894736842,0.23684210526315788
EuroSAT,3,42,208,2.36,0.08
EuroSAT,4,42,208,2.8947368421052633,0.0
EuroSAT,5,42,208,3.2666666666666666,0.0
EuroSAT,2,42,209,1.8421052631578947,0.15789473684210525
EuroSAT,3,42,209,2.48,0.08
EuroSAT,4,42,209,3.0526315789473686,0.0
EuroSAT,5,42,209,3.3333333333333335,0.0
EuroSAT,2,42,210,1.763157894736842,0.23684210526315788
EuroSAT,3,42,210,2.32,0.08
EuroSAT,4,42,210,2.6842105263157894,0.0
EuroSAT,5,42,210,3.3333333333333335,0.0
EuroSAT,2,42,211,1.763157894736842,0.23684210526315788
EuroSAT,3,42,211,2.52,0.0
EuroSAT,4,42,211,3.1578947368421053,0.0
EuroSAT,5,42,211,3.6,0.0
EuroSAT,2,42,212,1.6578947368421053,0.34210526315789475
EuroSAT,3,42,212,2.44,0.04
EuroSAT,4,42,212,2.8421052631578947,0.0
EuroSAT,5,42,212,3.2666666666666666,0.0
EuroSAT,2,42,213,1.7894736842105263,0.21052631578947367
EuroSAT,3,42,213,2.4,0.08
EuroSAT,4,42,213,2.8421052631578947,0.0
EuroSAT,5,42,213,3.066666666666667,0.0
EuroSAT,2,42,214,1.894736842105263,0.10526315789473684
EuroSAT,3,42,214,2.48,0.0
EuroSAT,4,42,214,2.9473684210526314,0.0
EuroSAT,5,42,214,3.466666666666667,0.0
EuroSAT,2,42,215,1.763157894736842,0.23684210526315788
EuroSAT,3,42,215,2.36,0.04
EuroSAT,4,42,215,3.0526315789473686,0.0
EuroSAT,5,42,215,3.466666666666667,0.0
EuroSAT,2,42,216,1.6842105263157894,0.3157894736842105
EuroSAT,3,42,216,2.44,0.04
EuroSAT,4,42,216,2.8947368421052633,0.0
EuroSAT,5,42,216,3.2,0.0
EuroSAT,2,42,217,1.868421052631579,0.13157894736842105
EuroSAT,3,42,217,2.36,0.04
EuroSAT,4,42,217,2.9473684210526314,0.0
EuroSAT,5,42,217,3.6666666666666665,0.0
EuroSAT,2,42,218,1.736842105263158,0.2631578947368421
EuroSAT,3,42,218,2.44,0.08
EuroSAT,4,42,218,2.9473684210526314,0.0
EuroSAT,5,42,218,3.3333333333333335,0.0
EuroSAT,2,42,219,1.6842105263157894,0.3157894736842105
EuroSAT,3,42,219,2.4,0.0
EuroSAT,4,42,219,2.9473684210526314,0.0
EuroSAT,5,42,219,3.6,0.0
EuroSAT,2,42,220,1.736842105263158,0.2631578947368421
EuroSAT,3,42,220,2.4,0.12
EuroSAT,4,42,220,2.789473684210526,0.0
EuroSAT,5,42,220,3.2,0.0
EuroSAT,2,42,221,1.736842105263158,0.2631578947368421
EuroSAT,3,42,221,2.4,0.08
EuroSAT,4,42,221,2.9473684210526314,0.05263157894736842
EuroSAT,5,42,221,3.3333333333333335,0.0
EuroSAT,2,42,222,1.7894736842105263,0.21052631578947367
EuroSAT,3,42,222,2.56,0.0
EuroSAT,4,42,222,3.1052631578947367,0.0
EuroSAT,5,42,222,3.6666666666666665,0.0
EuroSAT,2,42,223,1.8157894736842106,0.18421052631578946
EuroSAT,3,42,223,2.52,0.04
EuroSAT,4,42,223,3.0,0.0
EuroSAT,5,42,223,3.1333333333333333,0.0
EuroSAT,2,42,224,1.736842105263158,0.2631578947368421
EuroSAT,3,42,224,2.56,0.08
EuroSAT,4,42,224,2.9473684210526314,0.0
EuroSAT,5,42,224,3.533333333333333,0.0
EuroSAT,2,42,225,1.763157894736842,0.23684210526315788
EuroSAT,3,42,225,2.28,0.0
EuroSAT,4,42,225,3.0,0.0
EuroSAT,5,42,225,3.2,0.0
EuroSAT,2,42,226,1.763157894736842,0.23684210526315788
EuroSAT,3,42,226,2.36,0.16
EuroSAT,4,42,226,2.9473684210526314,0.05263157894736842
EuroSAT,5,42,226,3.533333333333333,0.0
EuroSAT,2,42,227,1.894736842105263,0.10526315789473684
EuroSAT,3,42,227,2.6,0.0
EuroSAT,4,42,227,3.210526315789474,0.0
EuroSAT,5,42,227,3.466666666666667,0.0
EuroSAT,2,42,228,1.736842105263158,0.2631578947368421
EuroSAT,3,42,228,2.32,0.04
EuroSAT,4,42,228,2.8947368421052633,0.0
EuroSAT,5,42,228,3.4,0.0
EuroSAT,2,42,229,1.763157894736842,0.23684210526315788
EuroSAT,3,42,229,2.52,0.04
EuroSAT,4,42,229,2.8947368421052633,0.05263157894736842
EuroSAT,5,42,229,3.2666666666666666,0.0
EuroSAT,2,42,230,1.6578947368421053,0.34210526315789475
EuroSAT,3,42,230,2.32,0.04
EuroSAT,4,42,230,3.0,0.0
EuroSAT,5,42,230,3.2666666666666666,0.0
EuroSAT,2,42,231,1.8421052631578947,0.15789473684210525
EuroSAT,3,42,231,2.52,0.04
EuroSAT,4,42,231,3.0526315789473686,0.0
EuroSAT,5,42,231,3.4,0.0
EuroSAT,2,42,232,1.763157894736842,0.23684210526315788
EuroSAT,3,42,232,2.48,0.04
EuroSAT,4,42,232,3.0526315789473686,0.0
EuroSAT,5,42,232,3.3333333333333335,0.0
EuroSAT,2,42,233,1.7105263157894737,0.2894736842105263
EuroSAT,3,42,233,2.48,0.0
EuroSAT,4,42,233,2.8947368421052633,0.0
EuroSAT,5,42,233,3.466666666666667,0.0
EuroSAT,2,42,234,1.7894736842105263,0.21052631578947367
EuroSAT,3,42,234,2.4,0.08
EuroSAT,4,42,234,2.8947368421052633,0.0
EuroSAT,5,42,234,3.3333333333333335,0.0
EuroSAT,2,42,235,1.8157894736842106,0.18421052631578946
EuroSAT,3,42,235,2.44,0.0
EuroSAT,4,42,235,2.9473684210526314,0.0
EuroSAT,5,42,235,3.4,0.0
EuroSAT,2,42,236,1.7894736842105263,0.21052631578947367
EuroSAT,3,42,236,2.64,0.0
EuroSAT,4,42,236,3.0526315789473686,0.0
EuroSAT,5,42,236,3.7333333333333334,0.0
EuroSAT,2,42,237,1.7894736842105263,0.21052631578947367
EuroSAT,3,42,237,2.36,0.12
EuroSAT,4,42,237,2.9473684210526314,0.0
EuroSAT,5,42,237,3.533333333333333,0.0
EuroSAT,2,42,238,1.8157894736842106,0.18421052631578946
EuroSAT,3,42,238,2.52,0.0
EuroSAT,4,42,238,3.1052631578947367,0.0
EuroSAT,5,42,238,3.2666666666666666,0.0
EuroSAT,2,42,239,1.736842105263158,0.2631578947368421
EuroSAT,3,42,239,2.52,0.0
EuroSAT,4,42,239,3.0526315789473686,0.0
EuroSAT,5,42,239,3.6666666666666665,0.0
EuroSAT,2,42,240,1.7894736842105263,0.21052631578947367
EuroSAT,3,42,240,2.48,0.0
EuroSAT,4,42,240,2.8947368421052633,0.0
EuroSAT,5,42,240,3.2,0.0
EuroSAT,2,42,241,1.8421052631578947,0.15789473684210525
EuroSAT,3,42,241,2.48,0.0
EuroSAT,4,42,241,3.0,0.0
EuroSAT,5,42,241,3.533333333333333,0.0
EuroSAT,2,42,242,1.7894736842105263,0.21052631578947367
EuroSAT,3,42,242,2.52,0.0
EuroSAT,4,42,242,3.0526315789473686,0.0
EuroSAT,5,42,242,3.3333333333333335,0.0
EuroSAT,2,42,243,1.763157894736842,0.23684210526315788
EuroSAT,3,42,243,2.48,0.0
EuroSAT,4,42,243,2.8421052631578947,0.0
EuroSAT,5,42,243,3.4,0.0
EuroSAT,2,42,244,1.736842105263158,0.2631578947368421
EuroSAT,3,42,244,2.28,0.08
EuroSAT,4,42,244,2.6842105263157894,0.0
EuroSAT,5,42,244,3.1333333333333333,0.0
EuroSAT,2,42,245,1.763157894736842,0.23684210526315788
EuroSAT,3,42,245,2.44,0.04
EuroSAT,4,42,245,2.9473684210526314,0.05263157894736842
EuroSAT,5,42,245,3.4,0.0
EuroSAT,2,42,246,1.7894736842105263,0.21052631578947367
EuroSAT,3,42,246,2.64,0.0
EuroSAT,4,42,246,2.9473684210526314,0.0
EuroSAT,5,42,246,3.6666666666666665,0.0
EuroSAT,2,42,247,1.7894736842105263,0.21052631578947367
EuroSAT,3,42,247,2.44,0.0
EuroSAT,4,42,247,2.8421052631578947,0.0
EuroSAT,5,42,247,3.2666666666666666,0.0
EuroSAT,2,42,248,1.6578947368421053,0.34210526315789475
EuroSAT,3,42,248,2.44,0.08
EuroSAT,4,42,248,2.8947368421052633,0.0
EuroSAT,5,42,248,3.3333333333333335,0.0
EuroSAT,2,42,249,1.7894736842105263,0.21052631578947367
EuroSAT,3,42,249,2.4,0.04
EuroSAT,4,42,249,2.8947368421052633,0.0
EuroSAT,5,42,249,3.6,0.0
EuroSAT,2,42,250,1.7105263157894737,0.2894736842105263
EuroSAT,3,42,250,2.4,0.0
EuroSAT,4,42,250,2.8947368421052633,0.0
EuroSAT,5,42,250,3.2,0.0
EuroSAT,2,42,251,1.7894736842105263,0.21052631578947367
EuroSAT,3,42,251,2.32,0.04
EuroSAT,4,42,251,2.8947368421052633,0.0
EuroSAT,5,42,251,3.2,0.0
EuroSAT,2,42,252,1.8157894736842106,0.18421052631578946
EuroSAT,3,42,252,2.52,0.0
EuroSAT,4,42,252,3.0526315789473686,0.0
EuroSAT,5,42,252,3.533333333333333,0.0
EuroSAT,2,42,253,1.868421052631579,0.13157894736842105
EuroSAT,3,42,253,2.56,0.0
EuroSAT,4,42,253,3.1052631578947367,0.0
EuroSAT,5,42,253,3.4,0.0
EuroSAT,2,42,254,1.6842105263157894,0.3157894736842105
EuroSAT,3,42,254,2.4,0.04
EuroSAT,4,42,254,2.8947368421052633,0.0
EuroSAT,5,42,254,3.533333333333333,0.0
EuroSAT,2,42,255,1.894736842105263,0.10526315789473684
EuroSAT,3,42,255,2.6,0.04
EuroSAT,4,42,255,3.1578947368421053,0.0
EuroSAT,5,42,255,3.533333333333333,0.0
EuroSAT,2,42,256,1.7105263157894737,0.2894736842105263
EuroSAT,3,42,256,2.48,0.0
EuroSAT,4,42,256,2.9473684210526314,0.0
EuroSAT,5,42,256,3.4,0.0
EuroSAT,2,42,257,1.8421052631578947,0.15789473684210525
EuroSAT,3,42,257,2.4,0.04
EuroSAT,4,42,257,2.8421052631578947,0.05263157894736842
EuroSAT,5,42,257,3.4,0.06666666666666667
EuroSAT,2,42,258,1.6578947368421053,0.34210526315789475
EuroSAT,3,42,258,2.2,0.12
EuroSAT,4,42,258,2.8421052631578947,0.0
EuroSAT,5,42,258,3.066666666666667,0.0
EuroSAT,2,42,259,1.8421052631578947,0.15789473684210525
EuroSAT,3,42,259,2.64,0.0
EuroSAT,4,42,259,3.263157894736842,0.0
EuroSAT,5,42,259,3.7333333333333334,0.0
EuroSAT,2,42,260,1.7894736842105263,0.21052631578947367
EuroSAT,3,42,260,2.48,0.04
EuroSAT,4,42,260,2.8421052631578947,0.0
EuroSAT,5,42,260,3.2,0.0
EuroSAT,2,42,261,1.7894736842105263,0.21052631578947367
EuroSAT,3,42,261,2.36,0.08
EuroSAT,4,42,261,2.8947368421052633,0.05263157894736842
EuroSAT,5,42,261,3.1333333333333333,0.0
EuroSAT,2,42,262,1.736842105263158,0.2631578947368421
EuroSAT,3,42,262,2.32,0.04
EuroSAT,4,42,262,2.8421052631578947,0.0
EuroSAT,5,42,262,3.2666666666666666,0.0
EuroSAT,2,42,263,1.763157894736842,0.23684210526315788
EuroSAT,3,42,263,2.36,0.04
EuroSAT,4,42,263,3.0,0.0
EuroSAT,5,42,263,3.2,0.0
EuroSAT,2,42,264,1.8421052631578947,0.15789473684210525
EuroSAT,3,42,264,2.52,0.04
EuroSAT,4,42,264,3.1578947368421053,0.0
EuroSAT,5,42,264,3.6666666666666665,0.0
EuroSAT,2,42,265,1.8421052631578947,0.15789473684210525
EuroSAT,3,42,265,2.6,0.0
EuroSAT,4,42,265,2.8947368421052633,0.0
EuroSAT,5,42,265,3.466666666666667,0.0
EuroSAT,2,42,266,1.894736842105263,0.10526315789473684
EuroSAT,3,42,266,2.52,0.0
EuroSAT,4,42,266,2.8947368421052633,0.0
EuroSAT,5,42,266,3.466666666666667,0.0
EuroSAT,2,42,267,1.763157894736842,0.23684210526315788
EuroSAT,3,42,267,2.32,0.08
EuroSAT,4,42,267,2.8421052631578947,0.0
EuroSAT,5,42,267,3.2666666666666666,0.0
EuroSAT,2,42,268,1.7894736842105263,0.21052631578947367
EuroSAT,3,42,268,2.48,0.04
EuroSAT,4,42,268,2.9473684210526314,0.0
EuroSAT,5,42,268,3.2666666666666666,0.0
EuroSAT,2,42,269,1.763157894736842,0.23684210526315788
EuroSAT,3,42,269,2.28,0.04
EuroSAT,4,42,269,2.8421052631578947,0.0
EuroSAT,5,42,269,3.3333333333333335,0.0
EuroSAT,2,42,270,1.894736842105263,0.10526315789473684
EuroSAT,3,42,270,2.72,0.0
EuroSAT,4,42,270,3.210526315789474,0.0
EuroSAT,5,42,270,3.6,0.0
EuroSAT,2,42,271,1.7105263157894737,0.2894736842105263
EuroSAT,3,42,271,2.44,0.08
EuroSAT,4,42,271,2.9473684210526314,0.0
EuroSAT,5,42,271,3.4,0.0
EuroSAT,2,42,272,1.8157894736842106,0.18421052631578946
EuroSAT,3,42,272,2.56,0.08
EuroSAT,4,42,272,2.9473684210526314,0.05263157894736842
EuroSAT,5,42,272,3.2666666666666666,0.0
EuroSAT,2,42,273,1.868421052631579,0.13157894736842105
EuroSAT,3,42,273,2.64,0.0
EuroSAT,4,42,273,3.0,0.0
EuroSAT,5,42,273,3.3333333333333335,0.0
EuroSAT,2,42,274,1.736842105263158,0.2631578947368421
EuroSAT,3,42,274,2.36,0.04
EuroSAT,4,42,274,3.0526315789473686,0.0
EuroSAT,5,42,274,3.466666666666667,0.0
EuroSAT,2,42,275,1.763157894736842,0.23684210526315788
EuroSAT,3,42,275,2.44,0.12
EuroSAT,4,42,275,2.736842105263158,0.0
EuroSAT,5,42,275,3.2666666666666666,0.0
EuroSAT,2,42,276,1.736842105263158,0.2631578947368421
EuroSAT,3,42,276,2.4,0.0
EuroSAT,4,42,276,2.6315789473684212,0.05263157894736842
EuroSAT,5,42,276,3.4,0.0
EuroSAT,2,42,277,1.763157894736842,0.23684210526315788
EuroSAT,3,42,277,2.4,0.0
EuroSAT,4,42,277,2.8421052631578947,0.0
EuroSAT,5,42,277,3.533333333333333,0.0
EuroSAT,2,42,278,1.763157894736842,0.23684210526315788
EuroSAT,3,42,278,2.48,0.0
EuroSAT,4,42,278,3.1052631578947367,0.0
EuroSAT,5,42,278,3.466666666666667,0.0
EuroSAT,2,42,279,1.763157894736842,0.23684210526315788
EuroSAT,3,42,279,2.44,0.08
EuroSAT,4,42,279,2.6842105263157894,0.0
EuroSAT,5,42,279,3.2,0.0
EuroSAT,2,42,280,1.8157894736842106,0.18421052631578946
EuroSAT,3,42,280,2.52,0.0
EuroSAT,4,42,280,2.9473684210526314,0.0
EuroSAT,5,42,280,3.1333333333333333,0.0
EuroSAT,2,42,281,1.7105263157894737,0.2894736842105263
EuroSAT,3,42,281,2.28,0.04
EuroSAT,4,42,281,2.8421052631578947,0.0
EuroSAT,5,42,281,3.4,0.0
EuroSAT,2,42,282,1.894736842105263,0.10526315789473684
EuroSAT,3,42,282,2.56,0.0
EuroSAT,4,42,282,3.1578947368421053,0.0
EuroSAT,5,42,282,3.533333333333333,0.0
EuroSAT,2,42,283,1.868421052631579,0.13157894736842105
EuroSAT,3,42,283,2.28,0.04
EuroSAT,4,42,283,2.9473684210526314,0.0
EuroSAT,5,42,283,3.466666666666667,0.0
EuroSAT,2,42,284,1.763157894736842,0.23684210526315788
EuroSAT,3,42,284,2.52,0.04
EuroSAT,4,42,284,3.0526315789473686,0.0
EuroSAT,5,42,284,3.533333333333333,0.0
EuroSAT,2,42,285,1.8157894736842106,0.18421052631578946
EuroSAT,3,42,285,2.36,0.04
EuroSAT,4,42,285,2.736842105263158,0.0
EuroSAT,5,42,285,3.3333333333333335,0.0
EuroSAT,2,42,286,1.736842105263158,0.2631578947368421
EuroSAT,3,42,286,2.44,0.04
EuroSAT,4,42,286,2.8421052631578947,0.0
EuroSAT,5,42,286,3.3333333333333335,0.0
EuroSAT,2,42,287,1.736842105263158,0.2631578947368421
EuroSAT,3,42,287,2.52,0.04
EuroSAT,4,42,287,2.8421052631578947,0.0
EuroSAT,5,42,287,3.3333333333333335,0.0
EuroSAT,2,42,288,1.894736842105263,0.10526315789473684
EuroSAT,3,42,288,2.48,0.0
EuroSAT,4,42,288,3.0526315789473686,0.0
EuroSAT,5,42,288,3.6,0.0
EuroSAT,2,42,289,1.763157894736842,0.23684210526315788
EuroSAT,3,42,289,2.56,0.04
EuroSAT,4,42,289,2.8947368421052633,0.0
EuroSAT,5,42,289,3.533333333333333,0.0
EuroSAT,2,42,290,1.8421052631578947,0.15789473684210525
EuroSAT,3,42,290,2.36,0.04
EuroSAT,4,42,290,2.9473684210526314,0.0
EuroSAT,5,42,290,3.4,0.0
EuroSAT,2,42,291,1.763157894736842,0.23684210526315788
EuroSAT,3,42,291,2.32,0.08
EuroSAT,4,42,291,2.9473684210526314,0.0
EuroSAT,5,42,291,3.466666666666667,0.0
EuroSAT,2,42,292,1.868421052631579,0.13157894736842105
EuroSAT,3,42,292,2.64,0.0
EuroSAT,4,42,292,3.1052631578947367,0.0
EuroSAT,5,42,292,3.533333333333333,0.0
EuroSAT,2,42,293,1.868421052631579,0.13157894736842105
EuroSAT,3,42,293,2.48,0.0
EuroSAT,4,42,293,3.1052631578947367,0.0
EuroSAT,5,42,293,3.466666666666667,0.0
EuroSAT,2,42,294,1.6578947368421053,0.34210526315789475
EuroSAT,3,42,294,2.36,0.04
EuroSAT,4,42,294,2.6842105263157894,0.0
EuroSAT,5,42,294,3.2,0.0
EuroSAT,2,42,295,1.736842105263158,0.2631578947368421
EuroSAT,3,42,295,2.2,0.12
EuroSAT,4,42,295,2.8421052631578947,0.0
EuroSAT,5,42,295,3.2,0.0
EuroSAT,2,42,296,1.8157894736842106,0.18421052631578946
EuroSAT,3,42,296,2.48,0.0
EuroSAT,4,42,296,2.789473684210526,0.0
EuroSAT,5,42,296,3.2,0.0
EuroSAT,2,42,297,1.894736842105263,0.10526315789473684
EuroSAT,3,42,297,2.64,0.0
EuroSAT,4,42,297,2.8947368421052633,0.0
EuroSAT,5,42,297,3.533333333333333,0.0
EuroSAT,2,42,298,1.6842105263157894,0.3157894736842105
EuroSAT,3,42,298,2.44,0.0
EuroSAT,4,42,298,3.0,0.0
EuroSAT,5,42,298,3.3333333333333335,0.0
EuroSAT,2,42,299,1.8421052631578947,0.15789473684210525
EuroSAT,3,42,299,2.68,0.0
EuroSAT,4,42,299,3.1052631578947367,0.0
EuroSAT,5,42,299,3.466666666666667,0.0
EuroSAT,2,123,0,1.894736842105263,0.10526315789473684
EuroSAT,3,123,0,2.76,0.0
EuroSAT,4,123,0,3.3684210526315788,0.0
EuroSAT,5,123,0,3.7333333333333334,0.0
EuroSAT,2,123,1,1.8421052631578947,0.15789473684210525
EuroSAT,3,123,1,2.52,0.04
EuroSAT,4,123,1,2.8947368421052633,0.0
EuroSAT,5,123,1,3.466666666666667,0.0
EuroSAT,2,123,2,1.7105263157894737,0.2894736842105263
EuroSAT,3,123,2,2.4,0.0
EuroSAT,4,123,2,2.736842105263158,0.0
EuroSAT,5,123,2,3.533333333333333,0.0
EuroSAT,2,123,3,1.9210526315789473,0.07894736842105263
EuroSAT,3,123,3,2.6,0.0
EuroSAT,4,123,3,3.1578947368421053,0.0
EuroSAT,5,123,3,3.7333333333333334,0.0
EuroSAT,2,123,4,1.7894736842105263,0.21052631578947367
EuroSAT,3,123,4,2.64,0.0
EuroSAT,4,123,4,3.0,0.0
EuroSAT,5,123,4,3.533333333333333,0.0
EuroSAT,2,123,5,1.6842105263157894,0.3157894736842105
EuroSAT,3,123,5,2.24,0.0
EuroSAT,4,123,5,2.736842105263158,0.0
EuroSAT,5,123,5,3.2,0.0
EuroSAT,2,123,6,1.8421052631578947,0.15789473684210525
EuroSAT,3,123,6,2.52,0.08
EuroSAT,4,123,6,3.210526315789474,0.0
EuroSAT,5,123,6,3.7333333333333334,0.0
EuroSAT,2,123,7,1.8421052631578947,0.15789473684210525
EuroSAT,3,123,7,2.56,0.0
EuroSAT,4,123,7,3.0526315789473686,0.0
EuroSAT,5,123,7,3.4,0.0
EuroSAT,2,123,8,1.6578947368421053,0.34210526315789475
EuroSAT,3,123,8,2.32,0.04
EuroSAT,4,123,8,2.736842105263158,0.05263157894736842
EuroSAT,5,123,8,3.2666666666666666,0.0
EuroSAT,2,123,9,1.8157894736842106,0.18421052631578946
EuroSAT,3,123,9,2.64,0.0
EuroSAT,4,123,9,3.1052631578947367,0.0
EuroSAT,5,123,9,3.6666666666666665,0.0
EuroSAT,2,123,10,1.763157894736842,0.23684210526315788
EuroSAT,3,123,10,2.48,0.04
EuroSAT,4,123,10,3.1052631578947367,0.0
EuroSAT,5,123,10,3.466666666666667,0.0
EuroSAT,2,123,11,1.894736842105263,0.10526315789473684
EuroSAT,3,123,11,2.56,0.0
EuroSAT,4,123,11,3.0,0.0
EuroSAT,5,123,11,3.533333333333333,0.0
EuroSAT,2,123,12,1.7105263157894737,0.2894736842105263
EuroSAT,3,123,12,2.48,0.08
EuroSAT,4,123,12,2.8421052631578947,0.05263157894736842
EuroSAT,5,123,12,3.2666666666666666,0.0
EuroSAT,2,123,13,1.736842105263158,0.2631578947368421
EuroSAT,3,123,13,2.32,0.08
EuroSAT,4,123,13,2.789473684210526,0.05263157894736842
EuroSAT,5,123,13,3.3333333333333335,0.0
EuroSAT,2,123,14,1.763157894736842,0.23684210526315788
EuroSAT,3,123,14,2.44,0.08
EuroSAT,4,123,14,2.8421052631578947,0.0
EuroSAT,5,123,14,3.2,0.0
EuroSAT,2,123,15,1.868421052631579,0.13157894736842105
EuroSAT,3,123,15,2.52,0.04
EuroSAT,4,123,15,3.1578947368421053,0.0
EuroSAT,5,123,15,3.466666666666667,0.0
EuroSAT,2,123,16,1.7894736842105263,0.21052631578947367
EuroSAT,3,123,16,2.48,0.12
EuroSAT,4,123,16,3.1578947368421053,0.05263157894736842
EuroSAT,5,123,16,3.6,0.0
EuroSAT,2,123,17,1.6578947368421053,0.34210526315789475
EuroSAT,3,123,17,2.4,0.0
EuroSAT,4,123,17,2.9473684210526314,0.0
EuroSAT,5,123,17,3.466666666666667,0.0
EuroSAT,2,123,18,1.7105263157894737,0.2894736842105263
EuroSAT,3,123,18,2.28,0.08
EuroSAT,4,123,18,2.8421052631578947,0.0
EuroSAT,5,123,18,3.2,0.0
EuroSAT,2,123,19,1.763157894736842,0.23684210526315788
EuroSAT,3,123,19,2.52,0.0
EuroSAT,4,123,19,3.0526315789473686,0.0
EuroSAT,5,123,19,3.533333333333333,0.0
EuroSAT,2,123,20,1.8157894736842106,0.18421052631578946
EuroSAT,3,123,20,2.6,0.0
EuroSAT,4,123,20,2.8421052631578947,0.0
EuroSAT,5,123,20,3.3333333333333335,0.0
EuroSAT,2,123,21,1.6842105263157894,0.3157894736842105
EuroSAT,3,123,21,2.36,0.0
EuroSAT,4,123,21,3.0,0.0
EuroSAT,5,123,21,3.2,0.0
EuroSAT,2,123,22,1.8157894736842106,0.18421052631578946
EuroSAT,3,123,22,2.44,0.04
EuroSAT,4,123,22,2.9473684210526314,0.0
EuroSAT,5,123,22,3.2,0.0
EuroSAT,2,123,23,1.763157894736842,0.23684210526315788
EuroSAT,3,123,23,2.52,0.08
EuroSAT,4,123,23,3.0526315789473686,0.0
EuroSAT,5,123,23,3.466666666666667,0.0
EuroSAT,2,123,24,1.894736842105263,0.10526315789473684
EuroSAT,3,123,24,2.52,0.04
EuroSAT,4,123,24,3.0526315789473686,0.0
EuroSAT,5,123,24,3.6,0.0
EuroSAT,2,123,25,1.8421052631578947,0.15789473684210525
EuroSAT,3,123,25,2.56,0.0
EuroSAT,4,123,25,2.8421052631578947,0.05263157894736842
EuroSAT,5,123,25,3.6,0.0
EuroSAT,2,123,26,1.868421052631579,0.13157894736842105
EuroSAT,3,123,26,2.56,0.0
EuroSAT,4,123,26,3.1052631578947367,0.0
EuroSAT,5,123,26,3.6,0.0
EuroSAT,2,123,27,1.8421052631578947,0.15789473684210525
EuroSAT,3,123,27,2.44,0.04
EuroSAT,4,123,27,2.9473684210526314,0.0
EuroSAT,5,123,27,3.3333333333333335,0.0
EuroSAT,2,123,28,1.894736842105263,0.10526315789473684
EuroSAT,3,123,28,2.56,0.0
EuroSAT,4,123,28,3.0526315789473686,0.0
EuroSAT,5,123,28,3.4,0.0
EuroSAT,2,123,29,1.868421052631579,0.13157894736842105
EuroSAT,3,123,29,2.52,0.04
EuroSAT,4,123,29,3.1052631578947367,0.0
EuroSAT,5,123,29,3.6,0.0
EuroSAT,2,123,30,1.8421052631578947,0.15789473684210525
EuroSAT,3,123,30,2.72,0.0
EuroSAT,4,123,30,2.8947368421052633,0.0
EuroSAT,5,123,30,3.533333333333333,0.0
EuroSAT,2,123,31,1.763157894736842,0.23684210526315788
EuroSAT,3,123,31,2.32,0.0
EuroSAT,4,123,31,2.789473684210526,0.0
EuroSAT,5,123,31,3.2,0.0
EuroSAT,2,123,32,1.7894736842105263,0.21052631578947367
EuroSAT,3,123,32,2.32,0.04
EuroSAT,4,123,32,2.8947368421052633,0.0
EuroSAT,5,123,32,3.3333333333333335,0.0
EuroSAT,2,123,33,1.8421052631578947,0.15789473684210525
EuroSAT,3,123,33,2.32,0.0
EuroSAT,4,123,33,3.0,0.0
EuroSAT,5,123,33,3.4,0.0
EuroSAT,2,123,34,1.7894736842105263,0.21052631578947367
EuroSAT,3,123,34,2.44,0.08
EuroSAT,4,123,34,2.8947368421052633,0.0
EuroSAT,5,123,34,3.533333333333333,0.0
EuroSAT,2,123,35,1.868421052631579,0.13157894736842105
EuroSAT,3,123,35,2.6,0.0
EuroSAT,4,123,35,3.263157894736842,0.0
EuroSAT,5,123,35,3.533333333333333,0.0
EuroSAT,2,123,36,1.8157894736842106,0.18421052631578946
EuroSAT,3,123,36,2.52,0.12
EuroSAT,4,123,36,2.8421052631578947,0.0
EuroSAT,5,123,36,3.3333333333333335,0.0
EuroSAT,2,123,37,1.894736842105263,0.10526315789473684
EuroSAT,3,123,37,2.4,0.0
EuroSAT,4,123,37,3.1052631578947367,0.0
EuroSAT,5,123,37,3.7333333333333334,0.0
EuroSAT,2,123,38,1.8421052631578947,0.15789473684210525
EuroSAT,3,123,38,2.76,0.0
EuroSAT,4,123,38,3.210526315789474,0.0
EuroSAT,5,123,38,3.6666666666666665,0.0
EuroSAT,2,123,39,1.7105263157894737,0.2894736842105263
EuroSAT,3,123,39,2.44,0.04
EuroSAT,4,123,39,3.0,0.0
EuroSAT,5,123,39,3.3333333333333335,0.0
EuroSAT,2,123,40,1.763157894736842,0.23684210526315788
EuroSAT,3,123,40,2.28,0.08
EuroSAT,4,123,40,3.0526315789473686,0.0
EuroSAT,5,123,40,3.2666666666666666,0.0
EuroSAT,2,123,41,1.868421052631579,0.13157894736842105
EuroSAT,3,123,41,2.56,0.0
EuroSAT,4,123,41,3.0526315789473686,0.0
EuroSAT,5,123,41,3.8,0.0
EuroSAT,2,123,42,1.868421052631579,0.13157894736842105
EuroSAT,3,123,42,2.48,0.04
EuroSAT,4,123,42,3.1052631578947367,0.0
EuroSAT,5,123,42,3.7333333333333334,0.0
EuroSAT,2,123,43,1.8157894736842106,0.18421052631578946
EuroSAT,3,123,43,2.52,0.0
EuroSAT,4,123,43,3.0526315789473686,0.0
EuroSAT,5,123,43,3.6666666666666665,0.0
EuroSAT,2,123,44,1.8157894736842106,0.18421052631578946
EuroSAT,3,123,44,2.56,0.04
EuroSAT,4,123,44,3.0,0.05263157894736842
EuroSAT,5,123,44,3.466666666666667,0.0
EuroSAT,2,123,45,1.8157894736842106,0.18421052631578946
EuroSAT,3,123,45,2.28,0.08
EuroSAT,4,123,45,3.0,0.0
EuroSAT,5,123,45,3.2666666666666666,0.0
EuroSAT,2,123,46,1.868421052631579,0.13157894736842105
EuroSAT,3,123,46,2.52,0.0
EuroSAT,4,123,46,3.0526315789473686,0.0
EuroSAT,5,123,46,3.4,0.0
EuroSAT,2,123,47,1.763157894736842,0.23684210526315788
EuroSAT,3,123,47,2.48,0.04
EuroSAT,4,123,47,3.0,0.05263157894736842
EuroSAT,5,123,47,3.4,0.0
EuroSAT,2,123,48,1.7105263157894737,0.2894736842105263
EuroSAT,3,123,48,2.52,0.04
EuroSAT,4,123,48,2.9473684210526314,0.0
EuroSAT,5,123,48,3.4,0.0
EuroSAT,2,123,49,1.894736842105263,0.10526315789473684
EuroSAT,3,123,49,2.44,0.0
EuroSAT,4,123,49,2.8947368421052633,0.0
EuroSAT,5,123,49,3.533333333333333,0.0
EuroSAT,2,123,50,1.7105263157894737,0.2894736842105263
EuroSAT,3,123,50,2.4,0.04
EuroSAT,4,123,50,2.8947368421052633,0.0
EuroSAT,5,123,50,3.466666666666667,0.0
EuroSAT,2,123,51,1.7894736842105263,0.21052631578947367
EuroSAT,3,123,51,2.4,0.04
EuroSAT,4,123,51,2.789473684210526,0.05263157894736842
EuroSAT,5,123,51,3.3333333333333335,0.0
EuroSAT,2,123,52,1.736842105263158,0.2631578947368421
EuroSAT,3,123,52,2.36,0.04
EuroSAT,4,123,52,2.8947368421052633,0.0
EuroSAT,5,123,52,3.6,0.0
EuroSAT,2,123,53,1.8157894736842106,0.18421052631578946
EuroSAT,3,123,53,2.52,0.0
EuroSAT,4,123,53,2.8421052631578947,0.0
EuroSAT,5,123,53,3.4,0.0
EuroSAT,2,123,54,1.8157894736842106,0.18421052631578946
EuroSAT,3,123,54,2.52,0.04
EuroSAT,4,123,54,2.8421052631578947,0.0
EuroSAT,5,123,54,3.6666666666666665,0.0
EuroSAT,2,123,55,1.868421052631579,0.13157894736842105
EuroSAT,3,123,55,2.56,0.04
EuroSAT,4,123,55,3.0,0.05263157894736842
EuroSAT,5,123,55,3.6,0.0
EuroSAT,2,123,56,1.8157894736842106,0.18421052631578946
EuroSAT,3,123,56,2.6,0.08
EuroSAT,4,123,56,2.9473684210526314,0.0
EuroSAT,5,123,56,3.533333333333333,0.0
EuroSAT,2,123,57,1.763157894736842,0.23684210526315788
EuroSAT,3,123,57,2.48,0.08
EuroSAT,4,123,57,3.0,0.0
EuroSAT,5,123,57,3.3333333333333335,0.0
EuroSAT,2,123,58,1.8421052631578947,0.15789473684210525
EuroSAT,3,123,58,2.52,0.0
EuroSAT,4,123,58,3.0,0.0
EuroSAT,5,123,58,3.466666666666667,0.0
EuroSAT,2,123,59,1.6842105263157894,0.3157894736842105
EuroSAT,3,123,59,2.36,0.04
EuroSAT,4,123,59,2.6842105263157894,0.0
EuroSAT,5,123,59,3.4,0.0
EuroSAT,2,123,60,1.736842105263158,0.2631578947368421
EuroSAT,3,123,60,2.28,0.04
EuroSAT,4,123,60,2.736842105263158,0.0
EuroSAT,5,123,60,3.2666666666666666,0.0
EuroSAT,2,123,61,1.8421052631578947,0.15789473684210525
EuroSAT,3,123,61,2.52,0.0
EuroSAT,4,123,61,3.0526315789473686,0.0
EuroSAT,5,123,61,3.6666666666666665,0.0
EuroSAT,2,123,62,1.6578947368421053,0.34210526315789475
EuroSAT,3,123,62,2.44,0.08
EuroSAT,4,123,62,2.6842105263157894,0.0
EuroSAT,5,123,62,3.2666666666666666,0.0
EuroSAT,2,123,63,1.7105263157894737,0.2894736842105263
EuroSAT,3,123,63,2.4,0.04
EuroSAT,4,123,63,3.0,0.0
EuroSAT,5,123,63,3.4,0.0
EuroSAT,2,123,64,1.8157894736842106,0.18421052631578946
EuroSAT,3,123,64,2.48,0.12
EuroSAT,4,123,64,2.9473684210526314,0.0
EuroSAT,5,123,64,3.1333333333333333,0.0
EuroSAT,2,123,65,1.7894736842105263,0.21052631578947367
EuroSAT,3,123,65,2.4,0.04
EuroSAT,4,123,65,3.0526315789473686,0.0
EuroSAT,5,123,65,3.2666666666666666,0.0
EuroSAT,2,123,66,1.8421052631578947,0.15789473684210525
EuroSAT,3,123,66,2.56,0.04
EuroSAT,4,123,66,3.0526315789473686,0.05263157894736842
EuroSAT,5,123,66,3.7333333333333334,0.0
EuroSAT,2,123,67,1.6578947368421053,0.34210526315789475
EuroSAT,3,123,67,2.24,0.12
EuroSAT,4,123,67,2.5789473684210527,0.0
EuroSAT,5,123,67,2.933333333333333,0.0
EuroSAT,2,123,68,1.8421052631578947,0.15789473684210525
EuroSAT,3,123,68,2.4,0.04
EuroSAT,4,123,68,2.9473684210526314,0.0
EuroSAT,5,123,68,3.533333333333333,0.0
EuroSAT,2,123,69,1.894736842105263,0.10526315789473684
EuroSAT,3,123,69,2.48,0.04
EuroSAT,4,123,69,2.9473684210526314,0.0
EuroSAT,5,123,69,3.533333333333333,0.0
EuroSAT,2,123,70,1.763157894736842,0.23684210526315788
EuroSAT,3,123,70,2.36,0.08
EuroSAT,4,123,70,2.9473684210526314,0.0
EuroSAT,5,123,70,3.3333333333333335,0.0
EuroSAT,2,123,71,1.7894736842105263,0.21052631578947367
EuroSAT,3,123,71,2.44,0.0
EuroSAT,4,123,71,3.0526315789473686,0.0
EuroSAT,5,123,71,3.6,0.0
EuroSAT,2,123,72,1.763157894736842,0.23684210526315788
EuroSAT,3,123,72,2.52,0.0
EuroSAT,4,123,72,2.9473684210526314,0.0
EuroSAT,5,123,72,3.6666666666666665,0.0
EuroSAT,2,123,73,1.894736842105263,0.10526315789473684
EuroSAT,3,123,73,2.28,0.12
EuroSAT,4,123,73,2.736842105263158,0.0
EuroSAT,5,123,73,3.2666666666666666,0.0
EuroSAT,2,123,74,1.763157894736842,0.23684210526315788
EuroSAT,3,123,74,2.32,0.08
EuroSAT,4,123,74,2.8947368421052633,0.05263157894736842
EuroSAT,5,123,74,3.2666666666666666,0.0
EuroSAT,2,123,75,1.8421052631578947,0.15789473684210525
EuroSAT,3,123,75,2.68,0.04
EuroSAT,4,123,75,3.0,0.0
EuroSAT,5,123,75,3.533333333333333,0.0
EuroSAT,2,123,76,1.868421052631579,0.13157894736842105
EuroSAT,3,123,76,2.72,0.0
EuroSAT,4,123,76,3.263157894736842,0.0
EuroSAT,5,123,76,3.6,0.0
EuroSAT,2,123,77,1.8421052631578947,0.15789473684210525
EuroSAT,3,123,77,2.64,0.0
EuroSAT,4,123,77,3.1578947368421053,0.0
EuroSAT,5,123,77,3.466666666666667,0.0
EuroSAT,2,123,78,1.868421052631579,0.13157894736842105
EuroSAT,3,123,78,2.6,0.0
EuroSAT,4,123,78,2.9473684210526314,0.0
EuroSAT,5,123,78,3.4,0.0
EuroSAT,2,123,79,1.736842105263158,0.2631578947368421
EuroSAT,3,123,79,2.36,0.08
EuroSAT,4,123,79,2.8947368421052633,0.0
EuroSAT,5,123,79,3.2,0.0
EuroSAT,2,123,80,1.868421052631579,0.13157894736842105
EuroSAT,3,123,80,2.6,0.0
EuroSAT,4,123,80,3.1052631578947367,0.0
EuroSAT,5,123,80,3.7333333333333334,0.0
EuroSAT,2,123,81,1.7894736842105263,0.21052631578947367
EuroSAT,3,123,81,2.6,0.0
EuroSAT,4,123,81,3.0526315789473686,0.0
EuroSAT,5,123,81,3.6,0.0
EuroSAT,2,123,82,1.6578947368421053,0.34210526315789475
EuroSAT,3,123,82,2.4,0.04
EuroSAT,4,123,82,2.8947368421052633,0.0
EuroSAT,5,123,82,3.4,0.0
EuroSAT,2,123,83,1.763157894736842,0.23684210526315788
EuroSAT,3,123,83,2.6,0.0
EuroSAT,4,123,83,3.0,0.0
EuroSAT,5,123,83,3.533333333333333,0.0
EuroSAT,2,123,84,1.868421052631579,0.13157894736842105
EuroSAT,3,123,84,2.56,0.0
EuroSAT,4,123,84,3.210526315789474,0.0
EuroSAT,5,123,84,3.533333333333333,0.0
EuroSAT,2,123,85,1.763157894736842,0.23684210526315788
EuroSAT,3,123,85,2.56,0.04
EuroSAT,4,123,85,3.210526315789474,0.0
EuroSAT,5,123,85,3.3333333333333335,0.0
EuroSAT,2,123,86,1.7894736842105263,0.21052631578947367
EuroSAT,3,123,86,2.52,0.0
EuroSAT,4,123,86,2.8947368421052633,0.0
EuroSAT,5,123,86,3.466666666666667,0.0
EuroSAT,2,123,87,1.736842105263158,0.2631578947368421
EuroSAT,3,123,87,2.36,0.0
EuroSAT,4,123,87,2.789473684210526,0.0
EuroSAT,5,123,87,3.533333333333333,0.0
EuroSAT,2,123,88,1.736842105263158,0.2631578947368421
EuroSAT,3,123,88,2.24,0.08
EuroSAT,4,123,88,2.526315789473684,0.0
EuroSAT,5,123,88,2.7333333333333334,0.0
EuroSAT,2,123,89,1.763157894736842,0.23684210526315788
EuroSAT,3,123,89,2.36,0.0
EuroSAT,4,123,89,2.6842105263157894,0.0
EuroSAT,5,123,89,3.1333333333333333,0.0
EuroSAT,2,123,90,1.8157894736842106,0.18421052631578946
EuroSAT,3,123,90,2.48,0.04
EuroSAT,4,123,90,3.1052631578947367,0.05263157894736842
EuroSAT,5,123,90,3.466666666666667,0.0
EuroSAT,2,123,91,1.8421052631578947,0.15789473684210525
EuroSAT,3,123,91,2.36,0.0
EuroSAT,4,123,91,2.789473684210526,0.0
EuroSAT,5,123,91,3.4,0.0
EuroSAT,2,123,92,1.8157894736842106,0.18421052631578946
EuroSAT,3,123,92,2.52,0.04
EuroSAT,4,123,92,3.1578947368421053,0.0
EuroSAT,5,123,92,3.2666666666666666,0.0
EuroSAT,2,123,93,1.8421052631578947,0.15789473684210525
EuroSAT,3,123,93,2.56,0.04
EuroSAT,4,123,93,3.263157894736842,0.0
EuroSAT,5,123,93,3.6,0.0
EuroSAT,2,123,94,1.6842105263157894,0.3157894736842105
EuroSAT,3,123,94,2.44,0.04
EuroSAT,4,123,94,2.789473684210526,0.0
EuroSAT,5,123,94,3.066666666666667,0.0
EuroSAT,2,123,95,1.7894736842105263,0.21052631578947367
EuroSAT,3,123,95,2.44,0.04
EuroSAT,4,123,95,2.789473684210526,0.0
EuroSAT,5,123,95,3.466666666666667,0.0
EuroSAT,2,123,96,1.8421052631578947,0.15789473684210525
EuroSAT,3,123,96,2.6,0.08
EuroSAT,4,123,96,3.0526315789473686,0.0
EuroSAT,5,123,96,3.6,0.0
EuroSAT,2,123,97,1.7894736842105263,0.21052631578947367
EuroSAT,3,123,97,2.36,0.04
EuroSAT,4,123,97,2.8947368421052633,0.0
EuroSAT,5,123,97,3.466666666666667,0.0
EuroSAT,2,123,98,1.7894736842105263,0.21052631578947367
EuroSAT,3,123,98,2.56,0.0
EuroSAT,4,123,98,3.0,0.0
EuroSAT,5,123,98,3.533333333333333,0.0
EuroSAT,2,123,99,1.8157894736842106,0.18421052631578946
EuroSAT,3,123,99,2.48,0.0
EuroSAT,4,123,99,3.0,0.0
EuroSAT,5,123,99,3.6,0.0
EuroSAT,2,123,100,1.6578947368421053,0.34210526315789475
EuroSAT,3,123,100,2.4,0.12
EuroSAT,4,123,100,2.789473684210526,0.0
EuroSAT,5,123,100,3.2,0.0
EuroSAT,2,123,101,1.8157894736842106,0.18421052631578946
EuroSAT,3,123,101,2.48,0.0
EuroSAT,4,123,101,3.0,0.0
EuroSAT,5,123,101,3.2666666666666666,0.0
EuroSAT,2,123,102,1.7894736842105263,0.21052631578947367
EuroSAT,3,123,102,2.4,0.08
EuroSAT,4,123,102,2.8421052631578947,0.10526315789473684
EuroSAT,5,123,102,3.2,0.0
EuroSAT,2,123,103,1.8421052631578947,0.15789473684210525
EuroSAT,3,123,103,2.52,0.0
EuroSAT,4,123,103,3.0526315789473686,0.0
EuroSAT,5,123,103,3.2,0.0
EuroSAT,2,123,104,1.7894736842105263,0.21052631578947367
EuroSAT,3,123,104,2.4,0.08
EuroSAT,4,123,104,2.9473684210526314,0.0
EuroSAT,5,123,104,3.1333333333333333,0.0
EuroSAT,2,123,105,1.7894736842105263,0.21052631578947367
EuroSAT,3,123,105,2.64,0.04
EuroSAT,4,123,105,3.1052631578947367,0.0
EuroSAT,5,123,105,3.7333333333333334,0.0
EuroSAT,2,123,106,1.894736842105263,0.10526315789473684
EuroSAT,3,123,106,2.4,0.0
EuroSAT,4,123,106,3.1578947368421053,0.0
EuroSAT,5,123,106,3.533333333333333,0.0
EuroSAT,2,123,107,1.7894736842105263,0.21052631578947367
EuroSAT,3,123,107,2.44,0.08
EuroSAT,4,123,107,3.0,0.0
EuroSAT,5,123,107,3.533333333333333,0.0
EuroSAT,2,123,108,1.7105263157894737,0.2894736842105263
EuroSAT,3,123,108,2.4,0.04
EuroSAT,4,123,108,2.8421052631578947,0.0
EuroSAT,5,123,108,3.3333333333333335,0.0
EuroSAT,2,123,109,1.736842105263158,0.2631578947368421
EuroSAT,3,123,109,2.52,0.04
EuroSAT,4,123,109,2.9473684210526314,0.0
EuroSAT,5,123,109,3.533333333333333,0.0
EuroSAT,2,123,110,1.7105263157894737,0.2894736842105263
EuroSAT,3,123,110,2.32,0.08
EuroSAT,4,123,110,2.9473684210526314,0.0
EuroSAT,5,123,110,3.3333333333333335,0.0
EuroSAT,2,123,111,1.6578947368421053,0.34210526315789475
EuroSAT,3,123,111,2.32,0.04
EuroSAT,4,123,111,2.736842105263158,0.0
EuroSAT,5,123,111,3.1333333333333333,0.0
EuroSAT,2,123,112,1.8421052631578947,0.15789473684210525
EuroSAT,3,123,112,2.48,0.0
EuroSAT,4,123,112,2.9473684210526314,0.0
EuroSAT,5,123,112,3.4,0.0
EuroSAT,2,123,113,1.8421052631578947,0.15789473684210525
EuroSAT,3,123,113,2.36,0.04
EuroSAT,4,123,113,2.736842105263158,0.0
EuroSAT,5,123,113,3.2,0.0
EuroSAT,2,123,114,1.631578947368421,0.3684210526315789
EuroSAT,3,123,114,2.28,0.08
EuroSAT,4,123,114,2.736842105263158,0.05263157894736842
EuroSAT,5,123,114,3.2666666666666666,0.0
EuroSAT,2,123,115,1.8157894736842106,0.18421052631578946
EuroSAT,3,123,115,2.48,0.08
EuroSAT,4,123,115,2.736842105263158,0.0
EuroSAT,5,123,115,3.1333333333333333,0.0
EuroSAT,2,123,116,1.763157894736842,0.23684210526315788
EuroSAT,3,123,116,2.48,0.0
EuroSAT,4,123,116,2.9473684210526314,0.05263157894736842
EuroSAT,5,123,116,3.466666666666667,0.0
EuroSAT,2,123,117,1.763157894736842,0.23684210526315788
EuroSAT,3,123,117,2.56,0.04
EuroSAT,4,123,117,3.1052631578947367,0.0
EuroSAT,5,123,117,3.6666666666666665,0.0
EuroSAT,2,123,118,1.7105263157894737,0.2894736842105263
EuroSAT,3,123,118,2.36,0.04
EuroSAT,4,123,118,2.6315789473684212,0.0
EuroSAT,5,123,118,3.4,0.0
EuroSAT,2,123,119,1.6842105263157894,0.3157894736842105
EuroSAT,3,123,119,2.4,0.0
EuroSAT,4,123,119,3.0,0.0
EuroSAT,5,123,119,3.466666666666667,0.0
EuroSAT,2,123,120,1.763157894736842,0.23684210526315788
EuroSAT,3,123,120,2.28,0.08
EuroSAT,4,123,120,2.9473684210526314,0.05263157894736842
EuroSAT,5,123,120,3.2,0.06666666666666667
EuroSAT,2,123,121,1.6842105263157894,0.3157894736842105
EuroSAT,3,123,121,2.28,0.04
EuroSAT,4,123,121,2.8421052631578947,0.0
EuroSAT,5,123,121,3.3333333333333335,0.0
EuroSAT,2,123,122,1.7105263157894737,0.2894736842105263
EuroSAT,3,123,122,2.56,0.0
EuroSAT,4,123,122,3.0526315789473686,0.0
EuroSAT,5,123,122,3.4,0.0
EuroSAT,2,123,123,1.7894736842105263,0.21052631578947367
EuroSAT,3,123,123,2.44,0.04
EuroSAT,4,123,123,3.1578947368421053,0.0
EuroSAT,5,123,123,3.6666666666666665,0.0
EuroSAT,2,123,124,1.6842105263157894,0.3157894736842105
EuroSAT,3,123,124,2.4,0.08
EuroSAT,4,123,124,2.736842105263158,0.0
EuroSAT,5,123,124,3.066666666666667,0.0
EuroSAT,2,123,125,1.7894736842105263,0.21052631578947367
EuroSAT,3,123,125,2.64,0.0
EuroSAT,4,123,125,3.210526315789474,0.0
EuroSAT,5,123,125,3.466666666666667,0.0
EuroSAT,2,123,126,1.894736842105263,0.10526315789473684
EuroSAT,3,123,126,2.44,0.0
EuroSAT,4,123,126,3.210526315789474,0.0
EuroSAT,5,123,126,3.6,0.0
EuroSAT,2,123,127,1.736842105263158,0.2631578947368421
EuroSAT,3,123,127,2.44,0.04
EuroSAT,4,123,127,2.789473684210526,0.05263157894736842
EuroSAT,5,123,127,3.2,0.0
EuroSAT,2,123,128,1.736842105263158,0.2631578947368421
EuroSAT,3,123,128,2.56,0.0
EuroSAT,4,123,128,2.9473684210526314,0.0
EuroSAT,5,123,128,3.466666666666667,0.0
EuroSAT,2,123,129,1.763157894736842,0.23684210526315788
EuroSAT,3,123,129,2.32,0.12
EuroSAT,4,123,129,2.789473684210526,0.05263157894736842
EuroSAT,5,123,129,3.2666666666666666,0.0
EuroSAT,2,123,130,1.7894736842105263,0.21052631578947367
EuroSAT,3,123,130,2.36,0.04
EuroSAT,4,123,130,2.8947368421052633,0.0
EuroSAT,5,123,130,3.6,0.0
EuroSAT,2,123,131,1.9473684210526316,0.05263157894736842
EuroSAT,3,123,131,2.52,0.0
EuroSAT,4,123,131,3.1578947368421053,0.0
EuroSAT,5,123,131,3.933333333333333,0.0
EuroSAT,2,123,132,1.8157894736842106,0.18421052631578946
EuroSAT,3,123,132,2.48,0.08
EuroSAT,4,123,132,3.0526315789473686,0.05263157894736842
EuroSAT,5,123,132,3.533333333333333,0.0
EuroSAT,2,123,133,1.8421052631578947,0.15789473684210525
EuroSAT,3,123,133,2.48,0.04
EuroSAT,4,123,133,2.9473684210526314,0.0
EuroSAT,5,123,133,3.3333333333333335,0.0
EuroSAT,2,123,134,1.8157894736842106,0.18421052631578946
EuroSAT,3,123,134,2.6,0.04
EuroSAT,4,123,134,3.1578947368421053,0.0
EuroSAT,5,123,134,3.6666666666666665,0.0
EuroSAT,2,123,135,1.8157894736842106,0.18421052631578946
EuroSAT,3,123,135,2.64,0.04
EuroSAT,4,123,135,2.9473684210526314,0.0
EuroSAT,5,123,135,3.6666666666666665,0.0
EuroSAT,2,123,136,1.9210526315789473,0.07894736842105263
EuroSAT,3,123,136,2.52,0.08
EuroSAT,4,123,136,2.9473684210526314,0.05263157894736842
EuroSAT,5,123,136,3.4,0.0
EuroSAT,2,123,137,1.763157894736842,0.23684210526315788
EuroSAT,3,123,137,2.4,0.04
EuroSAT,4,123,137,2.8947368421052633,0.05263157894736842
EuroSAT,5,123,137,3.533333333333333,0.0
EuroSAT,2,123,138,1.7894736842105263,0.21052631578947367
EuroSAT,3,123,138,2.56,0.0
EuroSAT,4,123,138,2.8947368421052633,0.0
EuroSAT,5,123,138,3.466666666666667,0.0
EuroSAT,2,123,139,1.736842105263158,0.2631578947368421
EuroSAT,3,123,139,2.48,0.08
EuroSAT,4,123,139,2.8421052631578947,0.05263157894736842
EuroSAT,5,123,139,3.2,0.0
EuroSAT,2,123,140,1.763157894736842,0.23684210526315788
EuroSAT,3,123,140,2.4,0.04
EuroSAT,4,123,140,3.0526315789473686,0.0
EuroSAT,5,123,140,3.6666666666666665,0.0
EuroSAT,2,123,141,1.7894736842105263,0.21052631578947367
EuroSAT,3,123,141,2.36,0.08
EuroSAT,4,123,141,2.8947368421052633,0.0
EuroSAT,5,123,141,3.466666666666667,0.0
EuroSAT,2,123,142,1.763157894736842,0.23684210526315788
EuroSAT,3,123,142,2.4,0.08
EuroSAT,4,123,142,2.8947368421052633,0.05263157894736842
EuroSAT,5,123,142,3.4,0.06666666666666667
EuroSAT,2,123,143,1.736842105263158,0.2631578947368421
EuroSAT,3,123,143,2.56,0.04
EuroSAT,4,123,143,2.9473684210526314,0.0
EuroSAT,5,123,143,3.4,0.0
EuroSAT,2,123,144,1.9210526315789473,0.07894736842105263
EuroSAT,3,123,144,2.64,0.0
EuroSAT,4,123,144,3.210526315789474,0.0
EuroSAT,5,123,144,3.8666666666666667,0.0
EuroSAT,2,123,145,1.6842105263157894,0.3157894736842105
EuroSAT,3,123,145,2.36,0.04
EuroSAT,4,123,145,2.789473684210526,0.10526315789473684
EuroSAT,5,123,145,3.1333333333333333,0.06666666666666667
EuroSAT,2,123,146,1.763157894736842,0.23684210526315788
EuroSAT,3,123,146,2.36,0.04
EuroSAT,4,123,146,3.0,0.0
EuroSAT,5,123,146,3.533333333333333,0.0
EuroSAT,2,123,147,1.8157894736842106,0.18421052631578946
EuroSAT,3,123,147,2.52,0.04
EuroSAT,4,123,147,3.0526315789473686,0.0
EuroSAT,5,123,147,3.2,0.0
EuroSAT,2,123,148,1.894736842105263,0.10526315789473684
EuroSAT,3,123,148,2.36,0.04
EuroSAT,4,123,148,2.8947368421052633,0.0
EuroSAT,5,123,148,3.3333333333333335,0.0
EuroSAT,2,123,149,1.7894736842105263,0.21052631578947367
EuroSAT,3,123,149,2.32,0.04
EuroSAT,4,123,149,2.8421052631578947,0.0
EuroSAT,5,123,149,3.466666666666667,0.0
EuroSAT,2,123,150,1.7105263157894737,0.2894736842105263
EuroSAT,3,123,150,2.36,0.08
EuroSAT,4,123,150,2.789473684210526,0.05263157894736842
EuroSAT,5,123,150,3.2,0.0
EuroSAT,2,123,151,1.8421052631578947,0.15789473684210525
EuroSAT,3,123,151,2.4,0.08
EuroSAT,4,123,151,3.0,0.0
EuroSAT,5,123,151,3.3333333333333335,0.0
EuroSAT,2,123,152,1.6842105263157894,0.3157894736842105
EuroSAT,3,123,152,2.16,0.04
EuroSAT,4,123,152,2.736842105263158,0.0
EuroSAT,5,123,152,3.1333333333333333,0.0
EuroSAT,2,123,153,1.763157894736842,0.23684210526315788
EuroSAT,3,123,153,2.44,0.0
EuroSAT,4,123,153,3.0,0.0
EuroSAT,5,123,153,3.466666666666667,0.0
EuroSAT,2,123,154,1.736842105263158,0.2631578947368421
EuroSAT,3,123,154,2.24,0.08
EuroSAT,4,123,154,2.6842105263157894,0.0
EuroSAT,5,123,154,3.2666666666666666,0.0
EuroSAT,2,123,155,1.763157894736842,0.23684210526315788
EuroSAT,3,123,155,2.4,0.04
EuroSAT,4,123,155,3.0,0.0
EuroSAT,5,123,155,3.3333333333333335,0.0
EuroSAT,2,123,156,1.8157894736842106,0.18421052631578946
EuroSAT,3,123,156,2.44,0.08
EuroSAT,4,123,156,2.8421052631578947,0.0
EuroSAT,5,123,156,3.2666666666666666,0.0
EuroSAT,2,123,157,1.8421052631578947,0.15789473684210525
EuroSAT,3,123,157,2.64,0.04
EuroSAT,4,123,157,3.1578947368421053,0.0
EuroSAT,5,123,157,3.466666666666667,0.0
EuroSAT,2,123,158,1.7105263157894737,0.2894736842105263
EuroSAT,3,123,158,2.4,0.0
EuroSAT,4,123,158,2.736842105263158,0.0
EuroSAT,5,123,158,3.066666666666667,0.0
EuroSAT,2,123,159,1.8421052631578947,0.15789473684210525
EuroSAT,3,123,159,2.36,0.08
EuroSAT,4,123,159,3.210526315789474,0.0
EuroSAT,5,123,159,3.3333333333333335,0.0
EuroSAT,2,123,160,1.8421052631578947,0.15789473684210525
EuroSAT,3,123,160,2.4,0.04
EuroSAT,4,123,160,3.1578947368421053,0.0
EuroSAT,5,123,160,3.6,0.0
EuroSAT,2,123,161,1.763157894736842,0.23684210526315788
EuroSAT,3,123,161,2.48,0.0
EuroSAT,4,123,161,3.0526315789473686,0.0
EuroSAT,5,123,161,3.466666666666667,0.0
EuroSAT,2,123,162,1.763157894736842,0.23684210526315788
EuroSAT,3,123,162,2.48,0.0
EuroSAT,4,123,162,2.9473684210526314,0.0
EuroSAT,5,123,162,3.1333333333333333,0.0
EuroSAT,2,123,163,1.8157894736842106,0.18421052631578946
EuroSAT,3,123,163,2.48,0.0
EuroSAT,4,123,163,3.1052631578947367,0.0
EuroSAT,5,123,163,3.466666666666667,0.0
EuroSAT,2,123,164,1.736842105263158,0.2631578947368421
EuroSAT,3,123,164,2.52,0.0
EuroSAT,4,123,164,2.8421052631578947,0.0
EuroSAT,5,123,164,3.4,0.0
EuroSAT,2,123,165,1.7894736842105263,0.21052631578947367
EuroSAT,3,123,165,2.48,0.08
EuroSAT,4,123,165,3.1578947368421053,0.05263157894736842
EuroSAT,5,123,165,3.6,0.0
EuroSAT,2,123,166,1.8421052631578947,0.15789473684210525
EuroSAT,3,123,166,2.48,0.12
EuroSAT,4,123,166,2.736842105263158,0.05263157894736842
EuroSAT,5,123,166,3.466666666666667,0.0
EuroSAT,2,123,167,1.736842105263158,0.2631578947368421
EuroSAT,3,123,167,2.44,0.08
EuroSAT,4,123,167,3.1052631578947367,0.0
EuroSAT,5,123,167,3.533333333333333,0.0
EuroSAT,2,123,168,1.7894736842105263,0.21052631578947367
EuroSAT,3,123,168,2.52,0.04
EuroSAT,4,123,168,2.8421052631578947,0.0
EuroSAT,5,123,168,3.533333333333333,0.0
EuroSAT,2,123,169,1.763157894736842,0.23684210526315788
EuroSAT,3,123,169,2.52,0.04
EuroSAT,4,123,169,2.9473684210526314,0.0
EuroSAT,5,123,169,3.466666666666667,0.0
EuroSAT,2,123,170,1.763157894736842,0.23684210526315788
EuroSAT,3,123,170,2.28,0.08
EuroSAT,4,123,170,2.8947368421052633,0.05263157894736842
EuroSAT,5,123,170,3.466666666666667,0.0
EuroSAT,2,123,171,1.8421052631578947,0.15789473684210525
EuroSAT,3,123,171,2.44,0.04
EuroSAT,4,123,171,3.263157894736842,0.0
EuroSAT,5,123,171,3.6,0.0
EuroSAT,2,123,172,1.868421052631579,0.13157894736842105
EuroSAT,3,123,172,2.52,0.0
EuroSAT,4,123,172,3.0526315789473686,0.0
EuroSAT,5,123,172,3.2,0.0
EuroSAT,2,123,173,1.763157894736842,0.23684210526315788
EuroSAT,3,123,173,2.36,0.08
EuroSAT,4,123,173,2.789473684210526,0.0
EuroSAT,5,123,173,3.533333333333333,0.0
EuroSAT,2,123,174,1.763157894736842,0.23684210526315788
EuroSAT,3,123,174,2.36,0.0
EuroSAT,4,123,174,2.6315789473684212,0.0
EuroSAT,5,123,174,3.3333333333333335,0.0
EuroSAT,2,123,175,1.8157894736842106,0.18421052631578946
EuroSAT,3,123,175,2.48,0.0
EuroSAT,4,123,175,3.1052631578947367,0.0
EuroSAT,5,123,175,3.4,0.0
EuroSAT,2,123,176,1.7894736842105263,0.21052631578947367
EuroSAT,3,123,176,2.32,0.08
EuroSAT,4,123,176,2.8421052631578947,0.0
EuroSAT,5,123,176,3.466666666666667,0.0
EuroSAT,2,123,177,1.763157894736842,0.23684210526315788
EuroSAT,3,123,177,2.36,0.04
EuroSAT,4,123,177,2.6842105263157894,0.0
EuroSAT,5,123,177,3.066666666666667,0.0
EuroSAT,2,123,178,1.6578947368421053,0.34210526315789475
EuroSAT,3,123,178,2.24,0.16
EuroSAT,4,123,178,2.6315789473684212,0.10526315789473684
EuroSAT,5,123,178,3.4,0.0
EuroSAT,2,123,179,1.7105263157894737,0.2894736842105263
EuroSAT,3,123,179,2.24,0.04
EuroSAT,4,123,179,2.5789473684210527,0.0
EuroSAT,5,123,179,3.066666666666667,0.0
EuroSAT,2,123,180,1.736842105263158,0.2631578947368421
EuroSAT,3,123,180,2.44,0.0
EuroSAT,4,123,180,2.736842105263158,0.0
EuroSAT,5,123,180,3.1333333333333333,0.0
EuroSAT,2,123,181,1.7894736842105263,0.21052631578947367
EuroSAT,3,123,181,2.4,0.04
EuroSAT,4,123,181,3.0526315789473686,0.0
EuroSAT,5,123,181,3.4,0.0
EuroSAT,2,123,182,1.868421052631579,0.13157894736842105
EuroSAT,3,123,182,2.48,0.0
EuroSAT,4,123,182,3.263157894736842,0.0
EuroSAT,5,123,182,3.4,0.0
EuroSAT,2,123,183,1.8157894736842106,0.18421052631578946
EuroSAT,3,123,183,2.44,0.08
EuroSAT,4,123,183,3.1578947368421053,0.0
EuroSAT,5,123,183,3.466666666666667,0.0
EuroSAT,2,123,184,1.763157894736842,0.23684210526315788
EuroSAT,3,123,184,2.4,0.04
EuroSAT,4,123,184,2.8421052631578947,0.0
EuroSAT,5,123,184,3.3333333333333335,0.0
EuroSAT,2,123,185,1.736842105263158,0.2631578947368421
EuroSAT,3,123,185,2.4,0.08
EuroSAT,4,123,185,2.6842105263157894,0.0
EuroSAT,5,123,185,3.2666666666666666,0.0
EuroSAT,2,123,186,1.7105263157894737,0.2894736842105263
EuroSAT,3,123,186,2.4,0.04
EuroSAT,4,123,186,3.0,0.0
EuroSAT,5,123,186,3.533333333333333,0.0
EuroSAT,2,123,187,1.7105263157894737,0.2894736842105263
EuroSAT,3,123,187,2.16,0.16
EuroSAT,4,123,187,2.6842105263157894,0.0
EuroSAT,5,123,187,3.1333333333333333,0.0
EuroSAT,2,123,188,1.7105263157894737,0.2894736842105263
EuroSAT,3,123,188,2.36,0.04
EuroSAT,4,123,188,3.1578947368421053,0.0
EuroSAT,5,123,188,3.7333333333333334,0.0
EuroSAT,2,123,189,1.8421052631578947,0.15789473684210525
EuroSAT,3,123,189,2.32,0.08
EuroSAT,4,123,189,2.8421052631578947,0.0
EuroSAT,5,123,189,3.1333333333333333,0.0
EuroSAT,2,123,190,1.7894736842105263,0.21052631578947367
EuroSAT,3,123,190,2.6,0.0
EuroSAT,4,123,190,2.8421052631578947,0.0
EuroSAT,5,123,190,3.466666666666667,0.0
EuroSAT,2,123,191,1.8157894736842106,0.18421052631578946
EuroSAT,3,123,191,2.64,0.04
EuroSAT,4,123,191,3.1052631578947367,0.0
EuroSAT,5,123,191,3.533333333333333,0.0
EuroSAT,2,123,192,1.763157894736842,0.23684210526315788
EuroSAT,3,123,192,2.28,0.08
EuroSAT,4,123,192,2.8421052631578947,0.0
EuroSAT,5,123,192,3.3333333333333335,0.0
EuroSAT,2,123,193,1.868421052631579,0.13157894736842105
EuroSAT,3,123,193,2.52,0.04
EuroSAT,4,123,193,2.736842105263158,0.05263157894736842
EuroSAT,5,123,193,3.2,0.0
EuroSAT,2,123,194,1.8421052631578947,0.15789473684210525
EuroSAT,3,123,194,2.48,0.04
EuroSAT,4,123,194,3.0,0.0
EuroSAT,5,123,194,3.466666666666667,0.0
EuroSAT,2,123,195,1.7894736842105263,0.21052631578947367
EuroSAT,3,123,195,2.44,0.08
EuroSAT,4,123,195,3.0526315789473686,0.0
EuroSAT,5,123,195,3.6,0.0
EuroSAT,2,123,196,1.736842105263158,0.2631578947368421
EuroSAT,3,123,196,2.36,0.04
EuroSAT,4,123,196,2.6315789473684212,0.05263157894736842
EuroSAT,5,123,196,3.3333333333333335,0.0
EuroSAT,2,123,197,1.894736842105263,0.10526315789473684
EuroSAT,3,123,197,2.48,0.0
EuroSAT,4,123,197,3.1052631578947367,0.0
EuroSAT,5,123,197,3.6,0.0
EuroSAT,2,123,198,1.7894736842105263,0.21052631578947367
EuroSAT,3,123,198,2.48,0.08
EuroSAT,4,123,198,2.8421052631578947,0.0
EuroSAT,5,123,198,3.0,0.0
EuroSAT,2,123,199,1.8421052631578947,0.15789473684210525
EuroSAT,3,123,199,2.48,0.0
EuroSAT,4,123,199,2.8947368421052633,0.0
EuroSAT,5,123,199,3.2666666666666666,0.0
EuroSAT,2,123,200,1.7105263157894737,0.2894736842105263
EuroSAT,3,123,200,2.36,0.0
EuroSAT,4,123,200,2.6842105263157894,0.0
EuroSAT,5,123,200,3.2,0.0
EuroSAT,2,123,201,1.868421052631579,0.13157894736842105
EuroSAT,3,123,201,2.4,0.0
EuroSAT,4,123,201,3.0,0.0
EuroSAT,5,123,201,3.6666666666666665,0.0
EuroSAT,2,123,202,1.894736842105263,0.10526315789473684
EuroSAT,3,123,202,2.56,0.0
EuroSAT,4,123,202,3.1578947368421053,0.0
EuroSAT,5,123,202,3.6,0.0
EuroSAT,2,123,203,1.736842105263158,0.2631578947368421
EuroSAT,3,123,203,2.4,0.04
EuroSAT,4,123,203,3.0526315789473686,0.05263157894736842
EuroSAT,5,123,203,3.6,0.0
EuroSAT,2,123,204,1.6578947368421053,0.34210526315789475
EuroSAT,3,123,204,2.44,0.04
EuroSAT,4,123,204,2.6842105263157894,0.0
EuroSAT,5,123,204,3.533333333333333,0.0
EuroSAT,2,123,205,1.5789473684210527,0.42105263157894735
EuroSAT,3,123,205,2.12,0.16
EuroSAT,4,123,205,2.736842105263158,0.0
EuroSAT,5,123,205,3.0,0.0
EuroSAT,2,123,206,1.7105263157894737,0.2894736842105263
EuroSAT,3,123,206,2.28,0.08
EuroSAT,4,123,206,2.789473684210526,0.0
EuroSAT,5,123,206,2.8666666666666667,0.0
EuroSAT,2,123,207,1.736842105263158,0.2631578947368421
EuroSAT,3,123,207,2.52,0.04
EuroSAT,4,123,207,3.0,0.0
EuroSAT,5,123,207,3.6666666666666665,0.0
EuroSAT,2,123,208,1.7894736842105263,0.21052631578947367
EuroSAT,3,123,208,2.44,0.0
EuroSAT,4,123,208,2.8947368421052633,0.0
EuroSAT,5,123,208,3.6,0.0
EuroSAT,2,123,209,1.7894736842105263,0.21052631578947367
EuroSAT,3,123,209,2.48,0.0
EuroSAT,4,123,209,2.789473684210526,0.0
EuroSAT,5,123,209,3.2666666666666666,0.0
EuroSAT,2,123,210,1.8157894736842106,0.18421052631578946
EuroSAT,3,123,210,2.6,0.0
EuroSAT,4,123,210,3.0,0.0
EuroSAT,5,123,210,3.6666666666666665,0.0
EuroSAT,2,123,211,1.894736842105263,0.10526315789473684
EuroSAT,3,123,211,2.48,0.0
EuroSAT,4,123,211,2.9473684210526314,0.0
EuroSAT,5,123,211,3.2,0.0
EuroSAT,2,123,212,1.7894736842105263,0.21052631578947367
EuroSAT,3,123,212,2.64,0.04
EuroSAT,4,123,212,2.8947368421052633,0.0
EuroSAT,5,123,212,3.3333333333333335,0.0
EuroSAT,2,123,213,1.894736842105263,0.10526315789473684
EuroSAT,3,123,213,2.76,0.0
EuroSAT,4,123,213,3.263157894736842,0.0
EuroSAT,5,123,213,3.6,0.0
EuroSAT,2,123,214,1.868421052631579,0.13157894736842105
EuroSAT,3,123,214,2.6,0.04
EuroSAT,4,123,214,3.1052631578947367,0.0
EuroSAT,5,123,214,3.2666666666666666,0.0
EuroSAT,2,123,215,1.736842105263158,0.2631578947368421
EuroSAT,3,123,215,2.36,0.04
EuroSAT,4,123,215,2.789473684210526,0.05263157894736842
EuroSAT,5,123,215,3.4,0.0
EuroSAT,2,123,216,1.763157894736842,0.23684210526315788
EuroSAT,3,123,216,2.52,0.04
EuroSAT,4,123,216,3.0,0.0
EuroSAT,5,123,216,3.466666666666667,0.0
EuroSAT,2,123,217,1.763157894736842,0.23684210526315788
EuroSAT,3,123,217,2.4,0.08
EuroSAT,4,123,217,3.1052631578947367,0.0
EuroSAT,5,123,217,3.466666666666667,0.0
EuroSAT,2,123,218,1.9210526315789473,0.07894736842105263
EuroSAT,3,123,218,2.72,0.0
EuroSAT,4,123,218,3.210526315789474,0.0
EuroSAT,5,123,218,3.8,0.0
EuroSAT,2,123,219,1.868421052631579,0.13157894736842105
EuroSAT,3,123,219,2.6,0.0
EuroSAT,4,123,219,3.210526315789474,0.0
EuroSAT,5,123,219,3.6666666666666665,0.0
EuroSAT,2,123,220,1.8157894736842106,0.18421052631578946
EuroSAT,3,123,220,2.52,0.04
EuroSAT,4,123,220,2.9473684210526314,0.0
EuroSAT,5,123,220,3.533333333333333,0.0
EuroSAT,2,123,221,1.8421052631578947,0.15789473684210525
EuroSAT,3,123,221,2.52,0.04
EuroSAT,4,123,221,3.210526315789474,0.0
EuroSAT,5,123,221,3.3333333333333335,0.0
EuroSAT,2,123,222,1.736842105263158,0.2631578947368421
EuroSAT,3,123,222,2.36,0.04
EuroSAT,4,123,222,2.789473684210526,0.0
EuroSAT,5,123,222,3.066666666666667,0.0
EuroSAT,2,123,223,1.763157894736842,0.23684210526315788
EuroSAT,3,123,223,2.52,0.0
EuroSAT,4,123,223,2.8947368421052633,0.0
EuroSAT,5,123,223,3.6,0.0
EuroSAT,2,123,224,1.763157894736842,0.23684210526315788
EuroSAT,3,123,224,2.52,0.0
EuroSAT,4,123,224,3.0526315789473686,0.0
EuroSAT,5,123,224,3.933333333333333,0.0
EuroSAT,2,123,225,1.763157894736842,0.23684210526315788
EuroSAT,3,123,225,2.64,0.0
EuroSAT,4,123,225,2.8947368421052633,0.0
EuroSAT,5,123,225,3.4,0.0
EuroSAT,2,123,226,1.736842105263158,0.2631578947368421
EuroSAT,3,123,226,2.4,0.04
EuroSAT,4,123,226,2.6315789473684212,0.0
EuroSAT,5,123,226,3.2,0.0
EuroSAT,2,123,227,1.7894736842105263,0.21052631578947367
EuroSAT,3,123,227,2.56,0.0
EuroSAT,4,123,227,3.0,0.0
EuroSAT,5,123,227,3.6,0.0
EuroSAT,2,123,228,1.8157894736842106,0.18421052631578946
EuroSAT,3,123,228,2.32,0.0
EuroSAT,4,123,228,2.9473684210526314,0.0
EuroSAT,5,123,228,3.2666666666666666,0.0
EuroSAT,2,123,229,1.8421052631578947,0.15789473684210525
EuroSAT,3,123,229,2.52,0.04
EuroSAT,4,123,229,3.210526315789474,0.0
EuroSAT,5,123,229,3.6666666666666665,0.0
EuroSAT,2,123,230,1.7894736842105263,0.21052631578947367
EuroSAT,3,123,230,2.4,0.08
EuroSAT,4,123,230,2.8947368421052633,0.0
EuroSAT,5,123,230,3.4,0.0
EuroSAT,2,123,231,1.6842105263157894,0.3157894736842105
EuroSAT,3,123,231,2.44,0.0
EuroSAT,4,123,231,2.8947368421052633,0.05263157894736842
EuroSAT,5,123,231,3.4,0.0
EuroSAT,2,123,232,1.6842105263157894,0.3157894736842105
EuroSAT,3,123,232,2.36,0.0
EuroSAT,4,123,232,2.9473684210526314,0.0
EuroSAT,5,123,232,3.3333333333333335,0.0
EuroSAT,2,123,233,1.8157894736842106,0.18421052631578946
EuroSAT,3,123,233,2.48,0.04
EuroSAT,4,123,233,3.0526315789473686,0.0
EuroSAT,5,123,233,3.4,0.0
EuroSAT,2,123,234,1.7894736842105263,0.21052631578947367
EuroSAT,3,123,234,2.56,0.0
EuroSAT,4,123,234,3.1052631578947367,0.0
EuroSAT,5,123,234,3.533333333333333,0.0
EuroSAT,2,123,235,1.894736842105263,0.10526315789473684
EuroSAT,3,123,235,2.64,0.0
EuroSAT,4,123,235,3.263157894736842,0.0
EuroSAT,5,123,235,3.533333333333333,0.0
EuroSAT,2,123,236,1.7894736842105263,0.21052631578947367
EuroSAT,3,123,236,2.6,0.04
EuroSAT,4,123,236,3.0,0.0
EuroSAT,5,123,236,3.4,0.0
EuroSAT,2,123,237,1.8157894736842106,0.18421052631578946
EuroSAT,3,123,237,2.52,0.0
EuroSAT,4,123,237,3.0,0.0
EuroSAT,5,123,237,3.466666666666667,0.0
EuroSAT,2,123,238,1.8157894736842106,0.18421052631578946
EuroSAT,3,123,238,2.36,0.08
EuroSAT,4,123,238,2.789473684210526,0.0
EuroSAT,5,123,238,3.533333333333333,0.0
EuroSAT,2,123,239,1.868421052631579,0.13157894736842105
EuroSAT,3,123,239,2.44,0.0
EuroSAT,4,123,239,3.0526315789473686,0.0
EuroSAT,5,123,239,3.466666666666667,0.0
EuroSAT,2,123,240,1.894736842105263,0.10526315789473684
EuroSAT,3,123,240,2.48,0.0
EuroSAT,4,123,240,3.210526315789474,0.0
EuroSAT,5,123,240,3.4,0.0
EuroSAT,2,123,241,1.7105263157894737,0.2894736842105263
EuroSAT,3,123,241,2.44,0.04
EuroSAT,4,123,241,2.9473684210526314,0.0
EuroSAT,5,123,241,3.3333333333333335,0.0
EuroSAT,2,123,242,1.7894736842105263,0.21052631578947367
EuroSAT,3,123,242,2.44,0.04
EuroSAT,4,123,242,2.9473684210526314,0.0
EuroSAT,5,123,242,3.533333333333333,0.0
EuroSAT,2,123,243,1.6842105263157894,0.3157894736842105
EuroSAT,3,123,243,2.24,0.04
EuroSAT,4,123,243,2.8421052631578947,0.0
EuroSAT,5,123,243,3.2666666666666666,0.0
EuroSAT,2,123,244,1.894736842105263,0.10526315789473684
EuroSAT,3,123,244,2.52,0.0
EuroSAT,4,123,244,2.9473684210526314,0.0
EuroSAT,5,123,244,3.3333333333333335,0.0
EuroSAT,2,123,245,1.868421052631579,0.13157894736842105
EuroSAT,3,123,245,2.44,0.0
EuroSAT,4,123,245,2.736842105263158,0.0
EuroSAT,5,123,245,3.4,0.0
EuroSAT,2,123,246,1.763157894736842,0.23684210526315788
EuroSAT,3,123,246,2.44,0.0
EuroSAT,4,123,246,3.0,0.0
EuroSAT,5,123,246,3.533333333333333,0.0
EuroSAT,2,123,247,1.736842105263158,0.2631578947368421
EuroSAT,3,123,247,2.32,0.04
EuroSAT,4,123,247,2.8947368421052633,0.0
EuroSAT,5,123,247,3.533333333333333,0.0
EuroSAT,2,123,248,1.8421052631578947,0.15789473684210525
EuroSAT,3,123,248,2.28,0.04
EuroSAT,4,123,248,2.9473684210526314,0.0
EuroSAT,5,123,248,3.8,0.0
EuroSAT,2,123,249,1.605263157894737,0.39473684210526316
EuroSAT,3,123,249,2.32,0.08
EuroSAT,4,123,249,2.736842105263158,0.0
EuroSAT,5,123,249,3.2666666666666666,0.0
EuroSAT,2,123,250,1.8421052631578947,0.15789473684210525
EuroSAT,3,123,250,2.64,0.04
EuroSAT,4,123,250,3.210526315789474,0.0
EuroSAT,5,123,250,3.533333333333333,0.0
EuroSAT,2,123,251,1.894736842105263,0.10526315789473684
EuroSAT,3,123,251,2.6,0.0
EuroSAT,4,123,251,3.210526315789474,0.0
EuroSAT,5,123,251,3.8,0.0
EuroSAT,2,123,252,1.7894736842105263,0.21052631578947367
EuroSAT,3,123,252,2.52,0.0
EuroSAT,4,123,252,2.8947368421052633,0.0
EuroSAT,5,123,252,3.466666666666667,0.0
EuroSAT,2,123,253,1.763157894736842,0.23684210526315788
EuroSAT,3,123,253,2.52,0.04
EuroSAT,4,123,253,2.9473684210526314,0.0
EuroSAT,5,123,253,3.533333333333333,0.0
EuroSAT,2,123,254,1.736842105263158,0.2631578947368421
EuroSAT,3,123,254,2.36,0.08
EuroSAT,4,123,254,2.8421052631578947,0.05263157894736842
EuroSAT,5,123,254,3.3333333333333335,0.0
EuroSAT,2,123,255,1.8157894736842106,0.18421052631578946
EuroSAT,3,123,255,2.4,0.0
EuroSAT,4,123,255,3.0,0.0
EuroSAT,5,123,255,3.4,0.0
EuroSAT,2,123,256,1.6578947368421053,0.34210526315789475
EuroSAT,3,123,256,2.4,0.04
EuroSAT,4,123,256,3.0,0.0
EuroSAT,5,123,256,3.533333333333333,0.0
EuroSAT,2,123,257,1.868421052631579,0.13157894736842105
EuroSAT,3,123,257,2.6,0.04
EuroSAT,4,123,257,3.210526315789474,0.0
EuroSAT,5,123,257,3.6666666666666665,0.0
EuroSAT,2,123,258,1.8421052631578947,0.15789473684210525
EuroSAT,3,123,258,2.4,0.04
EuroSAT,4,123,258,3.0,0.0
EuroSAT,5,123,258,3.2666666666666666,0.0
EuroSAT,2,123,259,1.7105263157894737,0.2894736842105263
EuroSAT,3,123,259,2.28,0.12
EuroSAT,4,123,259,2.5789473684210527,0.05263157894736842
EuroSAT,5,123,259,3.066666666666667,0.0
EuroSAT,2,123,260,1.7894736842105263,0.21052631578947367
EuroSAT,3,123,260,2.4,0.04
EuroSAT,4,123,260,2.8421052631578947,0.0
EuroSAT,5,123,260,3.6,0.0
EuroSAT,2,123,261,1.8157894736842106,0.18421052631578946
EuroSAT,3,123,261,2.48,0.08
EuroSAT,4,123,261,2.8947368421052633,0.0
EuroSAT,5,123,261,3.4,0.0
EuroSAT,2,123,262,1.7105263157894737,0.2894736842105263
EuroSAT,3,123,262,2.24,0.08
EuroSAT,4,123,262,2.736842105263158,0.0
EuroSAT,5,123,262,3.2,0.0
EuroSAT,2,123,263,1.8421052631578947,0.15789473684210525
EuroSAT,3,123,263,2.4,0.04
EuroSAT,4,123,263,3.1052631578947367,0.0
EuroSAT,5,123,263,3.466666666666667,0.0
EuroSAT,2,123,264,1.868421052631579,0.13157894736842105
EuroSAT,3,123,264,2.52,0.04
EuroSAT,4,123,264,2.8947368421052633,0.0
EuroSAT,5,123,264,3.4,0.0
EuroSAT,2,123,265,1.6842105263157894,0.3157894736842105
EuroSAT,3,123,265,2.36,0.16
EuroSAT,4,123,265,2.8421052631578947,0.0
EuroSAT,5,123,265,3.3333333333333335,0.0
EuroSAT,2,123,266,1.894736842105263,0.10526315789473684
EuroSAT,3,123,266,2.44,0.08
EuroSAT,4,123,266,3.263157894736842,0.0
EuroSAT,5,123,266,3.6,0.0
EuroSAT,2,123,267,1.8421052631578947,0.15789473684210525
EuroSAT,3,123,267,2.68,0.0
EuroSAT,4,123,267,2.9473684210526314,0.0
EuroSAT,5,123,267,3.6,0.0
EuroSAT,2,123,268,1.8157894736842106,0.18421052631578946
EuroSAT,3,123,268,2.56,0.0
EuroSAT,4,123,268,2.8947368421052633,0.0
EuroSAT,5,123,268,3.4,0.0
EuroSAT,2,123,269,1.8421052631578947,0.15789473684210525
EuroSAT,3,123,269,2.44,0.04
EuroSAT,4,123,269,2.9473684210526314,0.0
EuroSAT,5,123,269,3.1333333333333333,0.0
EuroSAT,2,123,270,1.8157894736842106,0.18421052631578946
EuroSAT,3,123,270,2.6,0.0
EuroSAT,4,123,270,3.0526315789473686,0.0
EuroSAT,5,123,270,3.2,0.0
EuroSAT,2,123,271,1.7894736842105263,0.21052631578947367
EuroSAT,3,123,271,2.56,0.0
EuroSAT,4,123,271,2.8947368421052633,0.0
EuroSAT,5,123,271,3.2,0.0
EuroSAT,2,123,272,1.868421052631579,0.13157894736842105
EuroSAT,3,123,272,2.56,0.04
EuroSAT,4,123,272,3.0,0.0
EuroSAT,5,123,272,3.2666666666666666,0.0
EuroSAT,2,123,273,1.7894736842105263,0.21052631578947367
EuroSAT,3,123,273,2.52,0.04
EuroSAT,4,123,273,2.8947368421052633,0.05263157894736842
EuroSAT,5,123,273,3.3333333333333335,0.0
EuroSAT,2,123,274,1.9473684210526316,0.05263157894736842
EuroSAT,3,123,274,2.72,0.0
EuroSAT,4,123,274,3.210526315789474,0.0
EuroSAT,5,123,274,3.8666666666666667,0.0
EuroSAT,2,123,275,1.894736842105263,0.10526315789473684
EuroSAT,3,123,275,2.52,0.04
EuroSAT,4,123,275,2.6842105263157894,0.05263157894736842
EuroSAT,5,123,275,3.2666666666666666,0.0
EuroSAT,2,123,276,1.763157894736842,0.23684210526315788
EuroSAT,3,123,276,2.52,0.08
EuroSAT,4,123,276,2.736842105263158,0.0
EuroSAT,5,123,276,3.3333333333333335,0.0
EuroSAT,2,123,277,1.8157894736842106,0.18421052631578946
EuroSAT,3,123,277,2.6,0.0
EuroSAT,4,123,277,3.0,0.0
EuroSAT,5,123,277,3.3333333333333335,0.0
EuroSAT,2,123,278,1.8421052631578947,0.15789473684210525
EuroSAT,3,123,278,2.28,0.04
EuroSAT,4,123,278,2.789473684210526,0.0
EuroSAT,5,123,278,3.3333333333333335,0.0
EuroSAT,2,123,279,1.8157894736842106,0.18421052631578946
EuroSAT,3,123,279,2.6,0.0
EuroSAT,4,123,279,2.8947368421052633,0.0
EuroSAT,5,123,279,3.4,0.0
EuroSAT,2,123,280,1.8421052631578947,0.15789473684210525
EuroSAT,3,123,280,2.68,0.08
EuroSAT,4,123,280,3.210526315789474,0.0
EuroSAT,5,123,280,3.8666666666666667,0.0
EuroSAT,2,123,281,1.8421052631578947,0.15789473684210525
EuroSAT,3,123,281,2.4,0.04
EuroSAT,4,123,281,2.789473684210526,0.0
EuroSAT,5,123,281,3.1333333333333333,0.0
EuroSAT,2,123,282,1.7105263157894737,0.2894736842105263
EuroSAT,3,123,282,2.36,0.04
EuroSAT,4,123,282,3.0526315789473686,0.0
EuroSAT,5,123,282,3.2666666666666666,0.0
EuroSAT,2,123,283,1.8157894736842106,0.18421052631578946
EuroSAT,3,123,283,2.56,0.0
EuroSAT,4,123,283,3.1052631578947367,0.0
EuroSAT,5,123,283,3.6666666666666665,0.0
EuroSAT,2,123,284,1.868421052631579,0.13157894736842105
EuroSAT,3,123,284,2.64,0.0
EuroSAT,4,123,284,3.0526315789473686,0.0
EuroSAT,5,123,284,3.6,0.0
EuroSAT,2,123,285,1.894736842105263,0.10526315789473684
EuroSAT,3,123,285,2.6,0.0
EuroSAT,4,123,285,3.0,0.0
EuroSAT,5,123,285,3.4,0.0
EuroSAT,2,123,286,1.8157894736842106,0.18421052631578946
EuroSAT,3,123,286,2.48,0.0
EuroSAT,4,123,286,2.9473684210526314,0.0
EuroSAT,5,123,286,3.4,0.0
EuroSAT,2,123,287,1.868421052631579,0.13157894736842105
EuroSAT,3,123,287,2.48,0.0
EuroSAT,4,123,287,3.1578947368421053,0.0
EuroSAT,5,123,287,3.466666666666667,0.0
EuroSAT,2,123,288,1.8157894736842106,0.18421052631578946
EuroSAT,3,123,288,2.64,0.0
EuroSAT,4,123,288,3.263157894736842,0.0
EuroSAT,5,123,288,3.6666666666666665,0.0
EuroSAT,2,123,289,1.7105263157894737,0.2894736842105263
EuroSAT,3,123,289,2.48,0.04
EuroSAT,4,123,289,2.8421052631578947,0.05263157894736842
EuroSAT,5,123,289,3.2666666666666666,0.0
EuroSAT,2,123,290,1.868421052631579,0.13157894736842105
EuroSAT,3,123,290,2.56,0.04
EuroSAT,4,123,290,3.1578947368421053,0.0
EuroSAT,5,123,290,3.2666666666666666,0.06666666666666667
EuroSAT,2,123,291,1.8157894736842106,0.18421052631578946
EuroSAT,3,123,291,2.64,0.0
EuroSAT,4,123,291,3.1052631578947367,0.0
EuroSAT,5,123,291,3.3333333333333335,0.0
EuroSAT,2,123,292,1.736842105263158,0.2631578947368421
EuroSAT,3,123,292,2.44,0.12
EuroSAT,4,123,292,3.1052631578947367,0.0
EuroSAT,5,123,292,3.7333333333333334,0.0
EuroSAT,2,123,293,1.6842105263157894,0.3157894736842105
EuroSAT,3,123,293,2.44,0.04
EuroSAT,4,123,293,2.9473684210526314,0.0
EuroSAT,5,123,293,3.4,0.0
EuroSAT,2,123,294,1.631578947368421,0.3684210526315789
EuroSAT,3,123,294,2.48,0.0
EuroSAT,4,123,294,2.8947368421052633,0.0
EuroSAT,5,123,294,3.3333333333333335,0.0
EuroSAT,2,123,295,1.7894736842105263,0.21052631578947367
EuroSAT,3,123,295,2.48,0.0
EuroSAT,4,123,295,2.8947368421052633,0.0
EuroSAT,5,123,295,3.6,0.0
EuroSAT,2,123,296,1.7894736842105263,0.21052631578947367
EuroSAT,3,123,296,2.68,0.0
EuroSAT,4,123,296,3.210526315789474,0.0
EuroSAT,5,123,296,3.6,0.0
EuroSAT,2,123,297,1.736842105263158,0.2631578947368421
EuroSAT,3,123,297,2.44,0.04
EuroSAT,4,123,297,2.8947368421052633,0.0
EuroSAT,5,123,297,3.1333333333333333,0.0
EuroSAT,2,123,298,1.7894736842105263,0.21052631578947367
EuroSAT,3,123,298,2.48,0.0
EuroSAT,4,123,298,2.9473684210526314,0.0
EuroSAT,5,123,298,3.466666666666667,0.0
EuroSAT,2,123,299,1.6842105263157894,0.3157894736842105
EuroSAT,3,123,299,2.28,0.04
EuroSAT,4,123,299,2.8421052631578947,0.05263157894736842
EuroSAT,5,123,299,3.3333333333333335,0.0
EuroSAT,2,2024,0,1.8157894736842106,0.18421052631578946
EuroSAT,3,2024,0,2.56,0.0
EuroSAT,4,2024,0,3.1578947368421053,0.0
EuroSAT,5,2024,0,3.7333333333333334,0.0
EuroSAT,2,2024,1,1.8157894736842106,0.18421052631578946
EuroSAT,3,2024,1,2.56,0.0
EuroSAT,4,2024,1,3.0,0.0
EuroSAT,5,2024,1,3.466666666666667,0.0
EuroSAT,2,2024,2,1.8421052631578947,0.15789473684210525
EuroSAT,3,2024,2,2.32,0.04
EuroSAT,4,2024,2,2.9473684210526314,0.0
EuroSAT,5,2024,2,3.2666666666666666,0.0
EuroSAT,2,2024,3,1.8421052631578947,0.15789473684210525
EuroSAT,3,2024,3,2.4,0.0
EuroSAT,4,2024,3,3.1578947368421053,0.0
EuroSAT,5,2024,3,3.2666666666666666,0.0
EuroSAT,2,2024,4,1.763157894736842,0.23684210526315788
EuroSAT,3,2024,4,2.36,0.04
EuroSAT,4,2024,4,2.8947368421052633,0.0
EuroSAT,5,2024,4,3.2,0.0
EuroSAT,2,2024,5,1.894736842105263,0.10526315789473684
EuroSAT,3,2024,5,2.64,0.0
EuroSAT,4,2024,5,3.1578947368421053,0.0
EuroSAT,5,2024,5,3.7333333333333334,0.0
EuroSAT,2,2024,6,1.7105263157894737,0.2894736842105263
EuroSAT,3,2024,6,2.36,0.08
EuroSAT,4,2024,6,2.789473684210526,0.0
EuroSAT,5,2024,6,3.066666666666667,0.0
EuroSAT,2,2024,7,1.7894736842105263,0.21052631578947367
EuroSAT,3,2024,7,2.44,0.0
EuroSAT,4,2024,7,3.0,0.0
EuroSAT,5,2024,7,3.533333333333333,0.0
EuroSAT,2,2024,8,1.8157894736842106,0.18421052631578946
EuroSAT,3,2024,8,2.52,0.0
EuroSAT,4,2024,8,3.0,0.0
EuroSAT,5,2024,8,3.466666666666667,0.0
EuroSAT,2,2024,9,1.763157894736842,0.23684210526315788
EuroSAT,3,2024,9,2.44,0.04
EuroSAT,4,2024,9,3.0,0.0
EuroSAT,5,2024,9,3.6,0.0
EuroSAT,2,2024,10,1.763157894736842,0.23684210526315788
EuroSAT,3,2024,10,2.28,0.04
EuroSAT,4,2024,10,2.9473684210526314,0.0
EuroSAT,5,2024,10,3.2,0.0
EuroSAT,2,2024,11,1.7105263157894737,0.2894736842105263
EuroSAT,3,2024,11,2.32,0.12
EuroSAT,4,2024,11,2.789473684210526,0.0
EuroSAT,5,2024,11,3.3333333333333335,0.0
EuroSAT,2,2024,12,1.6842105263157894,0.3157894736842105
EuroSAT,3,2024,12,2.32,0.04
EuroSAT,4,2024,12,2.6842105263157894,0.0
EuroSAT,5,2024,12,3.4,0.0
EuroSAT,2,2024,13,1.736842105263158,0.2631578947368421
EuroSAT,3,2024,13,2.4,0.04
EuroSAT,4,2024,13,2.789473684210526,0.05263157894736842
EuroSAT,5,2024,13,3.3333333333333335,0.0
EuroSAT,2,2024,14,1.763157894736842,0.23684210526315788
EuroSAT,3,2024,14,2.4,0.08
EuroSAT,4,2024,14,2.9473684210526314,0.0
EuroSAT,5,2024,14,3.2,0.0
EuroSAT,2,2024,15,1.736842105263158,0.2631578947368421
EuroSAT,3,2024,15,2.36,0.0
EuroSAT,4,2024,15,2.789473684210526,0.0
EuroSAT,5,2024,15,3.6,0.0
EuroSAT,2,2024,16,1.605263157894737,0.39473684210526316
EuroSAT,3,2024,16,2.36,0.08
EuroSAT,4,2024,16,2.6315789473684212,0.05263157894736842
EuroSAT,5,2024,16,3.3333333333333335,0.0
EuroSAT,2,2024,17,1.6578947368421053,0.34210526315789475
EuroSAT,3,2024,17,2.2,0.04
EuroSAT,4,2024,17,2.789473684210526,0.0
EuroSAT,5,2024,17,3.0,0.0
EuroSAT,2,2024,18,1.6842105263157894,0.3157894736842105
EuroSAT,3,2024,18,2.2,0.16
EuroSAT,4,2024,18,2.8421052631578947,0.0
EuroSAT,5,2024,18,2.933333333333333,0.0
EuroSAT,2,2024,19,1.8157894736842106,0.18421052631578946
EuroSAT,3,2024,19,2.48,0.0
EuroSAT,4,2024,19,2.9473684210526314,0.0
EuroSAT,5,2024,19,3.8666666666666667,0.0
EuroSAT,2,2024,20,1.6842105263157894,0.3157894736842105
EuroSAT,3,2024,20,2.4,0.04
EuroSAT,4,2024,20,3.0,0.0
EuroSAT,5,2024,20,3.2666666666666666,0.0
EuroSAT,2,2024,21,1.8421052631578947,0.15789473684210525
EuroSAT,3,2024,21,2.36,0.04
EuroSAT,4,2024,21,3.210526315789474,0.0
EuroSAT,5,2024,21,3.4,0.0
EuroSAT,2,2024,22,1.736842105263158,0.2631578947368421
EuroSAT,3,2024,22,2.28,0.08
EuroSAT,4,2024,22,2.8421052631578947,0.0
EuroSAT,5,2024,22,3.4,0.0
EuroSAT,2,2024,23,1.763157894736842,0.23684210526315788
EuroSAT,3,2024,23,2.52,0.04
EuroSAT,4,2024,23,2.9473684210526314,0.05263157894736842
EuroSAT,5,2024,23,3.466666666666667,0.0
EuroSAT,2,2024,24,1.736842105263158,0.2631578947368421
EuroSAT,3,2024,24,2.32,0.12
EuroSAT,4,2024,24,3.0,0.0
EuroSAT,5,2024,24,3.1333333333333333,0.0
EuroSAT,2,2024,25,1.7894736842105263,0.21052631578947367
EuroSAT,3,2024,25,2.4,0.08
EuroSAT,4,2024,25,3.0526315789473686,0.0
EuroSAT,5,2024,25,3.3333333333333335,0.0
EuroSAT,2,2024,26,1.7894736842105263,0.21052631578947367
EuroSAT,3,2024,26,2.4,0.08
EuroSAT,4,2024,26,3.1052631578947367,0.0
EuroSAT,5,2024,26,3.1333333333333333,0.0
EuroSAT,2,2024,27,1.736842105263158,0.2631578947368421
EuroSAT,3,2024,27,2.4,0.04
EuroSAT,4,2024,27,3.0,0.0
EuroSAT,5,2024,27,3.4,0.0
EuroSAT,2,2024,28,1.763157894736842,0.23684210526315788
EuroSAT,3,2024,28,2.52,0.08
EuroSAT,4,2024,28,3.1052631578947367,0.0
EuroSAT,5,2024,28,3.466666666666667,0.0
EuroSAT,2,2024,29,1.736842105263158,0.2631578947368421
EuroSAT,3,2024,29,2.56,0.0
EuroSAT,4,2024,29,2.8947368421052633,0.0
EuroSAT,5,2024,29,3.466666666666667,0.0
EuroSAT,2,2024,30,1.8421052631578947,0.15789473684210525
EuroSAT,3,2024,30,2.64,0.04
EuroSAT,4,2024,30,2.736842105263158,0.0
EuroSAT,5,2024,30,3.4,0.0
EuroSAT,2,2024,31,1.8157894736842106,0.18421052631578946
EuroSAT,3,2024,31,2.64,0.04
EuroSAT,4,2024,31,3.0,0.0
EuroSAT,5,2024,31,3.2,0.0
EuroSAT,2,2024,32,1.7105263157894737,0.2894736842105263
EuroSAT,3,2024,32,2.6,0.04
EuroSAT,4,2024,32,2.8421052631578947,0.0
EuroSAT,5,2024,32,3.533333333333333,0.0
EuroSAT,2,2024,33,1.7894736842105263,0.21052631578947367
EuroSAT,3,2024,33,2.44,0.04
EuroSAT,4,2024,33,2.736842105263158,0.0
EuroSAT,5,2024,33,3.466666666666667,0.0
EuroSAT,2,2024,34,1.8421052631578947,0.15789473684210525
EuroSAT,3,2024,34,2.6,0.0
EuroSAT,4,2024,34,2.9473684210526314,0.0
EuroSAT,5,2024,34,3.6,0.0
EuroSAT,2,2024,35,1.868421052631579,0.13157894736842105
EuroSAT,3,2024,35,2.52,0.0
EuroSAT,4,2024,35,3.0526315789473686,0.0
EuroSAT,5,2024,35,3.6666666666666665,0.0
EuroSAT,2,2024,36,1.736842105263158,0.2631578947368421
EuroSAT,3,2024,36,2.32,0.04
EuroSAT,4,2024,36,2.789473684210526,0.0
EuroSAT,5,2024,36,3.1333333333333333,0.0
EuroSAT,2,2024,37,1.7894736842105263,0.21052631578947367
EuroSAT,3,2024,37,2.44,0.04
EuroSAT,4,2024,37,3.0,0.0
EuroSAT,5,2024,37,3.6666666666666665,0.0
EuroSAT,2,2024,38,1.7894736842105263,0.21052631578947367
EuroSAT,3,2024,38,2.64,0.0
EuroSAT,4,2024,38,2.8421052631578947,0.0
EuroSAT,5,2024,38,3.2666666666666666,0.0
EuroSAT,2,2024,39,1.8421052631578947,0.15789473684210525
EuroSAT,3,2024,39,2.56,0.0
EuroSAT,4,2024,39,2.8947368421052633,0.0
EuroSAT,5,2024,39,3.3333333333333335,0.0
EuroSAT,2,2024,40,1.868421052631579,0.13157894736842105
EuroSAT,3,2024,40,2.56,0.04
EuroSAT,4,2024,40,2.8947368421052633,0.0
EuroSAT,5,2024,40,3.533333333333333,0.0
EuroSAT,2,2024,41,1.894736842105263,0.10526315789473684
EuroSAT,3,2024,41,2.6,0.0
EuroSAT,4,2024,41,3.1052631578947367,0.0
EuroSAT,5,2024,41,3.6,0.0
EuroSAT,2,2024,42,1.8421052631578947,0.15789473684210525
EuroSAT,3,2024,42,2.52,0.04
EuroSAT,4,2024,42,3.0,0.0
EuroSAT,5,2024,42,3.6666666666666665,0.0
EuroSAT,2,2024,43,1.763157894736842,0.23684210526315788
EuroSAT,3,2024,43,2.4,0.08
EuroSAT,4,2024,43,2.9473684210526314,0.0
EuroSAT,5,2024,43,3.6,0.0
EuroSAT,2,2024,44,1.763157894736842,0.23684210526315788
EuroSAT,3,2024,44,2.36,0.04
EuroSAT,4,2024,44,2.736842105263158,0.0
EuroSAT,5,2024,44,3.4,0.0
EuroSAT,2,2024,45,1.9210526315789473,0.07894736842105263
EuroSAT,3,2024,45,2.44,0.0
EuroSAT,4,2024,45,3.0,0.0
EuroSAT,5,2024,45,3.466666666666667,0.0
EuroSAT,2,2024,46,1.8421052631578947,0.15789473684210525
EuroSAT,3,2024,46,2.44,0.0
EuroSAT,4,2024,46,2.8947368421052633,0.0
EuroSAT,5,2024,46,3.466666666666667,0.0
EuroSAT,2,2024,47,1.7105263157894737,0.2894736842105263
EuroSAT,3,2024,47,2.44,0.0
EuroSAT,4,2024,47,2.9473684210526314,0.0
EuroSAT,5,2024,47,3.3333333333333335,0.0
EuroSAT,2,2024,48,1.763157894736842,0.23684210526315788
EuroSAT,3,2024,48,2.52,0.04
EuroSAT,4,2024,48,3.1052631578947367,0.0
EuroSAT,5,2024,48,3.2666666666666666,0.0
EuroSAT,2,2024,49,1.736842105263158,0.2631578947368421
EuroSAT,3,2024,49,2.4,0.04
EuroSAT,4,2024,49,2.789473684210526,0.0
EuroSAT,5,2024,49,3.466666666666667,0.0
EuroSAT,2,2024,50,1.8157894736842106,0.18421052631578946
EuroSAT,3,2024,50,2.6,0.04
EuroSAT,4,2024,50,2.8947368421052633,0.0
EuroSAT,5,2024,50,3.6,0.0
EuroSAT,2,2024,51,1.763157894736842,0.23684210526315788
EuroSAT,3,2024,51,2.48,0.04
EuroSAT,4,2024,51,2.789473684210526,0.05263157894736842
EuroSAT,5,2024,51,3.2666666666666666,0.06666666666666667
EuroSAT,2,2024,52,1.763157894736842,0.23684210526315788
EuroSAT,3,2024,52,2.44,0.0
EuroSAT,4,2024,52,2.9473684210526314,0.0
EuroSAT,5,2024,52,3.6666666666666665,0.0
EuroSAT,2,2024,53,1.8421052631578947,0.15789473684210525
EuroSAT,3,2024,53,2.44,0.08
EuroSAT,4,2024,53,2.8947368421052633,0.05263157894736842
EuroSAT,5,2024,53,3.466666666666667,0.0
EuroSAT,2,2024,54,1.6842105263157894,0.3157894736842105
EuroSAT,3,2024,54,2.48,0.0
EuroSAT,4,2024,54,2.9473684210526314,0.0
EuroSAT,5,2024,54,3.4,0.0
EuroSAT,2,2024,55,1.7894736842105263,0.21052631578947367
EuroSAT,3,2024,55,2.24,0.12
EuroSAT,4,2024,55,3.0,0.0
EuroSAT,5,2024,55,3.533333333333333,0.0
EuroSAT,2,2024,56,1.6842105263157894,0.3157894736842105
EuroSAT,3,2024,56,2.32,0.08
EuroSAT,4,2024,56,2.9473684210526314,0.0
EuroSAT,5,2024,56,3.4,0.0
EuroSAT,2,2024,57,1.7894736842105263,0.21052631578947367
EuroSAT,3,2024,57,2.64,0.0
EuroSAT,4,2024,57,3.210526315789474,0.0
EuroSAT,5,2024,57,3.466666666666667,0.0
EuroSAT,2,2024,58,1.7105263157894737,0.2894736842105263
EuroSAT,3,2024,58,2.52,0.0
EuroSAT,4,2024,58,2.9473684210526314,0.0
EuroSAT,5,2024,58,3.6666666666666665,0.0
EuroSAT,2,2024,59,1.763157894736842,0.23684210526315788
EuroSAT,3,2024,59,2.56,0.04
EuroSAT,4,2024,59,3.1052631578947367,0.0
EuroSAT,5,2024,59,3.533333333333333,0.0
EuroSAT,2,2024,60,1.7894736842105263,0.21052631578947367
EuroSAT,3,2024,60,2.4,0.04
EuroSAT,4,2024,60,2.9473684210526314,0.0
EuroSAT,5,2024,60,3.6,0.0
EuroSAT,2,2024,61,1.7894736842105263,0.21052631578947367
EuroSAT,3,2024,61,2.44,0.0
EuroSAT,4,2024,61,3.0526315789473686,0.0
EuroSAT,5,2024,61,3.3333333333333335,0.0
EuroSAT,2,2024,62,1.8421052631578947,0.15789473684210525
EuroSAT,3,2024,62,2.4,0.08
EuroSAT,4,2024,62,3.1578947368421053,0.05263157894736842
EuroSAT,5,2024,62,3.3333333333333335,0.0
EuroSAT,2,2024,63,1.7894736842105263,0.21052631578947367
EuroSAT,3,2024,63,2.6,0.08
EuroSAT,4,2024,63,2.8947368421052633,0.05263157894736842
EuroSAT,5,2024,63,3.2666666666666666,0.0
EuroSAT,2,2024,64,1.763157894736842,0.23684210526315788
EuroSAT,3,2024,64,2.52,0.04
EuroSAT,4,2024,64,2.9473684210526314,0.0
EuroSAT,5,2024,64,3.4,0.0
EuroSAT,2,2024,65,1.605263157894737,0.39473684210526316
EuroSAT,3,2024,65,2.16,0.12
EuroSAT,4,2024,65,2.526315789473684,0.0
EuroSAT,5,2024,65,3.2,0.0
EuroSAT,2,2024,66,1.8157894736842106,0.18421052631578946
EuroSAT,3,2024,66,2.48,0.0
EuroSAT,4,2024,66,2.9473684210526314,0.0
EuroSAT,5,2024,66,3.2,0.0
EuroSAT,2,2024,67,1.868421052631579,0.13157894736842105
EuroSAT,3,2024,67,2.6,0.0
EuroSAT,4,2024,67,3.1578947368421053,0.0
EuroSAT,5,2024,67,3.533333333333333,0.0
EuroSAT,2,2024,68,1.8157894736842106,0.18421052631578946
EuroSAT,3,2024,68,2.52,0.04
EuroSAT,4,2024,68,3.1052631578947367,0.0
EuroSAT,5,2024,68,3.1333333333333333,0.0
EuroSAT,2,2024,69,1.7894736842105263,0.21052631578947367
EuroSAT,3,2024,69,2.56,0.0
EuroSAT,4,2024,69,3.1578947368421053,0.0
EuroSAT,5,2024,69,3.3333333333333335,0.0
EuroSAT,2,2024,70,1.868421052631579,0.13157894736842105
EuroSAT,3,2024,70,2.56,0.0
EuroSAT,4,2024,70,3.210526315789474,0.0
EuroSAT,5,2024,70,3.6666666666666665,0.0
EuroSAT,2,2024,71,1.7105263157894737,0.2894736842105263
EuroSAT,3,2024,71,2.48,0.0
EuroSAT,4,2024,71,2.8947368421052633,0.0
EuroSAT,5,2024,71,3.6,0.0
EuroSAT,2,2024,72,1.8157894736842106,0.18421052631578946
EuroSAT,3,2024,72,2.52,0.0
EuroSAT,4,2024,72,3.0526315789473686,0.0
EuroSAT,5,2024,72,3.7333333333333334,0.0
EuroSAT,2,2024,73,1.8157894736842106,0.18421052631578946
EuroSAT,3,2024,73,2.52,0.0
EuroSAT,4,2024,73,2.8947368421052633,0.0
EuroSAT,5,2024,73,3.533333333333333,0.0
EuroSAT,2,2024,74,1.736842105263158,0.2631578947368421
EuroSAT,3,2024,74,2.36,0.04
EuroSAT,4,2024,74,2.8947368421052633,0.0
EuroSAT,5,2024,74,3.4,0.0
EuroSAT,2,2024,75,1.8157894736842106,0.18421052631578946
EuroSAT,3,2024,75,2.32,0.04
EuroSAT,4,2024,75,2.8947368421052633,0.0
EuroSAT,5,2024,75,3.2666666666666666,0.0
EuroSAT,2,2024,76,1.6578947368421053,0.34210526315789475
EuroSAT,3,2024,76,2.4,0.08
EuroSAT,4,2024,76,2.9473684210526314,0.0
EuroSAT,5,2024,76,3.3333333333333335,0.06666666666666667
EuroSAT,2,2024,77,1.868421052631579,0.13157894736842105
EuroSAT,3,2024,77,2.76,0.0
EuroSAT,4,2024,77,3.1052631578947367,0.0
EuroSAT,5,2024,77,3.933333333333333,0.0
EuroSAT,2,2024,78,1.736842105263158,0.2631578947368421
EuroSAT,3,2024,78,2.32,0.16
EuroSAT,4,2024,78,2.9473684210526314,0.0
EuroSAT,5,2024,78,3.3333333333333335,0.0
EuroSAT,2,2024,79,1.6578947368421053,0.34210526315789475
EuroSAT,3,2024,79,2.4,0.0
EuroSAT,4,2024,79,2.526315789473684,0.0
EuroSAT,5,2024,79,2.8666666666666667,0.0
EuroSAT,2,2024,80,1.9473684210526316,0.05263157894736842
EuroSAT,3,2024,80,2.56,0.0
EuroSAT,4,2024,80,3.0526315789473686,0.0
EuroSAT,5,2024,80,3.2,0.0
EuroSAT,2,2024,81,1.763157894736842,0.23684210526315788
EuroSAT,3,2024,81,2.68,0.0
EuroSAT,4,2024,81,3.1578947368421053,0.0
EuroSAT,5,2024,81,3.4,0.0
EuroSAT,2,2024,82,1.7894736842105263,0.21052631578947367
EuroSAT,3,2024,82,2.64,0.0
EuroSAT,4,2024,82,3.1052631578947367,0.0
EuroSAT,5,2024,82,3.7333333333333334,0.0
EuroSAT,2,2024,83,1.8157894736842106,0.18421052631578946
EuroSAT,3,2024,83,2.52,0.04
EuroSAT,4,2024,83,3.1052631578947367,0.0
EuroSAT,5,2024,83,3.2,0.0
EuroSAT,2,2024,84,1.8421052631578947,0.15789473684210525
EuroSAT,3,2024,84,2.44,0.0
EuroSAT,4,2024,84,3.0526315789473686,0.0
EuroSAT,5,2024,84,3.533333333333333,0.0
EuroSAT,2,2024,85,1.7894736842105263,0.21052631578947367
EuroSAT,3,2024,85,2.48,0.04
EuroSAT,4,2024,85,3.0526315789473686,0.0
EuroSAT,5,2024,85,3.466666666666667,0.0
EuroSAT,2,2024,86,1.763157894736842,0.23684210526315788
EuroSAT,3,2024,86,2.64,0.0
EuroSAT,4,2024,86,3.0526315789473686,0.0
EuroSAT,5,2024,86,3.066666666666667,0.0
EuroSAT,2,2024,87,1.894736842105263,0.10526315789473684
EuroSAT,3,2024,87,2.52,0.04
EuroSAT,4,2024,87,3.3157894736842106,0.0
EuroSAT,5,2024,87,3.933333333333333,0.0
EuroSAT,2,2024,88,1.8157894736842106,0.18421052631578946
EuroSAT,3,2024,88,2.44,0.0
EuroSAT,4,2024,88,2.8421052631578947,0.0
EuroSAT,5,2024,88,3.4,0.0
EuroSAT,2,2024,89,1.763157894736842,0.23684210526315788
EuroSAT,3,2024,89,2.48,0.0
EuroSAT,4,2024,89,3.0526315789473686,0.0
EuroSAT,5,2024,89,3.0,0.0
EuroSAT,2,2024,90,1.763157894736842,0.23684210526315788
EuroSAT,3,2024,90,2.44,0.08
EuroSAT,4,2024,90,2.9473684210526314,0.0
EuroSAT,5,2024,90,3.466666666666667,0.0
EuroSAT,2,2024,91,1.763157894736842,0.23684210526315788
EuroSAT,3,2024,91,2.48,0.04
EuroSAT,4,2024,91,2.8421052631578947,0.0
EuroSAT,5,2024,91,2.933333333333333,0.0
EuroSAT,2,2024,92,1.8421052631578947,0.15789473684210525
EuroSAT,3,2024,92,2.56,0.04
EuroSAT,4,2024,92,2.9473684210526314,0.0
EuroSAT,5,2024,92,3.466666666666667,0.0
EuroSAT,2,2024,93,1.8421052631578947,0.15789473684210525
EuroSAT,3,2024,93,2.6,0.0
EuroSAT,4,2024,93,3.263157894736842,0.0
EuroSAT,5,2024,93,3.6666666666666665,0.0
EuroSAT,2,2024,94,1.7105263157894737,0.2894736842105263
EuroSAT,3,2024,94,2.48,0.04
EuroSAT,4,2024,94,2.9473684210526314,0.05263157894736842
EuroSAT,5,2024,94,3.2666666666666666,0.0
EuroSAT,2,2024,95,1.7894736842105263,0.21052631578947367
EuroSAT,3,2024,95,2.48,0.04
EuroSAT,4,2024,95,2.8947368421052633,0.05263157894736842
EuroSAT,5,2024,95,3.2,0.0
EuroSAT,2,2024,96,1.868421052631579,0.13157894736842105
EuroSAT,3,2024,96,2.6,0.04
EuroSAT,4,2024,96,3.263157894736842,0.0
EuroSAT,5,2024,96,3.3333333333333335,0.0
EuroSAT,2,2024,97,1.7105263157894737,0.2894736842105263
EuroSAT,3,2024,97,2.48,0.04
EuroSAT,4,2024,97,2.8421052631578947,0.0
EuroSAT,5,2024,97,3.2666666666666666,0.0
EuroSAT,2,2024,98,1.736842105263158,0.2631578947368421
EuroSAT,3,2024,98,2.36,0.12
EuroSAT,4,2024,98,2.8421052631578947,0.05263157894736842
EuroSAT,5,2024,98,3.2666666666666666,0.0
EuroSAT,2,2024,99,1.8157894736842106,0.18421052631578946
EuroSAT,3,2024,99,2.52,0.0
EuroSAT,4,2024,99,2.9473684210526314,0.0
EuroSAT,5,2024,99,3.4,0.0
EuroSAT,2,2024,100,1.8157894736842106,0.18421052631578946
EuroSAT,3,2024,100,2.52,0.04
EuroSAT,4,2024,100,2.9473684210526314,0.0
EuroSAT,5,2024,100,3.4,0.0
EuroSAT,2,2024,101,1.7894736842105263,0.21052631578947367
EuroSAT,3,2024,101,2.52,0.04
EuroSAT,4,2024,101,3.0526315789473686,0.0
EuroSAT,5,2024,101,3.2,0.0
EuroSAT,2,2024,102,1.8157894736842106,0.18421052631578946
EuroSAT,3,2024,102,2.4,0.04
EuroSAT,4,2024,102,2.8947368421052633,0.0
EuroSAT,5,2024,102,3.6666666666666665,0.0
EuroSAT,2,2024,103,1.631578947368421,0.3684210526315789
EuroSAT,3,2024,103,2.32,0.12
EuroSAT,4,2024,103,2.6842105263157894,0.0
EuroSAT,5,2024,103,3.066666666666667,0.06666666666666667
EuroSAT,2,2024,104,1.6842105263157894,0.3157894736842105
EuroSAT,3,2024,104,2.4,0.0
EuroSAT,4,2024,104,2.789473684210526,0.0
EuroSAT,5,2024,104,3.2666666666666666,0.0
EuroSAT,2,2024,105,1.868421052631579,0.13157894736842105
EuroSAT,3,2024,105,2.6,0.0
EuroSAT,4,2024,105,3.263157894736842,0.0
EuroSAT,5,2024,105,3.466666666666667,0.0
EuroSAT,2,2024,106,1.736842105263158,0.2631578947368421
EuroSAT,3,2024,106,2.44,0.0
EuroSAT,4,2024,106,2.8421052631578947,0.0
EuroSAT,5,2024,106,3.1333333333333333,0.0
EuroSAT,2,2024,107,1.736842105263158,0.2631578947368421
EuroSAT,3,2024,107,2.36,0.0
EuroSAT,4,2024,107,3.0,0.0
EuroSAT,5,2024,107,3.3333333333333335,0.0
EuroSAT,2,2024,108,1.7894736842105263,0.21052631578947367
EuroSAT,3,2024,108,2.48,0.04
EuroSAT,4,2024,108,2.9473684210526314,0.0
EuroSAT,5,2024,108,3.1333333333333333,0.0
EuroSAT,2,2024,109,1.8421052631578947,0.15789473684210525
EuroSAT,3,2024,109,2.44,0.04
EuroSAT,4,2024,109,3.1052631578947367,0.0
EuroSAT,5,2024,109,3.6666666666666665,0.0
EuroSAT,2,2024,110,1.894736842105263,0.10526315789473684
EuroSAT,3,2024,110,2.52,0.0
EuroSAT,4,2024,110,3.210526315789474,0.0
EuroSAT,5,2024,110,3.3333333333333335,0.0
EuroSAT,2,2024,111,1.736842105263158,0.2631578947368421
EuroSAT,3,2024,111,2.36,0.04
EuroSAT,4,2024,111,2.8947368421052633,0.0
EuroSAT,5,2024,111,3.2666666666666666,0.0
EuroSAT,2,2024,112,1.8421052631578947,0.15789473684210525
EuroSAT,3,2024,112,2.52,0.08
EuroSAT,4,2024,112,3.1578947368421053,0.0
EuroSAT,5,2024,112,3.6,0.0
EuroSAT,2,2024,113,1.8157894736842106,0.18421052631578946
EuroSAT,3,2024,113,2.52,0.04
EuroSAT,4,2024,113,3.0,0.05263157894736842
EuroSAT,5,2024,113,3.6666666666666665,0.0
EuroSAT,2,2024,114,1.763157894736842,0.23684210526315788
EuroSAT,3,2024,114,2.56,0.0
EuroSAT,4,2024,114,2.8947368421052633,0.0
EuroSAT,5,2024,114,3.466666666666667,0.0
EuroSAT,2,2024,115,1.6842105263157894,0.3157894736842105
EuroSAT,3,2024,115,2.32,0.04
EuroSAT,4,2024,115,2.6842105263157894,0.0
EuroSAT,5,2024,115,3.1333333333333333,0.0
EuroSAT,2,2024,116,1.868421052631579,0.13157894736842105
EuroSAT,3,2024,116,2.48,0.0
EuroSAT,4,2024,116,3.0,0.0
EuroSAT,5,2024,116,3.466666666666667,0.0
EuroSAT,2,2024,117,1.894736842105263,0.10526315789473684
EuroSAT,3,2024,117,2.52,0.0
EuroSAT,4,2024,117,3.0526315789473686,0.0
EuroSAT,5,2024,117,3.466666666666667,0.0
EuroSAT,2,2024,118,1.763157894736842,0.23684210526315788
EuroSAT,3,2024,118,2.32,0.04
EuroSAT,4,2024,118,3.1052631578947367,0.0
EuroSAT,5,2024,118,3.466666666666667,0.0
EuroSAT,2,2024,119,1.763157894736842,0.23684210526315788
EuroSAT,3,2024,119,2.64,0.04
EuroSAT,4,2024,119,3.0526315789473686,0.0
EuroSAT,5,2024,119,3.2666666666666666,0.0
EuroSAT,2,2024,120,1.868421052631579,0.13157894736842105
EuroSAT,3,2024,120,2.76,0.0
EuroSAT,4,2024,120,3.3157894736842106,0.0
EuroSAT,5,2024,120,3.533333333333333,0.0
EuroSAT,2,2024,121,1.7105263157894737,0.2894736842105263
EuroSAT,3,2024,121,2.32,0.08
EuroSAT,4,2024,121,2.6842105263157894,0.0
EuroSAT,5,2024,121,3.3333333333333335,0.0
EuroSAT,2,2024,122,1.763157894736842,0.23684210526315788
EuroSAT,3,2024,122,2.52,0.0
EuroSAT,4,2024,122,3.0,0.0
EuroSAT,5,2024,122,3.2666666666666666,0.0
EuroSAT,2,2024,123,1.8157894736842106,0.18421052631578946
EuroSAT,3,2024,123,2.56,0.0
EuroSAT,4,2024,123,3.1052631578947367,0.0
EuroSAT,5,2024,123,3.6666666666666665,0.0
EuroSAT,2,2024,124,1.763157894736842,0.23684210526315788
EuroSAT,3,2024,124,2.4,0.08
EuroSAT,4,2024,124,2.9473684210526314,0.0
EuroSAT,5,2024,124,3.6,0.0
EuroSAT,2,2024,125,1.7105263157894737,0.2894736842105263
EuroSAT,3,2024,125,2.4,0.08
EuroSAT,4,2024,125,2.6842105263157894,0.0
EuroSAT,5,2024,125,3.1333333333333333,0.0
EuroSAT,2,2024,126,1.868421052631579,0.13157894736842105
EuroSAT,3,2024,126,2.52,0.04
EuroSAT,4,2024,126,3.1052631578947367,0.0
EuroSAT,5,2024,126,3.8,0.0
EuroSAT,2,2024,127,1.868421052631579,0.13157894736842105
EuroSAT,3,2024,127,2.52,0.04
EuroSAT,4,2024,127,3.0526315789473686,0.0
EuroSAT,5,2024,127,3.4,0.0
EuroSAT,2,2024,128,1.7894736842105263,0.21052631578947367
EuroSAT,3,2024,128,2.48,0.0
EuroSAT,4,2024,128,3.0,0.0
EuroSAT,5,2024,128,3.4,0.0
EuroSAT,2,2024,129,1.605263157894737,0.39473684210526316
EuroSAT,3,2024,129,2.32,0.12
EuroSAT,4,2024,129,3.0,0.0
EuroSAT,5,2024,129,3.3333333333333335,0.0
EuroSAT,2,2024,130,1.7105263157894737,0.2894736842105263
EuroSAT,3,2024,130,2.2,0.08
EuroSAT,4,2024,130,2.5789473684210527,0.05263157894736842
EuroSAT,5,2024,130,2.933333333333333,0.0
EuroSAT,2,2024,131,1.868421052631579,0.13157894736842105
EuroSAT,3,2024,131,2.32,0.04
EuroSAT,4,2024,131,3.0,0.05263157894736842
EuroSAT,5,2024,131,3.4,0.0
EuroSAT,2,2024,132,1.8421052631578947,0.15789473684210525
EuroSAT,3,2024,132,2.4,0.04
EuroSAT,4,2024,132,3.0,0.0
EuroSAT,5,2024,132,3.6666666666666665,0.0
EuroSAT,2,2024,133,1.8157894736842106,0.18421052631578946
EuroSAT,3,2024,133,2.52,0.08
EuroSAT,4,2024,133,3.1052631578947367,0.05263157894736842
EuroSAT,5,2024,133,3.466666666666667,0.0
EuroSAT,2,2024,134,1.763157894736842,0.23684210526315788
EuroSAT,3,2024,134,2.48,0.0
EuroSAT,4,2024,134,3.0,0.0
EuroSAT,5,2024,134,3.4,0.0
EuroSAT,2,2024,135,1.8157894736842106,0.18421052631578946
EuroSAT,3,2024,135,2.36,0.08
EuroSAT,4,2024,135,3.0,0.0
EuroSAT,5,2024,135,3.3333333333333335,0.0
EuroSAT,2,2024,136,1.763157894736842,0.23684210526315788
EuroSAT,3,2024,136,2.28,0.16
EuroSAT,4,2024,136,2.6842105263157894,0.15789473684210525
EuroSAT,5,2024,136,3.2,0.0
EuroSAT,2,2024,137,1.7894736842105263,0.21052631578947367
EuroSAT,3,2024,137,2.44,0.04
EuroSAT,4,2024,137,3.0526315789473686,0.0
EuroSAT,5,2024,137,3.3333333333333335,0.0
EuroSAT,2,2024,138,1.868421052631579,0.13157894736842105
EuroSAT,3,2024,138,2.64,0.0
EuroSAT,4,2024,138,3.3157894736842106,0.0
EuroSAT,5,2024,138,3.6,0.0
EuroSAT,2,2024,139,1.868421052631579,0.13157894736842105
EuroSAT,3,2024,139,2.68,0.0
EuroSAT,4,2024,139,3.263157894736842,0.0
EuroSAT,5,2024,139,3.8666666666666667,0.0
EuroSAT,2,2024,140,1.7105263157894737,0.2894736842105263
EuroSAT,3,2024,140,2.32,0.08
EuroSAT,4,2024,140,2.9473684210526314,0.05263157894736842
EuroSAT,5,2024,140,3.3333333333333335,0.0
EuroSAT,2,2024,141,1.6842105263157894,0.3157894736842105
EuroSAT,3,2024,141,2.28,0.08
EuroSAT,4,2024,141,2.8421052631578947,0.05263157894736842
EuroSAT,5,2024,141,3.3333333333333335,0.0
EuroSAT,2,2024,142,1.736842105263158,0.2631578947368421
EuroSAT,3,2024,142,2.52,0.08
EuroSAT,4,2024,142,2.8421052631578947,0.0
EuroSAT,5,2024,142,3.2666666666666666,0.0
EuroSAT,2,2024,143,1.8421052631578947,0.15789473684210525
EuroSAT,3,2024,143,2.52,0.0
EuroSAT,4,2024,143,2.9473684210526314,0.0
EuroSAT,5,2024,143,3.533333333333333,0.0
EuroSAT,2,2024,144,1.8421052631578947,0.15789473684210525
EuroSAT,3,2024,144,2.52,0.0
EuroSAT,4,2024,144,3.1578947368421053,0.0
EuroSAT,5,2024,144,3.8,0.0
EuroSAT,2,2024,145,1.631578947368421,0.3684210526315789
EuroSAT,3,2024,145,2.4,0.0
EuroSAT,4,2024,145,2.789473684210526,0.0
EuroSAT,5,2024,145,3.4,0.0
EuroSAT,2,2024,146,1.6842105263157894,0.3157894736842105
EuroSAT,3,2024,146,2.36,0.08
EuroSAT,4,2024,146,2.8947368421052633,0.0
EuroSAT,5,2024,146,3.0,0.0
EuroSAT,2,2024,147,1.7894736842105263,0.21052631578947367
EuroSAT,3,2024,147,2.48,0.0
EuroSAT,4,2024,147,3.0526315789473686,0.0
EuroSAT,5,2024,147,3.4,0.0
EuroSAT,2,2024,148,1.7894736842105263,0.21052631578947367
EuroSAT,3,2024,148,2.32,0.04
EuroSAT,4,2024,148,2.789473684210526,0.0
EuroSAT,5,2024,148,3.066666666666667,0.0
EuroSAT,2,2024,149,1.8421052631578947,0.15789473684210525
EuroSAT,3,2024,149,2.48,0.04
EuroSAT,4,2024,149,3.210526315789474,0.0
EuroSAT,5,2024,149,3.6666666666666665,0.0
EuroSAT,2,2024,150,1.7105263157894737,0.2894736842105263
EuroSAT,3,2024,150,2.48,0.0
EuroSAT,4,2024,150,3.0526315789473686,0.0
EuroSAT,5,2024,150,3.466666666666667,0.0
EuroSAT,2,2024,151,1.736842105263158,0.2631578947368421
EuroSAT,3,2024,151,2.32,0.04
EuroSAT,4,2024,151,2.8947368421052633,0.0
EuroSAT,5,2024,151,3.3333333333333335,0.0
EuroSAT,2,2024,152,1.763157894736842,0.23684210526315788
EuroSAT,3,2024,152,2.4,0.04
EuroSAT,4,2024,152,2.8421052631578947,0.0
EuroSAT,5,2024,152,3.466666666666667,0.0
EuroSAT,2,2024,153,1.7894736842105263,0.21052631578947367
EuroSAT,3,2024,153,2.6,0.04
EuroSAT,4,2024,153,2.9473684210526314,0.0
EuroSAT,5,2024,153,3.6666666666666665,0.0
EuroSAT,2,2024,154,1.6842105263157894,0.3157894736842105
EuroSAT,3,2024,154,2.44,0.04
EuroSAT,4,2024,154,2.5789473684210527,0.0
EuroSAT,5,2024,154,3.4,0.0
EuroSAT,2,2024,155,1.736842105263158,0.2631578947368421
EuroSAT,3,2024,155,2.52,0.08
EuroSAT,4,2024,155,3.0526315789473686,0.0
EuroSAT,5,2024,155,3.4,0.0
EuroSAT,2,2024,156,1.894736842105263,0.10526315789473684
EuroSAT,3,2024,156,2.4,0.04
EuroSAT,4,2024,156,3.0,0.0
EuroSAT,5,2024,156,3.466666666666667,0.0
EuroSAT,2,2024,157,1.763157894736842,0.23684210526315788
EuroSAT,3,2024,157,2.52,0.08
EuroSAT,4,2024,157,2.789473684210526,0.0
EuroSAT,5,2024,157,3.2666666666666666,0.0
EuroSAT,2,2024,158,1.8421052631578947,0.15789473684210525
EuroSAT,3,2024,158,2.48,0.0
EuroSAT,4,2024,158,2.8947368421052633,0.0
EuroSAT,5,2024,158,3.3333333333333335,0.0
EuroSAT,2,2024,159,1.7894736842105263,0.21052631578947367
EuroSAT,3,2024,159,2.48,0.04
EuroSAT,4,2024,159,3.0526315789473686,0.0
EuroSAT,5,2024,159,3.1333333333333333,0.0
EuroSAT,2,2024,160,1.763157894736842,0.23684210526315788
EuroSAT,3,2024,160,2.44,0.04
EuroSAT,4,2024,160,2.8947368421052633,0.0
EuroSAT,5,2024,160,3.2666666666666666,0.0
EuroSAT,2,2024,161,1.868421052631579,0.13157894736842105
EuroSAT,3,2024,161,2.32,0.0
EuroSAT,4,2024,161,3.0,0.0
EuroSAT,5,2024,161,3.466666666666667,0.0
EuroSAT,2,2024,162,1.7894736842105263,0.21052631578947367
EuroSAT,3,2024,162,2.48,0.0
EuroSAT,4,2024,162,2.8947368421052633,0.0
EuroSAT,5,2024,162,3.4,0.0
EuroSAT,2,2024,163,1.8421052631578947,0.15789473684210525
EuroSAT,3,2024,163,2.6,0.0
EuroSAT,4,2024,163,3.210526315789474,0.0
EuroSAT,5,2024,163,3.8,0.0
EuroSAT,2,2024,164,1.736842105263158,0.2631578947368421
EuroSAT,3,2024,164,2.68,0.04
EuroSAT,4,2024,164,3.1578947368421053,0.0
EuroSAT,5,2024,164,3.4,0.0
EuroSAT,2,2024,165,1.7894736842105263,0.21052631578947367
EuroSAT,3,2024,165,2.28,0.04
EuroSAT,4,2024,165,2.8421052631578947,0.0
EuroSAT,5,2024,165,3.3333333333333335,0.0
EuroSAT,2,2024,166,1.8157894736842106,0.18421052631578946
EuroSAT,3,2024,166,2.52,0.0
EuroSAT,4,2024,166,2.8421052631578947,0.0
EuroSAT,5,2024,166,3.2,0.0
EuroSAT,2,2024,167,1.894736842105263,0.10526315789473684
EuroSAT,3,2024,167,2.68,0.04
EuroSAT,4,2024,167,3.3684210526315788,0.0
EuroSAT,5,2024,167,3.466666666666667,0.0
EuroSAT,2,2024,168,1.6842105263157894,0.3157894736842105
EuroSAT,3,2024,168,2.56,0.0
EuroSAT,4,2024,168,3.0,0.0
EuroSAT,5,2024,168,3.533333333333333,0.0
EuroSAT,2,2024,169,1.763157894736842,0.23684210526315788
EuroSAT,3,2024,169,2.44,0.04
EuroSAT,4,2024,169,3.0,0.05263157894736842
EuroSAT,5,2024,169,3.466666666666667,0.0
EuroSAT,2,2024,170,1.763157894736842,0.23684210526315788
EuroSAT,3,2024,170,2.36,0.04
EuroSAT,4,2024,170,2.789473684210526,0.0
EuroSAT,5,2024,170,3.2666666666666666,0.0
EuroSAT,2,2024,171,1.894736842105263,0.10526315789473684
EuroSAT,3,2024,171,2.28,0.0
EuroSAT,4,2024,171,2.8947368421052633,0.0
EuroSAT,5,2024,171,3.2666666666666666,0.0
EuroSAT,2,2024,172,1.8421052631578947,0.15789473684210525
EuroSAT,3,2024,172,2.48,0.04
EuroSAT,4,2024,172,2.8421052631578947,0.0
EuroSAT,5,2024,172,3.466666666666667,0.0
EuroSAT,2,2024,173,1.6842105263157894,0.3157894736842105
EuroSAT,3,2024,173,2.2,0.08
EuroSAT,4,2024,173,2.6842105263157894,0.0
EuroSAT,5,2024,173,3.2666666666666666,0.0
EuroSAT,2,2024,174,1.763157894736842,0.23684210526315788
EuroSAT,3,2024,174,2.48,0.04
EuroSAT,4,2024,174,3.0526315789473686,0.0
EuroSAT,5,2024,174,3.466666666666667,0.0
EuroSAT,2,2024,175,1.8157894736842106,0.18421052631578946
EuroSAT,3,2024,175,2.52,0.04
EuroSAT,4,2024,175,3.0,0.0
EuroSAT,5,2024,175,3.2666666666666666,0.0
EuroSAT,2,2024,176,1.763157894736842,0.23684210526315788
EuroSAT,3,2024,176,2.48,0.04
EuroSAT,4,2024,176,3.1052631578947367,0.0
EuroSAT,5,2024,176,3.6666666666666665,0.0
EuroSAT,2,2024,177,1.6842105263157894,0.3157894736842105
EuroSAT,3,2024,177,2.48,0.0
EuroSAT,4,2024,177,2.8947368421052633,0.0
EuroSAT,5,2024,177,3.4,0.0
EuroSAT,2,2024,178,1.8421052631578947,0.15789473684210525
EuroSAT,3,2024,178,2.48,0.04
EuroSAT,4,2024,178,3.1052631578947367,0.0
EuroSAT,5,2024,178,3.533333333333333,0.0
EuroSAT,2,2024,179,1.894736842105263,0.10526315789473684
EuroSAT,3,2024,179,2.64,0.0
EuroSAT,4,2024,179,3.1052631578947367,0.0
EuroSAT,5,2024,179,3.6666666666666665,0.0
EuroSAT,2,2024,180,1.868421052631579,0.13157894736842105
EuroSAT,3,2024,180,2.48,0.04
EuroSAT,4,2024,180,3.263157894736842,0.0
EuroSAT,5,2024,180,3.3333333333333335,0.0
EuroSAT,2,2024,181,1.7894736842105263,0.21052631578947367
EuroSAT,3,2024,181,2.4,0.04
EuroSAT,4,2024,181,2.8421052631578947,0.0
EuroSAT,5,2024,181,3.066666666666667,0.0
EuroSAT,2,2024,182,1.736842105263158,0.2631578947368421
EuroSAT,3,2024,182,2.32,0.08
EuroSAT,4,2024,182,2.8947368421052633,0.0
EuroSAT,5,2024,182,3.6,0.0
EuroSAT,2,2024,183,1.8421052631578947,0.15789473684210525
EuroSAT,3,2024,183,2.68,0.0
EuroSAT,4,2024,183,3.0,0.0
EuroSAT,5,2024,183,3.466666666666667,0.0
EuroSAT,2,2024,184,1.894736842105263,0.10526315789473684
EuroSAT,3,2024,184,2.56,0.04
EuroSAT,4,2024,184,3.263157894736842,0.0
EuroSAT,5,2024,184,3.533333333333333,0.0
EuroSAT,2,2024,185,1.763157894736842,0.23684210526315788
EuroSAT,3,2024,185,2.4,0.0
EuroSAT,4,2024,185,2.9473684210526314,0.0
EuroSAT,5,2024,185,3.2666666666666666,0.0
EuroSAT,2,2024,186,1.763157894736842,0.23684210526315788
EuroSAT,3,2024,186,2.36,0.08
EuroSAT,4,2024,186,2.736842105263158,0.0
EuroSAT,5,2024,186,3.2,0.0
EuroSAT,2,2024,187,1.736842105263158,0.2631578947368421
EuroSAT,3,2024,187,2.36,0.04
EuroSAT,4,2024,187,2.9473684210526314,0.0
EuroSAT,5,2024,187,3.3333333333333335,0.0
EuroSAT,2,2024,188,1.7894736842105263,0.21052631578947367
EuroSAT,3,2024,188,2.44,0.0
EuroSAT,4,2024,188,2.6842105263157894,0.05263157894736842
EuroSAT,5,2024,188,3.0,0.0
EuroSAT,2,2024,189,1.6842105263157894,0.3157894736842105
EuroSAT,3,2024,189,2.28,0.08
EuroSAT,4,2024,189,2.8947368421052633,0.10526315789473684
EuroSAT,5,2024,189,3.3333333333333335,0.0
EuroSAT,2,2024,190,1.7894736842105263,0.21052631578947367
EuroSAT,3,2024,190,2.44,0.0
EuroSAT,4,2024,190,2.8421052631578947,0.0
EuroSAT,5,2024,190,3.0,0.0
EuroSAT,2,2024,191,1.6842105263157894,0.3157894736842105
EuroSAT,3,2024,191,2.4,0.0
EuroSAT,4,2024,191,2.789473684210526,0.0
EuroSAT,5,2024,191,3.2,0.0
EuroSAT,2,2024,192,1.868421052631579,0.13157894736842105
EuroSAT,3,2024,192,2.72,0.0
EuroSAT,4,2024,192,3.1578947368421053,0.0
EuroSAT,5,2024,192,3.6,0.0
EuroSAT,2,2024,193,1.8421052631578947,0.15789473684210525
EuroSAT,3,2024,193,2.52,0.0
EuroSAT,4,2024,193,3.0,0.0
EuroSAT,5,2024,193,3.4,0.0
EuroSAT,2,2024,194,1.7894736842105263,0.21052631578947367
EuroSAT,3,2024,194,2.36,0.08
EuroSAT,4,2024,194,2.6315789473684212,0.0
EuroSAT,5,2024,194,3.2666666666666666,0.0
EuroSAT,2,2024,195,1.7105263157894737,0.2894736842105263
EuroSAT,3,2024,195,2.36,0.08
EuroSAT,4,2024,195,3.0526315789473686,0.0
EuroSAT,5,2024,195,3.3333333333333335,0.0
EuroSAT,2,2024,196,1.7894736842105263,0.21052631578947367
EuroSAT,3,2024,196,2.4,0.04
EuroSAT,4,2024,196,2.736842105263158,0.0
EuroSAT,5,2024,196,3.3333333333333335,0.0
EuroSAT,2,2024,197,1.7894736842105263,0.21052631578947367
EuroSAT,3,2024,197,2.48,0.0
EuroSAT,4,2024,197,3.0526315789473686,0.0
EuroSAT,5,2024,197,3.466666666666667,0.0
EuroSAT,2,2024,198,1.8157894736842106,0.18421052631578946
EuroSAT,3,2024,198,2.6,0.0
EuroSAT,4,2024,198,3.0,0.0
EuroSAT,5,2024,198,3.466666666666667,0.0
EuroSAT,2,2024,199,1.7894736842105263,0.21052631578947367
EuroSAT,3,2024,199,2.52,0.0
EuroSAT,4,2024,199,3.1052631578947367,0.0
EuroSAT,5,2024,199,3.4,0.0
EuroSAT,2,2024,200,1.894736842105263,0.10526315789473684
EuroSAT,3,2024,200,2.48,0.0
EuroSAT,4,2024,200,3.0,0.0
EuroSAT,5,2024,200,3.4,0.0
EuroSAT,2,2024,201,1.7105263157894737,0.2894736842105263
EuroSAT,3,2024,201,2.32,0.04
EuroSAT,4,2024,201,2.736842105263158,0.0
EuroSAT,5,2024,201,3.1333333333333333,0.0
EuroSAT,2,2024,202,1.868421052631579,0.13157894736842105
EuroSAT,3,2024,202,2.64,0.0
EuroSAT,4,2024,202,3.0526315789473686,0.0
EuroSAT,5,2024,202,3.466666666666667,0.0
EuroSAT,2,2024,203,1.736842105263158,0.2631578947368421
EuroSAT,3,2024,203,2.44,0.08
EuroSAT,4,2024,203,2.789473684210526,0.05263157894736842
EuroSAT,5,2024,203,3.3333333333333335,0.0
EuroSAT,2,2024,204,1.763157894736842,0.23684210526315788
EuroSAT,3,2024,204,2.28,0.12
EuroSAT,4,2024,204,2.789473684210526,0.10526315789473684
EuroSAT,5,2024,204,3.3333333333333335,0.0
EuroSAT,2,2024,205,1.7894736842105263,0.21052631578947367
EuroSAT,3,2024,205,2.6,0.04
EuroSAT,4,2024,205,3.263157894736842,0.0
EuroSAT,5,2024,205,3.7333333333333334,0.0
EuroSAT,2,2024,206,1.6842105263157894,0.3157894736842105
EuroSAT,3,2024,206,2.4,0.08
EuroSAT,4,2024,206,2.8947368421052633,0.05263157894736842
EuroSAT,5,2024,206,3.2,0.0
EuroSAT,2,2024,207,1.8421052631578947,0.15789473684210525
EuroSAT,3,2024,207,2.48,0.04
EuroSAT,4,2024,207,2.8947368421052633,0.0
EuroSAT,5,2024,207,3.2666666666666666,0.0
EuroSAT,2,2024,208,1.894736842105263,0.10526315789473684
EuroSAT,3,2024,208,2.52,0.0
EuroSAT,4,2024,208,3.0526315789473686,0.0
EuroSAT,5,2024,208,3.7333333333333334,0.0
EuroSAT,2,2024,209,1.7894736842105263,0.21052631578947367
EuroSAT,3,2024,209,2.52,0.0
EuroSAT,4,2024,209,3.1052631578947367,0.0
EuroSAT,5,2024,209,3.466666666666667,0.0
EuroSAT,2,2024,210,1.763157894736842,0.23684210526315788
EuroSAT,3,2024,210,2.4,0.04
EuroSAT,4,2024,210,2.736842105263158,0.0
EuroSAT,5,2024,210,3.3333333333333335,0.0
EuroSAT,2,2024,211,1.763157894736842,0.23684210526315788
EuroSAT,3,2024,211,2.44,0.0
EuroSAT,4,2024,211,2.8421052631578947,0.0
EuroSAT,5,2024,211,3.2,0.0
EuroSAT,2,2024,212,1.763157894736842,0.23684210526315788
EuroSAT,3,2024,212,2.4,0.04
EuroSAT,4,2024,212,2.6315789473684212,0.05263157894736842
EuroSAT,5,2024,212,3.2,0.0
EuroSAT,2,2024,213,1.7894736842105263,0.21052631578947367
EuroSAT,3,2024,213,2.44,0.04
EuroSAT,4,2024,213,3.0,0.0
EuroSAT,5,2024,213,3.533333333333333,0.0
EuroSAT,2,2024,214,1.8157894736842106,0.18421052631578946
EuroSAT,3,2024,214,2.44,0.04
EuroSAT,4,2024,214,3.0,0.0
EuroSAT,5,2024,214,3.533333333333333,0.0
EuroSAT,2,2024,215,1.894736842105263,0.10526315789473684
EuroSAT,3,2024,215,2.6,0.0
EuroSAT,4,2024,215,3.3684210526315788,0.0
EuroSAT,5,2024,215,3.6666666666666665,0.0
EuroSAT,2,2024,216,1.8421052631578947,0.15789473684210525
EuroSAT,3,2024,216,2.6,0.0
EuroSAT,4,2024,216,3.210526315789474,0.0
EuroSAT,5,2024,216,3.466666666666667,0.0
EuroSAT,2,2024,217,1.7894736842105263,0.21052631578947367
EuroSAT,3,2024,217,2.28,0.08
EuroSAT,4,2024,217,2.8947368421052633,0.0
EuroSAT,5,2024,217,3.066666666666667,0.0
EuroSAT,2,2024,218,1.8421052631578947,0.15789473684210525
EuroSAT,3,2024,218,2.44,0.0
EuroSAT,4,2024,218,3.0,0.0
EuroSAT,5,2024,218,3.066666666666667,0.0
EuroSAT,2,2024,219,1.868421052631579,0.13157894736842105
EuroSAT,3,2024,219,2.56,0.04
EuroSAT,4,2024,219,3.3157894736842106,0.0
EuroSAT,5,2024,219,3.6,0.0
EuroSAT,2,2024,220,1.6842105263157894,0.3157894736842105
EuroSAT,3,2024,220,2.32,0.12
EuroSAT,4,2024,220,2.6842105263157894,0.0
EuroSAT,5,2024,220,3.2666666666666666,0.0
EuroSAT,2,2024,221,1.8421052631578947,0.15789473684210525
EuroSAT,3,2024,221,2.52,0.0
EuroSAT,4,2024,221,3.0,0.0
EuroSAT,5,2024,221,3.6,0.0
EuroSAT,2,2024,222,1.763157894736842,0.23684210526315788
EuroSAT,3,2024,222,2.44,0.08
EuroSAT,4,2024,222,2.789473684210526,0.05263157894736842
EuroSAT,5,2024,222,3.1333333333333333,0.0
EuroSAT,2,2024,223,1.8157894736842106,0.18421052631578946
EuroSAT,3,2024,223,2.36,0.0
EuroSAT,4,2024,223,3.0526315789473686,0.0
EuroSAT,5,2024,223,3.7333333333333334,0.0
EuroSAT,2,2024,224,1.736842105263158,0.2631578947368421
EuroSAT,3,2024,224,2.36,0.04
EuroSAT,4,2024,224,2.789473684210526,0.0
EuroSAT,5,2024,224,3.466666666666667,0.0
EuroSAT,2,2024,225,1.7105263157894737,0.2894736842105263
EuroSAT,3,2024,225,2.36,0.04
EuroSAT,4,2024,225,2.736842105263158,0.05263157894736842
EuroSAT,5,2024,225,3.466666666666667,0.0
EuroSAT,2,2024,226,1.8157894736842106,0.18421052631578946
EuroSAT,3,2024,226,2.48,0.0
EuroSAT,4,2024,226,2.9473684210526314,0.0
EuroSAT,5,2024,226,3.466666666666667,0.0
EuroSAT,2,2024,227,1.9210526315789473,0.07894736842105263
EuroSAT,3,2024,227,2.6,0.0
EuroSAT,4,2024,227,3.3157894736842106,0.0
EuroSAT,5,2024,227,3.8,0.0
EuroSAT,2,2024,228,1.736842105263158,0.2631578947368421
EuroSAT,3,2024,228,2.4,0.04
EuroSAT,4,2024,228,2.789473684210526,0.0
EuroSAT,5,2024,228,3.3333333333333335,0.0
EuroSAT,2,2024,229,1.8157894736842106,0.18421052631578946
EuroSAT,3,2024,229,2.4,0.0
EuroSAT,4,2024,229,3.0,0.0
EuroSAT,5,2024,229,3.466666666666667,0.0
EuroSAT,2,2024,230,1.894736842105263,0.10526315789473684
EuroSAT,3,2024,230,2.48,0.0
EuroSAT,4,2024,230,3.210526315789474,0.0
EuroSAT,5,2024,230,3.7333333333333334,0.0
EuroSAT,2,2024,231,1.736842105263158,0.2631578947368421
EuroSAT,3,2024,231,2.28,0.04
EuroSAT,4,2024,231,2.8947368421052633,0.0
EuroSAT,5,2024,231,3.533333333333333,0.0
EuroSAT,2,2024,232,1.894736842105263,0.10526315789473684
EuroSAT,3,2024,232,2.72,0.0
EuroSAT,4,2024,232,3.210526315789474,0.0
EuroSAT,5,2024,232,3.7333333333333334,0.0
EuroSAT,2,2024,233,1.868421052631579,0.13157894736842105
EuroSAT,3,2024,233,2.52,0.0
EuroSAT,4,2024,233,3.0,0.0
EuroSAT,5,2024,233,3.4,0.0
EuroSAT,2,2024,234,1.7894736842105263,0.21052631578947367
EuroSAT,3,2024,234,2.6,0.0
EuroSAT,4,2024,234,3.1052631578947367,0.0
EuroSAT,5,2024,234,3.6666666666666665,0.0
EuroSAT,2,2024,235,1.8157894736842106,0.18421052631578946
EuroSAT,3,2024,235,2.4,0.0
EuroSAT,4,2024,235,2.789473684210526,0.0
EuroSAT,5,2024,235,3.3333333333333335,0.0
EuroSAT,2,2024,236,1.7894736842105263,0.21052631578947367
EuroSAT,3,2024,236,2.68,0.04
EuroSAT,4,2024,236,3.0526315789473686,0.0
EuroSAT,5,2024,236,3.8,0.0
EuroSAT,2,2024,237,1.8157894736842106,0.18421052631578946
EuroSAT,3,2024,237,2.48,0.0
EuroSAT,4,2024,237,3.1578947368421053,0.0
EuroSAT,5,2024,237,3.3333333333333335,0.0
EuroSAT,2,2024,238,1.8421052631578947,0.15789473684210525
EuroSAT,3,2024,238,2.56,0.0
EuroSAT,4,2024,238,3.263157894736842,0.0
EuroSAT,5,2024,238,3.7333333333333334,0.0
EuroSAT,2,2024,239,1.8157894736842106,0.18421052631578946
EuroSAT,3,2024,239,2.4,0.0
EuroSAT,4,2024,239,3.0,0.0
EuroSAT,5,2024,239,3.6666666666666665,0.0
EuroSAT,2,2024,240,1.868421052631579,0.13157894736842105
EuroSAT,3,2024,240,2.44,0.04
EuroSAT,4,2024,240,2.9473684210526314,0.0
EuroSAT,5,2024,240,3.466666666666667,0.0
EuroSAT,2,2024,241,1.631578947368421,0.3684210526315789
EuroSAT,3,2024,241,2.36,0.12
EuroSAT,4,2024,241,2.736842105263158,0.0
EuroSAT,5,2024,241,3.3333333333333335,0.0
EuroSAT,2,2024,242,1.7894736842105263,0.21052631578947367
EuroSAT,3,2024,242,2.68,0.04
EuroSAT,4,2024,242,3.1052631578947367,0.05263157894736842
EuroSAT,5,2024,242,3.466666666666667,0.0
EuroSAT,2,2024,243,1.7894736842105263,0.21052631578947367
EuroSAT,3,2024,243,2.32,0.04
EuroSAT,4,2024,243,2.9473684210526314,0.0
EuroSAT,5,2024,243,3.2666666666666666,0.0
EuroSAT,2,2024,244,1.8421052631578947,0.15789473684210525
EuroSAT,3,2024,244,2.52,0.0
EuroSAT,4,2024,244,3.0526315789473686,0.0
EuroSAT,5,2024,244,3.6,0.0
EuroSAT,2,2024,245,1.7105263157894737,0.2894736842105263
EuroSAT,3,2024,245,2.24,0.12
EuroSAT,4,2024,245,2.8421052631578947,0.0
EuroSAT,5,2024,245,2.933333333333333,0.0
EuroSAT,2,2024,246,1.894736842105263,0.10526315789473684
EuroSAT,3,2024,246,2.48,0.04
EuroSAT,4,2024,246,3.3157894736842106,0.0
EuroSAT,5,2024,246,3.533333333333333,0.0
EuroSAT,2,2024,247,1.736842105263158,0.2631578947368421
EuroSAT,3,2024,247,2.32,0.04
EuroSAT,4,2024,247,2.8947368421052633,0.0
EuroSAT,5,2024,247,3.533333333333333,0.0
EuroSAT,2,2024,248,1.8421052631578947,0.15789473684210525
EuroSAT,3,2024,248,2.44,0.0
EuroSAT,4,2024,248,3.0,0.0
EuroSAT,5,2024,248,3.6666666666666665,0.0
EuroSAT,2,2024,249,1.763157894736842,0.23684210526315788
EuroSAT,3,2024,249,2.44,0.08
EuroSAT,4,2024,249,2.789473684210526,0.05263157894736842
EuroSAT,5,2024,249,3.466666666666667,0.0
EuroSAT,2,2024,250,1.8157894736842106,0.18421052631578946
EuroSAT,3,2024,250,2.44,0.0
EuroSAT,4,2024,250,2.8421052631578947,0.0
EuroSAT,5,2024,250,3.3333333333333335,0.0
EuroSAT,2,2024,251,1.8157894736842106,0.18421052631578946
EuroSAT,3,2024,251,2.44,0.0
EuroSAT,4,2024,251,2.9473684210526314,0.0
EuroSAT,5,2024,251,3.4,0.0
EuroSAT,2,2024,252,1.9210526315789473,0.07894736842105263
EuroSAT,3,2024,252,2.64,0.0
EuroSAT,4,2024,252,3.1578947368421053,0.0
EuroSAT,5,2024,252,3.8,0.0
EuroSAT,2,2024,253,1.763157894736842,0.23684210526315788
EuroSAT,3,2024,253,2.32,0.0
EuroSAT,4,2024,253,2.789473684210526,0.0
EuroSAT,5,2024,253,3.066666666666667,0.0
EuroSAT,2,2024,254,1.7894736842105263,0.21052631578947367
EuroSAT,3,2024,254,2.48,0.0
EuroSAT,4,2024,254,2.8421052631578947,0.0
EuroSAT,5,2024,254,3.4,0.0
EuroSAT,2,2024,255,1.8421052631578947,0.15789473684210525
EuroSAT,3,2024,255,2.44,0.0
EuroSAT,4,2024,255,2.8947368421052633,0.0
EuroSAT,5,2024,255,3.2666666666666666,0.0
EuroSAT,2,2024,256,1.8157894736842106,0.18421052631578946
EuroSAT,3,2024,256,2.24,0.08
EuroSAT,4,2024,256,2.789473684210526,0.0
EuroSAT,5,2024,256,3.2,0.0
EuroSAT,2,2024,257,1.7894736842105263,0.21052631578947367
EuroSAT,3,2024,257,2.56,0.08
EuroSAT,4,2024,257,3.1578947368421053,0.0
EuroSAT,5,2024,257,3.8666666666666667,0.0
EuroSAT,2,2024,258,1.7894736842105263,0.21052631578947367
EuroSAT,3,2024,258,2.52,0.04
EuroSAT,4,2024,258,3.1578947368421053,0.0
EuroSAT,5,2024,258,3.533333333333333,0.0
EuroSAT,2,2024,259,1.8421052631578947,0.15789473684210525
EuroSAT,3,2024,259,2.52,0.04
EuroSAT,4,2024,259,2.8421052631578947,0.0
EuroSAT,5,2024,259,3.4,0.0
EuroSAT,2,2024,260,1.763157894736842,0.23684210526315788
EuroSAT,3,2024,260,2.56,0.0
EuroSAT,4,2024,260,3.1052631578947367,0.0
EuroSAT,5,2024,260,3.6,0.0
EuroSAT,2,2024,261,1.763157894736842,0.23684210526315788
EuroSAT,3,2024,261,2.48,0.04
EuroSAT,4,2024,261,2.9473684210526314,0.0
EuroSAT,5,2024,261,3.2666666666666666,0.0
EuroSAT,2,2024,262,1.8421052631578947,0.15789473684210525
EuroSAT,3,2024,262,2.44,0.04
EuroSAT,4,2024,262,2.8947368421052633,0.05263157894736842
EuroSAT,5,2024,262,3.533333333333333,0.0
EuroSAT,2,2024,263,1.8421052631578947,0.15789473684210525
EuroSAT,3,2024,263,2.52,0.04
EuroSAT,4,2024,263,3.3157894736842106,0.0
EuroSAT,5,2024,263,3.3333333333333335,0.0
EuroSAT,2,2024,264,1.894736842105263,0.10526315789473684
EuroSAT,3,2024,264,2.48,0.0
EuroSAT,4,2024,264,2.9473684210526314,0.0
EuroSAT,5,2024,264,3.3333333333333335,0.0
EuroSAT,2,2024,265,1.8421052631578947,0.15789473684210525
EuroSAT,3,2024,265,2.52,0.0
EuroSAT,4,2024,265,3.0,0.0
EuroSAT,5,2024,265,3.4,0.0
EuroSAT,2,2024,266,1.8157894736842106,0.18421052631578946
EuroSAT,3,2024,266,2.48,0.0
EuroSAT,4,2024,266,2.9473684210526314,0.0
EuroSAT,5,2024,266,3.3333333333333335,0.0
EuroSAT,2,2024,267,1.7105263157894737,0.2894736842105263
EuroSAT,3,2024,267,2.56,0.08
EuroSAT,4,2024,267,2.8421052631578947,0.05263157894736842
EuroSAT,5,2024,267,3.4,0.0
EuroSAT,2,2024,268,1.894736842105263,0.10526315789473684
EuroSAT,3,2024,268,2.56,0.0
EuroSAT,4,2024,268,3.3157894736842106,0.0
EuroSAT,5,2024,268,3.533333333333333,0.0
EuroSAT,2,2024,269,1.763157894736842,0.23684210526315788
EuroSAT,3,2024,269,2.56,0.0
EuroSAT,4,2024,269,3.0,0.0
EuroSAT,5,2024,269,3.7333333333333334,0.0
EuroSAT,2,2024,270,1.8421052631578947,0.15789473684210525
EuroSAT,3,2024,270,2.52,0.0
EuroSAT,4,2024,270,2.8947368421052633,0.0
EuroSAT,5,2024,270,3.466666666666667,0.0
EuroSAT,2,2024,271,1.9210526315789473,0.07894736842105263
EuroSAT,3,2024,271,2.44,0.04
EuroSAT,4,2024,271,3.1052631578947367,0.0
EuroSAT,5,2024,271,3.7333333333333334,0.0
EuroSAT,2,2024,272,1.7894736842105263,0.21052631578947367
EuroSAT,3,2024,272,2.44,0.08
EuroSAT,4,2024,272,2.8421052631578947,0.05263157894736842
EuroSAT,5,2024,272,3.6,0.0
EuroSAT,2,2024,273,1.763157894736842,0.23684210526315788
EuroSAT,3,2024,273,2.44,0.04
EuroSAT,4,2024,273,2.9473684210526314,0.0
EuroSAT,5,2024,273,3.6666666666666665,0.0
EuroSAT,2,2024,274,1.8421052631578947,0.15789473684210525
EuroSAT,3,2024,274,2.48,0.04
EuroSAT,4,2024,274,3.1052631578947367,0.0
EuroSAT,5,2024,274,3.533333333333333,0.0
EuroSAT,2,2024,275,1.6842105263157894,0.3157894736842105
EuroSAT,3,2024,275,2.4,0.0
EuroSAT,4,2024,275,3.0,0.0
EuroSAT,5,2024,275,3.1333333333333333,0.0
EuroSAT,2,2024,276,1.736842105263158,0.2631578947368421
EuroSAT,3,2024,276,2.44,0.0
EuroSAT,4,2024,276,2.9473684210526314,0.0
EuroSAT,5,2024,276,3.466666666666667,0.0
EuroSAT,2,2024,277,1.763157894736842,0.23684210526315788
EuroSAT,3,2024,277,2.28,0.08
EuroSAT,4,2024,277,2.8947368421052633,0.05263157894736842
EuroSAT,5,2024,277,3.2,0.0
EuroSAT,2,2024,278,1.8157894736842106,0.18421052631578946
EuroSAT,3,2024,278,2.32,0.04
EuroSAT,4,2024,278,2.8947368421052633,0.05263157894736842
EuroSAT,5,2024,278,3.466666666666667,0.0
EuroSAT,2,2024,279,1.8157894736842106,0.18421052631578946
EuroSAT,3,2024,279,2.48,0.04
EuroSAT,4,2024,279,3.1578947368421053,0.05263157894736842
EuroSAT,5,2024,279,3.6,0.0
EuroSAT,2,2024,280,1.763157894736842,0.23684210526315788
EuroSAT,3,2024,280,2.52,0.0
EuroSAT,4,2024,280,3.0526315789473686,0.0
EuroSAT,5,2024,280,3.4,0.0
EuroSAT,2,2024,281,1.868421052631579,0.13157894736842105
EuroSAT,3,2024,281,2.4,0.0
EuroSAT,4,2024,281,2.8947368421052633,0.0
EuroSAT,5,2024,281,3.4,0.0
EuroSAT,2,2024,282,1.7105263157894737,0.2894736842105263
EuroSAT,3,2024,282,2.44,0.08
EuroSAT,4,2024,282,2.9473684210526314,0.0
EuroSAT,5,2024,282,3.1333333333333333,0.0
EuroSAT,2,2024,283,1.763157894736842,0.23684210526315788
EuroSAT,3,2024,283,2.44,0.0
EuroSAT,4,2024,283,2.8947368421052633,0.0
EuroSAT,5,2024,283,3.466666666666667,0.0
EuroSAT,2,2024,284,1.7894736842105263,0.21052631578947367
EuroSAT,3,2024,284,2.36,0.08
EuroSAT,4,2024,284,2.8947368421052633,0.0
EuroSAT,5,2024,284,3.6666666666666665,0.0
EuroSAT,2,2024,285,1.736842105263158,0.2631578947368421
EuroSAT,3,2024,285,2.52,0.0
EuroSAT,4,2024,285,2.8947368421052633,0.0
EuroSAT,5,2024,285,3.2666666666666666,0.0
EuroSAT,2,2024,286,1.8157894736842106,0.18421052631578946
EuroSAT,3,2024,286,2.44,0.04
EuroSAT,4,2024,286,2.8947368421052633,0.0
EuroSAT,5,2024,286,3.4,0.0
EuroSAT,2,2024,287,1.736842105263158,0.2631578947368421
EuroSAT,3,2024,287,2.36,0.08
EuroSAT,4,2024,287,2.736842105263158,0.05263157894736842
EuroSAT,5,2024,287,3.3333333333333335,0.0
EuroSAT,2,2024,288,1.736842105263158,0.2631578947368421
EuroSAT,3,2024,288,2.44,0.0
EuroSAT,4,2024,288,2.789473684210526,0.0
EuroSAT,5,2024,288,3.3333333333333335,0.0
EuroSAT,2,2024,289,1.7894736842105263,0.21052631578947367
EuroSAT,3,2024,289,2.68,0.0
EuroSAT,4,2024,289,3.263157894736842,0.0
EuroSAT,5,2024,289,3.8,0.0
EuroSAT,2,2024,290,1.763157894736842,0.23684210526315788
EuroSAT,3,2024,290,2.4,0.04
EuroSAT,4,2024,290,3.0,0.0
EuroSAT,5,2024,290,3.533333333333333,0.0
EuroSAT,2,2024,291,1.736842105263158,0.2631578947368421
EuroSAT,3,2024,291,2.24,0.04
EuroSAT,4,2024,291,2.9473684210526314,0.05263157894736842
EuroSAT,5,2024,291,3.066666666666667,0.0
EuroSAT,2,2024,292,1.868421052631579,0.13157894736842105
EuroSAT,3,2024,292,2.32,0.04
EuroSAT,4,2024,292,3.0526315789473686,0.0
EuroSAT,5,2024,292,3.466666666666667,0.0
EuroSAT,2,2024,293,1.7894736842105263,0.21052631578947367
EuroSAT,3,2024,293,2.64,0.0
EuroSAT,4,2024,293,3.0526315789473686,0.0
EuroSAT,5,2024,293,3.8,0.0
EuroSAT,2,2024,294,1.763157894736842,0.23684210526315788
EuroSAT,3,2024,294,2.28,0.08
EuroSAT,4,2024,294,2.736842105263158,0.0
EuroSAT,5,2024,294,3.533333333333333,0.06666666666666667
EuroSAT,2,2024,295,1.8421052631578947,0.15789473684210525
EuroSAT,3,2024,295,2.48,0.04
EuroSAT,4,2024,295,3.1578947368421053,0.0
EuroSAT,5,2024,295,3.6666666666666665,0.0
EuroSAT,2,2024,296,1.8421052631578947,0.15789473684210525
EuroSAT,3,2024,296,2.52,0.04
EuroSAT,4,2024,296,3.1578947368421053,0.0
EuroSAT,5,2024,296,3.6,0.0
EuroSAT,2,2024,297,1.8421052631578947,0.15789473684210525
EuroSAT,3,2024,297,2.4,0.0
EuroSAT,4,2024,297,2.8421052631578947,0.0
EuroSAT,5,2024,297,3.2666666666666666,0.0
EuroSAT,2,2024,298,1.8421052631578947,0.15789473684210525
EuroSAT,3,2024,298,2.56,0.0
EuroSAT,4,2024,298,3.1052631578947367,0.05263157894736842
EuroSAT,5,2024,298,3.8,0.0
EuroSAT,2,2024,299,1.763157894736842,0.23684210526315788
EuroSAT,3,2024,299,2.76,0.0
EuroSAT,4,2024,299,3.1578947368421053,0.0
EuroSAT,5,2024,299,3.6666666666666665,0.0
EuroSAT,2,7,0,1.894736842105263,0.10526315789473684
EuroSAT,3,7,0,2.52,0.0
EuroSAT,4,7,0,3.1052631578947367,0.0
EuroSAT,5,7,0,3.2666666666666666,0.0
EuroSAT,2,7,1,1.763157894736842,0.23684210526315788
EuroSAT,3,7,1,2.36,0.12
EuroSAT,4,7,1,2.736842105263158,0.05263157894736842
EuroSAT,5,7,1,3.1333333333333333,0.06666666666666667
EuroSAT,2,7,2,1.7105263157894737,0.2894736842105263
EuroSAT,3,7,2,2.32,0.12
EuroSAT,4,7,2,2.6842105263157894,0.05263157894736842
EuroSAT,5,7,2,3.3333333333333335,0.0
EuroSAT,2,7,3,1.763157894736842,0.23684210526315788
EuroSAT,3,7,3,2.44,0.04
EuroSAT,4,7,3,3.1052631578947367,0.0
EuroSAT,5,7,3,3.4,0.0
EuroSAT,2,7,4,1.7894736842105263,0.21052631578947367
EuroSAT,3,7,4,2.52,0.0
EuroSAT,4,7,4,2.6842105263157894,0.0
EuroSAT,5,7,4,3.2,0.0
EuroSAT,2,7,5,1.8421052631578947,0.15789473684210525
EuroSAT,3,7,5,2.64,0.04
EuroSAT,4,7,5,3.0,0.0
EuroSAT,5,7,5,3.6,0.0
EuroSAT,2,7,6,1.7105263157894737,0.2894736842105263
EuroSAT,3,7,6,2.56,0.0
EuroSAT,4,7,6,2.9473684210526314,0.0
EuroSAT,5,7,6,3.2,0.0
EuroSAT,2,7,7,1.7105263157894737,0.2894736842105263
EuroSAT,3,7,7,2.4,0.04
EuroSAT,4,7,7,2.8421052631578947,0.0
EuroSAT,5,7,7,3.4,0.0
EuroSAT,2,7,8,1.868421052631579,0.13157894736842105
EuroSAT,3,7,8,2.52,0.0
EuroSAT,4,7,8,2.9473684210526314,0.0
EuroSAT,5,7,8,3.8,0.0
EuroSAT,2,7,9,1.7894736842105263,0.21052631578947367
EuroSAT,3,7,9,2.44,0.04
EuroSAT,4,7,9,3.1052631578947367,0.0
EuroSAT,5,7,9,3.2,0.0
EuroSAT,2,7,10,1.894736842105263,0.10526315789473684
EuroSAT,3,7,10,2.52,0.0
EuroSAT,4,7,10,3.1578947368421053,0.0
EuroSAT,5,7,10,3.2666666666666666,0.0
EuroSAT,2,7,11,1.868421052631579,0.13157894736842105
EuroSAT,3,7,11,2.44,0.0
EuroSAT,4,7,11,2.9473684210526314,0.0
EuroSAT,5,7,11,3.4,0.0
EuroSAT,2,7,12,1.7894736842105263,0.21052631578947367
EuroSAT,3,7,12,2.24,0.04
EuroSAT,4,7,12,2.789473684210526,0.05263157894736842
EuroSAT,5,7,12,3.3333333333333335,0.0
EuroSAT,2,7,13,1.8421052631578947,0.15789473684210525
EuroSAT,3,7,13,2.48,0.04
EuroSAT,4,7,13,3.1052631578947367,0.0
EuroSAT,5,7,13,3.6666666666666665,0.0
EuroSAT,2,7,14,1.8157894736842106,0.18421052631578946
EuroSAT,3,7,14,2.32,0.0
EuroSAT,4,7,14,3.0,0.0
EuroSAT,5,7,14,3.3333333333333335,0.0
EuroSAT,2,7,15,1.763157894736842,0.23684210526315788
EuroSAT,3,7,15,2.32,0.04
EuroSAT,4,7,15,2.789473684210526,0.0
EuroSAT,5,7,15,3.466666666666667,0.0
EuroSAT,2,7,16,1.8421052631578947,0.15789473684210525
EuroSAT,3,7,16,2.64,0.0
EuroSAT,4,7,16,3.0,0.0
EuroSAT,5,7,16,3.533333333333333,0.0
EuroSAT,2,7,17,1.8157894736842106,0.18421052631578946
EuroSAT,3,7,17,2.48,0.08
EuroSAT,4,7,17,2.736842105263158,0.0
EuroSAT,5,7,17,3.6666666666666665,0.0
EuroSAT,2,7,18,1.894736842105263,0.10526315789473684
EuroSAT,3,7,18,2.52,0.04
EuroSAT,4,7,18,3.0526315789473686,0.0
EuroSAT,5,7,18,3.4,0.0
EuroSAT,2,7,19,1.763157894736842,0.23684210526315788
EuroSAT,3,7,19,2.36,0.04
EuroSAT,4,7,19,3.0526315789473686,0.0
EuroSAT,5,7,19,3.3333333333333335,0.0
EuroSAT,2,7,20,1.7894736842105263,0.21052631578947367
EuroSAT,3,7,20,2.44,0.0
EuroSAT,4,7,20,2.8947368421052633,0.0
EuroSAT,5,7,20,3.4,0.0
EuroSAT,2,7,21,1.8157894736842106,0.18421052631578946
EuroSAT,3,7,21,2.36,0.04
EuroSAT,4,7,21,3.0,0.0
EuroSAT,5,7,21,3.2666666666666666,0.0
EuroSAT,2,7,22,1.8157894736842106,0.18421052631578946
EuroSAT,3,7,22,2.56,0.04
EuroSAT,4,7,22,2.8947368421052633,0.0
EuroSAT,5,7,22,3.4,0.0
EuroSAT,2,7,23,1.8157894736842106,0.18421052631578946
EuroSAT,3,7,23,2.64,0.0
EuroSAT,4,7,23,2.736842105263158,0.0
EuroSAT,5,7,23,3.2666666666666666,0.0
EuroSAT,2,7,24,1.763157894736842,0.23684210526315788
EuroSAT,3,7,24,2.52,0.0
EuroSAT,4,7,24,2.8947368421052633,0.0
EuroSAT,5,7,24,3.3333333333333335,0.0
EuroSAT,2,7,25,1.894736842105263,0.10526315789473684
EuroSAT,3,7,25,2.6,0.0
EuroSAT,4,7,25,3.0526315789473686,0.0
EuroSAT,5,7,25,3.2666666666666666,0.0
EuroSAT,2,7,26,1.763157894736842,0.23684210526315788
EuroSAT,3,7,26,2.48,0.0
EuroSAT,4,7,26,2.9473684210526314,0.0
EuroSAT,5,7,26,3.4,0.0
EuroSAT,2,7,27,1.763157894736842,0.23684210526315788
EuroSAT,3,7,27,2.44,0.04
EuroSAT,4,7,27,2.8421052631578947,0.0
EuroSAT,5,7,27,3.466666666666667,0.0
EuroSAT,2,7,28,1.7894736842105263,0.21052631578947367
EuroSAT,3,7,28,2.52,0.04
EuroSAT,4,7,28,2.9473684210526314,0.0
EuroSAT,5,7,28,3.7333333333333334,0.0
EuroSAT,2,7,29,1.736842105263158,0.2631578947368421
EuroSAT,3,7,29,2.4,0.04
EuroSAT,4,7,29,2.8947368421052633,0.0
EuroSAT,5,7,29,3.2666666666666666,0.0
EuroSAT,2,7,30,1.868421052631579,0.13157894736842105
EuroSAT,3,7,30,2.6,0.0
EuroSAT,4,7,30,3.263157894736842,0.0
EuroSAT,5,7,30,3.466666666666667,0.0
EuroSAT,2,7,31,1.8157894736842106,0.18421052631578946
EuroSAT,3,7,31,2.4,0.0
EuroSAT,4,7,31,2.789473684210526,0.0
EuroSAT,5,7,31,2.933333333333333,0.0
EuroSAT,2,7,32,1.7894736842105263,0.21052631578947367
EuroSAT,3,7,32,2.36,0.04
EuroSAT,4,7,32,2.9473684210526314,0.0
EuroSAT,5,7,32,3.466666666666667,0.0
EuroSAT,2,7,33,1.7894736842105263,0.21052631578947367
EuroSAT,3,7,33,2.64,0.0
EuroSAT,4,7,33,3.0,0.0
EuroSAT,5,7,33,3.2666666666666666,0.0
EuroSAT,2,7,34,1.8421052631578947,0.15789473684210525
EuroSAT,3,7,34,2.68,0.0
EuroSAT,4,7,34,3.210526315789474,0.0
EuroSAT,5,7,34,3.7333333333333334,0.0
EuroSAT,2,7,35,1.7105263157894737,0.2894736842105263
EuroSAT,3,7,35,2.48,0.0
EuroSAT,4,7,35,2.9473684210526314,0.0
EuroSAT,5,7,35,3.2666666666666666,0.0
EuroSAT,2,7,36,1.9210526315789473,0.07894736842105263
EuroSAT,3,7,36,2.6,0.0
EuroSAT,4,7,36,3.0526315789473686,0.0
EuroSAT,5,7,36,3.6,0.0
EuroSAT,2,7,37,1.736842105263158,0.2631578947368421
EuroSAT,3,7,37,2.52,0.04
EuroSAT,4,7,37,2.8947368421052633,0.0
EuroSAT,5,7,37,3.4,0.0
EuroSAT,2,7,38,1.7105263157894737,0.2894736842105263
EuroSAT,3,7,38,2.36,0.04
EuroSAT,4,7,38,3.0,0.0
EuroSAT,5,7,38,3.2666666666666666,0.0
EuroSAT,2,7,39,1.7894736842105263,0.21052631578947367
EuroSAT,3,7,39,2.6,0.0
EuroSAT,4,7,39,3.1578947368421053,0.0
EuroSAT,5,7,39,3.4,0.0
EuroSAT,2,7,40,1.7894736842105263,0.21052631578947367
EuroSAT,3,7,40,2.4,0.04
EuroSAT,4,7,40,2.8947368421052633,0.0
EuroSAT,5,7,40,3.533333333333333,0.0
EuroSAT,2,7,41,1.7894736842105263,0.21052631578947367
EuroSAT,3,7,41,2.56,0.0
EuroSAT,4,7,41,3.1052631578947367,0.0
EuroSAT,5,7,41,3.6666666666666665,0.0
EuroSAT,2,7,42,1.8421052631578947,0.15789473684210525
EuroSAT,3,7,42,2.52,0.04
EuroSAT,4,7,42,3.0,0.0
EuroSAT,5,7,42,3.6,0.0
EuroSAT,2,7,43,1.868421052631579,0.13157894736842105
EuroSAT,3,7,43,2.6,0.04
EuroSAT,4,7,43,3.1578947368421053,0.0
EuroSAT,5,7,43,3.466666666666667,0.0
EuroSAT,2,7,44,1.6842105263157894,0.3157894736842105
EuroSAT,3,7,44,2.4,0.0
EuroSAT,4,7,44,2.8947368421052633,0.0
EuroSAT,5,7,44,3.3333333333333335,0.0
EuroSAT,2,7,45,1.7894736842105263,0.21052631578947367
EuroSAT,3,7,45,2.48,0.04
EuroSAT,4,7,45,3.1052631578947367,0.0
EuroSAT,5,7,45,3.7333333333333334,0.0
EuroSAT,2,7,46,1.8157894736842106,0.18421052631578946
EuroSAT,3,7,46,2.48,0.04
EuroSAT,4,7,46,3.0526315789473686,0.05263157894736842
EuroSAT,5,7,46,3.466666666666667,0.0
EuroSAT,2,7,47,1.894736842105263,0.10526315789473684
EuroSAT,3,7,47,2.52,0.0
EuroSAT,4,7,47,3.1578947368421053,0.0
EuroSAT,5,7,47,3.3333333333333335,0.0
EuroSAT,2,7,48,1.7105263157894737,0.2894736842105263
EuroSAT,3,7,48,2.36,0.08
EuroSAT,4,7,48,2.8421052631578947,0.05263157894736842
EuroSAT,5,7,48,3.466666666666667,0.0
EuroSAT,2,7,49,1.736842105263158,0.2631578947368421
EuroSAT,3,7,49,2.52,0.0
EuroSAT,4,7,49,3.0526315789473686,0.0
EuroSAT,5,7,49,3.533333333333333,0.0
EuroSAT,2,7,50,1.7105263157894737,0.2894736842105263
EuroSAT,3,7,50,2.44,0.04
EuroSAT,4,7,50,2.789473684210526,0.0
EuroSAT,5,7,50,3.6,0.0
EuroSAT,2,7,51,1.8421052631578947,0.15789473684210525
EuroSAT,3,7,51,2.52,0.0
EuroSAT,4,7,51,3.0,0.0
EuroSAT,5,7,51,3.3333333333333335,0.0
EuroSAT,2,7,52,1.736842105263158,0.2631578947368421
EuroSAT,3,7,52,2.44,0.0
EuroSAT,4,7,52,2.8421052631578947,0.0
EuroSAT,5,7,52,3.066666666666667,0.0
EuroSAT,2,7,53,1.894736842105263,0.10526315789473684
EuroSAT,3,7,53,2.6,0.0
EuroSAT,4,7,53,3.1578947368421053,0.0
EuroSAT,5,7,53,3.6666666666666665,0.0
EuroSAT,2,7,54,1.7894736842105263,0.21052631578947367
EuroSAT,3,7,54,2.4,0.0
EuroSAT,4,7,54,2.8421052631578947,0.0
EuroSAT,5,7,54,3.2666666666666666,0.0
EuroSAT,2,7,55,1.7894736842105263,0.21052631578947367
EuroSAT,3,7,55,2.44,0.04
EuroSAT,4,7,55,2.9473684210526314,0.0
EuroSAT,5,7,55,3.3333333333333335,0.0
EuroSAT,2,7,56,1.763157894736842,0.23684210526315788
EuroSAT,3,7,56,2.4,0.08
EuroSAT,4,7,56,3.0526315789473686,0.0
EuroSAT,5,7,56,3.466666666666667,0.0
EuroSAT,2,7,57,1.7105263157894737,0.2894736842105263
EuroSAT,3,7,57,2.4,0.08
EuroSAT,4,7,57,2.9473684210526314,0.0
EuroSAT,5,7,57,3.4,0.0
EuroSAT,2,7,58,1.8157894736842106,0.18421052631578946
EuroSAT,3,7,58,2.56,0.04
EuroSAT,4,7,58,3.1578947368421053,0.0
EuroSAT,5,7,58,3.466666666666667,0.0
EuroSAT,2,7,59,1.7894736842105263,0.21052631578947367
EuroSAT,3,7,59,2.4,0.0
EuroSAT,4,7,59,2.789473684210526,0.0
EuroSAT,5,7,59,3.4,0.0
EuroSAT,2,7,60,1.7894736842105263,0.21052631578947367
EuroSAT,3,7,60,2.56,0.0
EuroSAT,4,7,60,3.1052631578947367,0.0
EuroSAT,5,7,60,3.4,0.0
EuroSAT,2,7,61,1.7105263157894737,0.2894736842105263
EuroSAT,3,7,61,2.52,0.08
EuroSAT,4,7,61,2.9473684210526314,0.10526315789473684
EuroSAT,5,7,61,3.3333333333333335,0.0
EuroSAT,2,7,62,1.736842105263158,0.2631578947368421
EuroSAT,3,7,62,2.52,0.04
EuroSAT,4,7,62,2.9473684210526314,0.05263157894736842
EuroSAT,5,7,62,3.2666666666666666,0.0
EuroSAT,2,7,63,1.868421052631579,0.13157894736842105
EuroSAT,3,7,63,2.48,0.0
EuroSAT,4,7,63,3.0526315789473686,0.0
EuroSAT,5,7,63,3.466666666666667,0.0
EuroSAT,2,7,64,1.736842105263158,0.2631578947368421
EuroSAT,3,7,64,2.52,0.04
EuroSAT,4,7,64,2.8947368421052633,0.05263157894736842
EuroSAT,5,7,64,3.066666666666667,0.06666666666666667
EuroSAT,2,7,65,1.736842105263158,0.2631578947368421
EuroSAT,3,7,65,2.4,0.04
EuroSAT,4,7,65,2.9473684210526314,0.0
EuroSAT,5,7,65,3.466666666666667,0.0
EuroSAT,2,7,66,1.763157894736842,0.23684210526315788
EuroSAT,3,7,66,2.24,0.12
EuroSAT,4,7,66,3.0526315789473686,0.0
EuroSAT,5,7,66,3.1333333333333333,0.0
EuroSAT,2,7,67,1.894736842105263,0.10526315789473684
EuroSAT,3,7,67,2.36,0.04
EuroSAT,4,7,67,3.0526315789473686,0.0
EuroSAT,5,7,67,3.533333333333333,0.0
EuroSAT,2,7,68,1.7894736842105263,0.21052631578947367
EuroSAT,3,7,68,2.44,0.04
EuroSAT,4,7,68,2.8947368421052633,0.0
EuroSAT,5,7,68,3.6666666666666665,0.0
EuroSAT,2,7,69,1.8157894736842106,0.18421052631578946
EuroSAT,3,7,69,2.44,0.08
EuroSAT,4,7,69,2.9473684210526314,0.0
EuroSAT,5,7,69,3.466666666666667,0.0
EuroSAT,2,7,70,1.7894736842105263,0.21052631578947367
EuroSAT,3,7,70,2.4,0.0
EuroSAT,4,7,70,2.9473684210526314,0.05263157894736842
EuroSAT,5,7,70,3.6,0.0
EuroSAT,2,7,71,1.736842105263158,0.2631578947368421
EuroSAT,3,7,71,2.36,0.04
EuroSAT,4,7,71,2.736842105263158,0.05263157894736842
EuroSAT,5,7,71,3.466666666666667,0.0
EuroSAT,2,7,72,1.736842105263158,0.2631578947368421
EuroSAT,3,7,72,2.32,0.04
EuroSAT,4,7,72,3.0526315789473686,0.0
EuroSAT,5,7,72,3.4,0.0
EuroSAT,2,7,73,1.7894736842105263,0.21052631578947367
EuroSAT,3,7,73,2.52,0.0
EuroSAT,4,7,73,3.1052631578947367,0.0
EuroSAT,5,7,73,3.533333333333333,0.0
EuroSAT,2,7,74,1.763157894736842,0.23684210526315788
EuroSAT,3,7,74,2.44,0.04
EuroSAT,4,7,74,3.0,0.0
EuroSAT,5,7,74,3.3333333333333335,0.0
EuroSAT,2,7,75,1.736842105263158,0.2631578947368421
EuroSAT,3,7,75,2.52,0.04
EuroSAT,4,7,75,3.0,0.0
EuroSAT,5,7,75,3.4,0.0
EuroSAT,2,7,76,1.8421052631578947,0.15789473684210525
EuroSAT,3,7,76,2.56,0.04
EuroSAT,4,7,76,2.9473684210526314,0.0
EuroSAT,5,7,76,3.533333333333333,0.0
EuroSAT,2,7,77,1.763157894736842,0.23684210526315788
EuroSAT,3,7,77,2.48,0.04
EuroSAT,4,7,77,2.8947368421052633,0.05263157894736842
EuroSAT,5,7,77,3.466666666666667,0.0
EuroSAT,2,7,78,1.8157894736842106,0.18421052631578946
EuroSAT,3,7,78,2.36,0.0
EuroSAT,4,7,78,3.0,0.0
EuroSAT,5,7,78,3.4,0.0
EuroSAT,2,7,79,1.763157894736842,0.23684210526315788
EuroSAT,3,7,79,2.36,0.08
EuroSAT,4,7,79,3.1052631578947367,0.05263157894736842
EuroSAT,5,7,79,3.2,0.0
EuroSAT,2,7,80,1.8421052631578947,0.15789473684210525
EuroSAT,3,7,80,2.56,0.0
EuroSAT,4,7,80,3.0,0.0
EuroSAT,5,7,80,3.4,0.0
EuroSAT,2,7,81,1.868421052631579,0.13157894736842105
EuroSAT,3,7,81,2.52,0.04
EuroSAT,4,7,81,3.0,0.05263157894736842
EuroSAT,5,7,81,3.6666666666666665,0.0
EuroSAT,2,7,82,1.6842105263157894,0.3157894736842105
EuroSAT,3,7,82,2.52,0.0
EuroSAT,4,7,82,2.8947368421052633,0.0
EuroSAT,5,7,82,3.466666666666667,0.0
EuroSAT,2,7,83,1.7894736842105263,0.21052631578947367
EuroSAT,3,7,83,2.48,0.04
EuroSAT,4,7,83,3.0,0.0
EuroSAT,5,7,83,3.1333333333333333,0.0
EuroSAT,2,7,84,1.763157894736842,0.23684210526315788
EuroSAT,3,7,84,2.4,0.04
EuroSAT,4,7,84,3.0,0.0
EuroSAT,5,7,84,3.533333333333333,0.0
EuroSAT,2,7,85,1.7105263157894737,0.2894736842105263
EuroSAT,3,7,85,2.32,0.04
EuroSAT,4,7,85,2.8947368421052633,0.05263157894736842
EuroSAT,5,7,85,3.4,0.0
EuroSAT,2,7,86,1.7105263157894737,0.2894736842105263
EuroSAT,3,7,86,2.36,0.04
EuroSAT,4,7,86,2.8421052631578947,0.0
EuroSAT,5,7,86,3.2666666666666666,0.0
EuroSAT,2,7,87,1.7105263157894737,0.2894736842105263
EuroSAT,3,7,87,2.32,0.0
EuroSAT,4,7,87,2.8947368421052633,0.0
EuroSAT,5,7,87,3.533333333333333,0.0
EuroSAT,2,7,88,1.736842105263158,0.2631578947368421
EuroSAT,3,7,88,2.16,0.12
EuroSAT,4,7,88,2.9473684210526314,0.05263157894736842
EuroSAT,5,7,88,3.066666666666667,0.06666666666666667
EuroSAT,2,7,89,1.868421052631579,0.13157894736842105
EuroSAT,3,7,89,2.6,0.0
EuroSAT,4,7,89,3.210526315789474,0.0
EuroSAT,5,7,89,3.466666666666667,0.0
EuroSAT,2,7,90,1.868421052631579,0.13157894736842105
EuroSAT,3,7,90,2.44,0.04
EuroSAT,4,7,90,2.9473684210526314,0.0
EuroSAT,5,7,90,3.3333333333333335,0.0
EuroSAT,2,7,91,1.8421052631578947,0.15789473684210525
EuroSAT,3,7,91,2.6,0.04
EuroSAT,4,7,91,2.9473684210526314,0.05263157894736842
EuroSAT,5,7,91,3.4,0.0
EuroSAT,2,7,92,1.868421052631579,0.13157894736842105
EuroSAT,3,7,92,2.68,0.0
EuroSAT,4,7,92,3.1578947368421053,0.0
EuroSAT,5,7,92,3.6,0.0
EuroSAT,2,7,93,1.7105263157894737,0.2894736842105263
EuroSAT,3,7,93,2.56,0.0
EuroSAT,4,7,93,3.0,0.0
EuroSAT,5,7,93,3.466666666666667,0.0
EuroSAT,2,7,94,1.868421052631579,0.13157894736842105
EuroSAT,3,7,94,2.48,0.04
EuroSAT,4,7,94,2.9473684210526314,0.0
EuroSAT,5,7,94,3.1333333333333333,0.0
EuroSAT,2,7,95,1.8421052631578947,0.15789473684210525
EuroSAT,3,7,95,2.56,0.08
EuroSAT,4,7,95,3.1578947368421053,0.05263157894736842
EuroSAT,5,7,95,3.6,0.0
EuroSAT,2,7,96,1.7105263157894737,0.2894736842105263
EuroSAT,3,7,96,2.48,0.04
EuroSAT,4,7,96,3.0,0.0
EuroSAT,5,7,96,3.6,0.0
EuroSAT,2,7,97,1.7105263157894737,0.2894736842105263
EuroSAT,3,7,97,2.56,0.0
EuroSAT,4,7,97,2.8947368421052633,0.0
EuroSAT,5,7,97,3.066666666666667,0.0
EuroSAT,2,7,98,1.868421052631579,0.13157894736842105
EuroSAT,3,7,98,2.4,0.04
EuroSAT,4,7,98,3.1052631578947367,0.0
EuroSAT,5,7,98,3.4,0.0
EuroSAT,2,7,99,1.8421052631578947,0.15789473684210525
EuroSAT,3,7,99,2.52,0.04
EuroSAT,4,7,99,3.0526315789473686,0.0
EuroSAT,5,7,99,3.466666666666667,0.0
EuroSAT,2,7,100,1.8421052631578947,0.15789473684210525
EuroSAT,3,7,100,2.56,0.04
EuroSAT,4,7,100,2.8947368421052633,0.05263157894736842
EuroSAT,5,7,100,3.1333333333333333,0.0
EuroSAT,2,7,101,1.736842105263158,0.2631578947368421
EuroSAT,3,7,101,2.48,0.0
EuroSAT,4,7,101,3.0,0.0
EuroSAT,5,7,101,3.533333333333333,0.0
EuroSAT,2,7,102,1.7894736842105263,0.21052631578947367
EuroSAT,3,7,102,2.48,0.04
EuroSAT,4,7,102,3.0,0.0
EuroSAT,5,7,102,3.4,0.0
EuroSAT,2,7,103,1.7894736842105263,0.21052631578947367
EuroSAT,3,7,103,2.56,0.0
EuroSAT,4,7,103,3.0,0.0
EuroSAT,5,7,103,3.466666666666667,0.0
EuroSAT,2,7,104,1.6842105263157894,0.3157894736842105
EuroSAT,3,7,104,2.32,0.08
EuroSAT,4,7,104,3.0,0.0
EuroSAT,5,7,104,3.2,0.0
EuroSAT,2,7,105,1.8421052631578947,0.15789473684210525
EuroSAT,3,7,105,2.56,0.08
EuroSAT,4,7,105,2.8947368421052633,0.05263157894736842
EuroSAT,5,7,105,3.466666666666667,0.0
EuroSAT,2,7,106,1.868421052631579,0.13157894736842105
EuroSAT,3,7,106,2.52,0.0
EuroSAT,4,7,106,3.3157894736842106,0.0
EuroSAT,5,7,106,3.6,0.0
EuroSAT,2,7,107,1.8157894736842106,0.18421052631578946
EuroSAT,3,7,107,2.36,0.0
EuroSAT,4,7,107,2.9473684210526314,0.0
EuroSAT,5,7,107,3.466666666666667,0.0
EuroSAT,2,7,108,1.6842105263157894,0.3157894736842105
EuroSAT,3,7,108,2.28,0.0
EuroSAT,4,7,108,2.8947368421052633,0.0
EuroSAT,5,7,108,3.4,0.0
EuroSAT,2,7,109,1.7894736842105263,0.21052631578947367
EuroSAT,3,7,109,2.56,0.0
EuroSAT,4,7,109,2.9473684210526314,0.0
EuroSAT,5,7,109,3.6666666666666665,0.0
EuroSAT,2,7,110,1.763157894736842,0.23684210526315788
EuroSAT,3,7,110,2.28,0.08
EuroSAT,4,7,110,2.8421052631578947,0.05263157894736842
EuroSAT,5,7,110,3.2666666666666666,0.0
EuroSAT,2,7,111,1.763157894736842,0.23684210526315788
EuroSAT,3,7,111,2.36,0.08
EuroSAT,4,7,111,3.0,0.0
EuroSAT,5,7,111,3.066666666666667,0.0
EuroSAT,2,7,112,1.868421052631579,0.13157894736842105
EuroSAT,3,7,112,2.4,0.04
EuroSAT,4,7,112,3.1052631578947367,0.0
EuroSAT,5,7,112,3.1333333333333333,0.0
EuroSAT,2,7,113,1.7894736842105263,0.21052631578947367
EuroSAT,3,7,113,2.4,0.04
EuroSAT,4,7,113,2.8421052631578947,0.0
EuroSAT,5,7,113,3.466666666666667,0.0
EuroSAT,2,7,114,1.8157894736842106,0.18421052631578946
EuroSAT,3,7,114,2.48,0.12
EuroSAT,4,7,114,3.0526315789473686,0.0
EuroSAT,5,7,114,3.4,0.0
EuroSAT,2,7,115,1.7894736842105263,0.21052631578947367
EuroSAT,3,7,115,2.32,0.08
EuroSAT,4,7,115,2.8421052631578947,0.05263157894736842
EuroSAT,5,7,115,3.1333333333333333,0.0
EuroSAT,2,7,116,1.894736842105263,0.10526315789473684
EuroSAT,3,7,116,2.64,0.0
EuroSAT,4,7,116,3.1052631578947367,0.0
EuroSAT,5,7,116,3.533333333333333,0.0
EuroSAT,2,7,117,1.7105263157894737,0.2894736842105263
EuroSAT,3,7,117,2.32,0.12
EuroSAT,4,7,117,2.8947368421052633,0.0
EuroSAT,5,7,117,3.1333333333333333,0.0
EuroSAT,2,7,118,1.7894736842105263,0.21052631578947367
EuroSAT,3,7,118,2.6,0.0
EuroSAT,4,7,118,3.0,0.0
EuroSAT,5,7,118,3.533333333333333,0.0
EuroSAT,2,7,119,1.631578947368421,0.3684210526315789
EuroSAT,3,7,119,2.28,0.04
EuroSAT,4,7,119,2.789473684210526,0.0
EuroSAT,5,7,119,3.3333333333333335,0.0
EuroSAT,2,7,120,1.763157894736842,0.23684210526315788
EuroSAT,3,7,120,2.36,0.0
EuroSAT,4,7,120,2.736842105263158,0.0
EuroSAT,5,7,120,3.2,0.0
EuroSAT,2,7,121,1.7894736842105263,0.21052631578947367
EuroSAT,3,7,121,2.48,0.0
EuroSAT,4,7,121,3.1052631578947367,0.0
EuroSAT,5,7,121,3.533333333333333,0.0
EuroSAT,2,7,122,1.736842105263158,0.2631578947368421
EuroSAT,3,7,122,2.4,0.04
EuroSAT,4,7,122,2.8947368421052633,0.0
EuroSAT,5,7,122,3.2666666666666666,0.06666666666666667
EuroSAT,2,7,123,1.7894736842105263,0.21052631578947367
EuroSAT,3,7,123,2.36,0.04
EuroSAT,4,7,123,2.9473684210526314,0.05263157894736842
EuroSAT,5,7,123,3.6,0.0
EuroSAT,2,7,124,1.7894736842105263,0.21052631578947367
EuroSAT,3,7,124,2.52,0.04
EuroSAT,4,7,124,2.789473684210526,0.0
EuroSAT,5,7,124,3.2,0.0
EuroSAT,2,7,125,1.8421052631578947,0.15789473684210525
EuroSAT,3,7,125,2.4,0.04
EuroSAT,4,7,125,2.789473684210526,0.05263157894736842
EuroSAT,5,7,125,3.466666666666667,0.0
EuroSAT,2,7,126,1.736842105263158,0.2631578947368421
EuroSAT,3,7,126,2.36,0.04
EuroSAT,4,7,126,2.6842105263157894,0.0
EuroSAT,5,7,126,3.1333333333333333,0.0
EuroSAT,2,7,127,1.763157894736842,0.23684210526315788
EuroSAT,3,7,127,2.56,0.04
EuroSAT,4,7,127,3.1052631578947367,0.0
EuroSAT,5,7,127,3.4,0.0
EuroSAT,2,7,128,1.6578947368421053,0.34210526315789475
EuroSAT,3,7,128,2.36,0.04
EuroSAT,4,7,128,2.6842105263157894,0.0
EuroSAT,5,7,128,3.1333333333333333,0.0
EuroSAT,2,7,129,1.868421052631579,0.13157894736842105
EuroSAT,3,7,129,2.48,0.04
EuroSAT,4,7,129,3.210526315789474,0.0
EuroSAT,5,7,129,3.533333333333333,0.0
EuroSAT,2,7,130,1.6842105263157894,0.3157894736842105
EuroSAT,3,7,130,2.32,0.08
EuroSAT,4,7,130,3.0,0.0
EuroSAT,5,7,130,3.2,0.0
EuroSAT,2,7,131,1.7105263157894737,0.2894736842105263
EuroSAT,3,7,131,2.48,0.04
EuroSAT,4,7,131,2.789473684210526,0.05263157894736842
EuroSAT,5,7,131,3.2666666666666666,0.0
EuroSAT,2,7,132,1.8157894736842106,0.18421052631578946
EuroSAT,3,7,132,2.48,0.0
EuroSAT,4,7,132,3.210526315789474,0.0
EuroSAT,5,7,132,3.3333333333333335,0.0
EuroSAT,2,7,133,1.8157894736842106,0.18421052631578946
EuroSAT,3,7,133,2.44,0.04
EuroSAT,4,7,133,3.0,0.0
EuroSAT,5,7,133,3.533333333333333,0.0
EuroSAT,2,7,134,1.7894736842105263,0.21052631578947367
EuroSAT,3,7,134,2.64,0.0
EuroSAT,4,7,134,3.0,0.0
EuroSAT,5,7,134,3.7333333333333334,0.0
EuroSAT,2,7,135,1.763157894736842,0.23684210526315788
EuroSAT,3,7,135,2.36,0.08
EuroSAT,4,7,135,3.1578947368421053,0.0
EuroSAT,5,7,135,3.3333333333333335,0.0
EuroSAT,2,7,136,1.868421052631579,0.13157894736842105
EuroSAT,3,7,136,2.44,0.04
EuroSAT,4,7,136,3.1578947368421053,0.05263157894736842
EuroSAT,5,7,136,3.6666666666666665,0.0
EuroSAT,2,7,137,1.763157894736842,0.23684210526315788
EuroSAT,3,7,137,2.36,0.04
EuroSAT,4,7,137,2.8421052631578947,0.0
EuroSAT,5,7,137,3.466666666666667,0.0
EuroSAT,2,7,138,1.7894736842105263,0.21052631578947367
EuroSAT,3,7,138,2.6,0.0
EuroSAT,4,7,138,2.9473684210526314,0.0
EuroSAT,5,7,138,3.2,0.0
EuroSAT,2,7,139,1.6842105263157894,0.3157894736842105
EuroSAT,3,7,139,2.32,0.0
EuroSAT,4,7,139,2.9473684210526314,0.0
EuroSAT,5,7,139,3.466666666666667,0.0
EuroSAT,2,7,140,1.8157894736842106,0.18421052631578946
EuroSAT,3,7,140,2.4,0.04
EuroSAT,4,7,140,2.9473684210526314,0.0
EuroSAT,5,7,140,3.6,0.0
EuroSAT,2,7,141,1.6842105263157894,0.3157894736842105
EuroSAT,3,7,141,2.36,0.04
EuroSAT,4,7,141,2.8421052631578947,0.05263157894736842
EuroSAT,5,7,141,3.466666666666667,0.0
EuroSAT,2,7,142,1.8157894736842106,0.18421052631578946
EuroSAT,3,7,142,2.44,0.08
EuroSAT,4,7,142,3.210526315789474,0.0
EuroSAT,5,7,142,3.466666666666667,0.0
EuroSAT,2,7,143,1.8157894736842106,0.18421052631578946
EuroSAT,3,7,143,2.64,0.0
EuroSAT,4,7,143,3.0526315789473686,0.0
EuroSAT,5,7,143,3.4,0.0
EuroSAT,2,7,144,1.868421052631579,0.13157894736842105
EuroSAT,3,7,144,2.6,0.0
EuroSAT,4,7,144,3.3157894736842106,0.0
EuroSAT,5,7,144,3.6,0.0
EuroSAT,2,7,145,1.736842105263158,0.2631578947368421
EuroSAT,3,7,145,2.44,0.08
EuroSAT,4,7,145,3.0,0.05263157894736842
EuroSAT,5,7,145,3.533333333333333,0.0
EuroSAT,2,7,146,1.763157894736842,0.23684210526315788
EuroSAT,3,7,146,2.44,0.04
EuroSAT,4,7,146,2.789473684210526,0.0
EuroSAT,5,7,146,3.6666666666666665,0.0
EuroSAT,2,7,147,1.763157894736842,0.23684210526315788
EuroSAT,3,7,147,2.48,0.04
EuroSAT,4,7,147,3.1578947368421053,0.0
EuroSAT,5,7,147,3.3333333333333335,0.0
EuroSAT,2,7,148,1.763157894736842,0.23684210526315788
EuroSAT,3,7,148,2.4,0.0
EuroSAT,4,7,148,2.6842105263157894,0.0
EuroSAT,5,7,148,3.1333333333333333,0.0
EuroSAT,2,7,149,1.736842105263158,0.2631578947368421
EuroSAT,3,7,149,2.4,0.04
EuroSAT,4,7,149,2.6315789473684212,0.0
EuroSAT,5,7,149,2.933333333333333,0.0
EuroSAT,2,7,150,1.7894736842105263,0.21052631578947367
EuroSAT,3,7,150,2.56,0.0
EuroSAT,4,7,150,2.8947368421052633,0.0
EuroSAT,5,7,150,3.3333333333333335,0.0
EuroSAT,2,7,151,1.894736842105263,0.10526315789473684
EuroSAT,3,7,151,2.4,0.04
EuroSAT,4,7,151,2.8421052631578947,0.0
EuroSAT,5,7,151,3.6,0.0
EuroSAT,2,7,152,1.736842105263158,0.2631578947368421
EuroSAT,3,7,152,2.28,0.04
EuroSAT,4,7,152,2.5789473684210527,0.0
EuroSAT,5,7,152,3.2,0.0
EuroSAT,2,7,153,1.7894736842105263,0.21052631578947367
EuroSAT,3,7,153,2.52,0.04
EuroSAT,4,7,153,2.8421052631578947,0.0
EuroSAT,5,7,153,3.4,0.0
EuroSAT,2,7,154,1.763157894736842,0.23684210526315788
EuroSAT,3,7,154,2.68,0.0
EuroSAT,4,7,154,3.210526315789474,0.0
EuroSAT,5,7,154,3.6,0.0
EuroSAT,2,7,155,1.7105263157894737,0.2894736842105263
EuroSAT,3,7,155,2.36,0.04
EuroSAT,4,7,155,3.0,0.0
EuroSAT,5,7,155,3.066666666666667,0.0
EuroSAT,2,7,156,1.8421052631578947,0.15789473684210525
EuroSAT,3,7,156,2.4,0.08
EuroSAT,4,7,156,3.0526315789473686,0.0
EuroSAT,5,7,156,3.2666666666666666,0.0
EuroSAT,2,7,157,1.7105263157894737,0.2894736842105263
EuroSAT,3,7,157,2.32,0.12
EuroSAT,4,7,157,2.736842105263158,0.0
EuroSAT,5,7,157,3.1333333333333333,0.0
EuroSAT,2,7,158,1.8157894736842106,0.18421052631578946
EuroSAT,3,7,158,2.4,0.08
EuroSAT,4,7,158,2.8947368421052633,0.0
EuroSAT,5,7,158,3.466666666666667,0.0
EuroSAT,2,7,159,1.8421052631578947,0.15789473684210525
EuroSAT,3,7,159,2.52,0.0
EuroSAT,4,7,159,2.8947368421052633,0.0
EuroSAT,5,7,159,3.466666666666667,0.0
EuroSAT,2,7,160,1.8421052631578947,0.15789473684210525
EuroSAT,3,7,160,2.48,0.0
EuroSAT,4,7,160,2.8421052631578947,0.0
EuroSAT,5,7,160,3.466666666666667,0.0
EuroSAT,2,7,161,1.6842105263157894,0.3157894736842105
EuroSAT,3,7,161,2.28,0.16
EuroSAT,4,7,161,2.736842105263158,0.05263157894736842
EuroSAT,5,7,161,3.066666666666667,0.06666666666666667
EuroSAT,2,7,162,1.868421052631579,0.13157894736842105
EuroSAT,3,7,162,2.6,0.0
EuroSAT,4,7,162,3.3157894736842106,0.0
EuroSAT,5,7,162,3.466666666666667,0.0
EuroSAT,2,7,163,1.8157894736842106,0.18421052631578946
EuroSAT,3,7,163,2.44,0.04
EuroSAT,4,7,163,3.0,0.0
EuroSAT,5,7,163,3.1333333333333333,0.0
EuroSAT,2,7,164,1.8157894736842106,0.18421052631578946
EuroSAT,3,7,164,2.36,0.04
EuroSAT,4,7,164,2.9473684210526314,0.0
EuroSAT,5,7,164,3.4,0.0
EuroSAT,2,7,165,1.8157894736842106,0.18421052631578946
EuroSAT,3,7,165,2.52,0.04
EuroSAT,4,7,165,3.1052631578947367,0.05263157894736842
EuroSAT,5,7,165,3.7333333333333334,0.0
EuroSAT,2,7,166,1.736842105263158,0.2631578947368421
EuroSAT,3,7,166,2.32,0.04
EuroSAT,4,7,166,3.0,0.05263157894736842
EuroSAT,5,7,166,3.3333333333333335,0.0
EuroSAT,2,7,167,1.7894736842105263,0.21052631578947367
EuroSAT,3,7,167,2.64,0.04
EuroSAT,4,7,167,3.0526315789473686,0.0
EuroSAT,5,7,167,3.2666666666666666,0.0
EuroSAT,2,7,168,1.868421052631579,0.13157894736842105
EuroSAT,3,7,168,2.36,0.04
EuroSAT,4,7,168,3.0526315789473686,0.0
EuroSAT,5,7,168,3.2666666666666666,0.0
EuroSAT,2,7,169,1.8157894736842106,0.18421052631578946
EuroSAT,3,7,169,2.48,0.0
EuroSAT,4,7,169,2.9473684210526314,0.0
EuroSAT,5,7,169,3.2,0.0
EuroSAT,2,7,170,1.8421052631578947,0.15789473684210525
EuroSAT,3,7,170,2.36,0.04
EuroSAT,4,7,170,2.789473684210526,0.0
EuroSAT,5,7,170,3.6,0.0
EuroSAT,2,7,171,1.868421052631579,0.13157894736842105
EuroSAT,3,7,171,2.36,0.04
EuroSAT,4,7,171,3.0526315789473686,0.0
EuroSAT,5,7,171,3.2666666666666666,0.0
EuroSAT,2,7,172,1.8157894736842106,0.18421052631578946
EuroSAT,3,7,172,2.68,0.04
EuroSAT,4,7,172,3.1578947368421053,0.0
EuroSAT,5,7,172,3.8,0.0
EuroSAT,2,7,173,1.605263157894737,0.39473684210526316
EuroSAT,3,7,173,2.32,0.16
EuroSAT,4,7,173,2.789473684210526,0.10526315789473684
EuroSAT,5,7,173,3.1333333333333333,0.0
EuroSAT,2,7,174,1.7894736842105263,0.21052631578947367
EuroSAT,3,7,174,2.28,0.04
EuroSAT,4,7,174,2.8421052631578947,0.0
EuroSAT,5,7,174,2.933333333333333,0.0
EuroSAT,2,7,175,1.7894736842105263,0.21052631578947367
EuroSAT,3,7,175,2.56,0.0
EuroSAT,4,7,175,3.0,0.0
EuroSAT,5,7,175,3.466666666666667,0.0
EuroSAT,2,7,176,1.7894736842105263,0.21052631578947367
EuroSAT,3,7,176,2.44,0.04
EuroSAT,4,7,176,2.9473684210526314,0.0
EuroSAT,5,7,176,3.3333333333333335,0.0
EuroSAT,2,7,177,1.7894736842105263,0.21052631578947367
EuroSAT,3,7,177,2.44,0.04
EuroSAT,4,7,177,2.9473684210526314,0.0
EuroSAT,5,7,177,3.533333333333333,0.0
EuroSAT,2,7,178,1.6578947368421053,0.34210526315789475
EuroSAT,3,7,178,2.32,0.04
EuroSAT,4,7,178,2.8421052631578947,0.0
EuroSAT,5,7,178,3.066666666666667,0.0
EuroSAT,2,7,179,1.736842105263158,0.2631578947368421
EuroSAT,3,7,179,2.4,0.0
EuroSAT,4,7,179,2.8421052631578947,0.0
EuroSAT,5,7,179,3.466666666666667,0.0
EuroSAT,2,7,180,1.763157894736842,0.23684210526315788
EuroSAT,3,7,180,2.4,0.0
EuroSAT,4,7,180,3.0,0.0
EuroSAT,5,7,180,3.2666666666666666,0.0
EuroSAT,2,7,181,1.7894736842105263,0.21052631578947367
EuroSAT,3,7,181,2.72,0.0
EuroSAT,4,7,181,3.210526315789474,0.0
EuroSAT,5,7,181,3.533333333333333,0.0
EuroSAT,2,7,182,1.8157894736842106,0.18421052631578946
EuroSAT,3,7,182,2.56,0.0
EuroSAT,4,7,182,3.1052631578947367,0.0
EuroSAT,5,7,182,3.3333333333333335,0.0
EuroSAT,2,7,183,1.8157894736842106,0.18421052631578946
EuroSAT,3,7,183,2.52,0.04
EuroSAT,4,7,183,2.9473684210526314,0.05263157894736842
EuroSAT,5,7,183,3.2666666666666666,0.0
EuroSAT,2,7,184,1.6842105263157894,0.3157894736842105
EuroSAT,3,7,184,2.48,0.04
EuroSAT,4,7,184,2.6842105263157894,0.05263157894736842
EuroSAT,5,7,184,3.533333333333333,0.0
EuroSAT,2,7,185,1.736842105263158,0.2631578947368421
EuroSAT,3,7,185,2.44,0.08
EuroSAT,4,7,185,2.8421052631578947,0.0
EuroSAT,5,7,185,3.066666666666667,0.0
EuroSAT,2,7,186,1.7894736842105263,0.21052631578947367
EuroSAT,3,7,186,2.52,0.0
EuroSAT,4,7,186,3.0,0.0
EuroSAT,5,7,186,3.6,0.0
EuroSAT,2,7,187,1.7894736842105263,0.21052631578947367
EuroSAT,3,7,187,2.44,0.04
EuroSAT,4,7,187,3.0,0.0
EuroSAT,5,7,187,3.466666666666667,0.0
EuroSAT,2,7,188,1.8421052631578947,0.15789473684210525
EuroSAT,3,7,188,2.52,0.08
EuroSAT,4,7,188,3.3157894736842106,0.0
EuroSAT,5,7,188,3.466666666666667,0.0
EuroSAT,2,7,189,1.8157894736842106,0.18421052631578946
EuroSAT,3,7,189,2.4,0.08
EuroSAT,4,7,189,3.0,0.0
EuroSAT,5,7,189,3.533333333333333,0.0
EuroSAT,2,7,190,1.736842105263158,0.2631578947368421
EuroSAT,3,7,190,2.52,0.04
EuroSAT,4,7,190,2.8421052631578947,0.0
EuroSAT,5,7,190,3.6,0.0
EuroSAT,2,7,191,1.6842105263157894,0.3157894736842105
EuroSAT,3,7,191,2.4,0.12
EuroSAT,4,7,191,2.789473684210526,0.0
EuroSAT,5,7,191,3.2,0.0
EuroSAT,2,7,192,1.763157894736842,0.23684210526315788
EuroSAT,3,7,192,2.28,0.0
EuroSAT,4,7,192,3.1578947368421053,0.0
EuroSAT,5,7,192,3.4,0.0
EuroSAT,2,7,193,1.7894736842105263,0.21052631578947367
EuroSAT,3,7,193,2.64,0.04
EuroSAT,4,7,193,3.0526315789473686,0.0
EuroSAT,5,7,193,3.533333333333333,0.0
EuroSAT,2,7,194,1.763157894736842,0.23684210526315788
EuroSAT,3,7,194,2.2,0.04
EuroSAT,4,7,194,2.9473684210526314,0.0
EuroSAT,5,7,194,3.466666666666667,0.0
EuroSAT,2,7,195,1.605263157894737,0.39473684210526316
EuroSAT,3,7,195,2.32,0.04
EuroSAT,4,7,195,2.8421052631578947,0.0
EuroSAT,5,7,195,3.1333333333333333,0.0
EuroSAT,2,7,196,1.8157894736842106,0.18421052631578946
EuroSAT,3,7,196,2.52,0.04
EuroSAT,4,7,196,2.8947368421052633,0.0
EuroSAT,5,7,196,3.2,0.0
EuroSAT,2,7,197,1.868421052631579,0.13157894736842105
EuroSAT,3,7,197,2.4,0.04
EuroSAT,4,7,197,3.1052631578947367,0.0
EuroSAT,5,7,197,3.6,0.0
EuroSAT,2,7,198,1.8157894736842106,0.18421052631578946
EuroSAT,3,7,198,2.64,0.0
EuroSAT,4,7,198,3.1578947368421053,0.0
EuroSAT,5,7,198,3.8,0.0
EuroSAT,2,7,199,1.763157894736842,0.23684210526315788
EuroSAT,3,7,199,2.28,0.04
EuroSAT,4,7,199,2.8947368421052633,0.05263157894736842
EuroSAT,5,7,199,3.2666666666666666,0.0
EuroSAT,2,7,200,1.868421052631579,0.13157894736842105
EuroSAT,3,7,200,2.64,0.0
EuroSAT,4,7,200,3.1052631578947367,0.0
EuroSAT,5,7,200,3.4,0.0
EuroSAT,2,7,201,1.736842105263158,0.2631578947368421
EuroSAT,3,7,201,2.36,0.08
EuroSAT,4,7,201,3.0526315789473686,0.0
EuroSAT,5,7,201,3.3333333333333335,0.0
EuroSAT,2,7,202,1.868421052631579,0.13157894736842105
EuroSAT,3,7,202,2.56,0.0
EuroSAT,4,7,202,3.0,0.0
EuroSAT,5,7,202,3.466666666666667,0.0
EuroSAT,2,7,203,1.868421052631579,0.13157894736842105
EuroSAT,3,7,203,2.44,0.0
EuroSAT,4,7,203,3.1052631578947367,0.05263157894736842
EuroSAT,5,7,203,3.466666666666667,0.0
EuroSAT,2,7,204,1.868421052631579,0.13157894736842105
EuroSAT,3,7,204,2.76,0.0
EuroSAT,4,7,204,3.210526315789474,0.0
EuroSAT,5,7,204,3.7333333333333334,0.0
EuroSAT,2,7,205,1.631578947368421,0.3684210526315789
EuroSAT,3,7,205,2.16,0.08
EuroSAT,4,7,205,2.6842105263157894,0.0
EuroSAT,5,7,205,3.2,0.06666666666666667
EuroSAT,2,7,206,1.7894736842105263,0.21052631578947367
EuroSAT,3,7,206,2.4,0.04
EuroSAT,4,7,206,3.0,0.0
EuroSAT,5,7,206,3.4,0.0
EuroSAT,2,7,207,1.7105263157894737,0.2894736842105263
EuroSAT,3,7,207,2.64,0.04
EuroSAT,4,7,207,2.8421052631578947,0.05263157894736842
EuroSAT,5,7,207,3.466666666666667,0.0
EuroSAT,2,7,208,1.763157894736842,0.23684210526315788
EuroSAT,3,7,208,2.4,0.0
EuroSAT,4,7,208,2.8947368421052633,0.0
EuroSAT,5,7,208,3.3333333333333335,0.0
EuroSAT,2,7,209,1.8421052631578947,0.15789473684210525
EuroSAT,3,7,209,2.44,0.04
EuroSAT,4,7,209,2.8947368421052633,0.0
EuroSAT,5,7,209,3.4,0.0
EuroSAT,2,7,210,1.8421052631578947,0.15789473684210525
EuroSAT,3,7,210,2.64,0.0
EuroSAT,4,7,210,3.210526315789474,0.0
EuroSAT,5,7,210,3.466666666666667,0.0
EuroSAT,2,7,211,1.8157894736842106,0.18421052631578946
EuroSAT,3,7,211,2.76,0.0
EuroSAT,4,7,211,3.210526315789474,0.0
EuroSAT,5,7,211,3.6666666666666665,0.0
EuroSAT,2,7,212,1.7105263157894737,0.2894736842105263
EuroSAT,3,7,212,2.32,0.04
EuroSAT,4,7,212,2.8947368421052633,0.0
EuroSAT,5,7,212,3.2666666666666666,0.0
EuroSAT,2,7,213,1.9210526315789473,0.07894736842105263
EuroSAT,3,7,213,2.44,0.0
EuroSAT,4,7,213,3.0,0.0
EuroSAT,5,7,213,3.533333333333333,0.0
EuroSAT,2,7,214,1.8421052631578947,0.15789473684210525
EuroSAT,3,7,214,2.44,0.04
EuroSAT,4,7,214,2.9473684210526314,0.0
EuroSAT,5,7,214,3.2666666666666666,0.0
EuroSAT,2,7,215,1.8157894736842106,0.18421052631578946
EuroSAT,3,7,215,2.44,0.04
EuroSAT,4,7,215,2.9473684210526314,0.0
EuroSAT,5,7,215,3.466666666666667,0.0
EuroSAT,2,7,216,1.7894736842105263,0.21052631578947367
EuroSAT,3,7,216,2.48,0.08
EuroSAT,4,7,216,3.263157894736842,0.0
EuroSAT,5,7,216,3.3333333333333335,0.0
EuroSAT,2,7,217,1.8421052631578947,0.15789473684210525
EuroSAT,3,7,217,2.56,0.04
EuroSAT,4,7,217,2.9473684210526314,0.0
EuroSAT,5,7,217,3.1333333333333333,0.0
EuroSAT,2,7,218,1.868421052631579,0.13157894736842105
EuroSAT,3,7,218,2.64,0.0
EuroSAT,4,7,218,3.1578947368421053,0.0
EuroSAT,5,7,218,3.466666666666667,0.0
EuroSAT,2,7,219,1.8421052631578947,0.15789473684210525
EuroSAT,3,7,219,2.64,0.0
EuroSAT,4,7,219,3.1578947368421053,0.0
EuroSAT,5,7,219,4.0,0.0
EuroSAT,2,7,220,1.8421052631578947,0.15789473684210525
EuroSAT,3,7,220,2.6,0.04
EuroSAT,4,7,220,2.8421052631578947,0.0
EuroSAT,5,7,220,3.6,0.0
EuroSAT,2,7,221,1.8421052631578947,0.15789473684210525
EuroSAT,3,7,221,2.44,0.04
EuroSAT,4,7,221,3.1052631578947367,0.0
EuroSAT,5,7,221,3.6,0.0
EuroSAT,2,7,222,1.736842105263158,0.2631578947368421
EuroSAT,3,7,222,2.44,0.0
EuroSAT,4,7,222,2.8947368421052633,0.0
EuroSAT,5,7,222,3.533333333333333,0.0
EuroSAT,2,7,223,1.763157894736842,0.23684210526315788
EuroSAT,3,7,223,2.44,0.04
EuroSAT,4,7,223,2.789473684210526,0.05263157894736842
EuroSAT,5,7,223,3.2666666666666666,0.0
EuroSAT,2,7,224,1.7894736842105263,0.21052631578947367
EuroSAT,3,7,224,2.52,0.0
EuroSAT,4,7,224,2.9473684210526314,0.0
EuroSAT,5,7,224,3.466666666666667,0.0
EuroSAT,2,7,225,1.9210526315789473,0.07894736842105263
EuroSAT,3,7,225,2.56,0.04
EuroSAT,4,7,225,3.263157894736842,0.0
EuroSAT,5,7,225,3.6666666666666665,0.0
EuroSAT,2,7,226,1.736842105263158,0.2631578947368421
EuroSAT,3,7,226,2.48,0.04
EuroSAT,4,7,226,2.8421052631578947,0.0
EuroSAT,5,7,226,3.2,0.0
EuroSAT,2,7,227,1.736842105263158,0.2631578947368421
EuroSAT,3,7,227,2.32,0.04
EuroSAT,4,7,227,2.8421052631578947,0.0
EuroSAT,5,7,227,3.3333333333333335,0.0
EuroSAT,2,7,228,1.868421052631579,0.13157894736842105
EuroSAT,3,7,228,2.44,0.0
EuroSAT,4,7,228,2.9473684210526314,0.0
EuroSAT,5,7,228,3.2666666666666666,0.0
EuroSAT,2,7,229,1.6578947368421053,0.34210526315789475
EuroSAT,3,7,229,2.16,0.08
EuroSAT,4,7,229,2.9473684210526314,0.0
EuroSAT,5,7,229,3.466666666666667,0.0
EuroSAT,2,7,230,1.763157894736842,0.23684210526315788
EuroSAT,3,7,230,2.6,0.0
EuroSAT,4,7,230,3.1052631578947367,0.0
EuroSAT,5,7,230,3.4,0.0
EuroSAT,2,7,231,1.8157894736842106,0.18421052631578946
EuroSAT,3,7,231,2.64,0.04
EuroSAT,4,7,231,3.1052631578947367,0.0
EuroSAT,5,7,231,3.6,0.0
EuroSAT,2,7,232,1.8421052631578947,0.15789473684210525
EuroSAT,3,7,232,2.4,0.08
EuroSAT,4,7,232,3.0526315789473686,0.0
EuroSAT,5,7,232,3.6666666666666665,0.0
EuroSAT,2,7,233,1.8157894736842106,0.18421052631578946
EuroSAT,3,7,233,2.6,0.04
EuroSAT,4,7,233,3.0,0.0
EuroSAT,5,7,233,3.466666666666667,0.0
EuroSAT,2,7,234,1.7894736842105263,0.21052631578947367
EuroSAT,3,7,234,2.56,0.0
EuroSAT,4,7,234,2.9473684210526314,0.0
EuroSAT,5,7,234,3.3333333333333335,0.0
EuroSAT,2,7,235,1.8421052631578947,0.15789473684210525
EuroSAT,3,7,235,2.4,0.04
EuroSAT,4,7,235,3.0,0.0
EuroSAT,5,7,235,3.2,0.06666666666666667
EuroSAT,2,7,236,1.8421052631578947,0.15789473684210525
EuroSAT,3,7,236,2.76,0.0
EuroSAT,4,7,236,3.263157894736842,0.0
EuroSAT,5,7,236,3.7333333333333334,0.0
EuroSAT,2,7,237,1.7105263157894737,0.2894736842105263
EuroSAT,3,7,237,2.32,0.0
EuroSAT,4,7,237,2.9473684210526314,0.0
EuroSAT,5,7,237,3.2666666666666666,0.0
EuroSAT,2,7,238,1.8157894736842106,0.18421052631578946
EuroSAT,3,7,238,2.32,0.04
EuroSAT,4,7,238,2.736842105263158,0.0
EuroSAT,5,7,238,3.3333333333333335,0.0
EuroSAT,2,7,239,1.868421052631579,0.13157894736842105
EuroSAT,3,7,239,2.48,0.04
EuroSAT,4,7,239,3.1578947368421053,0.0
EuroSAT,5,7,239,3.2666666666666666,0.0
EuroSAT,2,7,240,1.8157894736842106,0.18421052631578946
EuroSAT,3,7,240,2.64,0.0
EuroSAT,4,7,240,3.0526315789473686,0.0
EuroSAT,5,7,240,3.533333333333333,0.0
EuroSAT,2,7,241,1.8157894736842106,0.18421052631578946
EuroSAT,3,7,241,2.48,0.04
EuroSAT,4,7,241,3.1578947368421053,0.0
EuroSAT,5,7,241,3.466666666666667,0.0
EuroSAT,2,7,242,1.736842105263158,0.2631578947368421
EuroSAT,3,7,242,2.44,0.0
EuroSAT,4,7,242,2.8947368421052633,0.0
EuroSAT,5,7,242,3.466666666666667,0.0
EuroSAT,2,7,243,1.8157894736842106,0.18421052631578946
EuroSAT,3,7,243,2.44,0.0
EuroSAT,4,7,243,2.8947368421052633,0.0
EuroSAT,5,7,243,3.3333333333333335,0.0
EuroSAT,2,7,244,1.736842105263158,0.2631578947368421
EuroSAT,3,7,244,2.24,0.12
EuroSAT,4,7,244,3.0,0.0
EuroSAT,5,7,244,3.4,0.0
EuroSAT,2,7,245,1.631578947368421,0.3684210526315789
EuroSAT,3,7,245,2.44,0.04
EuroSAT,4,7,245,2.8421052631578947,0.0
EuroSAT,5,7,245,3.2,0.0
EuroSAT,2,7,246,1.868421052631579,0.13157894736842105
EuroSAT,3,7,246,2.36,0.04
EuroSAT,4,7,246,3.1052631578947367,0.0
EuroSAT,5,7,246,3.2666666666666666,0.0
EuroSAT,2,7,247,1.736842105263158,0.2631578947368421
EuroSAT,3,7,247,2.52,0.0
EuroSAT,4,7,247,2.9473684210526314,0.0
EuroSAT,5,7,247,3.466666666666667,0.0
EuroSAT,2,7,248,1.7894736842105263,0.21052631578947367
EuroSAT,3,7,248,2.36,0.04
EuroSAT,4,7,248,2.8947368421052633,0.0
EuroSAT,5,7,248,3.4,0.0
EuroSAT,2,7,249,1.763157894736842,0.23684210526315788
EuroSAT,3,7,249,2.36,0.08
EuroSAT,4,7,249,2.8421052631578947,0.05263157894736842
EuroSAT,5,7,249,3.2666666666666666,0.0
EuroSAT,2,7,250,1.7105263157894737,0.2894736842105263
EuroSAT,3,7,250,2.16,0.04
EuroSAT,4,7,250,2.5789473684210527,0.0
EuroSAT,5,7,250,2.933333333333333,0.0
EuroSAT,2,7,251,1.8157894736842106,0.18421052631578946
EuroSAT,3,7,251,2.56,0.0
EuroSAT,4,7,251,3.0,0.0
EuroSAT,5,7,251,3.3333333333333335,0.0
EuroSAT,2,7,252,1.7894736842105263,0.21052631578947367
EuroSAT,3,7,252,2.36,0.04
EuroSAT,4,7,252,2.8947368421052633,0.0
EuroSAT,5,7,252,3.2,0.0
EuroSAT,2,7,253,1.8157894736842106,0.18421052631578946
EuroSAT,3,7,253,2.4,0.0
EuroSAT,4,7,253,2.9473684210526314,0.0
EuroSAT,5,7,253,3.6666666666666665,0.0
EuroSAT,2,7,254,1.736842105263158,0.2631578947368421
EuroSAT,3,7,254,2.36,0.04
EuroSAT,4,7,254,3.0,0.0
EuroSAT,5,7,254,3.3333333333333335,0.0
EuroSAT,2,7,255,1.8421052631578947,0.15789473684210525
EuroSAT,3,7,255,2.36,0.0
EuroSAT,4,7,255,2.8421052631578947,0.0
EuroSAT,5,7,255,3.1333333333333333,0.0
EuroSAT,2,7,256,1.8421052631578947,0.15789473684210525
EuroSAT,3,7,256,2.44,0.08
EuroSAT,4,7,256,2.8421052631578947,0.0
EuroSAT,5,7,256,3.2666666666666666,0.0
EuroSAT,2,7,257,1.763157894736842,0.23684210526315788
EuroSAT,3,7,257,2.52,0.0
EuroSAT,4,7,257,2.8421052631578947,0.0
EuroSAT,5,7,257,3.4,0.0
EuroSAT,2,7,258,1.8157894736842106,0.18421052631578946
EuroSAT,3,7,258,2.4,0.08
EuroSAT,4,7,258,3.0526315789473686,0.0
EuroSAT,5,7,258,3.3333333333333335,0.0
EuroSAT,2,7,259,1.894736842105263,0.10526315789473684
EuroSAT,3,7,259,2.48,0.0
EuroSAT,4,7,259,2.9473684210526314,0.0
EuroSAT,5,7,259,3.7333333333333334,0.0
EuroSAT,2,7,260,1.8421052631578947,0.15789473684210525
EuroSAT,3,7,260,2.68,0.0
EuroSAT,4,7,260,3.1578947368421053,0.0
EuroSAT,5,7,260,3.8666666666666667,0.0
EuroSAT,2,7,261,1.868421052631579,0.13157894736842105
EuroSAT,3,7,261,2.6,0.0
EuroSAT,4,7,261,3.1578947368421053,0.0
EuroSAT,5,7,261,3.533333333333333,0.0
EuroSAT,2,7,262,1.8421052631578947,0.15789473684210525
EuroSAT,3,7,262,2.48,0.08
EuroSAT,4,7,262,2.9473684210526314,0.0
EuroSAT,5,7,262,3.2,0.0
EuroSAT,2,7,263,1.7105263157894737,0.2894736842105263
EuroSAT,3,7,263,2.44,0.0
EuroSAT,4,7,263,2.789473684210526,0.05263157894736842
EuroSAT,5,7,263,3.2,0.0
EuroSAT,2,7,264,1.7105263157894737,0.2894736842105263
EuroSAT,3,7,264,2.6,0.04
EuroSAT,4,7,264,2.8947368421052633,0.0
EuroSAT,5,7,264,3.466666666666667,0.0
EuroSAT,2,7,265,1.8157894736842106,0.18421052631578946
EuroSAT,3,7,265,2.64,0.04
EuroSAT,4,7,265,3.210526315789474,0.0
EuroSAT,5,7,265,3.6666666666666665,0.0
EuroSAT,2,7,266,1.763157894736842,0.23684210526315788
EuroSAT,3,7,266,2.4,0.0
EuroSAT,4,7,266,2.9473684210526314,0.0
EuroSAT,5,7,266,3.3333333333333335,0.0
EuroSAT,2,7,267,1.8157894736842106,0.18421052631578946
EuroSAT,3,7,267,2.56,0.0
EuroSAT,4,7,267,2.8947368421052633,0.0
EuroSAT,5,7,267,3.4,0.0
EuroSAT,2,7,268,1.763157894736842,0.23684210526315788
EuroSAT,3,7,268,2.52,0.0
EuroSAT,4,7,268,3.1052631578947367,0.0
EuroSAT,5,7,268,3.466666666666667,0.0
EuroSAT,2,7,269,1.736842105263158,0.2631578947368421
EuroSAT,3,7,269,2.68,0.0
EuroSAT,4,7,269,2.736842105263158,0.05263157894736842
EuroSAT,5,7,269,3.2666666666666666,0.0
EuroSAT,2,7,270,1.6842105263157894,0.3157894736842105
EuroSAT,3,7,270,2.2,0.12
EuroSAT,4,7,270,2.8947368421052633,0.0
EuroSAT,5,7,270,3.2666666666666666,0.0
EuroSAT,2,7,271,1.763157894736842,0.23684210526315788
EuroSAT,3,7,271,2.28,0.08
EuroSAT,4,7,271,2.9473684210526314,0.0
EuroSAT,5,7,271,3.2666666666666666,0.0
EuroSAT,2,7,272,1.6842105263157894,0.3157894736842105
EuroSAT,3,7,272,2.48,0.04
EuroSAT,4,7,272,2.9473684210526314,0.0
EuroSAT,5,7,272,3.466666666666667,0.0
EuroSAT,2,7,273,1.6578947368421053,0.34210526315789475
EuroSAT,3,7,273,2.36,0.0
EuroSAT,4,7,273,2.9473684210526314,0.0
EuroSAT,5,7,273,3.3333333333333335,0.0
EuroSAT,2,7,274,1.763157894736842,0.23684210526315788
EuroSAT,3,7,274,2.28,0.08
EuroSAT,4,7,274,2.736842105263158,0.0
EuroSAT,5,7,274,3.466666666666667,0.0
EuroSAT,2,7,275,1.8157894736842106,0.18421052631578946
EuroSAT,3,7,275,2.6,0.0
EuroSAT,4,7,275,3.0526315789473686,0.0
EuroSAT,5,7,275,3.6666666666666665,0.0
EuroSAT,2,7,276,1.8421052631578947,0.15789473684210525
EuroSAT,3,7,276,2.48,0.04
EuroSAT,4,7,276,2.8421052631578947,0.0
EuroSAT,5,7,276,3.2,0.0
EuroSAT,2,7,277,1.6578947368421053,0.34210526315789475
EuroSAT,3,7,277,2.24,0.12
EuroSAT,4,7,277,2.8947368421052633,0.0
EuroSAT,5,7,277,3.0,0.06666666666666667
EuroSAT,2,7,278,1.8157894736842106,0.18421052631578946
EuroSAT,3,7,278,2.6,0.0
EuroSAT,4,7,278,3.263157894736842,0.0
EuroSAT,5,7,278,3.533333333333333,0.0
EuroSAT,2,7,279,1.8421052631578947,0.15789473684210525
EuroSAT,3,7,279,2.52,0.0
EuroSAT,4,7,279,2.9473684210526314,0.0
EuroSAT,5,7,279,3.2,0.0
EuroSAT,2,7,280,1.736842105263158,0.2631578947368421
EuroSAT,3,7,280,2.28,0.08
EuroSAT,4,7,280,2.8421052631578947,0.05263157894736842
EuroSAT,5,7,280,3.2,0.0
EuroSAT,2,7,281,1.763157894736842,0.23684210526315788
EuroSAT,3,7,281,2.32,0.12
EuroSAT,4,7,281,3.0,0.0
EuroSAT,5,7,281,3.533333333333333,0.0
EuroSAT,2,7,282,1.736842105263158,0.2631578947368421
EuroSAT,3,7,282,2.32,0.04
EuroSAT,4,7,282,2.789473684210526,0.05263157894736842
EuroSAT,5,7,282,3.0,0.06666666666666667
EuroSAT,2,7,283,1.763157894736842,0.23684210526315788
EuroSAT,3,7,283,2.28,0.08
EuroSAT,4,7,283,3.0,0.0
EuroSAT,5,7,283,3.4,0.0
EuroSAT,2,7,284,1.763157894736842,0.23684210526315788
EuroSAT,3,7,284,2.56,0.0
EuroSAT,4,7,284,3.1578947368421053,0.05263157894736842
EuroSAT,5,7,284,3.6,0.0
EuroSAT,2,7,285,1.763157894736842,0.23684210526315788
EuroSAT,3,7,285,2.72,0.0
EuroSAT,4,7,285,2.8947368421052633,0.0
EuroSAT,5,7,285,3.4,0.0
EuroSAT,2,7,286,1.763157894736842,0.23684210526315788
EuroSAT,3,7,286,2.44,0.0
EuroSAT,4,7,286,2.8947368421052633,0.0
EuroSAT,5,7,286,3.2,0.0
EuroSAT,2,7,287,1.8157894736842106,0.18421052631578946
EuroSAT,3,7,287,2.48,0.04
EuroSAT,4,7,287,2.9473684210526314,0.0
EuroSAT,5,7,287,3.6,0.0
EuroSAT,2,7,288,1.894736842105263,0.10526315789473684
EuroSAT,3,7,288,2.52,0.0
EuroSAT,4,7,288,3.0,0.0
EuroSAT,5,7,288,3.4,0.0
EuroSAT,2,7,289,1.763157894736842,0.23684210526315788
EuroSAT,3,7,289,2.36,0.16
EuroSAT,4,7,289,2.789473684210526,0.05263157894736842
EuroSAT,5,7,289,3.2,0.0
EuroSAT,2,7,290,1.736842105263158,0.2631578947368421
EuroSAT,3,7,290,2.52,0.04
EuroSAT,4,7,290,3.0,0.0
EuroSAT,5,7,290,3.466666666666667,0.0
EuroSAT,2,7,291,1.8421052631578947,0.15789473684210525
EuroSAT,3,7,291,2.4,0.08
EuroSAT,4,7,291,2.9473684210526314,0.0
EuroSAT,5,7,291,3.3333333333333335,0.0
EuroSAT,2,7,292,1.9210526315789473,0.07894736842105263
EuroSAT,3,7,292,2.72,0.0
EuroSAT,4,7,292,3.263157894736842,0.0
EuroSAT,5,7,292,3.7333333333333334,0.0
EuroSAT,2,7,293,1.763157894736842,0.23684210526315788
EuroSAT,3,7,293,2.4,0.04
EuroSAT,4,7,293,2.9473684210526314,0.0
EuroSAT,5,7,293,3.2666666666666666,0.0
EuroSAT,2,7,294,1.736842105263158,0.2631578947368421
EuroSAT,3,7,294,2.4,0.0
EuroSAT,4,7,294,2.6842105263157894,0.0
EuroSAT,5,7,294,3.2,0.0
EuroSAT,2,7,295,1.763157894736842,0.23684210526315788
EuroSAT,3,7,295,2.72,0.0
EuroSAT,4,7,295,3.0526315789473686,0.0
EuroSAT,5,7,295,3.6,0.0
EuroSAT,2,7,296,1.763157894736842,0.23684210526315788
EuroSAT,3,7,296,2.36,0.08
EuroSAT,4,7,296,2.6842105263157894,0.05263157894736842
EuroSAT,5,7,296,3.2666666666666666,0.0
EuroSAT,2,7,297,1.6578947368421053,0.34210526315789475
EuroSAT,3,7,297,2.48,0.04
EuroSAT,4,7,297,2.9473684210526314,0.0
EuroSAT,5,7,297,3.4,0.0
EuroSAT,2,7,298,1.894736842105263,0.10526315789473684
EuroSAT,3,7,298,2.48,0.0
EuroSAT,4,7,298,3.210526315789474,0.0
EuroSAT,5,7,298,3.4,0.0
EuroSAT,2,7,299,1.894736842105263,0.10526315789473684
EuroSAT,3,7,299,2.6,0.0
EuroSAT,4,7,299,3.263157894736842,0.0
EuroSAT,5,7,299,3.6666666666666665,0.0
EuroSAT,2,999,0,1.8157894736842106,0.18421052631578946
EuroSAT,3,999,0,2.56,0.04
EuroSAT,4,999,0,2.8421052631578947,0.0
EuroSAT,5,999,0,3.6666666666666665,0.0
EuroSAT,2,999,1,1.8421052631578947,0.15789473684210525
EuroSAT,3,999,1,2.64,0.0
EuroSAT,4,999,1,3.1578947368421053,0.0
EuroSAT,5,999,1,3.533333333333333,0.0
EuroSAT,2,999,2,1.736842105263158,0.2631578947368421
EuroSAT,3,999,2,2.32,0.0
EuroSAT,4,999,2,2.6842105263157894,0.0
EuroSAT,5,999,2,3.2666666666666666,0.0
EuroSAT,2,999,3,1.8421052631578947,0.15789473684210525
EuroSAT,3,999,3,2.48,0.04
EuroSAT,4,999,3,3.0,0.0
EuroSAT,5,999,3,3.533333333333333,0.0
EuroSAT,2,999,4,1.763157894736842,0.23684210526315788
EuroSAT,3,999,4,2.4,0.04
EuroSAT,4,999,4,3.0,0.0
EuroSAT,5,999,4,3.3333333333333335,0.0
EuroSAT,2,999,5,1.7894736842105263,0.21052631578947367
EuroSAT,3,999,5,2.44,0.08
EuroSAT,4,999,5,3.0526315789473686,0.0
EuroSAT,5,999,5,3.6,0.0
EuroSAT,2,999,6,1.736842105263158,0.2631578947368421
EuroSAT,3,999,6,2.48,0.0
EuroSAT,4,999,6,2.6842105263157894,0.0
EuroSAT,5,999,6,3.3333333333333335,0.0
EuroSAT,2,999,7,1.8157894736842106,0.18421052631578946
EuroSAT,3,999,7,2.44,0.0
EuroSAT,4,999,7,3.1578947368421053,0.0
EuroSAT,5,999,7,3.466666666666667,0.0
EuroSAT,2,999,8,1.894736842105263,0.10526315789473684
EuroSAT,3,999,8,2.56,0.0
EuroSAT,4,999,8,3.0,0.0
EuroSAT,5,999,8,3.466666666666667,0.0
EuroSAT,2,999,9,1.7894736842105263,0.21052631578947367
EuroSAT,3,999,9,2.68,0.0
EuroSAT,4,999,9,2.8421052631578947,0.0
EuroSAT,5,999,9,3.466666666666667,0.0
EuroSAT,2,999,10,1.7105263157894737,0.2894736842105263
EuroSAT,3,999,10,2.44,0.04
EuroSAT,4,999,10,2.8421052631578947,0.0
EuroSAT,5,999,10,3.533333333333333,0.0
EuroSAT,2,999,11,1.763157894736842,0.23684210526315788
EuroSAT,3,999,11,2.28,0.0
EuroSAT,4,999,11,3.0,0.0
EuroSAT,5,999,11,3.2,0.0
EuroSAT,2,999,12,1.763157894736842,0.23684210526315788
EuroSAT,3,999,12,2.48,0.0
EuroSAT,4,999,12,2.789473684210526,0.0
EuroSAT,5,999,12,3.4,0.0
EuroSAT,2,999,13,1.7894736842105263,0.21052631578947367
EuroSAT,3,999,13,2.56,0.04
EuroSAT,4,999,13,2.9473684210526314,0.0
EuroSAT,5,999,13,3.466666666666667,0.0
EuroSAT,2,999,14,1.8421052631578947,0.15789473684210525
EuroSAT,3,999,14,2.48,0.0
EuroSAT,4,999,14,2.9473684210526314,0.0
EuroSAT,5,999,14,3.2666666666666666,0.0
EuroSAT,2,999,15,1.763157894736842,0.23684210526315788
EuroSAT,3,999,15,2.52,0.04
EuroSAT,4,999,15,2.789473684210526,0.0
EuroSAT,5,999,15,3.3333333333333335,0.0
EuroSAT,2,999,16,1.8157894736842106,0.18421052631578946
EuroSAT,3,999,16,2.48,0.0
EuroSAT,4,999,16,3.3157894736842106,0.0
EuroSAT,5,999,16,3.533333333333333,0.0
EuroSAT,2,999,17,1.8421052631578947,0.15789473684210525
EuroSAT,3,999,17,2.56,0.0
EuroSAT,4,999,17,2.9473684210526314,0.0
EuroSAT,5,999,17,3.533333333333333,0.0
EuroSAT,2,999,18,1.8157894736842106,0.18421052631578946
EuroSAT,3,999,18,2.52,0.08
EuroSAT,4,999,18,3.0,0.0
EuroSAT,5,999,18,3.466666666666667,0.0
EuroSAT,2,999,19,1.7894736842105263,0.21052631578947367
EuroSAT,3,999,19,2.44,0.0
EuroSAT,4,999,19,3.0526315789473686,0.0
EuroSAT,5,999,19,3.3333333333333335,0.0
EuroSAT,2,999,20,1.8157894736842106,0.18421052631578946
EuroSAT,3,999,20,2.48,0.04
EuroSAT,4,999,20,3.1052631578947367,0.0
EuroSAT,5,999,20,3.3333333333333335,0.0
EuroSAT,2,999,21,1.8157894736842106,0.18421052631578946
EuroSAT,3,999,21,2.56,0.04
EuroSAT,4,999,21,2.8947368421052633,0.0
EuroSAT,5,999,21,3.4,0.0
EuroSAT,2,999,22,1.868421052631579,0.13157894736842105
EuroSAT,3,999,22,2.48,0.04
EuroSAT,4,999,22,3.210526315789474,0.0
EuroSAT,5,999,22,3.466666666666667,0.0
EuroSAT,2,999,23,1.8421052631578947,0.15789473684210525
EuroSAT,3,999,23,2.4,0.0
EuroSAT,4,999,23,3.0,0.0
EuroSAT,5,999,23,3.4,0.0
EuroSAT,2,999,24,1.8421052631578947,0.15789473684210525
EuroSAT,3,999,24,2.64,0.0
EuroSAT,4,999,24,3.1052631578947367,0.0
EuroSAT,5,999,24,3.3333333333333335,0.0
EuroSAT,2,999,25,1.763157894736842,0.23684210526315788
EuroSAT,3,999,25,2.4,0.0
EuroSAT,4,999,25,2.736842105263158,0.0
EuroSAT,5,999,25,3.066666666666667,0.0
EuroSAT,2,999,26,1.8421052631578947,0.15789473684210525
EuroSAT,3,999,26,2.56,0.04
EuroSAT,4,999,26,2.736842105263158,0.0
EuroSAT,5,999,26,3.066666666666667,0.0
EuroSAT,2,999,27,1.8421052631578947,0.15789473684210525
EuroSAT,3,999,27,2.56,0.04
EuroSAT,4,999,27,2.8421052631578947,0.05263157894736842
EuroSAT,5,999,27,3.2,0.0
EuroSAT,2,999,28,1.7105263157894737,0.2894736842105263
EuroSAT,3,999,28,2.36,0.0
EuroSAT,4,999,28,2.789473684210526,0.0
EuroSAT,5,999,28,3.2,0.0
EuroSAT,2,999,29,1.8421052631578947,0.15789473684210525
EuroSAT,3,999,29,2.52,0.0
EuroSAT,4,999,29,3.1578947368421053,0.0
EuroSAT,5,999,29,3.4,0.0
EuroSAT,2,999,30,1.8157894736842106,0.18421052631578946
EuroSAT,3,999,30,2.6,0.0
EuroSAT,4,999,30,3.263157894736842,0.0
EuroSAT,5,999,30,3.533333333333333,0.0
EuroSAT,2,999,31,1.763157894736842,0.23684210526315788
EuroSAT,3,999,31,2.48,0.08
EuroSAT,4,999,31,2.8421052631578947,0.0
EuroSAT,5,999,31,3.466666666666667,0.0
EuroSAT,2,999,32,1.868421052631579,0.13157894736842105
EuroSAT,3,999,32,2.4,0.08
EuroSAT,4,999,32,2.9473684210526314,0.0
EuroSAT,5,999,32,3.466666666666667,0.0
EuroSAT,2,999,33,1.868421052631579,0.13157894736842105
EuroSAT,3,999,33,2.56,0.0
EuroSAT,4,999,33,2.9473684210526314,0.0
EuroSAT,5,999,33,3.466666666666667,0.0
EuroSAT,2,999,34,1.8421052631578947,0.15789473684210525
EuroSAT,3,999,34,2.44,0.0
EuroSAT,4,999,34,3.1052631578947367,0.0
EuroSAT,5,999,34,3.2666666666666666,0.0
EuroSAT,2,999,35,1.8421052631578947,0.15789473684210525
EuroSAT,3,999,35,2.64,0.08
EuroSAT,4,999,35,3.0,0.0
EuroSAT,5,999,35,3.7333333333333334,0.0
EuroSAT,2,999,36,1.763157894736842,0.23684210526315788
EuroSAT,3,999,36,2.48,0.04
EuroSAT,4,999,36,2.8947368421052633,0.0
EuroSAT,5,999,36,3.3333333333333335,0.0
EuroSAT,2,999,37,1.8157894736842106,0.18421052631578946
EuroSAT,3,999,37,2.32,0.0
EuroSAT,4,999,37,2.9473684210526314,0.0
EuroSAT,5,999,37,3.466666666666667,0.0
EuroSAT,2,999,38,1.8421052631578947,0.15789473684210525
EuroSAT,3,999,38,2.56,0.0
EuroSAT,4,999,38,3.1052631578947367,0.0
EuroSAT,5,999,38,3.6,0.0
EuroSAT,2,999,39,1.8157894736842106,0.18421052631578946
EuroSAT,3,999,39,2.64,0.0
EuroSAT,4,999,39,2.8421052631578947,0.0
EuroSAT,5,999,39,3.2666666666666666,0.0
EuroSAT,2,999,40,1.7894736842105263,0.21052631578947367
EuroSAT,3,999,40,2.48,0.0
EuroSAT,4,999,40,3.0,0.0
EuroSAT,5,999,40,3.466666666666667,0.0
EuroSAT,2,999,41,1.7105263157894737,0.2894736842105263
EuroSAT,3,999,41,2.28,0.08
EuroSAT,4,999,41,2.789473684210526,0.05263157894736842
EuroSAT,5,999,41,3.3333333333333335,0.0
EuroSAT,2,999,42,1.8157894736842106,0.18421052631578946
EuroSAT,3,999,42,2.52,0.04
EuroSAT,4,999,42,3.0526315789473686,0.0
EuroSAT,5,999,42,3.533333333333333,0.0
EuroSAT,2,999,43,1.8157894736842106,0.18421052631578946
EuroSAT,3,999,43,2.48,0.04
EuroSAT,4,999,43,3.0526315789473686,0.0
EuroSAT,5,999,43,3.533333333333333,0.0
EuroSAT,2,999,44,1.763157894736842,0.23684210526315788
EuroSAT,3,999,44,2.44,0.08
EuroSAT,4,999,44,2.789473684210526,0.05263157894736842
EuroSAT,5,999,44,3.2666666666666666,0.0
EuroSAT,2,999,45,1.763157894736842,0.23684210526315788
EuroSAT,3,999,45,2.4,0.04
EuroSAT,4,999,45,2.8421052631578947,0.0
EuroSAT,5,999,45,3.6666666666666665,0.0
EuroSAT,2,999,46,1.868421052631579,0.13157894736842105
EuroSAT,3,999,46,2.52,0.12
EuroSAT,4,999,46,2.8421052631578947,0.0
EuroSAT,5,999,46,3.3333333333333335,0.0
EuroSAT,2,999,47,1.8157894736842106,0.18421052631578946
EuroSAT,3,999,47,2.4,0.08
EuroSAT,4,999,47,3.0526315789473686,0.0
EuroSAT,5,999,47,3.4,0.0
EuroSAT,2,999,48,1.868421052631579,0.13157894736842105
EuroSAT,3,999,48,2.6,0.0
EuroSAT,4,999,48,3.1578947368421053,0.0
EuroSAT,5,999,48,3.3333333333333335,0.0
EuroSAT,2,999,49,1.7894736842105263,0.21052631578947367
EuroSAT,3,999,49,2.44,0.04
EuroSAT,4,999,49,3.0526315789473686,0.0
EuroSAT,5,999,49,3.466666666666667,0.0
EuroSAT,2,999,50,1.8157894736842106,0.18421052631578946
EuroSAT,3,999,50,2.56,0.0
EuroSAT,4,999,50,3.1052631578947367,0.0
EuroSAT,5,999,50,3.533333333333333,0.0
EuroSAT,2,999,51,1.8421052631578947,0.15789473684210525
EuroSAT,3,999,51,2.4,0.0
EuroSAT,4,999,51,3.0526315789473686,0.0
EuroSAT,5,999,51,3.2,0.0
EuroSAT,2,999,52,1.8157894736842106,0.18421052631578946
EuroSAT,3,999,52,2.44,0.0
EuroSAT,4,999,52,3.1052631578947367,0.0
EuroSAT,5,999,52,3.3333333333333335,0.0
EuroSAT,2,999,53,1.6842105263157894,0.3157894736842105
EuroSAT,3,999,53,2.44,0.04
EuroSAT,4,999,53,2.8421052631578947,0.0
EuroSAT,5,999,53,3.1333333333333333,0.0
EuroSAT,2,999,54,1.7105263157894737,0.2894736842105263
EuroSAT,3,999,54,2.52,0.04
EuroSAT,4,999,54,2.6315789473684212,0.05263157894736842
EuroSAT,5,999,54,3.2,0.0
EuroSAT,2,999,55,1.7894736842105263,0.21052631578947367
EuroSAT,3,999,55,2.52,0.0
EuroSAT,4,999,55,3.0,0.0
EuroSAT,5,999,55,3.7333333333333334,0.0
EuroSAT,2,999,56,1.7894736842105263,0.21052631578947367
EuroSAT,3,999,56,2.44,0.0
EuroSAT,4,999,56,2.9473684210526314,0.0
EuroSAT,5,999,56,3.466666666666667,0.0
EuroSAT,2,999,57,1.7894736842105263,0.21052631578947367
EuroSAT,3,999,57,2.48,0.0
EuroSAT,4,999,57,2.736842105263158,0.0
EuroSAT,5,999,57,3.2,0.0
EuroSAT,2,999,58,1.763157894736842,0.23684210526315788
EuroSAT,3,999,58,2.48,0.08
EuroSAT,4,999,58,3.0526315789473686,0.05263157894736842
EuroSAT,5,999,58,3.533333333333333,0.0
EuroSAT,2,999,59,1.8157894736842106,0.18421052631578946
EuroSAT,3,999,59,2.6,0.0
EuroSAT,4,999,59,2.736842105263158,0.05263157894736842
EuroSAT,5,999,59,3.2,0.0
EuroSAT,2,999,60,1.868421052631579,0.13157894736842105
EuroSAT,3,999,60,2.36,0.04
EuroSAT,4,999,60,2.9473684210526314,0.0
EuroSAT,5,999,60,3.1333333333333333,0.0
EuroSAT,2,999,61,1.8157894736842106,0.18421052631578946
EuroSAT,3,999,61,2.72,0.0
EuroSAT,4,999,61,3.263157894736842,0.0
EuroSAT,5,999,61,3.8,0.0
EuroSAT,2,999,62,1.8421052631578947,0.15789473684210525
EuroSAT,3,999,62,2.52,0.04
EuroSAT,4,999,62,3.1578947368421053,0.0
EuroSAT,5,999,62,3.4,0.0
EuroSAT,2,999,63,1.8157894736842106,0.18421052631578946
EuroSAT,3,999,63,2.76,0.0
EuroSAT,4,999,63,3.263157894736842,0.0
EuroSAT,5,999,63,3.533333333333333,0.0
EuroSAT,2,999,64,1.8421052631578947,0.15789473684210525
EuroSAT,3,999,64,2.56,0.04
EuroSAT,4,999,64,3.0526315789473686,0.0
EuroSAT,5,999,64,3.533333333333333,0.0
EuroSAT,2,999,65,1.8157894736842106,0.18421052631578946
EuroSAT,3,999,65,2.64,0.0
EuroSAT,4,999,65,2.9473684210526314,0.0
EuroSAT,5,999,65,3.6,0.0
EuroSAT,2,999,66,1.763157894736842,0.23684210526315788
EuroSAT,3,999,66,2.36,0.04
EuroSAT,4,999,66,2.8947368421052633,0.0
EuroSAT,5,999,66,3.2666666666666666,0.0
EuroSAT,2,999,67,1.8157894736842106,0.18421052631578946
EuroSAT,3,999,67,2.44,0.08
EuroSAT,4,999,67,3.1052631578947367,0.05263157894736842
EuroSAT,5,999,67,3.533333333333333,0.0
EuroSAT,2,999,68,1.8421052631578947,0.15789473684210525
EuroSAT,3,999,68,2.44,0.04
EuroSAT,4,999,68,3.263157894736842,0.0
EuroSAT,5,999,68,4.066666666666666,0.0
EuroSAT,2,999,69,1.7894736842105263,0.21052631578947367
EuroSAT,3,999,69,2.48,0.04
EuroSAT,4,999,69,3.1578947368421053,0.05263157894736842
EuroSAT,5,999,69,3.533333333333333,0.0
EuroSAT,2,999,70,1.8421052631578947,0.15789473684210525
EuroSAT,3,999,70,2.36,0.04
EuroSAT,4,999,70,2.9473684210526314,0.0
EuroSAT,5,999,70,3.2,0.0
EuroSAT,2,999,71,1.7105263157894737,0.2894736842105263
EuroSAT,3,999,71,2.36,0.08
EuroSAT,4,999,71,2.789473684210526,0.0
EuroSAT,5,999,71,3.2666666666666666,0.0
EuroSAT,2,999,72,1.8157894736842106,0.18421052631578946
EuroSAT,3,999,72,2.44,0.08
EuroSAT,4,999,72,3.0,0.0
EuroSAT,5,999,72,3.466666666666667,0.0
EuroSAT,2,999,73,1.7894736842105263,0.21052631578947367
EuroSAT,3,999,73,2.44,0.04
EuroSAT,4,999,73,3.1052631578947367,0.0
EuroSAT,5,999,73,3.3333333333333335,0.0
EuroSAT,2,999,74,1.868421052631579,0.13157894736842105
EuroSAT,3,999,74,2.6,0.0
EuroSAT,4,999,74,3.1578947368421053,0.0
EuroSAT,5,999,74,3.7333333333333334,0.0
EuroSAT,2,999,75,1.763157894736842,0.23684210526315788
EuroSAT,3,999,75,2.44,0.04
EuroSAT,4,999,75,3.0526315789473686,0.0
EuroSAT,5,999,75,3.6,0.0
EuroSAT,2,999,76,1.7894736842105263,0.21052631578947367
EuroSAT,3,999,76,2.36,0.0
EuroSAT,4,999,76,2.9473684210526314,0.0
EuroSAT,5,999,76,3.466666666666667,0.0
EuroSAT,2,999,77,1.8421052631578947,0.15789473684210525
EuroSAT,3,999,77,2.36,0.0
EuroSAT,4,999,77,2.8947368421052633,0.0
EuroSAT,5,999,77,3.6666666666666665,0.0
EuroSAT,2,999,78,1.736842105263158,0.2631578947368421
EuroSAT,3,999,78,2.56,0.04
EuroSAT,4,999,78,3.1578947368421053,0.05263157894736842
EuroSAT,5,999,78,3.4,0.0
EuroSAT,2,999,79,1.7105263157894737,0.2894736842105263
EuroSAT,3,999,79,2.2,0.08
EuroSAT,4,999,79,2.6315789473684212,0.0
EuroSAT,5,999,79,3.6,0.0
EuroSAT,2,999,80,1.8421052631578947,0.15789473684210525
EuroSAT,3,999,80,2.52,0.04
EuroSAT,4,999,80,3.0,0.0
EuroSAT,5,999,80,3.466666666666667,0.0
EuroSAT,2,999,81,1.763157894736842,0.23684210526315788
EuroSAT,3,999,81,2.32,0.12
EuroSAT,4,999,81,3.0,0.05263157894736842
EuroSAT,5,999,81,3.4,0.0
EuroSAT,2,999,82,1.763157894736842,0.23684210526315788
EuroSAT,3,999,82,2.48,0.0
EuroSAT,4,999,82,2.8947368421052633,0.0
EuroSAT,5,999,82,3.466666666666667,0.0
EuroSAT,2,999,83,1.736842105263158,0.2631578947368421
EuroSAT,3,999,83,2.56,0.0
EuroSAT,4,999,83,2.8947368421052633,0.0
EuroSAT,5,999,83,3.3333333333333335,0.0
EuroSAT,2,999,84,1.7894736842105263,0.21052631578947367
EuroSAT,3,999,84,2.44,0.0
EuroSAT,4,999,84,3.0,0.0
EuroSAT,5,999,84,3.2,0.0
EuroSAT,2,999,85,1.8421052631578947,0.15789473684210525
EuroSAT,3,999,85,2.44,0.04
EuroSAT,4,999,85,3.263157894736842,0.0
EuroSAT,5,999,85,3.7333333333333334,0.0
EuroSAT,2,999,86,1.763157894736842,0.23684210526315788
EuroSAT,3,999,86,2.36,0.08
EuroSAT,4,999,86,2.789473684210526,0.0
EuroSAT,5,999,86,3.4,0.0
EuroSAT,2,999,87,1.7894736842105263,0.21052631578947367
EuroSAT,3,999,87,2.44,0.04
EuroSAT,4,999,87,3.1052631578947367,0.0
EuroSAT,5,999,87,3.533333333333333,0.0
EuroSAT,2,999,88,1.763157894736842,0.23684210526315788
EuroSAT,3,999,88,2.44,0.08
EuroSAT,4,999,88,3.0526315789473686,0.0
EuroSAT,5,999,88,3.2666666666666666,0.0
EuroSAT,2,999,89,1.5789473684210527,0.42105263157894735
EuroSAT,3,999,89,2.4,0.04
EuroSAT,4,999,89,2.6315789473684212,0.05263157894736842
EuroSAT,5,999,89,3.2666666666666666,0.0
EuroSAT,2,999,90,1.8421052631578947,0.15789473684210525
EuroSAT,3,999,90,2.6,0.0
EuroSAT,4,999,90,2.9473684210526314,0.0
EuroSAT,5,999,90,3.466666666666667,0.0
EuroSAT,2,999,91,1.8421052631578947,0.15789473684210525
EuroSAT,3,999,91,2.44,0.0
EuroSAT,4,999,91,3.0,0.0
EuroSAT,5,999,91,3.466666666666667,0.0
EuroSAT,2,999,92,1.868421052631579,0.13157894736842105
EuroSAT,3,999,92,2.4,0.04
EuroSAT,4,999,92,3.210526315789474,0.0
EuroSAT,5,999,92,3.3333333333333335,0.0
EuroSAT,2,999,93,1.7894736842105263,0.21052631578947367
EuroSAT,3,999,93,2.48,0.04
EuroSAT,4,999,93,2.8947368421052633,0.0
EuroSAT,5,999,93,3.2666666666666666,0.0
EuroSAT,2,999,94,1.8421052631578947,0.15789473684210525
EuroSAT,3,999,94,2.44,0.0
EuroSAT,4,999,94,3.0,0.0
EuroSAT,5,999,94,3.533333333333333,0.0
EuroSAT,2,999,95,1.7105263157894737,0.2894736842105263
EuroSAT,3,999,95,2.4,0.04
EuroSAT,4,999,95,2.8421052631578947,0.0
EuroSAT,5,999,95,3.4,0.0
EuroSAT,2,999,96,1.868421052631579,0.13157894736842105
EuroSAT,3,999,96,2.4,0.04
EuroSAT,4,999,96,3.1052631578947367,0.0
EuroSAT,5,999,96,3.466666666666667,0.0
EuroSAT,2,999,97,1.8157894736842106,0.18421052631578946
EuroSAT,3,999,97,2.56,0.0
EuroSAT,4,999,97,3.263157894736842,0.0
EuroSAT,5,999,97,3.6666666666666665,0.0
EuroSAT,2,999,98,1.736842105263158,0.2631578947368421
EuroSAT,3,999,98,2.28,0.08
EuroSAT,4,999,98,3.0526315789473686,0.0
EuroSAT,5,999,98,3.2,0.0
EuroSAT,2,999,99,1.8421052631578947,0.15789473684210525
EuroSAT,3,999,99,2.52,0.04
EuroSAT,4,999,99,3.1052631578947367,0.0
EuroSAT,5,999,99,3.533333333333333,0.0
EuroSAT,2,999,100,1.8157894736842106,0.18421052631578946
EuroSAT,3,999,100,2.68,0.0
EuroSAT,4,999,100,3.1578947368421053,0.0
EuroSAT,5,999,100,3.466666666666667,0.0
EuroSAT,2,999,101,1.868421052631579,0.13157894736842105
EuroSAT,3,999,101,2.4,0.0
EuroSAT,4,999,101,2.8421052631578947,0.0
EuroSAT,5,999,101,3.2,0.0
EuroSAT,2,999,102,1.7894736842105263,0.21052631578947367
EuroSAT,3,999,102,2.6,0.04
EuroSAT,4,999,102,3.0526315789473686,0.0
EuroSAT,5,999,102,3.8,0.0
EuroSAT,2,999,103,1.736842105263158,0.2631578947368421
EuroSAT,3,999,103,2.24,0.12
EuroSAT,4,999,103,2.8421052631578947,0.05263157894736842
EuroSAT,5,999,103,3.3333333333333335,0.0
EuroSAT,2,999,104,1.7894736842105263,0.21052631578947367
EuroSAT,3,999,104,2.52,0.0
EuroSAT,4,999,104,3.0526315789473686,0.0
EuroSAT,5,999,104,3.533333333333333,0.0
EuroSAT,2,999,105,1.763157894736842,0.23684210526315788
EuroSAT,3,999,105,2.4,0.0
EuroSAT,4,999,105,3.1052631578947367,0.0
EuroSAT,5,999,105,3.2,0.0
EuroSAT,2,999,106,1.763157894736842,0.23684210526315788
EuroSAT,3,999,106,2.48,0.08
EuroSAT,4,999,106,3.0,0.0
EuroSAT,5,999,106,3.466666666666667,0.06666666666666667
EuroSAT,2,999,107,1.736842105263158,0.2631578947368421
EuroSAT,3,999,107,2.52,0.0
EuroSAT,4,999,107,2.9473684210526314,0.0
EuroSAT,5,999,107,3.1333333333333333,0.0
EuroSAT,2,999,108,1.7894736842105263,0.21052631578947367
EuroSAT,3,999,108,2.6,0.04
EuroSAT,4,999,108,3.0,0.0
EuroSAT,5,999,108,3.6666666666666665,0.0
EuroSAT,2,999,109,1.7105263157894737,0.2894736842105263
EuroSAT,3,999,109,2.4,0.04
EuroSAT,4,999,109,2.6842105263157894,0.0
EuroSAT,5,999,109,3.066666666666667,0.0
EuroSAT,2,999,110,1.763157894736842,0.23684210526315788
EuroSAT,3,999,110,2.48,0.04
EuroSAT,4,999,110,2.8421052631578947,0.0
EuroSAT,5,999,110,3.7333333333333334,0.0
EuroSAT,2,999,111,1.763157894736842,0.23684210526315788
EuroSAT,3,999,111,2.48,0.04
EuroSAT,4,999,111,2.8421052631578947,0.0
EuroSAT,5,999,111,3.533333333333333,0.0
EuroSAT,2,999,112,1.736842105263158,0.2631578947368421
EuroSAT,3,999,112,2.4,0.0
EuroSAT,4,999,112,2.8947368421052633,0.0
EuroSAT,5,999,112,3.2666666666666666,0.0
EuroSAT,2,999,113,1.8421052631578947,0.15789473684210525
EuroSAT,3,999,113,2.56,0.0
EuroSAT,4,999,113,3.1052631578947367,0.0
EuroSAT,5,999,113,3.466666666666667,0.0
EuroSAT,2,999,114,1.7105263157894737,0.2894736842105263
EuroSAT,3,999,114,2.28,0.0
EuroSAT,4,999,114,2.789473684210526,0.0
EuroSAT,5,999,114,3.3333333333333335,0.0
EuroSAT,2,999,115,1.8157894736842106,0.18421052631578946
EuroSAT,3,999,115,2.52,0.04
EuroSAT,4,999,115,3.210526315789474,0.0
EuroSAT,5,999,115,3.466666666666667,0.0
EuroSAT,2,999,116,1.7894736842105263,0.21052631578947367
EuroSAT,3,999,116,2.48,0.0
EuroSAT,4,999,116,2.8421052631578947,0.0
EuroSAT,5,999,116,3.2,0.0
EuroSAT,2,999,117,1.8421052631578947,0.15789473684210525
EuroSAT,3,999,117,2.56,0.0
EuroSAT,4,999,117,3.0526315789473686,0.0
EuroSAT,5,999,117,3.533333333333333,0.0
EuroSAT,2,999,118,1.736842105263158,0.2631578947368421
EuroSAT,3,999,118,2.6,0.04
EuroSAT,4,999,118,3.0526315789473686,0.0
EuroSAT,5,999,118,3.3333333333333335,0.0
EuroSAT,2,999,119,1.8421052631578947,0.15789473684210525
EuroSAT,3,999,119,2.52,0.04
EuroSAT,4,999,119,3.0,0.0
EuroSAT,5,999,119,3.3333333333333335,0.0
EuroSAT,2,999,120,1.8157894736842106,0.18421052631578946
EuroSAT,3,999,120,2.6,0.04
EuroSAT,4,999,120,2.9473684210526314,0.0
EuroSAT,5,999,120,3.466666666666667,0.0
EuroSAT,2,999,121,1.8421052631578947,0.15789473684210525
EuroSAT,3,999,121,2.48,0.08
EuroSAT,4,999,121,3.0526315789473686,0.0
EuroSAT,5,999,121,3.8666666666666667,0.0
EuroSAT,2,999,122,1.736842105263158,0.2631578947368421
EuroSAT,3,999,122,2.44,0.08
EuroSAT,4,999,122,2.789473684210526,0.0
EuroSAT,5,999,122,3.3333333333333335,0.0
EuroSAT,2,999,123,1.763157894736842,0.23684210526315788
EuroSAT,3,999,123,2.4,0.04
EuroSAT,4,999,123,2.8947368421052633,0.0
EuroSAT,5,999,123,3.466666666666667,0.0
EuroSAT,2,999,124,1.8157894736842106,0.18421052631578946
EuroSAT,3,999,124,2.6,0.0
EuroSAT,4,999,124,3.0,0.0
EuroSAT,5,999,124,3.6666666666666665,0.0
EuroSAT,2,999,125,1.7894736842105263,0.21052631578947367
EuroSAT,3,999,125,2.32,0.04
EuroSAT,4,999,125,2.789473684210526,0.0
EuroSAT,5,999,125,3.466666666666667,0.0
EuroSAT,2,999,126,1.8421052631578947,0.15789473684210525
EuroSAT,3,999,126,2.68,0.0
EuroSAT,4,999,126,3.263157894736842,0.0
EuroSAT,5,999,126,3.8,0.0
EuroSAT,2,999,127,1.8421052631578947,0.15789473684210525
EuroSAT,3,999,127,2.48,0.04
EuroSAT,4,999,127,3.1052631578947367,0.0
EuroSAT,5,999,127,3.8,0.0
EuroSAT,2,999,128,1.8421052631578947,0.15789473684210525
EuroSAT,3,999,128,2.44,0.0
EuroSAT,4,999,128,2.8947368421052633,0.0
EuroSAT,5,999,128,3.533333333333333,0.0
EuroSAT,2,999,129,1.7105263157894737,0.2894736842105263
EuroSAT,3,999,129,2.64,0.04
EuroSAT,4,999,129,3.1578947368421053,0.0
EuroSAT,5,999,129,3.6,0.0
EuroSAT,2,999,130,1.894736842105263,0.10526315789473684
EuroSAT,3,999,130,2.56,0.04
EuroSAT,4,999,130,3.1578947368421053,0.0
EuroSAT,5,999,130,3.533333333333333,0.0
EuroSAT,2,999,131,1.763157894736842,0.23684210526315788
EuroSAT,3,999,131,2.6,0.0
EuroSAT,4,999,131,2.8421052631578947,0.0
EuroSAT,5,999,131,3.4,0.0
EuroSAT,2,999,132,1.7894736842105263,0.21052631578947367
EuroSAT,3,999,132,2.48,0.0
EuroSAT,4,999,132,3.0,0.0
EuroSAT,5,999,132,3.3333333333333335,0.0
EuroSAT,2,999,133,1.763157894736842,0.23684210526315788
EuroSAT,3,999,133,2.4,0.04
EuroSAT,4,999,133,2.9473684210526314,0.0
EuroSAT,5,999,133,3.1333333333333333,0.0
EuroSAT,2,999,134,1.7894736842105263,0.21052631578947367
EuroSAT,3,999,134,2.48,0.0
EuroSAT,4,999,134,2.9473684210526314,0.0
EuroSAT,5,999,134,3.466666666666667,0.0
EuroSAT,2,999,135,1.8157894736842106,0.18421052631578946
EuroSAT,3,999,135,2.48,0.08
EuroSAT,4,999,135,3.0526315789473686,0.05263157894736842
EuroSAT,5,999,135,3.466666666666667,0.0
EuroSAT,2,999,136,1.8421052631578947,0.15789473684210525
EuroSAT,3,999,136,2.36,0.04
EuroSAT,4,999,136,2.789473684210526,0.0
EuroSAT,5,999,136,3.466666666666667,0.0
EuroSAT,2,999,137,1.7894736842105263,0.21052631578947367
EuroSAT,3,999,137,2.48,0.0
EuroSAT,4,999,137,2.8947368421052633,0.0
EuroSAT,5,999,137,3.2666666666666666,0.0
EuroSAT,2,999,138,1.8157894736842106,0.18421052631578946
EuroSAT,3,999,138,2.4,0.0
EuroSAT,4,999,138,3.0,0.0
EuroSAT,5,999,138,3.4,0.0
EuroSAT,2,999,139,1.8157894736842106,0.18421052631578946
EuroSAT,3,999,139,2.52,0.0
EuroSAT,4,999,139,3.0,0.0
EuroSAT,5,999,139,3.4,0.0
EuroSAT,2,999,140,1.763157894736842,0.23684210526315788
EuroSAT,3,999,140,2.44,0.04
EuroSAT,4,999,140,3.0526315789473686,0.0
EuroSAT,5,999,140,3.466666666666667,0.0
EuroSAT,2,999,141,1.8421052631578947,0.15789473684210525
EuroSAT,3,999,141,2.4,0.0
EuroSAT,4,999,141,3.210526315789474,0.0
EuroSAT,5,999,141,3.3333333333333335,0.0
EuroSAT,2,999,142,1.763157894736842,0.23684210526315788
EuroSAT,3,999,142,2.32,0.16
EuroSAT,4,999,142,3.0526315789473686,0.0
EuroSAT,5,999,142,3.2666666666666666,0.0
EuroSAT,2,999,143,1.8157894736842106,0.18421052631578946
EuroSAT,3,999,143,2.48,0.08
EuroSAT,4,999,143,2.8947368421052633,0.0
EuroSAT,5,999,143,3.533333333333333,0.0
EuroSAT,2,999,144,1.868421052631579,0.13157894736842105
EuroSAT,3,999,144,2.56,0.0
EuroSAT,4,999,144,3.0526315789473686,0.0
EuroSAT,5,999,144,3.6,0.0
EuroSAT,2,999,145,1.8157894736842106,0.18421052631578946
EuroSAT,3,999,145,2.68,0.04
EuroSAT,4,999,145,2.9473684210526314,0.0
EuroSAT,5,999,145,3.466666666666667,0.0
EuroSAT,2,999,146,1.8157894736842106,0.18421052631578946
EuroSAT,3,999,146,2.52,0.04
EuroSAT,4,999,146,3.0526315789473686,0.0
EuroSAT,5,999,146,3.3333333333333335,0.0
EuroSAT,2,999,147,1.868421052631579,0.13157894736842105
EuroSAT,3,999,147,2.48,0.0
EuroSAT,4,999,147,3.1052631578947367,0.0
EuroSAT,5,999,147,3.6,0.0
EuroSAT,2,999,148,1.736842105263158,0.2631578947368421
EuroSAT,3,999,148,2.52,0.08
EuroSAT,4,999,148,2.9473684210526314,0.0
EuroSAT,5,999,148,3.4,0.0
EuroSAT,2,999,149,1.6578947368421053,0.34210526315789475
EuroSAT,3,999,149,2.48,0.0
EuroSAT,4,999,149,2.736842105263158,0.0
EuroSAT,5,999,149,3.3333333333333335,0.0
EuroSAT,2,999,150,1.763157894736842,0.23684210526315788
EuroSAT,3,999,150,2.4,0.08
EuroSAT,4,999,150,3.1578947368421053,0.0
EuroSAT,5,999,150,3.6,0.0
EuroSAT,2,999,151,1.631578947368421,0.3684210526315789
EuroSAT,3,999,151,2.4,0.04
EuroSAT,4,999,151,2.736842105263158,0.05263157894736842
EuroSAT,5,999,151,3.466666666666667,0.0
EuroSAT,2,999,152,1.8157894736842106,0.18421052631578946
EuroSAT,3,999,152,2.44,0.0
EuroSAT,4,999,152,3.0,0.0
EuroSAT,5,999,152,3.2,0.0
EuroSAT,2,999,153,1.736842105263158,0.2631578947368421
EuroSAT,3,999,153,2.36,0.08
EuroSAT,4,999,153,3.0,0.0
EuroSAT,5,999,153,3.466666666666667,0.0
EuroSAT,2,999,154,1.7894736842105263,0.21052631578947367
EuroSAT,3,999,154,2.48,0.0
EuroSAT,4,999,154,3.1052631578947367,0.0
EuroSAT,5,999,154,3.7333333333333334,0.0
EuroSAT,2,999,155,1.736842105263158,0.2631578947368421
EuroSAT,3,999,155,2.4,0.08
EuroSAT,4,999,155,2.8947368421052633,0.05263157894736842
EuroSAT,5,999,155,3.4,0.0
EuroSAT,2,999,156,1.8421052631578947,0.15789473684210525
EuroSAT,3,999,156,2.56,0.0
EuroSAT,4,999,156,3.1052631578947367,0.0
EuroSAT,5,999,156,3.2666666666666666,0.0
EuroSAT,2,999,157,1.7894736842105263,0.21052631578947367
EuroSAT,3,999,157,2.52,0.08
EuroSAT,4,999,157,3.0526315789473686,0.0
EuroSAT,5,999,157,3.533333333333333,0.0
EuroSAT,2,999,158,1.6578947368421053,0.34210526315789475
EuroSAT,3,999,158,2.32,0.12
EuroSAT,4,999,158,2.6842105263157894,0.05263157894736842
EuroSAT,5,999,158,3.3333333333333335,0.0
EuroSAT,2,999,159,1.868421052631579,0.13157894736842105
EuroSAT,3,999,159,2.4,0.04
EuroSAT,4,999,159,3.210526315789474,0.0
EuroSAT,5,999,159,3.6666666666666665,0.0
EuroSAT,2,999,160,1.894736842105263,0.10526315789473684
EuroSAT,3,999,160,2.6,0.0
EuroSAT,4,999,160,3.210526315789474,0.0
EuroSAT,5,999,160,3.4,0.0
EuroSAT,2,999,161,1.894736842105263,0.10526315789473684
EuroSAT,3,999,161,2.48,0.04
EuroSAT,4,999,161,3.210526315789474,0.05263157894736842
EuroSAT,5,999,161,3.6666666666666665,0.0
EuroSAT,2,999,162,1.736842105263158,0.2631578947368421
EuroSAT,3,999,162,2.48,0.04
EuroSAT,4,999,162,2.8947368421052633,0.0
EuroSAT,5,999,162,3.533333333333333,0.0
EuroSAT,2,999,163,1.7894736842105263,0.21052631578947367
EuroSAT,3,999,163,2.4,0.04
EuroSAT,4,999,163,3.1052631578947367,0.0
EuroSAT,5,999,163,3.2,0.0
EuroSAT,2,999,164,1.8157894736842106,0.18421052631578946
EuroSAT,3,999,164,2.56,0.0
EuroSAT,4,999,164,3.0,0.0
EuroSAT,5,999,164,3.533333333333333,0.0
EuroSAT,2,999,165,1.8421052631578947,0.15789473684210525
EuroSAT,3,999,165,2.56,0.0
EuroSAT,4,999,165,3.3684210526315788,0.0
EuroSAT,5,999,165,3.6,0.0
EuroSAT,2,999,166,1.7894736842105263,0.21052631578947367
EuroSAT,3,999,166,2.44,0.0
EuroSAT,4,999,166,3.1052631578947367,0.0
EuroSAT,5,999,166,3.466666666666667,0.0
EuroSAT,2,999,167,1.736842105263158,0.2631578947368421
EuroSAT,3,999,167,2.32,0.08
EuroSAT,4,999,167,2.8421052631578947,0.05263157894736842
EuroSAT,5,999,167,3.2,0.0
EuroSAT,2,999,168,1.763157894736842,0.23684210526315788
EuroSAT,3,999,168,2.52,0.04
EuroSAT,4,999,168,3.0526315789473686,0.0
EuroSAT,5,999,168,3.6666666666666665,0.0
EuroSAT,2,999,169,1.7894736842105263,0.21052631578947367
EuroSAT,3,999,169,2.44,0.0
EuroSAT,4,999,169,3.0526315789473686,0.0
EuroSAT,5,999,169,3.533333333333333,0.0
EuroSAT,2,999,170,1.763157894736842,0.23684210526315788
EuroSAT,3,999,170,2.6,0.0
EuroSAT,4,999,170,2.8421052631578947,0.0
EuroSAT,5,999,170,3.4,0.0
EuroSAT,2,999,171,1.736842105263158,0.2631578947368421
EuroSAT,3,999,171,2.44,0.04
EuroSAT,4,999,171,2.8421052631578947,0.0
EuroSAT,5,999,171,3.0,0.0
EuroSAT,2,999,172,1.763157894736842,0.23684210526315788
EuroSAT,3,999,172,2.44,0.08
EuroSAT,4,999,172,3.0,0.05263157894736842
EuroSAT,5,999,172,3.4,0.0
EuroSAT,2,999,173,1.8157894736842106,0.18421052631578946
EuroSAT,3,999,173,2.32,0.08
EuroSAT,4,999,173,3.1578947368421053,0.0
EuroSAT,5,999,173,3.533333333333333,0.0
EuroSAT,2,999,174,1.763157894736842,0.23684210526315788
EuroSAT,3,999,174,2.56,0.0
EuroSAT,4,999,174,2.8947368421052633,0.0
EuroSAT,5,999,174,3.4,0.0
EuroSAT,2,999,175,1.631578947368421,0.3684210526315789
EuroSAT,3,999,175,2.24,0.16
EuroSAT,4,999,175,2.8421052631578947,0.05263157894736842
EuroSAT,5,999,175,3.066666666666667,0.0
EuroSAT,2,999,176,1.7894736842105263,0.21052631578947367
EuroSAT,3,999,176,2.44,0.0
EuroSAT,4,999,176,2.9473684210526314,0.0
EuroSAT,5,999,176,3.466666666666667,0.0
EuroSAT,2,999,177,1.7105263157894737,0.2894736842105263
EuroSAT,3,999,177,2.24,0.12
EuroSAT,4,999,177,2.736842105263158,0.0
EuroSAT,5,999,177,3.1333333333333333,0.0
EuroSAT,2,999,178,1.763157894736842,0.23684210526315788
EuroSAT,3,999,178,2.52,0.04
EuroSAT,4,999,178,3.1578947368421053,0.0
EuroSAT,5,999,178,3.6,0.0
EuroSAT,2,999,179,1.763157894736842,0.23684210526315788
EuroSAT,3,999,179,2.56,0.0
EuroSAT,4,999,179,2.8947368421052633,0.0
EuroSAT,5,999,179,3.4,0.0
EuroSAT,2,999,180,1.736842105263158,0.2631578947368421
EuroSAT,3,999,180,2.4,0.0
EuroSAT,4,999,180,2.8421052631578947,0.0
EuroSAT,5,999,180,3.2,0.0
EuroSAT,2,999,181,1.8157894736842106,0.18421052631578946
EuroSAT,3,999,181,2.56,0.0
EuroSAT,4,999,181,3.0,0.0
EuroSAT,5,999,181,3.533333333333333,0.0
EuroSAT,2,999,182,1.8421052631578947,0.15789473684210525
EuroSAT,3,999,182,2.52,0.04
EuroSAT,4,999,182,3.1578947368421053,0.0
EuroSAT,5,999,182,3.6,0.0
EuroSAT,2,999,183,1.8421052631578947,0.15789473684210525
EuroSAT,3,999,183,2.44,0.0
EuroSAT,4,999,183,3.1578947368421053,0.0
EuroSAT,5,999,183,3.4,0.0
EuroSAT,2,999,184,1.736842105263158,0.2631578947368421
EuroSAT,3,999,184,2.32,0.08
EuroSAT,4,999,184,2.8421052631578947,0.05263157894736842
EuroSAT,5,999,184,3.4,0.0
EuroSAT,2,999,185,1.7105263157894737,0.2894736842105263
EuroSAT,3,999,185,2.32,0.12
EuroSAT,4,999,185,2.6842105263157894,0.10526315789473684
EuroSAT,5,999,185,3.2666666666666666,0.0
EuroSAT,2,999,186,1.736842105263158,0.2631578947368421
EuroSAT,3,999,186,2.36,0.04
EuroSAT,4,999,186,2.6842105263157894,0.0
EuroSAT,5,999,186,3.4,0.0
EuroSAT,2,999,187,1.8157894736842106,0.18421052631578946
EuroSAT,3,999,187,2.4,0.04
EuroSAT,4,999,187,2.9473684210526314,0.0
EuroSAT,5,999,187,3.1333333333333333,0.0
EuroSAT,2,999,188,1.8421052631578947,0.15789473684210525
EuroSAT,3,999,188,2.48,0.0
EuroSAT,4,999,188,2.9473684210526314,0.0
EuroSAT,5,999,188,3.4,0.0
EuroSAT,2,999,189,1.8421052631578947,0.15789473684210525
EuroSAT,3,999,189,2.4,0.04
EuroSAT,4,999,189,2.9473684210526314,0.0
EuroSAT,5,999,189,3.2,0.0
EuroSAT,2,999,190,1.8421052631578947,0.15789473684210525
EuroSAT,3,999,190,2.56,0.0
EuroSAT,4,999,190,3.0526315789473686,0.0
EuroSAT,5,999,190,3.3333333333333335,0.0
EuroSAT,2,999,191,1.763157894736842,0.23684210526315788
EuroSAT,3,999,191,2.36,0.04
EuroSAT,4,999,191,2.6842105263157894,0.0
EuroSAT,5,999,191,3.1333333333333333,0.0
EuroSAT,2,999,192,1.8421052631578947,0.15789473684210525
EuroSAT,3,999,192,2.64,0.04
EuroSAT,4,999,192,3.0526315789473686,0.0
EuroSAT,5,999,192,3.6,0.0
EuroSAT,2,999,193,1.763157894736842,0.23684210526315788
EuroSAT,3,999,193,2.44,0.04
EuroSAT,4,999,193,3.0,0.0
EuroSAT,5,999,193,3.533333333333333,0.0
EuroSAT,2,999,194,1.8157894736842106,0.18421052631578946
EuroSAT,3,999,194,2.56,0.04
EuroSAT,4,999,194,3.1052631578947367,0.0
EuroSAT,5,999,194,3.4,0.0
EuroSAT,2,999,195,1.6842105263157894,0.3157894736842105
EuroSAT,3,999,195,2.28,0.08
EuroSAT,4,999,195,2.736842105263158,0.0
EuroSAT,5,999,195,3.1333333333333333,0.0
EuroSAT,2,999,196,1.7894736842105263,0.21052631578947367
EuroSAT,3,999,196,2.32,0.12
EuroSAT,4,999,196,3.0526315789473686,0.05263157894736842
EuroSAT,5,999,196,3.2666666666666666,0.06666666666666667
EuroSAT,2,999,197,1.6578947368421053,0.34210526315789475
EuroSAT,3,999,197,2.32,0.0
EuroSAT,4,999,197,2.736842105263158,0.0
EuroSAT,5,999,197,3.466666666666667,0.0
EuroSAT,2,999,198,1.7894736842105263,0.21052631578947367
EuroSAT,3,999,198,2.28,0.08
EuroSAT,4,999,198,2.8947368421052633,0.0
EuroSAT,5,999,198,3.3333333333333335,0.0
EuroSAT,2,999,199,1.8421052631578947,0.15789473684210525
EuroSAT,3,999,199,2.36,0.0
EuroSAT,4,999,199,2.8421052631578947,0.0
EuroSAT,5,999,199,3.2,0.0
EuroSAT,2,999,200,1.736842105263158,0.2631578947368421
EuroSAT,3,999,200,2.24,0.0
EuroSAT,4,999,200,2.8421052631578947,0.0
EuroSAT,5,999,200,3.2666666666666666,0.0
EuroSAT,2,999,201,1.6842105263157894,0.3157894736842105
EuroSAT,3,999,201,2.44,0.04
EuroSAT,4,999,201,3.0,0.0
EuroSAT,5,999,201,3.466666666666667,0.0
EuroSAT,2,999,202,1.8157894736842106,0.18421052631578946
EuroSAT,3,999,202,2.52,0.0
EuroSAT,4,999,202,3.0526315789473686,0.0
EuroSAT,5,999,202,3.6,0.0
EuroSAT,2,999,203,1.7105263157894737,0.2894736842105263
EuroSAT,3,999,203,2.28,0.12
EuroSAT,4,999,203,2.9473684210526314,0.0
EuroSAT,5,999,203,3.466666666666667,0.0
EuroSAT,2,999,204,1.894736842105263,0.10526315789473684
EuroSAT,3,999,204,2.64,0.0
EuroSAT,4,999,204,3.210526315789474,0.0
EuroSAT,5,999,204,3.533333333333333,0.0
EuroSAT,2,999,205,1.763157894736842,0.23684210526315788
EuroSAT,3,999,205,2.44,0.0
EuroSAT,4,999,205,2.6842105263157894,0.0
EuroSAT,5,999,205,3.066666666666667,0.0
EuroSAT,2,999,206,1.8157894736842106,0.18421052631578946
EuroSAT,3,999,206,2.2,0.08
EuroSAT,4,999,206,2.736842105263158,0.0
EuroSAT,5,999,206,3.2,0.0
EuroSAT,2,999,207,1.763157894736842,0.23684210526315788
EuroSAT,3,999,207,2.4,0.0
EuroSAT,4,999,207,2.8421052631578947,0.0
EuroSAT,5,999,207,3.1333333333333333,0.0
EuroSAT,2,999,208,1.7105263157894737,0.2894736842105263
EuroSAT,3,999,208,2.32,0.08
EuroSAT,4,999,208,2.789473684210526,0.0
EuroSAT,5,999,208,3.066666666666667,0.06666666666666667
EuroSAT,2,999,209,1.8421052631578947,0.15789473684210525
EuroSAT,3,999,209,2.64,0.0
EuroSAT,4,999,209,2.8947368421052633,0.0
EuroSAT,5,999,209,3.3333333333333335,0.0
EuroSAT,2,999,210,1.7105263157894737,0.2894736842105263
EuroSAT,3,999,210,2.44,0.04
EuroSAT,4,999,210,2.9473684210526314,0.0
EuroSAT,5,999,210,3.1333333333333333,0.0
EuroSAT,2,999,211,1.868421052631579,0.13157894736842105
EuroSAT,3,999,211,2.44,0.04
EuroSAT,4,999,211,3.0526315789473686,0.0
EuroSAT,5,999,211,3.6,0.0
EuroSAT,2,999,212,1.8421052631578947,0.15789473684210525
EuroSAT,3,999,212,2.48,0.04
EuroSAT,4,999,212,3.1578947368421053,0.0
EuroSAT,5,999,212,3.4,0.0
EuroSAT,2,999,213,1.7894736842105263,0.21052631578947367
EuroSAT,3,999,213,2.44,0.04
EuroSAT,4,999,213,2.8947368421052633,0.0
EuroSAT,5,999,213,3.8,0.0
EuroSAT,2,999,214,1.894736842105263,0.10526315789473684
EuroSAT,3,999,214,2.48,0.04
EuroSAT,4,999,214,3.1052631578947367,0.0
EuroSAT,5,999,214,3.2666666666666666,0.0
EuroSAT,2,999,215,1.7894736842105263,0.21052631578947367
EuroSAT,3,999,215,2.52,0.0
EuroSAT,4,999,215,2.789473684210526,0.0
EuroSAT,5,999,215,3.533333333333333,0.0
EuroSAT,2,999,216,1.736842105263158,0.2631578947368421
EuroSAT,3,999,216,2.4,0.08
EuroSAT,4,999,216,2.8947368421052633,0.0
EuroSAT,5,999,216,3.2666666666666666,0.0
EuroSAT,2,999,217,1.7894736842105263,0.21052631578947367
EuroSAT,3,999,217,2.56,0.0
EuroSAT,4,999,217,3.210526315789474,0.0
EuroSAT,5,999,217,3.533333333333333,0.0
EuroSAT,2,999,218,1.763157894736842,0.23684210526315788
EuroSAT,3,999,218,2.48,0.04
EuroSAT,4,999,218,3.1052631578947367,0.0
EuroSAT,5,999,218,3.3333333333333335,0.0
EuroSAT,2,999,219,1.7894736842105263,0.21052631578947367
EuroSAT,3,999,219,2.6,0.0
EuroSAT,4,999,219,3.1052631578947367,0.0
EuroSAT,5,999,219,3.6666666666666665,0.0
EuroSAT,2,999,220,1.763157894736842,0.23684210526315788
EuroSAT,3,999,220,2.44,0.08
EuroSAT,4,999,220,2.8421052631578947,0.0
EuroSAT,5,999,220,3.4,0.0
EuroSAT,2,999,221,1.763157894736842,0.23684210526315788
EuroSAT,3,999,221,2.4,0.0
EuroSAT,4,999,221,2.9473684210526314,0.0
EuroSAT,5,999,221,3.2666666666666666,0.0
EuroSAT,2,999,222,1.8421052631578947,0.15789473684210525
EuroSAT,3,999,222,2.32,0.04
EuroSAT,4,999,222,3.0526315789473686,0.0
EuroSAT,5,999,222,3.3333333333333335,0.0
EuroSAT,2,999,223,1.736842105263158,0.2631578947368421
EuroSAT,3,999,223,2.44,0.0
EuroSAT,4,999,223,2.6842105263157894,0.0
EuroSAT,5,999,223,3.3333333333333335,0.0
EuroSAT,2,999,224,1.7105263157894737,0.2894736842105263
EuroSAT,3,999,224,2.4,0.04
EuroSAT,4,999,224,2.9473684210526314,0.0
EuroSAT,5,999,224,3.4,0.0
EuroSAT,2,999,225,1.894736842105263,0.10526315789473684
EuroSAT,3,999,225,2.56,0.0
EuroSAT,4,999,225,3.0,0.0
EuroSAT,5,999,225,3.6,0.0
EuroSAT,2,999,226,1.8157894736842106,0.18421052631578946
EuroSAT,3,999,226,2.44,0.0
EuroSAT,4,999,226,2.9473684210526314,0.0
EuroSAT,5,999,226,3.2,0.0
EuroSAT,2,999,227,1.7894736842105263,0.21052631578947367
EuroSAT,3,999,227,2.4,0.08
EuroSAT,4,999,227,3.1578947368421053,0.0
EuroSAT,5,999,227,3.3333333333333335,0.0
EuroSAT,2,999,228,1.7894736842105263,0.21052631578947367
EuroSAT,3,999,228,2.6,0.0
EuroSAT,4,999,228,3.0526315789473686,0.0
EuroSAT,5,999,228,3.4,0.0
EuroSAT,2,999,229,1.894736842105263,0.10526315789473684
EuroSAT,3,999,229,2.64,0.0
EuroSAT,4,999,229,3.0,0.0
EuroSAT,5,999,229,3.466666666666667,0.0
EuroSAT,2,999,230,1.8157894736842106,0.18421052631578946
EuroSAT,3,999,230,2.4,0.04
EuroSAT,4,999,230,3.0526315789473686,0.05263157894736842
EuroSAT,5,999,230,3.3333333333333335,0.0
EuroSAT,2,999,231,1.8157894736842106,0.18421052631578946
EuroSAT,3,999,231,2.48,0.0
EuroSAT,4,999,231,3.0,0.0
EuroSAT,5,999,231,3.533333333333333,0.0
EuroSAT,2,999,232,1.7105263157894737,0.2894736842105263
EuroSAT,3,999,232,2.32,0.04
EuroSAT,4,999,232,3.0526315789473686,0.0
EuroSAT,5,999,232,3.2666666666666666,0.0
EuroSAT,2,999,233,1.8421052631578947,0.15789473684210525
EuroSAT,3,999,233,2.52,0.0
EuroSAT,4,999,233,3.0,0.0
EuroSAT,5,999,233,3.6666666666666665,0.0
EuroSAT,2,999,234,1.763157894736842,0.23684210526315788
EuroSAT,3,999,234,2.4,0.04
EuroSAT,4,999,234,2.6842105263157894,0.0
EuroSAT,5,999,234,3.4,0.0
EuroSAT,2,999,235,1.763157894736842,0.23684210526315788
EuroSAT,3,999,235,2.44,0.08
EuroSAT,4,999,235,3.0,0.0
EuroSAT,5,999,235,3.466666666666667,0.0
EuroSAT,2,999,236,1.605263157894737,0.39473684210526316
EuroSAT,3,999,236,2.28,0.08
EuroSAT,4,999,236,2.6842105263157894,0.0
EuroSAT,5,999,236,3.0,0.0
EuroSAT,2,999,237,1.8157894736842106,0.18421052631578946
EuroSAT,3,999,237,2.36,0.08
EuroSAT,4,999,237,3.0,0.0
EuroSAT,5,999,237,3.2666666666666666,0.0
EuroSAT,2,999,238,1.7894736842105263,0.21052631578947367
EuroSAT,3,999,238,2.6,0.0
EuroSAT,4,999,238,3.1052631578947367,0.0
EuroSAT,5,999,238,3.466666666666667,0.0
EuroSAT,2,999,239,1.8157894736842106,0.18421052631578946
EuroSAT,3,999,239,2.28,0.0
EuroSAT,4,999,239,3.0,0.0
EuroSAT,5,999,239,3.4,0.0
EuroSAT,2,999,240,1.763157894736842,0.23684210526315788
EuroSAT,3,999,240,2.44,0.0
EuroSAT,4,999,240,2.8947368421052633,0.0
EuroSAT,5,999,240,3.3333333333333335,0.0
EuroSAT,2,999,241,1.9210526315789473,0.07894736842105263
EuroSAT,3,999,241,2.68,0.0
EuroSAT,4,999,241,3.0526315789473686,0.0
EuroSAT,5,999,241,3.533333333333333,0.0
EuroSAT,2,999,242,1.8157894736842106,0.18421052631578946
EuroSAT,3,999,242,2.6,0.0
EuroSAT,4,999,242,3.0526315789473686,0.0
EuroSAT,5,999,242,3.3333333333333335,0.0
EuroSAT,2,999,243,1.9210526315789473,0.07894736842105263
EuroSAT,3,999,243,2.52,0.04
EuroSAT,4,999,243,3.1578947368421053,0.0
EuroSAT,5,999,243,3.1333333333333333,0.0
EuroSAT,2,999,244,1.868421052631579,0.13157894736842105
EuroSAT,3,999,244,2.48,0.04
EuroSAT,4,999,244,3.1052631578947367,0.0
EuroSAT,5,999,244,3.2,0.0
EuroSAT,2,999,245,1.868421052631579,0.13157894736842105
EuroSAT,3,999,245,2.52,0.04
EuroSAT,4,999,245,3.210526315789474,0.0
EuroSAT,5,999,245,3.533333333333333,0.0
EuroSAT,2,999,246,1.7105263157894737,0.2894736842105263
EuroSAT,3,999,246,2.4,0.04
EuroSAT,4,999,246,2.736842105263158,0.0
EuroSAT,5,999,246,3.3333333333333335,0.0
EuroSAT,2,999,247,1.763157894736842,0.23684210526315788
EuroSAT,3,999,247,2.44,0.0
EuroSAT,4,999,247,2.8421052631578947,0.0
EuroSAT,5,999,247,3.1333333333333333,0.0
EuroSAT,2,999,248,1.736842105263158,0.2631578947368421
EuroSAT,3,999,248,2.28,0.04
EuroSAT,4,999,248,2.789473684210526,0.0
EuroSAT,5,999,248,3.2666666666666666,0.0
EuroSAT,2,999,249,1.736842105263158,0.2631578947368421
EuroSAT,3,999,249,2.44,0.0
EuroSAT,4,999,249,2.8947368421052633,0.0
EuroSAT,5,999,249,3.2666666666666666,0.0
EuroSAT,2,999,250,1.763157894736842,0.23684210526315788
EuroSAT,3,999,250,2.36,0.0
EuroSAT,4,999,250,3.0526315789473686,0.0
EuroSAT,5,999,250,3.4,0.0
EuroSAT,2,999,251,1.868421052631579,0.13157894736842105
EuroSAT,3,999,251,2.64,0.0
EuroSAT,4,999,251,3.0526315789473686,0.0
EuroSAT,5,999,251,3.7333333333333334,0.0
EuroSAT,2,999,252,1.7894736842105263,0.21052631578947367
EuroSAT,3,999,252,2.64,0.0
EuroSAT,4,999,252,2.9473684210526314,0.0
EuroSAT,5,999,252,3.6,0.0
EuroSAT,2,999,253,1.6578947368421053,0.34210526315789475
EuroSAT,3,999,253,2.6,0.0
EuroSAT,4,999,253,2.8421052631578947,0.0
EuroSAT,5,999,253,3.6,0.0
EuroSAT,2,999,254,1.8157894736842106,0.18421052631578946
EuroSAT,3,999,254,2.48,0.08
EuroSAT,4,999,254,3.1052631578947367,0.05263157894736842
EuroSAT,5,999,254,3.466666666666667,0.0
EuroSAT,2,999,255,1.8157894736842106,0.18421052631578946
EuroSAT,3,999,255,2.48,0.04
EuroSAT,4,999,255,3.1578947368421053,0.0
EuroSAT,5,999,255,3.533333333333333,0.0
EuroSAT,2,999,256,1.763157894736842,0.23684210526315788
EuroSAT,3,999,256,2.32,0.04
EuroSAT,4,999,256,2.9473684210526314,0.0
EuroSAT,5,999,256,3.1333333333333333,0.0
EuroSAT,2,999,257,1.8157894736842106,0.18421052631578946
EuroSAT,3,999,257,2.56,0.04
EuroSAT,4,999,257,2.9473684210526314,0.0
EuroSAT,5,999,257,3.466666666666667,0.0
EuroSAT,2,999,258,1.8421052631578947,0.15789473684210525
EuroSAT,3,999,258,2.48,0.0
EuroSAT,4,999,258,3.1052631578947367,0.0
EuroSAT,5,999,258,3.533333333333333,0.0
EuroSAT,2,999,259,1.8157894736842106,0.18421052631578946
EuroSAT,3,999,259,2.4,0.0
EuroSAT,4,999,259,2.8947368421052633,0.0
EuroSAT,5,999,259,3.466666666666667,0.0
EuroSAT,2,999,260,1.7894736842105263,0.21052631578947367
EuroSAT,3,999,260,2.52,0.0
EuroSAT,4,999,260,2.736842105263158,0.0
EuroSAT,5,999,260,3.0,0.0
EuroSAT,2,999,261,1.8157894736842106,0.18421052631578946
EuroSAT,3,999,261,2.48,0.0
EuroSAT,4,999,261,2.9473684210526314,0.0
EuroSAT,5,999,261,3.1333333333333333,0.0
EuroSAT,2,999,262,1.736842105263158,0.2631578947368421
EuroSAT,3,999,262,2.32,0.08
EuroSAT,4,999,262,2.8947368421052633,0.0
EuroSAT,5,999,262,3.466666666666667,0.0
EuroSAT,2,999,263,1.736842105263158,0.2631578947368421
EuroSAT,3,999,263,2.48,0.04
EuroSAT,4,999,263,2.9473684210526314,0.0
EuroSAT,5,999,263,3.2,0.0
EuroSAT,2,999,264,1.763157894736842,0.23684210526315788
EuroSAT,3,999,264,2.36,0.04
EuroSAT,4,999,264,3.0,0.0
EuroSAT,5,999,264,3.533333333333333,0.0
EuroSAT,2,999,265,1.7894736842105263,0.21052631578947367
EuroSAT,3,999,265,2.4,0.08
EuroSAT,4,999,265,2.8947368421052633,0.0
EuroSAT,5,999,265,3.1333333333333333,0.0
EuroSAT,2,999,266,1.868421052631579,0.13157894736842105
EuroSAT,3,999,266,2.6,0.04
EuroSAT,4,999,266,3.0,0.0
EuroSAT,5,999,266,3.6,0.0
EuroSAT,2,999,267,1.8157894736842106,0.18421052631578946
EuroSAT,3,999,267,2.72,0.0
EuroSAT,4,999,267,3.0,0.0
EuroSAT,5,999,267,3.466666666666667,0.0
EuroSAT,2,999,268,1.6842105263157894,0.3157894736842105
EuroSAT,3,999,268,2.44,0.12
EuroSAT,4,999,268,2.8947368421052633,0.0
EuroSAT,5,999,268,3.466666666666667,0.0
EuroSAT,2,999,269,1.8421052631578947,0.15789473684210525
EuroSAT,3,999,269,2.52,0.0
EuroSAT,4,999,269,3.0,0.0
EuroSAT,5,999,269,3.6,0.0
EuroSAT,2,999,270,1.894736842105263,0.10526315789473684
EuroSAT,3,999,270,2.64,0.0
EuroSAT,4,999,270,3.1578947368421053,0.0
EuroSAT,5,999,270,3.533333333333333,0.0
EuroSAT,2,999,271,1.763157894736842,0.23684210526315788
EuroSAT,3,999,271,2.52,0.04
EuroSAT,4,999,271,3.210526315789474,0.0
EuroSAT,5,999,271,3.6,0.0
EuroSAT,2,999,272,1.763157894736842,0.23684210526315788
EuroSAT,3,999,272,2.44,0.08
EuroSAT,4,999,272,2.9473684210526314,0.0
EuroSAT,5,999,272,3.466666666666667,0.0
EuroSAT,2,999,273,1.8421052631578947,0.15789473684210525
EuroSAT,3,999,273,2.6,0.04
EuroSAT,4,999,273,3.0526315789473686,0.0
EuroSAT,5,999,273,3.533333333333333,0.0
EuroSAT,2,999,274,1.7894736842105263,0.21052631578947367
EuroSAT,3,999,274,2.28,0.04
EuroSAT,4,999,274,2.736842105263158,0.05263157894736842
EuroSAT,5,999,274,3.2,0.0
EuroSAT,2,999,275,1.8421052631578947,0.15789473684210525
EuroSAT,3,999,275,2.32,0.04
EuroSAT,4,999,275,2.8947368421052633,0.0
EuroSAT,5,999,275,3.2,0.0
EuroSAT,2,999,276,1.736842105263158,0.2631578947368421
EuroSAT,3,999,276,2.52,0.04
EuroSAT,4,999,276,3.0,0.0
EuroSAT,5,999,276,3.533333333333333,0.0
EuroSAT,2,999,277,1.763157894736842,0.23684210526315788
EuroSAT,3,999,277,2.4,0.0
EuroSAT,4,999,277,3.0,0.0
EuroSAT,5,999,277,3.533333333333333,0.0
EuroSAT,2,999,278,1.894736842105263,0.10526315789473684
EuroSAT,3,999,278,2.64,0.0
EuroSAT,4,999,278,3.3684210526315788,0.0
EuroSAT,5,999,278,3.533333333333333,0.0
EuroSAT,2,999,279,1.763157894736842,0.23684210526315788
EuroSAT,3,999,279,2.36,0.12
EuroSAT,4,999,279,2.736842105263158,0.0
EuroSAT,5,999,279,3.3333333333333335,0.0
EuroSAT,2,999,280,1.7894736842105263,0.21052631578947367
EuroSAT,3,999,280,2.6,0.0
EuroSAT,4,999,280,3.0,0.0
EuroSAT,5,999,280,3.533333333333333,0.0
EuroSAT,2,999,281,1.763157894736842,0.23684210526315788
EuroSAT,3,999,281,2.56,0.0
EuroSAT,4,999,281,2.8421052631578947,0.0
EuroSAT,5,999,281,3.2,0.0
EuroSAT,2,999,282,1.763157894736842,0.23684210526315788
EuroSAT,3,999,282,2.6,0.0
EuroSAT,4,999,282,3.1052631578947367,0.0
EuroSAT,5,999,282,3.3333333333333335,0.0
EuroSAT,2,999,283,1.763157894736842,0.23684210526315788
EuroSAT,3,999,283,2.52,0.04
EuroSAT,4,999,283,3.0526315789473686,0.0
EuroSAT,5,999,283,3.533333333333333,0.0
EuroSAT,2,999,284,1.7105263157894737,0.2894736842105263
EuroSAT,3,999,284,2.36,0.12
EuroSAT,4,999,284,2.8421052631578947,0.0
EuroSAT,5,999,284,3.4,0.0
EuroSAT,2,999,285,1.8157894736842106,0.18421052631578946
EuroSAT,3,999,285,2.44,0.04
EuroSAT,4,999,285,2.789473684210526,0.0
EuroSAT,5,999,285,3.4,0.0
EuroSAT,2,999,286,1.8157894736842106,0.18421052631578946
EuroSAT,3,999,286,2.36,0.0
EuroSAT,4,999,286,2.9473684210526314,0.0
EuroSAT,5,999,286,3.4,0.0
EuroSAT,2,999,287,1.763157894736842,0.23684210526315788
EuroSAT,3,999,287,2.48,0.04
EuroSAT,4,999,287,2.789473684210526,0.05263157894736842
EuroSAT,5,999,287,3.3333333333333335,0.0
EuroSAT,2,999,288,1.8421052631578947,0.15789473684210525
EuroSAT,3,999,288,2.56,0.0
EuroSAT,4,999,288,2.9473684210526314,0.0
EuroSAT,5,999,288,3.6,0.0
EuroSAT,2,999,289,1.736842105263158,0.2631578947368421
EuroSAT,3,999,289,2.32,0.0
EuroSAT,4,999,289,3.0526315789473686,0.0
EuroSAT,5,999,289,3.2,0.0
EuroSAT,2,999,290,1.6842105263157894,0.3157894736842105
EuroSAT,3,999,290,2.32,0.08
EuroSAT,4,999,290,2.5789473684210527,0.0
EuroSAT,5,999,290,3.2666666666666666,0.0
EuroSAT,2,999,291,1.8157894736842106,0.18421052631578946
EuroSAT,3,999,291,2.56,0.0
EuroSAT,4,999,291,3.263157894736842,0.0
EuroSAT,5,999,291,3.6,0.0
EuroSAT,2,999,292,1.7894736842105263,0.21052631578947367
EuroSAT,3,999,292,2.56,0.04
EuroSAT,4,999,292,3.1052631578947367,0.0
EuroSAT,5,999,292,3.1333333333333333,0.0
EuroSAT,2,999,293,1.868421052631579,0.13157894736842105
EuroSAT,3,999,293,2.32,0.04
EuroSAT,4,999,293,2.9473684210526314,0.0
EuroSAT,5,999,293,3.3333333333333335,0.0
EuroSAT,2,999,294,1.8157894736842106,0.18421052631578946
EuroSAT,3,999,294,2.56,0.04
EuroSAT,4,999,294,3.0,0.0
EuroSAT,5,999,294,3.533333333333333,0.0
EuroSAT,2,999,295,1.8157894736842106,0.18421052631578946
EuroSAT,3,999,295,2.36,0.0
EuroSAT,4,999,295,3.0526315789473686,0.0
EuroSAT,5,999,295,3.7333333333333334,0.0
EuroSAT,2,999,296,1.763157894736842,0.23684210526315788
EuroSAT,3,999,296,2.48,0.0
EuroSAT,4,999,296,2.6315789473684212,0.0
EuroSAT,5,999,296,3.2,0.0
EuroSAT,2,999,297,1.7894736842105263,0.21052631578947367
EuroSAT,3,999,297,2.4,0.04
EuroSAT,4,999,297,2.8947368421052633,0.0
EuroSAT,5,999,297,3.2666666666666666,0.0
EuroSAT,2,999,298,1.7894736842105263,0.21052631578947367
EuroSAT,3,999,298,2.56,0.04
EuroSAT,4,999,298,2.8421052631578947,0.0
EuroSAT,5,999,298,3.2,0.0
EuroSAT,2,999,299,1.8421052631578947,0.15789473684210525
EuroSAT,3,999,299,2.52,0.04
EuroSAT,4,999,299,3.1578947368421053,0.0
EuroSAT,5,999,299,3.2666666666666666,0.0
ISIC,2,42,0,1.8421052631578947,0.15789473684210525
ISIC,3,42,0,2.4,0.08
ISIC,4,42,0,3.1052631578947367,0.0
ISIC,5,42,0,3.2,0.0
ISIC,2,42,1,1.6842105263157894,0.3157894736842105
ISIC,3,42,1,2.36,0.0
ISIC,4,42,1,2.736842105263158,0.0
ISIC,5,42,1,3.2666666666666666,0.0
ISIC,2,42,2,1.763157894736842,0.23684210526315788
ISIC,3,42,2,2.24,0.08
ISIC,4,42,2,2.6842105263157894,0.0
ISIC,5,42,2,3.2,0.0
ISIC,2,42,3,1.868421052631579,0.13157894736842105
ISIC,3,42,3,2.64,0.0
ISIC,4,42,3,3.1578947368421053,0.0
ISIC,5,42,3,3.466666666666667,0.0
ISIC,2,42,4,1.763157894736842,0.23684210526315788
ISIC,3,42,4,2.6,0.0
ISIC,4,42,4,2.9473684210526314,0.0
ISIC,5,42,4,3.533333333333333,0.0
ISIC,2,42,5,1.7894736842105263,0.21052631578947367
ISIC,3,42,5,2.52,0.0
ISIC,4,42,5,2.9473684210526314,0.0
ISIC,5,42,5,3.466666666666667,0.0
ISIC,2,42,6,1.7894736842105263,0.21052631578947367
ISIC,3,42,6,2.68,0.0
ISIC,4,42,6,2.9473684210526314,0.0
ISIC,5,42,6,3.6666666666666665,0.0
ISIC,2,42,7,1.894736842105263,0.10526315789473684
ISIC,3,42,7,2.44,0.04
ISIC,4,42,7,2.789473684210526,0.05263157894736842
ISIC,5,42,7,3.3333333333333335,0.0
ISIC,2,42,8,1.8421052631578947,0.15789473684210525
ISIC,3,42,8,2.56,0.0
ISIC,4,42,8,3.263157894736842,0.0
ISIC,5,42,8,3.466666666666667,0.0
ISIC,2,42,9,1.736842105263158,0.2631578947368421
ISIC,3,42,9,2.44,0.04
ISIC,4,42,9,2.6842105263157894,0.05263157894736842
ISIC,5,42,9,3.2,0.0
ISIC,2,42,10,1.763157894736842,0.23684210526315788
ISIC,3,42,10,2.6,0.0
ISIC,4,42,10,3.0,0.0
ISIC,5,42,10,3.6,0.0
ISIC,2,42,11,1.8421052631578947,0.15789473684210525
ISIC,3,42,11,2.6,0.0
ISIC,4,42,11,2.8421052631578947,0.0
ISIC,5,42,11,3.466666666666667,0.0
ISIC,2,42,12,1.736842105263158,0.2631578947368421
ISIC,3,42,12,2.56,0.0
ISIC,4,42,12,3.0,0.0
ISIC,5,42,12,3.4,0.0
ISIC,2,42,13,1.763157894736842,0.23684210526315788
ISIC,3,42,13,2.32,0.08
ISIC,4,42,13,2.8421052631578947,0.0
ISIC,5,42,13,3.4,0.0
ISIC,2,42,14,1.6578947368421053,0.34210526315789475
ISIC,3,42,14,2.08,0.12
ISIC,4,42,14,2.6842105263157894,0.0
ISIC,5,42,14,3.4,0.0
ISIC,2,42,15,1.868421052631579,0.13157894736842105
ISIC,3,42,15,2.4,0.0
ISIC,4,42,15,3.0,0.0
ISIC,5,42,15,3.2666666666666666,0.0
ISIC,2,42,16,1.7894736842105263,0.21052631578947367
ISIC,3,42,16,2.64,0.0
ISIC,4,42,16,3.1578947368421053,0.0
ISIC,5,42,16,3.933333333333333,0.0
ISIC,2,42,17,1.6842105263157894,0.3157894736842105
ISIC,3,42,17,2.36,0.04
ISIC,4,42,17,2.6315789473684212,0.0
ISIC,5,42,17,3.2,0.0
ISIC,2,42,18,1.8157894736842106,0.18421052631578946
ISIC,3,42,18,2.56,0.04
ISIC,4,42,18,2.9473684210526314,0.0
ISIC,5,42,18,3.3333333333333335,0.0
ISIC,2,42,19,1.6578947368421053,0.34210526315789475
ISIC,3,42,19,2.28,0.12
ISIC,4,42,19,2.736842105263158,0.05263157894736842
ISIC,5,42,19,3.066666666666667,0.06666666666666667
ISIC,2,42,20,1.7105263157894737,0.2894736842105263
ISIC,3,42,20,2.44,0.04
ISIC,4,42,20,3.0,0.0
ISIC,5,42,20,3.4,0.0
ISIC,2,42,21,1.736842105263158,0.2631578947368421
ISIC,3,42,21,2.48,0.12
ISIC,4,42,21,3.0,0.0
ISIC,5,42,21,3.6,0.0
ISIC,2,42,22,1.8421052631578947,0.15789473684210525
ISIC,3,42,22,2.52,0.0
ISIC,4,42,22,3.0526315789473686,0.0
ISIC,5,42,22,3.3333333333333335,0.0
ISIC,2,42,23,1.763157894736842,0.23684210526315788
ISIC,3,42,23,2.44,0.0
ISIC,4,42,23,2.789473684210526,0.0
ISIC,5,42,23,3.3333333333333335,0.0
ISIC,2,42,24,1.8157894736842106,0.18421052631578946
ISIC,3,42,24,2.48,0.0
ISIC,4,42,24,3.1578947368421053,0.05263157894736842
ISIC,5,42,24,3.4,0.0
ISIC,2,42,25,1.763157894736842,0.23684210526315788
ISIC,3,42,25,2.4,0.08
ISIC,4,42,25,2.9473684210526314,0.0
ISIC,5,42,25,3.2666666666666666,0.0
ISIC,2,42,26,1.6842105263157894,0.3157894736842105
ISIC,3,42,26,2.44,0.0
ISIC,4,42,26,2.9473684210526314,0.0
ISIC,5,42,26,3.1333333333333333,0.0
ISIC,2,42,27,1.8421052631578947,0.15789473684210525
ISIC,3,42,27,2.56,0.04
ISIC,4,42,27,3.3157894736842106,0.0
ISIC,5,42,27,3.6,0.0
ISIC,2,42,28,1.763157894736842,0.23684210526315788
ISIC,3,42,28,2.48,0.04
ISIC,4,42,28,2.736842105263158,0.0
ISIC,5,42,28,3.4,0.0
ISIC,2,42,29,1.763157894736842,0.23684210526315788
ISIC,3,42,29,2.56,0.0
ISIC,4,42,29,3.0,0.0
ISIC,5,42,29,3.2666666666666666,0.0
ISIC,2,42,30,1.763157894736842,0.23684210526315788
ISIC,3,42,30,2.52,0.04
ISIC,4,42,30,3.0,0.0
ISIC,5,42,30,3.533333333333333,0.0
ISIC,2,42,31,1.6842105263157894,0.3157894736842105
ISIC,3,42,31,2.4,0.04
ISIC,4,42,31,2.6842105263157894,0.0
ISIC,5,42,31,3.4,0.0
ISIC,2,42,32,1.8421052631578947,0.15789473684210525
ISIC,3,42,32,2.4,0.08
ISIC,4,42,32,2.8947368421052633,0.0
ISIC,5,42,32,3.4,0.0
ISIC,2,42,33,1.736842105263158,0.2631578947368421
ISIC,3,42,33,2.32,0.16
ISIC,4,42,33,2.5789473684210527,0.05263157894736842
ISIC,5,42,33,3.066666666666667,0.0
ISIC,2,42,34,1.8421052631578947,0.15789473684210525
ISIC,3,42,34,2.44,0.0
ISIC,4,42,34,3.0526315789473686,0.0
ISIC,5,42,34,3.2666666666666666,0.0
ISIC,2,42,35,1.763157894736842,0.23684210526315788
ISIC,3,42,35,2.2,0.12
ISIC,4,42,35,2.9473684210526314,0.0
ISIC,5,42,35,3.2666666666666666,0.0
ISIC,2,42,36,1.763157894736842,0.23684210526315788
ISIC,3,42,36,2.48,0.04
ISIC,4,42,36,2.9473684210526314,0.05263157894736842
ISIC,5,42,36,3.066666666666667,0.0
ISIC,2,42,37,1.8421052631578947,0.15789473684210525
ISIC,3,42,37,2.48,0.0
ISIC,4,42,37,3.0526315789473686,0.0
ISIC,5,42,37,3.2666666666666666,0.0
ISIC,2,42,38,1.868421052631579,0.13157894736842105
ISIC,3,42,38,2.4,0.04
ISIC,4,42,38,3.0,0.0
ISIC,5,42,38,3.1333333333333333,0.0
ISIC,2,42,39,1.7894736842105263,0.21052631578947367
ISIC,3,42,39,2.36,0.04
ISIC,4,42,39,3.1052631578947367,0.0
ISIC,5,42,39,3.533333333333333,0.0
ISIC,2,42,40,1.8421052631578947,0.15789473684210525
ISIC,3,42,40,2.48,0.0
ISIC,4,42,40,2.6842105263157894,0.0
ISIC,5,42,40,3.3333333333333335,0.0
ISIC,2,42,41,1.736842105263158,0.2631578947368421
ISIC,3,42,41,2.48,0.0
ISIC,4,42,41,2.9473684210526314,0.0
ISIC,5,42,41,3.3333333333333335,0.0
ISIC,2,42,42,1.8421052631578947,0.15789473684210525
ISIC,3,42,42,2.4,0.0
ISIC,4,42,42,2.8421052631578947,0.0
ISIC,5,42,42,3.533333333333333,0.0
ISIC,2,42,43,1.7894736842105263,0.21052631578947367
ISIC,3,42,43,2.4,0.04
ISIC,4,42,43,3.0526315789473686,0.0
ISIC,5,42,43,3.466666666666667,0.0
ISIC,2,42,44,1.7894736842105263,0.21052631578947367
ISIC,3,42,44,2.32,0.0
ISIC,4,42,44,2.8947368421052633,0.0
ISIC,5,42,44,3.466666666666667,0.0
ISIC,2,42,45,1.868421052631579,0.13157894736842105
ISIC,3,42,45,2.68,0.0
ISIC,4,42,45,3.210526315789474,0.0
ISIC,5,42,45,3.6,0.0
ISIC,2,42,46,1.7105263157894737,0.2894736842105263
ISIC,3,42,46,2.48,0.0
ISIC,4,42,46,3.1578947368421053,0.0
ISIC,5,42,46,3.6666666666666665,0.0
ISIC,2,42,47,1.7894736842105263,0.21052631578947367
ISIC,3,42,47,2.56,0.0
ISIC,4,42,47,2.9473684210526314,0.0
ISIC,5,42,47,3.6666666666666665,0.0
ISIC,2,42,48,1.894736842105263,0.10526315789473684
ISIC,3,42,48,2.52,0.0
ISIC,4,42,48,2.8947368421052633,0.0
ISIC,5,42,48,3.4,0.0
ISIC,2,42,49,1.8421052631578947,0.15789473684210525
ISIC,3,42,49,2.56,0.08
ISIC,4,42,49,2.8947368421052633,0.0
ISIC,5,42,49,3.2,0.0
ISIC,2,42,50,1.736842105263158,0.2631578947368421
ISIC,3,42,50,2.32,0.04
ISIC,4,42,50,3.0,0.05263157894736842
ISIC,5,42,50,3.3333333333333335,0.0
ISIC,2,42,51,1.605263157894737,0.39473684210526316
ISIC,3,42,51,2.52,0.0
ISIC,4,42,51,2.736842105263158,0.0
ISIC,5,42,51,3.3333333333333335,0.0
ISIC,2,42,52,1.8157894736842106,0.18421052631578946
ISIC,3,42,52,2.6,0.0
ISIC,4,42,52,3.0526315789473686,0.0
ISIC,5,42,52,3.466666666666667,0.0
ISIC,2,42,53,1.868421052631579,0.13157894736842105
ISIC,3,42,53,2.4,0.04
ISIC,4,42,53,2.8947368421052633,0.0
ISIC,5,42,53,3.4,0.0
ISIC,2,42,54,1.8421052631578947,0.15789473684210525
ISIC,3,42,54,2.36,0.0
ISIC,4,42,54,2.8947368421052633,0.0
ISIC,5,42,54,3.1333333333333333,0.0
ISIC,2,42,55,1.8157894736842106,0.18421052631578946
ISIC,3,42,55,2.52,0.0
ISIC,4,42,55,3.0526315789473686,0.0
ISIC,5,42,55,3.4,0.0
ISIC,2,42,56,1.868421052631579,0.13157894736842105
ISIC,3,42,56,2.44,0.0
ISIC,4,42,56,3.0,0.0
ISIC,5,42,56,3.466666666666667,0.0
ISIC,2,42,57,1.736842105263158,0.2631578947368421
ISIC,3,42,57,2.4,0.04
ISIC,4,42,57,2.789473684210526,0.0
ISIC,5,42,57,3.066666666666667,0.0
ISIC,2,42,58,1.868421052631579,0.13157894736842105
ISIC,3,42,58,2.6,0.0
ISIC,4,42,58,3.0526315789473686,0.0
ISIC,5,42,58,3.2,0.0
ISIC,2,42,59,1.8421052631578947,0.15789473684210525
ISIC,3,42,59,2.6,0.04
ISIC,4,42,59,3.263157894736842,0.0
ISIC,5,42,59,3.6,0.0
ISIC,2,42,60,1.6578947368421053,0.34210526315789475
ISIC,3,42,60,2.28,0.04
ISIC,4,42,60,2.8947368421052633,0.0
ISIC,5,42,60,3.3333333333333335,0.0
ISIC,2,42,61,1.7894736842105263,0.21052631578947367
ISIC,3,42,61,2.56,0.0
ISIC,4,42,61,3.1052631578947367,0.0
ISIC,5,42,61,3.533333333333333,0.0
ISIC,2,42,62,1.6842105263157894,0.3157894736842105
ISIC,3,42,62,2.4,0.08
ISIC,4,42,62,2.736842105263158,0.0
ISIC,5,42,62,3.7333333333333334,0.0
ISIC,2,42,63,1.763157894736842,0.23684210526315788
ISIC,3,42,63,2.4,0.12
ISIC,4,42,63,2.8947368421052633,0.10526315789473684
ISIC,5,42,63,3.3333333333333335,0.0
ISIC,2,42,64,1.736842105263158,0.2631578947368421
ISIC,3,42,64,2.36,0.04
ISIC,4,42,64,3.0526315789473686,0.0
ISIC,5,42,64,3.6,0.0
ISIC,2,42,65,1.894736842105263,0.10526315789473684
ISIC,3,42,65,2.64,0.0
ISIC,4,42,65,3.1578947368421053,0.0
ISIC,5,42,65,3.6666666666666665,0.0
ISIC,2,42,66,1.7894736842105263,0.21052631578947367
ISIC,3,42,66,2.56,0.0
ISIC,4,42,66,3.1052631578947367,0.0
ISIC,5,42,66,3.3333333333333335,0.0
ISIC,2,42,67,1.7105263157894737,0.2894736842105263
ISIC,3,42,67,2.2,0.12
ISIC,4,42,67,2.6842105263157894,0.0
ISIC,5,42,67,3.0,0.0
ISIC,2,42,68,1.763157894736842,0.23684210526315788
ISIC,3,42,68,2.64,0.08
ISIC,4,42,68,3.1578947368421053,0.0
ISIC,5,42,68,3.466666666666667,0.0
ISIC,2,42,69,1.7105263157894737,0.2894736842105263
ISIC,3,42,69,2.32,0.04
ISIC,4,42,69,2.6315789473684212,0.0
ISIC,5,42,69,3.066666666666667,0.0
ISIC,2,42,70,1.7894736842105263,0.21052631578947367
ISIC,3,42,70,2.52,0.04
ISIC,4,42,70,3.0,0.0
ISIC,5,42,70,3.6,0.0
ISIC,2,42,71,1.9210526315789473,0.07894736842105263
ISIC,3,42,71,2.32,0.04
ISIC,4,42,71,3.0,0.0
ISIC,5,42,71,3.466666666666667,0.0
ISIC,2,42,72,1.7894736842105263,0.21052631578947367
ISIC,3,42,72,2.64,0.0
ISIC,4,42,72,3.1052631578947367,0.0
ISIC,5,42,72,3.6666666666666665,0.0
ISIC,2,42,73,1.8421052631578947,0.15789473684210525
ISIC,3,42,73,2.4,0.08
ISIC,4,42,73,2.8947368421052633,0.0
ISIC,5,42,73,3.533333333333333,0.0
ISIC,2,42,74,1.763157894736842,0.23684210526315788
ISIC,3,42,74,2.52,0.04
ISIC,4,42,74,2.6842105263157894,0.05263157894736842
ISIC,5,42,74,3.533333333333333,0.0
ISIC,2,42,75,1.6842105263157894,0.3157894736842105
ISIC,3,42,75,2.28,0.08
ISIC,4,42,75,2.8421052631578947,0.0
ISIC,5,42,75,3.3333333333333335,0.0
ISIC,2,42,76,1.7894736842105263,0.21052631578947367
ISIC,3,42,76,2.52,0.04
ISIC,4,42,76,2.8947368421052633,0.0
ISIC,5,42,76,3.6,0.0
ISIC,2,42,77,1.8157894736842106,0.18421052631578946
ISIC,3,42,77,2.76,0.04
ISIC,4,42,77,2.9473684210526314,0.0
ISIC,5,42,77,3.3333333333333335,0.0
ISIC,2,42,78,1.7894736842105263,0.21052631578947367
ISIC,3,42,78,2.56,0.0
ISIC,4,42,78,2.9473684210526314,0.0
ISIC,5,42,78,3.2,0.0
ISIC,2,42,79,1.7894736842105263,0.21052631578947367
ISIC,3,42,79,2.52,0.04
ISIC,4,42,79,3.0526315789473686,0.0
ISIC,5,42,79,3.2,0.0
ISIC,2,42,80,1.7894736842105263,0.21052631578947367
ISIC,3,42,80,2.52,0.0
ISIC,4,42,80,3.1052631578947367,0.0
ISIC,5,42,80,3.533333333333333,0.0
ISIC,2,42,81,1.894736842105263,0.10526315789473684
ISIC,3,42,81,2.56,0.04
ISIC,4,42,81,3.0526315789473686,0.0
ISIC,5,42,81,3.6666666666666665,0.0
ISIC,2,42,82,1.8421052631578947,0.15789473684210525
ISIC,3,42,82,2.44,0.0
ISIC,4,42,82,3.0,0.0
ISIC,5,42,82,3.2666666666666666,0.0
ISIC,2,42,83,1.763157894736842,0.23684210526315788
ISIC,3,42,83,2.36,0.08
ISIC,4,42,83,3.0,0.0
ISIC,5,42,83,3.3333333333333335,0.0
ISIC,2,42,84,1.7105263157894737,0.2894736842105263
ISIC,3,42,84,2.4,0.08
ISIC,4,42,84,2.789473684210526,0.05263157894736842
ISIC,5,42,84,3.2666666666666666,0.0
ISIC,2,42,85,1.7894736842105263,0.21052631578947367
ISIC,3,42,85,2.52,0.0
ISIC,4,42,85,2.8947368421052633,0.0
ISIC,5,42,85,3.2666666666666666,0.0
ISIC,2,42,86,1.7105263157894737,0.2894736842105263
ISIC,3,42,86,2.48,0.04
ISIC,4,42,86,2.8947368421052633,0.05263157894736842
ISIC,5,42,86,3.2666666666666666,0.0
ISIC,2,42,87,1.763157894736842,0.23684210526315788
ISIC,3,42,87,2.48,0.0
ISIC,4,42,87,3.1052631578947367,0.0
ISIC,5,42,87,3.6666666666666665,0.0
ISIC,2,42,88,1.868421052631579,0.13157894736842105
ISIC,3,42,88,2.4,0.08
ISIC,4,42,88,3.1578947368421053,0.0
ISIC,5,42,88,3.4,0.0
ISIC,2,42,89,1.736842105263158,0.2631578947368421
ISIC,3,42,89,2.24,0.12
ISIC,4,42,89,2.789473684210526,0.0
ISIC,5,42,89,3.2,0.0
ISIC,2,42,90,1.8157894736842106,0.18421052631578946
ISIC,3,42,90,2.52,0.04
ISIC,4,42,90,3.1052631578947367,0.0
ISIC,5,42,90,3.466666666666667,0.0
ISIC,2,42,91,1.7105263157894737,0.2894736842105263
ISIC,3,42,91,2.44,0.08
ISIC,4,42,91,2.8947368421052633,0.0
ISIC,5,42,91,3.2,0.0
ISIC,2,42,92,1.8421052631578947,0.15789473684210525
ISIC,3,42,92,2.6,0.0
ISIC,4,42,92,3.1578947368421053,0.0
ISIC,5,42,92,3.533333333333333,0.0
ISIC,2,42,93,1.736842105263158,0.2631578947368421
ISIC,3,42,93,2.44,0.0
ISIC,4,42,93,2.8947368421052633,0.0
ISIC,5,42,93,3.6666666666666665,0.0
ISIC,2,42,94,1.736842105263158,0.2631578947368421
ISIC,3,42,94,2.4,0.04
ISIC,4,42,94,2.8947368421052633,0.0
ISIC,5,42,94,3.4,0.0
ISIC,2,42,95,1.8157894736842106,0.18421052631578946
ISIC,3,42,95,2.56,0.0
ISIC,4,42,95,3.1578947368421053,0.0
ISIC,5,42,95,3.6,0.0
ISIC,2,42,96,1.763157894736842,0.23684210526315788
ISIC,3,42,96,2.4,0.04
ISIC,4,42,96,2.8947368421052633,0.0
ISIC,5,42,96,3.3333333333333335,0.0
ISIC,2,42,97,1.7894736842105263,0.21052631578947367
ISIC,3,42,97,2.6,0.04
ISIC,4,42,97,3.0,0.0
ISIC,5,42,97,3.4,0.0
ISIC,2,42,98,1.8421052631578947,0.15789473684210525
ISIC,3,42,98,2.44,0.0
ISIC,4,42,98,3.0,0.0
ISIC,5,42,98,3.4,0.0
ISIC,2,42,99,1.8157894736842106,0.18421052631578946
ISIC,3,42,99,2.44,0.04
ISIC,4,42,99,2.8421052631578947,0.05263157894736842
ISIC,5,42,99,3.6,0.0
ISIC,2,42,100,1.7894736842105263,0.21052631578947367
ISIC,3,42,100,2.36,0.04
ISIC,4,42,100,2.8421052631578947,0.0
ISIC,5,42,100,3.2666666666666666,0.0
ISIC,2,42,101,1.8421052631578947,0.15789473684210525
ISIC,3,42,101,2.56,0.0
ISIC,4,42,101,3.1052631578947367,0.0
ISIC,5,42,101,3.466666666666667,0.0
ISIC,2,42,102,1.9210526315789473,0.07894736842105263
ISIC,3,42,102,2.56,0.0
ISIC,4,42,102,3.1578947368421053,0.0
ISIC,5,42,102,3.466666666666667,0.0
ISIC,2,42,103,1.6578947368421053,0.34210526315789475
ISIC,3,42,103,2.4,0.08
ISIC,4,42,103,2.9473684210526314,0.0
ISIC,5,42,103,3.3333333333333335,0.0
ISIC,2,42,104,1.763157894736842,0.23684210526315788
ISIC,3,42,104,2.52,0.0
ISIC,4,42,104,3.1052631578947367,0.0
ISIC,5,42,104,3.6,0.0
ISIC,2,42,105,1.868421052631579,0.13157894736842105
ISIC,3,42,105,2.44,0.04
ISIC,4,42,105,3.1578947368421053,0.05263157894736842
ISIC,5,42,105,3.6666666666666665,0.0
ISIC,2,42,106,1.7105263157894737,0.2894736842105263
ISIC,3,42,106,2.4,0.08
ISIC,4,42,106,2.8421052631578947,0.0
ISIC,5,42,106,3.2666666666666666,0.0
ISIC,2,42,107,1.736842105263158,0.2631578947368421
ISIC,3,42,107,2.56,0.0
ISIC,4,42,107,2.789473684210526,0.0
ISIC,5,42,107,3.533333333333333,0.0
ISIC,2,42,108,1.868421052631579,0.13157894736842105
ISIC,3,42,108,2.52,0.0
ISIC,4,42,108,3.0,0.0
ISIC,5,42,108,3.6,0.0
ISIC,2,42,109,1.9210526315789473,0.07894736842105263
ISIC,3,42,109,2.52,0.0
ISIC,4,42,109,2.8421052631578947,0.0
ISIC,5,42,109,3.533333333333333,0.0
ISIC,2,42,110,1.6842105263157894,0.3157894736842105
ISIC,3,42,110,2.36,0.08
ISIC,4,42,110,2.736842105263158,0.0
ISIC,5,42,110,3.4,0.0
ISIC,2,42,111,1.7894736842105263,0.21052631578947367
ISIC,3,42,111,2.44,0.08
ISIC,4,42,111,3.0,0.05263157894736842
ISIC,5,42,111,3.3333333333333335,0.0
ISIC,2,42,112,1.736842105263158,0.2631578947368421
ISIC,3,42,112,2.36,0.04
ISIC,4,42,112,2.789473684210526,0.0
ISIC,5,42,112,3.2,0.0
ISIC,2,42,113,1.6842105263157894,0.3157894736842105
ISIC,3,42,113,2.24,0.12
ISIC,4,42,113,2.789473684210526,0.0
ISIC,5,42,113,3.1333333333333333,0.0
ISIC,2,42,114,1.8157894736842106,0.18421052631578946
ISIC,3,42,114,2.52,0.0
ISIC,4,42,114,3.1052631578947367,0.0
ISIC,5,42,114,3.466666666666667,0.0
ISIC,2,42,115,1.8157894736842106,0.18421052631578946
ISIC,3,42,115,2.4,0.08
ISIC,4,42,115,2.789473684210526,0.0
ISIC,5,42,115,3.3333333333333335,0.0
ISIC,2,42,116,1.763157894736842,0.23684210526315788
ISIC,3,42,116,2.4,0.08
ISIC,4,42,116,2.789473684210526,0.0
ISIC,5,42,116,3.533333333333333,0.0
ISIC,2,42,117,1.8421052631578947,0.15789473684210525
ISIC,3,42,117,2.72,0.04
ISIC,4,42,117,3.1052631578947367,0.0
ISIC,5,42,117,3.466666666666667,0.0
ISIC,2,42,118,1.894736842105263,0.10526315789473684
ISIC,3,42,118,2.44,0.0
ISIC,4,42,118,2.9473684210526314,0.0
ISIC,5,42,118,3.2,0.0
ISIC,2,42,119,1.8421052631578947,0.15789473684210525
ISIC,3,42,119,2.6,0.04
ISIC,4,42,119,3.1578947368421053,0.0
ISIC,5,42,119,3.3333333333333335,0.0
ISIC,2,42,120,1.8157894736842106,0.18421052631578946
ISIC,3,42,120,2.56,0.04
ISIC,4,42,120,3.0,0.0
ISIC,5,42,120,3.3333333333333335,0.0
ISIC,2,42,121,1.8157894736842106,0.18421052631578946
ISIC,3,42,121,2.48,0.0
ISIC,4,42,121,3.0,0.0
ISIC,5,42,121,3.533333333333333,0.0
ISIC,2,42,122,1.7894736842105263,0.21052631578947367
ISIC,3,42,122,2.44,0.12
ISIC,4,42,122,2.9473684210526314,0.0
ISIC,5,42,122,3.4,0.0
ISIC,2,42,123,1.6842105263157894,0.3157894736842105
ISIC,3,42,123,2.28,0.08
ISIC,4,42,123,2.9473684210526314,0.05263157894736842
ISIC,5,42,123,3.2,0.0
ISIC,2,42,124,1.8421052631578947,0.15789473684210525
ISIC,3,42,124,2.52,0.0
ISIC,4,42,124,3.0,0.0
ISIC,5,42,124,3.533333333333333,0.0
ISIC,2,42,125,1.8157894736842106,0.18421052631578946
ISIC,3,42,125,2.4,0.0
ISIC,4,42,125,2.789473684210526,0.0
ISIC,5,42,125,3.2666666666666666,0.0
ISIC,2,42,126,1.6578947368421053,0.34210526315789475
ISIC,3,42,126,2.28,0.0
ISIC,4,42,126,2.5789473684210527,0.0
ISIC,5,42,126,3.2,0.0
ISIC,2,42,127,1.9473684210526316,0.05263157894736842
ISIC,3,42,127,2.76,0.0
ISIC,4,42,127,3.263157894736842,0.0
ISIC,5,42,127,3.7333333333333334,0.0
ISIC,2,42,128,1.8157894736842106,0.18421052631578946
ISIC,3,42,128,2.64,0.0
ISIC,4,42,128,3.1578947368421053,0.0
ISIC,5,42,128,3.6666666666666665,0.0
ISIC,2,42,129,1.6842105263157894,0.3157894736842105
ISIC,3,42,129,2.48,0.0
ISIC,4,42,129,2.8947368421052633,0.0
ISIC,5,42,129,3.466666666666667,0.0
ISIC,2,42,130,1.7105263157894737,0.2894736842105263
ISIC,3,42,130,2.32,0.16
ISIC,4,42,130,2.9473684210526314,0.05263157894736842
ISIC,5,42,130,3.466666666666667,0.0
ISIC,2,42,131,1.8157894736842106,0.18421052631578946
ISIC,3,42,131,2.4,0.04
ISIC,4,42,131,2.9473684210526314,0.0
ISIC,5,42,131,3.533333333333333,0.0
ISIC,2,42,132,1.7105263157894737,0.2894736842105263
ISIC,3,42,132,2.48,0.0
ISIC,4,42,132,2.8421052631578947,0.0
ISIC,5,42,132,3.4,0.0
ISIC,2,42,133,1.8157894736842106,0.18421052631578946
ISIC,3,42,133,2.48,0.04
ISIC,4,42,133,3.210526315789474,0.05263157894736842
ISIC,5,42,133,3.533333333333333,0.0
ISIC,2,42,134,1.8157894736842106,0.18421052631578946
ISIC,3,42,134,2.48,0.04
ISIC,4,42,134,3.1052631578947367,0.0
ISIC,5,42,134,3.2666666666666666,0.0
ISIC,2,42,135,1.8157894736842106,0.18421052631578946
ISIC,3,42,135,2.44,0.0
ISIC,4,42,135,3.0526315789473686,0.0
ISIC,5,42,135,3.4,0.0
ISIC,2,42,136,1.8421052631578947,0.15789473684210525
ISIC,3,42,136,2.64,0.0
ISIC,4,42,136,3.263157894736842,0.0
ISIC,5,42,136,3.7333333333333334,0.0
ISIC,2,42,137,1.7105263157894737,0.2894736842105263
ISIC,3,42,137,2.52,0.0
ISIC,4,42,137,2.8947368421052633,0.0
ISIC,5,42,137,3.4,0.0
ISIC,2,42,138,1.763157894736842,0.23684210526315788
ISIC,3,42,138,2.28,0.04
ISIC,4,42,138,2.789473684210526,0.0
ISIC,5,42,138,3.466666666666667,0.0
ISIC,2,42,139,1.763157894736842,0.23684210526315788
ISIC,3,42,139,2.44,0.08
ISIC,4,42,139,2.9473684210526314,0.05263157894736842
ISIC,5,42,139,3.2666666666666666,0.0
ISIC,2,42,140,1.9210526315789473,0.07894736842105263
ISIC,3,42,140,2.56,0.0
ISIC,4,42,140,3.3157894736842106,0.0
ISIC,5,42,140,3.7333333333333334,0.0
ISIC,2,42,141,1.8421052631578947,0.15789473684210525
ISIC,3,42,141,2.4,0.04
ISIC,4,42,141,2.9473684210526314,0.0
ISIC,5,42,141,3.533333333333333,0.0
ISIC,2,42,142,1.736842105263158,0.2631578947368421
ISIC,3,42,142,2.24,0.0
ISIC,4,42,142,2.8947368421052633,0.0
ISIC,5,42,142,3.2666666666666666,0.0
ISIC,2,42,143,1.763157894736842,0.23684210526315788
ISIC,3,42,143,2.48,0.08
ISIC,4,42,143,2.8947368421052633,0.0
ISIC,5,42,143,3.6666666666666665,0.0
ISIC,2,42,144,1.763157894736842,0.23684210526315788
ISIC,3,42,144,2.4,0.04
ISIC,4,42,144,2.789473684210526,0.0
ISIC,5,42,144,3.466666666666667,0.0
ISIC,2,42,145,1.736842105263158,0.2631578947368421
ISIC,3,42,145,2.28,0.0
ISIC,4,42,145,2.6842105263157894,0.0
ISIC,5,42,145,3.3333333333333335,0.0
ISIC,2,42,146,1.8157894736842106,0.18421052631578946
ISIC,3,42,146,2.4,0.0
ISIC,4,42,146,2.9473684210526314,0.0
ISIC,5,42,146,3.466666666666667,0.0
ISIC,2,42,147,1.763157894736842,0.23684210526315788
ISIC,3,42,147,2.44,0.0
ISIC,4,42,147,2.789473684210526,0.0
ISIC,5,42,147,3.6,0.0
ISIC,2,42,148,1.894736842105263,0.10526315789473684
ISIC,3,42,148,2.6,0.04
ISIC,4,42,148,3.0526315789473686,0.0
ISIC,5,42,148,3.8,0.0
ISIC,2,42,149,1.7894736842105263,0.21052631578947367
ISIC,3,42,149,2.48,0.04
ISIC,4,42,149,2.9473684210526314,0.05263157894736842
ISIC,5,42,149,3.6,0.0
ISIC,2,42,150,1.868421052631579,0.13157894736842105
ISIC,3,42,150,2.6,0.0
ISIC,4,42,150,2.8947368421052633,0.0
ISIC,5,42,150,3.4,0.0
ISIC,2,42,151,1.7105263157894737,0.2894736842105263
ISIC,3,42,151,2.36,0.0
ISIC,4,42,151,2.789473684210526,0.0
ISIC,5,42,151,3.2666666666666666,0.0
ISIC,2,42,152,1.7894736842105263,0.21052631578947367
ISIC,3,42,152,2.4,0.0
ISIC,4,42,152,2.8421052631578947,0.0
ISIC,5,42,152,3.2666666666666666,0.0
ISIC,2,42,153,1.8157894736842106,0.18421052631578946
ISIC,3,42,153,2.56,0.0
ISIC,4,42,153,3.1052631578947367,0.0
ISIC,5,42,153,3.6666666666666665,0.0
ISIC,2,42,154,1.894736842105263,0.10526315789473684
ISIC,3,42,154,2.44,0.04
ISIC,4,42,154,3.263157894736842,0.0
ISIC,5,42,154,3.6,0.0
ISIC,2,42,155,1.736842105263158,0.2631578947368421
ISIC,3,42,155,2.52,0.0
ISIC,4,42,155,2.9473684210526314,0.0
ISIC,5,42,155,3.4,0.0
ISIC,2,42,156,1.736842105263158,0.2631578947368421
ISIC,3,42,156,2.28,0.12
ISIC,4,42,156,2.789473684210526,0.05263157894736842
ISIC,5,42,156,3.2,0.0
ISIC,2,42,157,1.7894736842105263,0.21052631578947367
ISIC,3,42,157,2.48,0.04
ISIC,4,42,157,3.0,0.0
ISIC,5,42,157,3.3333333333333335,0.0
ISIC,2,42,158,1.8421052631578947,0.15789473684210525
ISIC,3,42,158,2.56,0.0
ISIC,4,42,158,3.1052631578947367,0.0
ISIC,5,42,158,3.466666666666667,0.0
ISIC,2,42,159,1.7894736842105263,0.21052631578947367
ISIC,3,42,159,2.4,0.04
ISIC,4,42,159,2.8421052631578947,0.0
ISIC,5,42,159,3.4,0.0
ISIC,2,42,160,1.9210526315789473,0.07894736842105263
ISIC,3,42,160,2.72,0.0
ISIC,4,42,160,3.1578947368421053,0.0
ISIC,5,42,160,3.6,0.0
ISIC,2,42,161,1.763157894736842,0.23684210526315788
ISIC,3,42,161,2.4,0.04
ISIC,4,42,161,2.736842105263158,0.0
ISIC,5,42,161,3.066666666666667,0.0
ISIC,2,42,162,1.7894736842105263,0.21052631578947367
ISIC,3,42,162,2.4,0.04
ISIC,4,42,162,2.8947368421052633,0.0
ISIC,5,42,162,3.1333333333333333,0.0
ISIC,2,42,163,1.8157894736842106,0.18421052631578946
ISIC,3,42,163,2.28,0.0
ISIC,4,42,163,2.5789473684210527,0.0
ISIC,5,42,163,3.1333333333333333,0.0
ISIC,2,42,164,1.6842105263157894,0.3157894736842105
ISIC,3,42,164,2.28,0.08
ISIC,4,42,164,2.6315789473684212,0.0
ISIC,5,42,164,3.0,0.0
ISIC,2,42,165,1.8157894736842106,0.18421052631578946
ISIC,3,42,165,2.32,0.04
ISIC,4,42,165,2.8947368421052633,0.0
ISIC,5,42,165,3.066666666666667,0.0
ISIC,2,42,166,1.8157894736842106,0.18421052631578946
ISIC,3,42,166,2.4,0.04
ISIC,4,42,166,2.9473684210526314,0.0
ISIC,5,42,166,3.6,0.0
ISIC,2,42,167,1.868421052631579,0.13157894736842105
ISIC,3,42,167,2.68,0.0
ISIC,4,42,167,3.0,0.0
ISIC,5,42,167,3.6666666666666665,0.0
ISIC,2,42,168,1.736842105263158,0.2631578947368421
ISIC,3,42,168,2.44,0.04
ISIC,4,42,168,2.736842105263158,0.0
ISIC,5,42,168,3.466666666666667,0.0
ISIC,2,42,169,1.8157894736842106,0.18421052631578946
ISIC,3,42,169,2.64,0.04
ISIC,4,42,169,3.210526315789474,0.0
ISIC,5,42,169,3.466666666666667,0.0
ISIC,2,42,170,1.8157894736842106,0.18421052631578946
ISIC,3,42,170,2.44,0.04
ISIC,4,42,170,3.0,0.0
ISIC,5,42,170,3.4,0.0
ISIC,2,42,171,1.7894736842105263,0.21052631578947367
ISIC,3,42,171,2.44,0.08
ISIC,4,42,171,2.9473684210526314,0.0
ISIC,5,42,171,3.6,0.0
ISIC,2,42,172,1.8421052631578947,0.15789473684210525
ISIC,3,42,172,2.6,0.0
ISIC,4,42,172,2.9473684210526314,0.0
ISIC,5,42,172,3.6666666666666665,0.0
ISIC,2,42,173,1.7894736842105263,0.21052631578947367
ISIC,3,42,173,2.48,0.04
ISIC,4,42,173,3.1052631578947367,0.0
ISIC,5,42,173,3.4,0.0
ISIC,2,42,174,1.736842105263158,0.2631578947368421
ISIC,3,42,174,2.36,0.04
ISIC,4,42,174,2.789473684210526,0.0
ISIC,5,42,174,3.2,0.0
ISIC,2,42,175,1.7105263157894737,0.2894736842105263
ISIC,3,42,175,2.48,0.0
ISIC,4,42,175,3.0526315789473686,0.0
ISIC,5,42,175,3.533333333333333,0.0
ISIC,2,42,176,1.7894736842105263,0.21052631578947367
ISIC,3,42,176,2.32,0.08
ISIC,4,42,176,2.8421052631578947,0.0
ISIC,5,42,176,3.3333333333333335,0.0
ISIC,2,42,177,1.736842105263158,0.2631578947368421
ISIC,3,42,177,2.36,0.08
ISIC,4,42,177,2.6315789473684212,0.05263157894736842
ISIC,5,42,177,3.533333333333333,0.0
ISIC,2,42,178,1.736842105263158,0.2631578947368421
ISIC,3,42,178,2.32,0.08
ISIC,4,42,178,2.789473684210526,0.0
ISIC,5,42,178,3.2666666666666666,0.0
ISIC,2,42,179,1.8157894736842106,0.18421052631578946
ISIC,3,42,179,2.32,0.04
ISIC,4,42,179,2.5789473684210527,0.05263157894736842
ISIC,5,42,179,3.066666666666667,0.06666666666666667
ISIC,2,42,180,1.7105263157894737,0.2894736842105263
ISIC,3,42,180,2.4,0.04
ISIC,4,42,180,3.0,0.0
ISIC,5,42,180,3.4,0.0
ISIC,2,42,181,1.868421052631579,0.13157894736842105
ISIC,3,42,181,2.52,0.0
ISIC,4,42,181,3.210526315789474,0.0
ISIC,5,42,181,3.466666666666667,0.0
ISIC,2,42,182,1.868421052631579,0.13157894736842105
ISIC,3,42,182,2.6,0.04
ISIC,4,42,182,3.1052631578947367,0.0
ISIC,5,42,182,3.6,0.0
ISIC,2,42,183,1.7894736842105263,0.21052631578947367
ISIC,3,42,183,2.36,0.08
ISIC,4,42,183,2.6315789473684212,0.05263157894736842
ISIC,5,42,183,3.2,0.0
ISIC,2,42,184,1.894736842105263,0.10526315789473684
ISIC,3,42,184,2.56,0.0
ISIC,4,42,184,3.3157894736842106,0.0
ISIC,5,42,184,3.2666666666666666,0.0
ISIC,2,42,185,1.8157894736842106,0.18421052631578946
ISIC,3,42,185,2.48,0.0
ISIC,4,42,185,3.0,0.0
ISIC,5,42,185,3.4,0.0
ISIC,2,42,186,1.8421052631578947,0.15789473684210525
ISIC,3,42,186,2.24,0.0
ISIC,4,42,186,2.789473684210526,0.0
ISIC,5,42,186,2.933333333333333,0.0
ISIC,2,42,187,1.763157894736842,0.23684210526315788
ISIC,3,42,187,2.52,0.0
ISIC,4,42,187,2.8947368421052633,0.0
ISIC,5,42,187,3.4,0.0
ISIC,2,42,188,1.8421052631578947,0.15789473684210525
ISIC,3,42,188,2.4,0.0
ISIC,4,42,188,3.0,0.0
ISIC,5,42,188,3.4,0.0
ISIC,2,42,189,1.868421052631579,0.13157894736842105
ISIC,3,42,189,2.4,0.04
ISIC,4,42,189,3.210526315789474,0.0
ISIC,5,42,189,3.6,0.0
ISIC,2,42,190,1.763157894736842,0.23684210526315788
ISIC,3,42,190,2.44,0.04
ISIC,4,42,190,2.9473684210526314,0.0
ISIC,5,42,190,3.6,0.0
ISIC,2,42,191,1.7894736842105263,0.21052631578947367
ISIC,3,42,191,2.48,0.04
ISIC,4,42,191,2.9473684210526314,0.0
ISIC,5,42,191,3.466666666666667,0.0
ISIC,2,42,192,1.763157894736842,0.23684210526315788
ISIC,3,42,192,2.4,0.0
ISIC,4,42,192,2.8947368421052633,0.0
ISIC,5,42,192,3.4,0.0
ISIC,2,42,193,1.8157894736842106,0.18421052631578946
ISIC,3,42,193,2.52,0.12
ISIC,4,42,193,3.0,0.0
ISIC,5,42,193,3.533333333333333,0.0
ISIC,2,42,194,1.736842105263158,0.2631578947368421
ISIC,3,42,194,2.44,0.08
ISIC,4,42,194,2.9473684210526314,0.0
ISIC,5,42,194,3.6,0.0
ISIC,2,42,195,1.8421052631578947,0.15789473684210525
ISIC,3,42,195,2.48,0.0
ISIC,4,42,195,3.0,0.0
ISIC,5,42,195,3.6,0.0
ISIC,2,42,196,1.8421052631578947,0.15789473684210525
ISIC,3,42,196,2.64,0.0
ISIC,4,42,196,3.0526315789473686,0.0
ISIC,5,42,196,3.6666666666666665,0.0
ISIC,2,42,197,1.8157894736842106,0.18421052631578946
ISIC,3,42,197,2.4,0.04
ISIC,4,42,197,2.8421052631578947,0.05263157894736842
ISIC,5,42,197,3.466666666666667,0.0
ISIC,2,42,198,1.736842105263158,0.2631578947368421
ISIC,3,42,198,2.64,0.04
ISIC,4,42,198,3.0,0.0
ISIC,5,42,198,3.6666666666666665,0.0
ISIC,2,42,199,1.7105263157894737,0.2894736842105263
ISIC,3,42,199,2.44,0.0
ISIC,4,42,199,2.8947368421052633,0.0
ISIC,5,42,199,3.3333333333333335,0.0
ISIC,2,42,200,1.7105263157894737,0.2894736842105263
ISIC,3,42,200,2.48,0.08
ISIC,4,42,200,2.736842105263158,0.0
ISIC,5,42,200,3.2,0.0
ISIC,2,42,201,1.7105263157894737,0.2894736842105263
ISIC,3,42,201,2.48,0.0
ISIC,4,42,201,2.9473684210526314,0.0
ISIC,5,42,201,3.4,0.0
ISIC,2,42,202,1.7894736842105263,0.21052631578947367
ISIC,3,42,202,2.6,0.0
ISIC,4,42,202,2.8421052631578947,0.05263157894736842
ISIC,5,42,202,3.6666666666666665,0.0
ISIC,2,42,203,1.763157894736842,0.23684210526315788
ISIC,3,42,203,2.48,0.0
ISIC,4,42,203,2.9473684210526314,0.0
ISIC,5,42,203,3.2666666666666666,0.0
ISIC,2,42,204,1.7105263157894737,0.2894736842105263
ISIC,3,42,204,2.32,0.16
ISIC,4,42,204,2.8421052631578947,0.0
ISIC,5,42,204,3.4,0.0
ISIC,2,42,205,1.736842105263158,0.2631578947368421
ISIC,3,42,205,2.44,0.0
ISIC,4,42,205,3.1578947368421053,0.0
ISIC,5,42,205,3.6666666666666665,0.0
ISIC,2,42,206,1.7894736842105263,0.21052631578947367
ISIC,3,42,206,2.44,0.08
ISIC,4,42,206,3.0,0.0
ISIC,5,42,206,3.3333333333333335,0.0
ISIC,2,42,207,1.7894736842105263,0.21052631578947367
ISIC,3,42,207,2.44,0.0
ISIC,4,42,207,2.8947368421052633,0.0
ISIC,5,42,207,3.1333333333333333,0.0
ISIC,2,42,208,1.763157894736842,0.23684210526315788
ISIC,3,42,208,2.36,0.08
ISIC,4,42,208,2.8947368421052633,0.0
ISIC,5,42,208,3.2666666666666666,0.0
ISIC,2,42,209,1.8421052631578947,0.15789473684210525
ISIC,3,42,209,2.48,0.08
ISIC,4,42,209,3.0526315789473686,0.0
ISIC,5,42,209,3.3333333333333335,0.0
ISIC,2,42,210,1.763157894736842,0.23684210526315788
ISIC,3,42,210,2.32,0.08
ISIC,4,42,210,2.6842105263157894,0.0
ISIC,5,42,210,3.3333333333333335,0.0
ISIC,2,42,211,1.763157894736842,0.23684210526315788
ISIC,3,42,211,2.52,0.0
ISIC,4,42,211,3.1578947368421053,0.0
ISIC,5,42,211,3.6,0.0
ISIC,2,42,212,1.6578947368421053,0.34210526315789475
ISIC,3,42,212,2.44,0.04
ISIC,4,42,212,2.8421052631578947,0.0
ISIC,5,42,212,3.2666666666666666,0.0
ISIC,2,42,213,1.7894736842105263,0.21052631578947367
ISIC,3,42,213,2.4,0.08
ISIC,4,42,213,2.8421052631578947,0.0
ISIC,5,42,213,3.066666666666667,0.0
ISIC,2,42,214,1.894736842105263,0.10526315789473684
ISIC,3,42,214,2.48,0.0
ISIC,4,42,214,2.9473684210526314,0.0
ISIC,5,42,214,3.466666666666667,0.0
ISIC,2,42,215,1.763157894736842,0.23684210526315788
ISIC,3,42,215,2.36,0.04
ISIC,4,42,215,3.0526315789473686,0.0
ISIC,5,42,215,3.466666666666667,0.0
ISIC,2,42,216,1.6842105263157894,0.3157894736842105
ISIC,3,42,216,2.44,0.04
ISIC,4,42,216,2.8947368421052633,0.0
ISIC,5,42,216,3.2,0.0
ISIC,2,42,217,1.868421052631579,0.13157894736842105
ISIC,3,42,217,2.36,0.04
ISIC,4,42,217,2.9473684210526314,0.0
ISIC,5,42,217,3.6666666666666665,0.0
ISIC,2,42,218,1.736842105263158,0.2631578947368421
ISIC,3,42,218,2.44,0.08
ISIC,4,42,218,2.9473684210526314,0.0
ISIC,5,42,218,3.3333333333333335,0.0
ISIC,2,42,219,1.6842105263157894,0.3157894736842105
ISIC,3,42,219,2.4,0.0
ISIC,4,42,219,2.9473684210526314,0.0
ISIC,5,42,219,3.6,0.0
ISIC,2,42,220,1.736842105263158,0.2631578947368421
ISIC,3,42,220,2.4,0.12
ISIC,4,42,220,2.789473684210526,0.0
ISIC,5,42,220,3.2,0.0
ISIC,2,42,221,1.736842105263158,0.2631578947368421
ISIC,3,42,221,2.4,0.08
ISIC,4,42,221,2.9473684210526314,0.05263157894736842
ISIC,5,42,221,3.3333333333333335,0.0
ISIC,2,42,222,1.7894736842105263,0.21052631578947367
ISIC,3,42,222,2.56,0.0
ISIC,4,42,222,3.1052631578947367,0.0
ISIC,5,42,222,3.6666666666666665,0.0
ISIC,2,42,223,1.8157894736842106,0.18421052631578946
ISIC,3,42,223,2.52,0.04
ISIC,4,42,223,3.0,0.0
ISIC,5,42,223,3.1333333333333333,0.0
ISIC,2,42,224,1.736842105263158,0.2631578947368421
ISIC,3,42,224,2.56,0.08
ISIC,4,42,224,2.9473684210526314,0.0
ISIC,5,42,224,3.533333333333333,0.0
ISIC,2,42,225,1.763157894736842,0.23684210526315788
ISIC,3,42,225,2.28,0.0
ISIC,4,42,225,3.0,0.0
ISIC,5,42,225,3.2,0.0
ISIC,2,42,226,1.763157894736842,0.23684210526315788
ISIC,3,42,226,2.36,0.16
ISIC,4,42,226,2.9473684210526314,0.05263157894736842
ISIC,5,42,226,3.533333333333333,0.0
ISIC,2,42,227,1.894736842105263,0.10526315789473684
ISIC,3,42,227,2.6,0.0
ISIC,4,42,227,3.210526315789474,0.0
ISIC,5,42,227,3.466666666666667,0.0
ISIC,2,42,228,1.736842105263158,0.2631578947368421
ISIC,3,42,228,2.32,0.04
ISIC,4,42,228,2.8947368421052633,0.0
ISIC,5,42,228,3.4,0.0
ISIC,2,42,229,1.763157894736842,0.23684210526315788
ISIC,3,42,229,2.52,0.04
ISIC,4,42,229,2.8947368421052633,0.05263157894736842
ISIC,5,42,229,3.2666666666666666,0.0
ISIC,2,42,230,1.6578947368421053,0.34210526315789475
ISIC,3,42,230,2.32,0.04
ISIC,4,42,230,3.0,0.0
ISIC,5,42,230,3.2666666666666666,0.0
ISIC,2,42,231,1.8421052631578947,0.15789473684210525
ISIC,3,42,231,2.52,0.04
ISIC,4,42,231,3.0526315789473686,0.0
ISIC,5,42,231,3.4,0.0
ISIC,2,42,232,1.763157894736842,0.23684210526315788
ISIC,3,42,232,2.48,0.04
ISIC,4,42,232,3.0526315789473686,0.0
ISIC,5,42,232,3.3333333333333335,0.0
ISIC,2,42,233,1.7105263157894737,0.2894736842105263
ISIC,3,42,233,2.48,0.0
ISIC,4,42,233,2.8947368421052633,0.0
ISIC,5,42,233,3.466666666666667,0.0
ISIC,2,42,234,1.7894736842105263,0.21052631578947367
ISIC,3,42,234,2.4,0.08
ISIC,4,42,234,2.8947368421052633,0.0
ISIC,5,42,234,3.3333333333333335,0.0
ISIC,2,42,235,1.8157894736842106,0.18421052631578946
ISIC,3,42,235,2.44,0.0
ISIC,4,42,235,2.9473684210526314,0.0
ISIC,5,42,235,3.4,0.0
ISIC,2,42,236,1.7894736842105263,0.21052631578947367
ISIC,3,42,236,2.64,0.0
ISIC,4,42,236,3.0526315789473686,0.0
ISIC,5,42,236,3.7333333333333334,0.0
ISIC,2,42,237,1.7894736842105263,0.21052631578947367
ISIC,3,42,237,2.36,0.12
ISIC,4,42,237,2.9473684210526314,0.0
ISIC,5,42,237,3.533333333333333,0.0
ISIC,2,42,238,1.8157894736842106,0.18421052631578946
ISIC,3,42,238,2.52,0.0
ISIC,4,42,238,3.1052631578947367,0.0
ISIC,5,42,238,3.2666666666666666,0.0
ISIC,2,42,239,1.736842105263158,0.2631578947368421
ISIC,3,42,239,2.52,0.0
ISIC,4,42,239,3.0526315789473686,0.0
ISIC,5,42,239,3.6666666666666665,0.0
ISIC,2,42,240,1.7894736842105263,0.21052631578947367
ISIC,3,42,240,2.48,0.0
ISIC,4,42,240,2.8947368421052633,0.0
ISIC,5,42,240,3.2,0.0
ISIC,2,42,241,1.8421052631578947,0.15789473684210525
ISIC,3,42,241,2.48,0.0
ISIC,4,42,241,3.0,0.0
ISIC,5,42,241,3.533333333333333,0.0
ISIC,2,42,242,1.7894736842105263,0.21052631578947367
ISIC,3,42,242,2.52,0.0
ISIC,4,42,242,3.0526315789473686,0.0
ISIC,5,42,242,3.3333333333333335,0.0
ISIC,2,42,243,1.763157894736842,0.23684210526315788
ISIC,3,42,243,2.48,0.0
ISIC,4,42,243,2.8421052631578947,0.0
ISIC,5,42,243,3.4,0.0
ISIC,2,42,244,1.736842105263158,0.2631578947368421
ISIC,3,42,244,2.28,0.08
ISIC,4,42,244,2.6842105263157894,0.0
ISIC,5,42,244,3.1333333333333333,0.0
ISIC,2,42,245,1.763157894736842,0.23684210526315788
ISIC,3,42,245,2.44,0.04
ISIC,4,42,245,2.9473684210526314,0.05263157894736842
ISIC,5,42,245,3.4,0.0
ISIC,2,42,246,1.7894736842105263,0.21052631578947367
ISIC,3,42,246,2.64,0.0
ISIC,4,42,246,2.9473684210526314,0.0
ISIC,5,42,246,3.6666666666666665,0.0
ISIC,2,42,247,1.7894736842105263,0.21052631578947367
ISIC,3,42,247,2.44,0.0
ISIC,4,42,247,2.8421052631578947,0.0
ISIC,5,42,247,3.2666666666666666,0.0
ISIC,2,42,248,1.6578947368421053,0.34210526315789475
ISIC,3,42,248,2.44,0.08
ISIC,4,42,248,2.8947368421052633,0.0
ISIC,5,42,248,3.3333333333333335,0.0
ISIC,2,42,249,1.7894736842105263,0.21052631578947367
ISIC,3,42,249,2.4,0.04
ISIC,4,42,249,2.8947368421052633,0.0
ISIC,5,42,249,3.6,0.0
ISIC,2,42,250,1.7105263157894737,0.2894736842105263
ISIC,3,42,250,2.4,0.0
ISIC,4,42,250,2.8947368421052633,0.0
ISIC,5,42,250,3.2,0.0
ISIC,2,42,251,1.7894736842105263,0.21052631578947367
ISIC,3,42,251,2.32,0.04
ISIC,4,42,251,2.8947368421052633,0.0
ISIC,5,42,251,3.2,0.0
ISIC,2,42,252,1.8157894736842106,0.18421052631578946
ISIC,3,42,252,2.52,0.0
ISIC,4,42,252,3.0526315789473686,0.0
ISIC,5,42,252,3.533333333333333,0.0
ISIC,2,42,253,1.868421052631579,0.13157894736842105
ISIC,3,42,253,2.56,0.0
ISIC,4,42,253,3.1052631578947367,0.0
ISIC,5,42,253,3.4,0.0
ISIC,2,42,254,1.6842105263157894,0.3157894736842105
ISIC,3,42,254,2.4,0.04
ISIC,4,42,254,2.8947368421052633,0.0
ISIC,5,42,254,3.533333333333333,0.0
ISIC,2,42,255,1.894736842105263,0.10526315789473684
ISIC,3,42,255,2.6,0.04
ISIC,4,42,255,3.1578947368421053,0.0
ISIC,5,42,255,3.533333333333333,0.0
ISIC,2,42,256,1.7105263157894737,0.2894736842105263
ISIC,3,42,256,2.48,0.0
ISIC,4,42,256,2.9473684210526314,0.0
ISIC,5,42,256,3.4,0.0
ISIC,2,42,257,1.8421052631578947,0.15789473684210525
ISIC,3,42,257,2.4,0.04
ISIC,4,42,257,2.8421052631578947,0.05263157894736842
ISIC,5,42,257,3.4,0.06666666666666667
ISIC,2,42,258,1.6578947368421053,0.34210526315789475
ISIC,3,42,258,2.2,0.12
ISIC,4,42,258,2.8421052631578947,0.0
ISIC,5,42,258,3.066666666666667,0.0
ISIC,2,42,259,1.8421052631578947,0.15789473684210525
ISIC,3,42,259,2.64,0.0
ISIC,4,42,259,3.263157894736842,0.0
ISIC,5,42,259,3.7333333333333334,0.0
ISIC,2,42,260,1.7894736842105263,0.21052631578947367
ISIC,3,42,260,2.48,0.04
ISIC,4,42,260,2.8421052631578947,0.0
ISIC,5,42,260,3.2,0.0
ISIC,2,42,261,1.7894736842105263,0.21052631578947367
ISIC,3,42,261,2.36,0.08
ISIC,4,42,261,2.8947368421052633,0.05263157894736842
ISIC,5,42,261,3.1333333333333333,0.0
ISIC,2,42,262,1.736842105263158,0.2631578947368421
ISIC,3,42,262,2.32,0.04
ISIC,4,42,262,2.8421052631578947,0.0
ISIC,5,42,262,3.2666666666666666,0.0
ISIC,2,42,263,1.763157894736842,0.23684210526315788
ISIC,3,42,263,2.36,0.04
ISIC,4,42,263,3.0,0.0
ISIC,5,42,263,3.2,0.0
ISIC,2,42,264,1.8421052631578947,0.15789473684210525
ISIC,3,42,264,2.52,0.04
ISIC,4,42,264,3.1578947368421053,0.0
ISIC,5,42,264,3.6666666666666665,0.0
ISIC,2,42,265,1.8421052631578947,0.15789473684210525
ISIC,3,42,265,2.6,0.0
ISIC,4,42,265,2.8947368421052633,0.0
ISIC,5,42,265,3.466666666666667,0.0
ISIC,2,42,266,1.894736842105263,0.10526315789473684
ISIC,3,42,266,2.52,0.0
ISIC,4,42,266,2.8947368421052633,0.0
ISIC,5,42,266,3.466666666666667,0.0
ISIC,2,42,267,1.763157894736842,0.23684210526315788
ISIC,3,42,267,2.32,0.08
ISIC,4,42,267,2.8421052631578947,0.0
ISIC,5,42,267,3.2666666666666666,0.0
ISIC,2,42,268,1.7894736842105263,0.21052631578947367
ISIC,3,42,268,2.48,0.04
ISIC,4,42,268,2.9473684210526314,0.0
ISIC,5,42,268,3.2666666666666666,0.0
ISIC,2,42,269,1.763157894736842,0.23684210526315788
ISIC,3,42,269,2.28,0.04
ISIC,4,42,269,2.8421052631578947,0.0
ISIC,5,42,269,3.3333333333333335,0.0
ISIC,2,42,270,1.894736842105263,0.10526315789473684
ISIC,3,42,270,2.72,0.0
ISIC,4,42,270,3.210526315789474,0.0
ISIC,5,42,270,3.6,0.0
ISIC,2,42,271,1.7105263157894737,0.2894736842105263
ISIC,3,42,271,2.44,0.08
ISIC,4,42,271,2.9473684210526314,0.0
ISIC,5,42,271,3.4,0.0
ISIC,2,42,272,1.8157894736842106,0.18421052631578946
ISIC,3,42,272,2.56,0.08
ISIC,4,42,272,2.9473684210526314,0.05263157894736842
ISIC,5,42,272,3.2666666666666666,0.0
ISIC,2,42,273,1.868421052631579,0.13157894736842105
ISIC,3,42,273,2.64,0.0
ISIC,4,42,273,3.0,0.0
ISIC,5,42,273,3.3333333333333335,0.0
ISIC,2,42,274,1.736842105263158,0.2631578947368421
ISIC,3,42,274,2.36,0.04
ISIC,4,42,274,3.0526315789473686,0.0
ISIC,5,42,274,3.466666666666667,0.0
ISIC,2,42,275,1.763157894736842,0.23684210526315788
ISIC,3,42,275,2.44,0.12
ISIC,4,42,275,2.736842105263158,0.0
ISIC,5,42,275,3.2666666666666666,0.0
ISIC,2,42,276,1.736842105263158,0.2631578947368421
ISIC,3,42,276,2.4,0.0
ISIC,4,42,276,2.6315789473684212,0.05263157894736842
ISIC,5,42,276,3.4,0.0
ISIC,2,42,277,1.763157894736842,0.23684210526315788
ISIC,3,42,277,2.4,0.0
ISIC,4,42,277,2.8421052631578947,0.0
ISIC,5,42,277,3.533333333333333,0.0
ISIC,2,42,278,1.763157894736842,0.23684210526315788
ISIC,3,42,278,2.48,0.0
ISIC,4,42,278,3.1052631578947367,0.0
ISIC,5,42,278,3.466666666666667,0.0
ISIC,2,42,279,1.763157894736842,0.23684210526315788
ISIC,3,42,279,2.44,0.08
ISIC,4,42,279,2.6842105263157894,0.0
ISIC,5,42,279,3.2,0.0
ISIC,2,42,280,1.8157894736842106,0.18421052631578946
ISIC,3,42,280,2.52,0.0
ISIC,4,42,280,2.9473684210526314,0.0
ISIC,5,42,280,3.1333333333333333,0.0
ISIC,2,42,281,1.7105263157894737,0.2894736842105263
ISIC,3,42,281,2.28,0.04
ISIC,4,42,281,2.8421052631578947,0.0
ISIC,5,42,281,3.4,0.0
ISIC,2,42,282,1.894736842105263,0.10526315789473684
ISIC,3,42,282,2.56,0.0
ISIC,4,42,282,3.1578947368421053,0.0
ISIC,5,42,282,3.533333333333333,0.0
ISIC,2,42,283,1.868421052631579,0.13157894736842105
ISIC,3,42,283,2.28,0.04
ISIC,4,42,283,2.9473684210526314,0.0
ISIC,5,42,283,3.466666666666667,0.0
ISIC,2,42,284,1.763157894736842,0.23684210526315788
ISIC,3,42,284,2.52,0.04
ISIC,4,42,284,3.0526315789473686,0.0
ISIC,5,42,284,3.533333333333333,0.0
ISIC,2,42,285,1.8157894736842106,0.18421052631578946
ISIC,3,42,285,2.36,0.04
ISIC,4,42,285,2.736842105263158,0.0
ISIC,5,42,285,3.3333333333333335,0.0
ISIC,2,42,286,1.736842105263158,0.2631578947368421
ISIC,3,42,286,2.44,0.04
ISIC,4,42,286,2.8421052631578947,0.0
ISIC,5,42,286,3.3333333333333335,0.0
ISIC,2,42,287,1.736842105263158,0.2631578947368421
ISIC,3,42,287,2.52,0.04
ISIC,4,42,287,2.8421052631578947,0.0
ISIC,5,42,287,3.3333333333333335,0.0
ISIC,2,42,288,1.894736842105263,0.10526315789473684
ISIC,3,42,288,2.48,0.0
ISIC,4,42,288,3.0526315789473686,0.0
ISIC,5,42,288,3.6,0.0
ISIC,2,42,289,1.763157894736842,0.23684210526315788
ISIC,3,42,289,2.56,0.04
ISIC,4,42,289,2.8947368421052633,0.0
ISIC,5,42,289,3.533333333333333,0.0
ISIC,2,42,290,1.8421052631578947,0.15789473684210525
ISIC,3,42,290,2.36,0.04
ISIC,4,42,290,2.9473684210526314,0.0
ISIC,5,42,290,3.4,0.0
ISIC,2,42,291,1.763157894736842,0.23684210526315788
ISIC,3,42,291,2.32,0.08
ISIC,4,42,291,2.9473684210526314,0.0
ISIC,5,42,291,3.466666666666667,0.0
ISIC,2,42,292,1.868421052631579,0.13157894736842105
ISIC,3,42,292,2.64,0.0
ISIC,4,42,292,3.1052631578947367,0.0
ISIC,5,42,292,3.533333333333333,0.0
ISIC,2,42,293,1.868421052631579,0.13157894736842105
ISIC,3,42,293,2.48,0.0
ISIC,4,42,293,3.1052631578947367,0.0
ISIC,5,42,293,3.466666666666667,0.0
ISIC,2,42,294,1.6578947368421053,0.34210526315789475
ISIC,3,42,294,2.36,0.04
ISIC,4,42,294,2.6842105263157894,0.0
ISIC,5,42,294,3.2,0.0
ISIC,2,42,295,1.736842105263158,0.2631578947368421
ISIC,3,42,295,2.2,0.12
ISIC,4,42,295,2.8421052631578947,0.0
ISIC,5,42,295,3.2,0.0
ISIC,2,42,296,1.8157894736842106,0.18421052631578946
ISIC,3,42,296,2.48,0.0
ISIC,4,42,296,2.789473684210526,0.0
ISIC,5,42,296,3.2,0.0
ISIC,2,42,297,1.894736842105263,0.10526315789473684
ISIC,3,42,297,2.64,0.0
ISIC,4,42,297,2.8947368421052633,0.0
ISIC,5,42,297,3.533333333333333,0.0
ISIC,2,42,298,1.6842105263157894,0.3157894736842105
ISIC,3,42,298,2.44,0.0
ISIC,4,42,298,3.0,0.0
ISIC,5,42,298,3.3333333333333335,0.0
ISIC,2,42,299,1.8421052631578947,0.15789473684210525
ISIC,3,42,299,2.68,0.0
ISIC,4,42,299,3.1052631578947367,0.0
ISIC,5,42,299,3.466666666666667,0.0
ISIC,2,123,0,1.894736842105263,0.10526315789473684
ISIC,3,123,0,2.76,0.0
ISIC,4,123,0,3.3684210526315788,0.0
ISIC,5,123,0,3.7333333333333334,0.0
ISIC,2,123,1,1.8421052631578947,0.15789473684210525
ISIC,3,123,1,2.52,0.04
ISIC,4,123,1,2.8947368421052633,0.0
ISIC,5,123,1,3.466666666666667,0.0
ISIC,2,123,2,1.7105263157894737,0.2894736842105263
ISIC,3,123,2,2.4,0.0
ISIC,4,123,2,2.736842105263158,0.0
ISIC,5,123,2,3.533333333333333,0.0
ISIC,2,123,3,1.9210526315789473,0.07894736842105263
ISIC,3,123,3,2.6,0.0
ISIC,4,123,3,3.1578947368421053,0.0
ISIC,5,123,3,3.7333333333333334,0.0
ISIC,2,123,4,1.7894736842105263,0.21052631578947367
ISIC,3,123,4,2.64,0.0
ISIC,4,123,4,3.0,0.0
ISIC,5,123,4,3.533333333333333,0.0
ISIC,2,123,5,1.6842105263157894,0.3157894736842105
ISIC,3,123,5,2.24,0.0
ISIC,4,123,5,2.736842105263158,0.0
ISIC,5,123,5,3.2,0.0
ISIC,2,123,6,1.8421052631578947,0.15789473684210525
ISIC,3,123,6,2.52,0.08
ISIC,4,123,6,3.210526315789474,0.0
ISIC,5,123,6,3.7333333333333334,0.0
ISIC,2,123,7,1.8421052631578947,0.15789473684210525
ISIC,3,123,7,2.56,0.0
ISIC,4,123,7,3.0526315789473686,0.0
ISIC,5,123,7,3.4,0.0
ISIC,2,123,8,1.6578947368421053,0.34210526315789475
ISIC,3,123,8,2.32,0.04
ISIC,4,123,8,2.736842105263158,0.05263157894736842
ISIC,5,123,8,3.2666666666666666,0.0
ISIC,2,123,9,1.8157894736842106,0.18421052631578946
ISIC,3,123,9,2.64,0.0
ISIC,4,123,9,3.1052631578947367,0.0
ISIC,5,123,9,3.6666666666666665,0.0
ISIC,2,123,10,1.763157894736842,0.23684210526315788
ISIC,3,123,10,2.48,0.04
ISIC,4,123,10,3.1052631578947367,0.0
ISIC,5,123,10,3.466666666666667,0.0
ISIC,2,123,11,1.894736842105263,0.10526315789473684
ISIC,3,123,11,2.56,0.0
ISIC,4,123,11,3.0,0.0
ISIC,5,123,11,3.533333333333333,0.0
ISIC,2,123,12,1.7105263157894737,0.2894736842105263
ISIC,3,123,12,2.48,0.08
ISIC,4,123,12,2.8421052631578947,0.05263157894736842
ISIC,5,123,12,3.2666666666666666,0.0
ISIC,2,123,13,1.736842105263158,0.2631578947368421
ISIC,3,123,13,2.32,0.08
ISIC,4,123,13,2.789473684210526,0.05263157894736842
ISIC,5,123,13,3.3333333333333335,0.0
ISIC,2,123,14,1.763157894736842,0.23684210526315788
ISIC,3,123,14,2.44,0.08
ISIC,4,123,14,2.8421052631578947,0.0
ISIC,5,123,14,3.2,0.0
ISIC,2,123,15,1.868421052631579,0.13157894736842105
ISIC,3,123,15,2.52,0.04
ISIC,4,123,15,3.1578947368421053,0.0
ISIC,5,123,15,3.466666666666667,0.0
ISIC,2,123,16,1.7894736842105263,0.21052631578947367
ISIC,3,123,16,2.48,0.12
ISIC,4,123,16,3.1578947368421053,0.05263157894736842
ISIC,5,123,16,3.6,0.0
ISIC,2,123,17,1.6578947368421053,0.34210526315789475
ISIC,3,123,17,2.4,0.0
ISIC,4,123,17,2.9473684210526314,0.0
ISIC,5,123,17,3.466666666666667,0.0
ISIC,2,123,18,1.7105263157894737,0.2894736842105263
ISIC,3,123,18,2.28,0.08
ISIC,4,123,18,2.8421052631578947,0.0
ISIC,5,123,18,3.2,0.0
ISIC,2,123,19,1.763157894736842,0.23684210526315788
ISIC,3,123,19,2.52,0.0
ISIC,4,123,19,3.0526315789473686,0.0
ISIC,5,123,19,3.533333333333333,0.0
ISIC,2,123,20,1.8157894736842106,0.18421052631578946
ISIC,3,123,20,2.6,0.0
ISIC,4,123,20,2.8421052631578947,0.0
ISIC,5,123,20,3.3333333333333335,0.0
ISIC,2,123,21,1.6842105263157894,0.3157894736842105
ISIC,3,123,21,2.36,0.0
ISIC,4,123,21,3.0,0.0
ISIC,5,123,21,3.2,0.0
ISIC,2,123,22,1.8157894736842106,0.18421052631578946
ISIC,3,123,22,2.44,0.04
ISIC,4,123,22,2.9473684210526314,0.0
ISIC,5,123,22,3.2,0.0
ISIC,2,123,23,1.763157894736842,0.23684210526315788
ISIC,3,123,23,2.52,0.08
ISIC,4,123,23,3.0526315789473686,0.0
ISIC,5,123,23,3.466666666666667,0.0
ISIC,2,123,24,1.894736842105263,0.10526315789473684
ISIC,3,123,24,2.52,0.04
ISIC,4,123,24,3.0526315789473686,0.0
ISIC,5,123,24,3.6,0.0
ISIC,2,123,25,1.8421052631578947,0.15789473684210525
ISIC,3,123,25,2.56,0.0
ISIC,4,123,25,2.8421052631578947,0.05263157894736842
ISIC,5,123,25,3.6,0.0
ISIC,2,123,26,1.868421052631579,0.13157894736842105
ISIC,3,123,26,2.56,0.0
ISIC,4,123,26,3.1052631578947367,0.0
ISIC,5,123,26,3.6,0.0
ISIC,2,123,27,1.8421052631578947,0.15789473684210525
ISIC,3,123,27,2.44,0.04
ISIC,4,123,27,2.9473684210526314,0.0
ISIC,5,123,27,3.3333333333333335,0.0
ISIC,2,123,28,1.894736842105263,0.10526315789473684
ISIC,3,123,28,2.56,0.0
ISIC,4,123,28,3.0526315789473686,0.0
ISIC,5,123,28,3.4,0.0
ISIC,2,123,29,1.868421052631579,0.13157894736842105
ISIC,3,123,29,2.52,0.04
ISIC,4,123,29,3.1052631578947367,0.0
ISIC,5,123,29,3.6,0.0
ISIC,2,123,30,1.8421052631578947,0.15789473684210525
ISIC,3,123,30,2.72,0.0
ISIC,4,123,30,2.8947368421052633,0.0
ISIC,5,123,30,3.533333333333333,0.0
ISIC,2,123,31,1.763157894736842,0.23684210526315788
ISIC,3,123,31,2.32,0.0
ISIC,4,123,31,2.789473684210526,0.0
ISIC,5,123,31,3.2,0.0
ISIC,2,123,32,1.7894736842105263,0.21052631578947367
ISIC,3,123,32,2.32,0.04
ISIC,4,123,32,2.8947368421052633,0.0
ISIC,5,123,32,3.3333333333333335,0.0
ISIC,2,123,33,1.8421052631578947,0.15789473684210525
ISIC,3,123,33,2.32,0.0
ISIC,4,123,33,3.0,0.0
ISIC,5,123,33,3.4,0.0
ISIC,2,123,34,1.7894736842105263,0.21052631578947367
ISIC,3,123,34,2.44,0.08
ISIC,4,123,34,2.8947368421052633,0.0
ISIC,5,123,34,3.533333333333333,0.0
ISIC,2,123,35,1.868421052631579,0.13157894736842105
ISIC,3,123,35,2.6,0.0
ISIC,4,123,35,3.263157894736842,0.0
ISIC,5,123,35,3.533333333333333,0.0
ISIC,2,123,36,1.8157894736842106,0.18421052631578946
ISIC,3,123,36,2.52,0.12
ISIC,4,123,36,2.8421052631578947,0.0
ISIC,5,123,36,3.3333333333333335,0.0
ISIC,2,123,37,1.894736842105263,0.10526315789473684
ISIC,3,123,37,2.4,0.0
ISIC,4,123,37,3.1052631578947367,0.0
ISIC,5,123,37,3.7333333333333334,0.0
ISIC,2,123,38,1.8421052631578947,0.15789473684210525
ISIC,3,123,38,2.76,0.0
ISIC,4,123,38,3.210526315789474,0.0
ISIC,5,123,38,3.6666666666666665,0.0
ISIC,2,123,39,1.7105263157894737,0.2894736842105263
ISIC,3,123,39,2.44,0.04
ISIC,4,123,39,3.0,0.0
ISIC,5,123,39,3.3333333333333335,0.0
ISIC,2,123,40,1.763157894736842,0.23684210526315788
ISIC,3,123,40,2.28,0.08
ISIC,4,123,40,3.0526315789473686,0.0
ISIC,5,123,40,3.2666666666666666,0.0
ISIC,2,123,41,1.868421052631579,0.13157894736842105
ISIC,3,123,41,2.56,0.0
ISIC,4,123,41,3.0526315789473686,0.0
ISIC,5,123,41,3.8,0.0
ISIC,2,123,42,1.868421052631579,0.13157894736842105
ISIC,3,123,42,2.48,0.04
ISIC,4,123,42,3.1052631578947367,0.0
ISIC,5,123,42,3.7333333333333334,0.0
ISIC,2,123,43,1.8157894736842106,0.18421052631578946
ISIC,3,123,43,2.52,0.0
ISIC,4,123,43,3.0526315789473686,0.0
ISIC,5,123,43,3.6666666666666665,0.0
ISIC,2,123,44,1.8157894736842106,0.18421052631578946
ISIC,3,123,44,2.56,0.04
ISIC,4,123,44,3.0,0.05263157894736842
ISIC,5,123,44,3.466666666666667,0.0
ISIC,2,123,45,1.8157894736842106,0.18421052631578946
ISIC,3,123,45,2.28,0.08
ISIC,4,123,45,3.0,0.0
ISIC,5,123,45,3.2666666666666666,0.0
ISIC,2,123,46,1.868421052631579,0.13157894736842105
ISIC,3,123,46,2.52,0.0
ISIC,4,123,46,3.0526315789473686,0.0
ISIC,5,123,46,3.4,0.0
ISIC,2,123,47,1.763157894736842,0.23684210526315788
ISIC,3,123,47,2.48,0.04
ISIC,4,123,47,3.0,0.05263157894736842
ISIC,5,123,47,3.4,0.0
ISIC,2,123,48,1.7105263157894737,0.2894736842105263
ISIC,3,123,48,2.52,0.04
ISIC,4,123,48,2.9473684210526314,0.0
ISIC,5,123,48,3.4,0.0
ISIC,2,123,49,1.894736842105263,0.10526315789473684
ISIC,3,123,49,2.44,0.0
ISIC,4,123,49,2.8947368421052633,0.0
ISIC,5,123,49,3.533333333333333,0.0
ISIC,2,123,50,1.7105263157894737,0.2894736842105263
ISIC,3,123,50,2.4,0.04
ISIC,4,123,50,2.8947368421052633,0.0
ISIC,5,123,50,3.466666666666667,0.0
ISIC,2,123,51,1.7894736842105263,0.21052631578947367
ISIC,3,123,51,2.4,0.04
ISIC,4,123,51,2.789473684210526,0.05263157894736842
ISIC,5,123,51,3.3333333333333335,0.0
ISIC,2,123,52,1.736842105263158,0.2631578947368421
ISIC,3,123,52,2.36,0.04
ISIC,4,123,52,2.8947368421052633,0.0
ISIC,5,123,52,3.6,0.0
ISIC,2,123,53,1.8157894736842106,0.18421052631578946
ISIC,3,123,53,2.52,0.0
ISIC,4,123,53,2.8421052631578947,0.0
ISIC,5,123,53,3.4,0.0
ISIC,2,123,54,1.8157894736842106,0.18421052631578946
ISIC,3,123,54,2.52,0.04
ISIC,4,123,54,2.8421052631578947,0.0
ISIC,5,123,54,3.6666666666666665,0.0
ISIC,2,123,55,1.868421052631579,0.13157894736842105
ISIC,3,123,55,2.56,0.04
ISIC,4,123,55,3.0,0.05263157894736842
ISIC,5,123,55,3.6,0.0
ISIC,2,123,56,1.8157894736842106,0.18421052631578946
ISIC,3,123,56,2.6,0.08
ISIC,4,123,56,2.9473684210526314,0.0
ISIC,5,123,56,3.533333333333333,0.0
ISIC,2,123,57,1.763157894736842,0.23684210526315788
ISIC,3,123,57,2.48,0.08
ISIC,4,123,57,3.0,0.0
ISIC,5,123,57,3.3333333333333335,0.0
ISIC,2,123,58,1.8421052631578947,0.15789473684210525
ISIC,3,123,58,2.52,0.0
ISIC,4,123,58,3.0,0.0
ISIC,5,123,58,3.466666666666667,0.0
ISIC,2,123,59,1.6842105263157894,0.3157894736842105
ISIC,3,123,59,2.36,0.04
ISIC,4,123,59,2.6842105263157894,0.0
ISIC,5,123,59,3.4,0.0
ISIC,2,123,60,1.736842105263158,0.2631578947368421
ISIC,3,123,60,2.28,0.04
ISIC,4,123,60,2.736842105263158,0.0
ISIC,5,123,60,3.2666666666666666,0.0
ISIC,2,123,61,1.8421052631578947,0.15789473684210525
ISIC,3,123,61,2.52,0.0
ISIC,4,123,61,3.0526315789473686,0.0
ISIC,5,123,61,3.6666666666666665,0.0
ISIC,2,123,62,1.6578947368421053,0.34210526315789475
ISIC,3,123,62,2.44,0.08
ISIC,4,123,62,2.6842105263157894,0.0
ISIC,5,123,62,3.2666666666666666,0.0
ISIC,2,123,63,1.7105263157894737,0.2894736842105263
ISIC,3,123,63,2.4,0.04
ISIC,4,123,63,3.0,0.0
ISIC,5,123,63,3.4,0.0
ISIC,2,123,64,1.8157894736842106,0.18421052631578946
ISIC,3,123,64,2.48,0.12
ISIC,4,123,64,2.9473684210526314,0.0
ISIC,5,123,64,3.1333333333333333,0.0
ISIC,2,123,65,1.7894736842105263,0.21052631578947367
ISIC,3,123,65,2.4,0.04
ISIC,4,123,65,3.0526315789473686,0.0
ISIC,5,123,65,3.2666666666666666,0.0
ISIC,2,123,66,1.8421052631578947,0.15789473684210525
ISIC,3,123,66,2.56,0.04
ISIC,4,123,66,3.0526315789473686,0.05263157894736842
ISIC,5,123,66,3.7333333333333334,0.0
ISIC,2,123,67,1.6578947368421053,0.34210526315789475
ISIC,3,123,67,2.24,0.12
ISIC,4,123,67,2.5789473684210527,0.0
ISIC,5,123,67,2.933333333333333,0.0
ISIC,2,123,68,1.8421052631578947,0.15789473684210525
ISIC,3,123,68,2.4,0.04
ISIC,4,123,68,2.9473684210526314,0.0
ISIC,5,123,68,3.533333333333333,0.0
ISIC,2,123,69,1.894736842105263,0.10526315789473684
ISIC,3,123,69,2.48,0.04
ISIC,4,123,69,2.9473684210526314,0.0
ISIC,5,123,69,3.533333333333333,0.0
ISIC,2,123,70,1.763157894736842,0.23684210526315788
ISIC,3,123,70,2.36,0.08
ISIC,4,123,70,2.9473684210526314,0.0
ISIC,5,123,70,3.3333333333333335,0.0
ISIC,2,123,71,1.7894736842105263,0.21052631578947367
ISIC,3,123,71,2.44,0.0
ISIC,4,123,71,3.0526315789473686,0.0
ISIC,5,123,71,3.6,0.0
ISIC,2,123,72,1.763157894736842,0.23684210526315788
ISIC,3,123,72,2.52,0.0
ISIC,4,123,72,2.9473684210526314,0.0
ISIC,5,123,72,3.6666666666666665,0.0
ISIC,2,123,73,1.894736842105263,0.10526315789473684
ISIC,3,123,73,2.28,0.12
ISIC,4,123,73,2.736842105263158,0.0
ISIC,5,123,73,3.2666666666666666,0.0
ISIC,2,123,74,1.763157894736842,0.23684210526315788
ISIC,3,123,74,2.32,0.08
ISIC,4,123,74,2.8947368421052633,0.05263157894736842
ISIC,5,123,74,3.2666666666666666,0.0
ISIC,2,123,75,1.8421052631578947,0.15789473684210525
ISIC,3,123,75,2.68,0.04
ISIC,4,123,75,3.0,0.0
ISIC,5,123,75,3.533333333333333,0.0
ISIC,2,123,76,1.868421052631579,0.13157894736842105
ISIC,3,123,76,2.72,0.0
ISIC,4,123,76,3.263157894736842,0.0
ISIC,5,123,76,3.6,0.0
ISIC,2,123,77,1.8421052631578947,0.15789473684210525
ISIC,3,123,77,2.64,0.0
ISIC,4,123,77,3.1578947368421053,0.0
ISIC,5,123,77,3.466666666666667,0.0
ISIC,2,123,78,1.868421052631579,0.13157894736842105
ISIC,3,123,78,2.6,0.0
ISIC,4,123,78,2.9473684210526314,0.0
ISIC,5,123,78,3.4,0.0
ISIC,2,123,79,1.736842105263158,0.2631578947368421
ISIC,3,123,79,2.36,0.08
ISIC,4,123,79,2.8947368421052633,0.0
ISIC,5,123,79,3.2,0.0
ISIC,2,123,80,1.868421052631579,0.13157894736842105
ISIC,3,123,80,2.6,0.0
ISIC,4,123,80,3.1052631578947367,0.0
ISIC,5,123,80,3.7333333333333334,0.0
ISIC,2,123,81,1.7894736842105263,0.21052631578947367
ISIC,3,123,81,2.6,0.0
ISIC,4,123,81,3.0526315789473686,0.0
ISIC,5,123,81,3.6,0.0
ISIC,2,123,82,1.6578947368421053,0.34210526315789475
ISIC,3,123,82,2.4,0.04
ISIC,4,123,82,2.8947368421052633,0.0
ISIC,5,123,82,3.4,0.0
ISIC,2,123,83,1.763157894736842,0.23684210526315788
ISIC,3,123,83,2.6,0.0
ISIC,4,123,83,3.0,0.0
ISIC,5,123,83,3.533333333333333,0.0
ISIC,2,123,84,1.868421052631579,0.13157894736842105
ISIC,3,123,84,2.56,0.0
ISIC,4,123,84,3.210526315789474,0.0
ISIC,5,123,84,3.533333333333333,0.0
ISIC,2,123,85,1.763157894736842,0.23684210526315788
ISIC,3,123,85,2.56,0.04
ISIC,4,123,85,3.210526315789474,0.0
ISIC,5,123,85,3.3333333333333335,0.0
ISIC,2,123,86,1.7894736842105263,0.21052631578947367
ISIC,3,123,86,2.52,0.0
ISIC,4,123,86,2.8947368421052633,0.0
ISIC,5,123,86,3.466666666666667,0.0
ISIC,2,123,87,1.736842105263158,0.2631578947368421
ISIC,3,123,87,2.36,0.0
ISIC,4,123,87,2.789473684210526,0.0
ISIC,5,123,87,3.533333333333333,0.0
ISIC,2,123,88,1.736842105263158,0.2631578947368421
ISIC,3,123,88,2.24,0.08
ISIC,4,123,88,2.526315789473684,0.0
ISIC,5,123,88,2.7333333333333334,0.0
ISIC,2,123,89,1.763157894736842,0.23684210526315788
ISIC,3,123,89,2.36,0.0
ISIC,4,123,89,2.6842105263157894,0.0
ISIC,5,123,89,3.1333333333333333,0.0
ISIC,2,123,90,1.8157894736842106,0.18421052631578946
ISIC,3,123,90,2.48,0.04
ISIC,4,123,90,3.1052631578947367,0.05263157894736842
ISIC,5,123,90,3.466666666666667,0.0
ISIC,2,123,91,1.8421052631578947,0.15789473684210525
ISIC,3,123,91,2.36,0.0
ISIC,4,123,91,2.789473684210526,0.0
ISIC,5,123,91,3.4,0.0
ISIC,2,123,92,1.8157894736842106,0.18421052631578946
ISIC,3,123,92,2.52,0.04
ISIC,4,123,92,3.1578947368421053,0.0
ISIC,5,123,92,3.2666666666666666,0.0
ISIC,2,123,93,1.8421052631578947,0.15789473684210525
ISIC,3,123,93,2.56,0.04
ISIC,4,123,93,3.263157894736842,0.0
ISIC,5,123,93,3.6,0.0
ISIC,2,123,94,1.6842105263157894,0.3157894736842105
ISIC,3,123,94,2.44,0.04
ISIC,4,123,94,2.789473684210526,0.0
ISIC,5,123,94,3.066666666666667,0.0
ISIC,2,123,95,1.7894736842105263,0.21052631578947367
ISIC,3,123,95,2.44,0.04
ISIC,4,123,95,2.789473684210526,0.0
ISIC,5,123,95,3.466666666666667,0.0
ISIC,2,123,96,1.8421052631578947,0.15789473684210525
ISIC,3,123,96,2.6,0.08
ISIC,4,123,96,3.0526315789473686,0.0
ISIC,5,123,96,3.6,0.0
ISIC,2,123,97,1.7894736842105263,0.21052631578947367
ISIC,3,123,97,2.36,0.04
ISIC,4,123,97,2.8947368421052633,0.0
ISIC,5,123,97,3.466666666666667,0.0
ISIC,2,123,98,1.7894736842105263,0.21052631578947367
ISIC,3,123,98,2.56,0.0
ISIC,4,123,98,3.0,0.0
ISIC,5,123,98,3.533333333333333,0.0
ISIC,2,123,99,1.8157894736842106,0.18421052631578946
ISIC,3,123,99,2.48,0.0
ISIC,4,123,99,3.0,0.0
ISIC,5,123,99,3.6,0.0
ISIC,2,123,100,1.6578947368421053,0.34210526315789475
ISIC,3,123,100,2.4,0.12
ISIC,4,123,100,2.789473684210526,0.0
ISIC,5,123,100,3.2,0.0
ISIC,2,123,101,1.8157894736842106,0.18421052631578946
ISIC,3,123,101,2.48,0.0
ISIC,4,123,101,3.0,0.0
ISIC,5,123,101,3.2666666666666666,0.0
ISIC,2,123,102,1.7894736842105263,0.21052631578947367
ISIC,3,123,102,2.4,0.08
ISIC,4,123,102,2.8421052631578947,0.10526315789473684
ISIC,5,123,102,3.2,0.0
ISIC,2,123,103,1.8421052631578947,0.15789473684210525
ISIC,3,123,103,2.52,0.0
ISIC,4,123,103,3.0526315789473686,0.0
ISIC,5,123,103,3.2,0.0
ISIC,2,123,104,1.7894736842105263,0.21052631578947367
ISIC,3,123,104,2.4,0.08
ISIC,4,123,104,2.9473684210526314,0.0
ISIC,5,123,104,3.1333333333333333,0.0
ISIC,2,123,105,1.7894736842105263,0.21052631578947367
ISIC,3,123,105,2.64,0.04
ISIC,4,123,105,3.1052631578947367,0.0
ISIC,5,123,105,3.7333333333333334,0.0
ISIC,2,123,106,1.894736842105263,0.10526315789473684
ISIC,3,123,106,2.4,0.0
ISIC,4,123,106,3.1578947368421053,0.0
ISIC,5,123,106,3.533333333333333,0.0
ISIC,2,123,107,1.7894736842105263,0.21052631578947367
ISIC,3,123,107,2.44,0.08
ISIC,4,123,107,3.0,0.0
ISIC,5,123,107,3.533333333333333,0.0
ISIC,2,123,108,1.7105263157894737,0.2894736842105263
ISIC,3,123,108,2.4,0.04
ISIC,4,123,108,2.8421052631578947,0.0
ISIC,5,123,108,3.3333333333333335,0.0
ISIC,2,123,109,1.736842105263158,0.2631578947368421
ISIC,3,123,109,2.52,0.04
ISIC,4,123,109,2.9473684210526314,0.0
ISIC,5,123,109,3.533333333333333,0.0
ISIC,2,123,110,1.7105263157894737,0.2894736842105263
ISIC,3,123,110,2.32,0.08
ISIC,4,123,110,2.9473684210526314,0.0
ISIC,5,123,110,3.3333333333333335,0.0
ISIC,2,123,111,1.6578947368421053,0.34210526315789475
ISIC,3,123,111,2.32,0.04
ISIC,4,123,111,2.736842105263158,0.0
ISIC,5,123,111,3.1333333333333333,0.0
ISIC,2,123,112,1.8421052631578947,0.15789473684210525
ISIC,3,123,112,2.48,0.0
ISIC,4,123,112,2.9473684210526314,0.0
ISIC,5,123,112,3.4,0.0
ISIC,2,123,113,1.8421052631578947,0.15789473684210525
ISIC,3,123,113,2.36,0.04
ISIC,4,123,113,2.736842105263158,0.0
ISIC,5,123,113,3.2,0.0
ISIC,2,123,114,1.631578947368421,0.3684210526315789
ISIC,3,123,114,2.28,0.08
ISIC,4,123,114,2.736842105263158,0.05263157894736842
ISIC,5,123,114,3.2666666666666666,0.0
ISIC,2,123,115,1.8157894736842106,0.18421052631578946
ISIC,3,123,115,2.48,0.08
ISIC,4,123,115,2.736842105263158,0.0
ISIC,5,123,115,3.1333333333333333,0.0
ISIC,2,123,116,1.763157894736842,0.23684210526315788
ISIC,3,123,116,2.48,0.0
ISIC,4,123,116,2.9473684210526314,0.05263157894736842
ISIC,5,123,116,3.466666666666667,0.0
ISIC,2,123,117,1.763157894736842,0.23684210526315788
ISIC,3,123,117,2.56,0.04
ISIC,4,123,117,3.1052631578947367,0.0
ISIC,5,123,117,3.6666666666666665,0.0
ISIC,2,123,118,1.7105263157894737,0.2894736842105263
ISIC,3,123,118,2.36,0.04
ISIC,4,123,118,2.6315789473684212,0.0
ISIC,5,123,118,3.4,0.0
ISIC,2,123,119,1.6842105263157894,0.3157894736842105
ISIC,3,123,119,2.4,0.0
ISIC,4,123,119,3.0,0.0
ISIC,5,123,119,3.466666666666667,0.0
ISIC,2,123,120,1.763157894736842,0.23684210526315788
ISIC,3,123,120,2.28,0.08
ISIC,4,123,120,2.9473684210526314,0.05263157894736842
ISIC,5,123,120,3.2,0.06666666666666667
ISIC,2,123,121,1.6842105263157894,0.3157894736842105
ISIC,3,123,121,2.28,0.04
ISIC,4,123,121,2.8421052631578947,0.0
ISIC,5,123,121,3.3333333333333335,0.0
ISIC,2,123,122,1.7105263157894737,0.2894736842105263
ISIC,3,123,122,2.56,0.0
ISIC,4,123,122,3.0526315789473686,0.0
ISIC,5,123,122,3.4,0.0
ISIC,2,123,123,1.7894736842105263,0.21052631578947367
ISIC,3,123,123,2.44,0.04
ISIC,4,123,123,3.1578947368421053,0.0
ISIC,5,123,123,3.6666666666666665,0.0
ISIC,2,123,124,1.6842105263157894,0.3157894736842105
ISIC,3,123,124,2.4,0.08
ISIC,4,123,124,2.736842105263158,0.0
ISIC,5,123,124,3.066666666666667,0.0
ISIC,2,123,125,1.7894736842105263,0.21052631578947367
ISIC,3,123,125,2.64,0.0
ISIC,4,123,125,3.210526315789474,0.0
ISIC,5,123,125,3.466666666666667,0.0
ISIC,2,123,126,1.894736842105263,0.10526315789473684
ISIC,3,123,126,2.44,0.0
ISIC,4,123,126,3.210526315789474,0.0
ISIC,5,123,126,3.6,0.0
ISIC,2,123,127,1.736842105263158,0.2631578947368421
ISIC,3,123,127,2.44,0.04
ISIC,4,123,127,2.789473684210526,0.05263157894736842
ISIC,5,123,127,3.2,0.0
ISIC,2,123,128,1.736842105263158,0.2631578947368421
ISIC,3,123,128,2.56,0.0
ISIC,4,123,128,2.9473684210526314,0.0
ISIC,5,123,128,3.466666666666667,0.0
ISIC,2,123,129,1.763157894736842,0.23684210526315788
ISIC,3,123,129,2.32,0.12
ISIC,4,123,129,2.789473684210526,0.05263157894736842
ISIC,5,123,129,3.2666666666666666,0.0
ISIC,2,123,130,1.7894736842105263,0.21052631578947367
ISIC,3,123,130,2.36,0.04
ISIC,4,123,130,2.8947368421052633,0.0
ISIC,5,123,130,3.6,0.0
ISIC,2,123,131,1.9473684210526316,0.05263157894736842
ISIC,3,123,131,2.52,0.0
ISIC,4,123,131,3.1578947368421053,0.0
ISIC,5,123,131,3.933333333333333,0.0
ISIC,2,123,132,1.8157894736842106,0.18421052631578946
ISIC,3,123,132,2.48,0.08
ISIC,4,123,132,3.0526315789473686,0.05263157894736842
ISIC,5,123,132,3.533333333333333,0.0
ISIC,2,123,133,1.8421052631578947,0.15789473684210525
ISIC,3,123,133,2.48,0.04
ISIC,4,123,133,2.9473684210526314,0.0
ISIC,5,123,133,3.3333333333333335,0.0
ISIC,2,123,134,1.8157894736842106,0.18421052631578946
ISIC,3,123,134,2.6,0.04
ISIC,4,123,134,3.1578947368421053,0.0
ISIC,5,123,134,3.6666666666666665,0.0
ISIC,2,123,135,1.8157894736842106,0.18421052631578946
ISIC,3,123,135,2.64,0.04
ISIC,4,123,135,2.9473684210526314,0.0
ISIC,5,123,135,3.6666666666666665,0.0
ISIC,2,123,136,1.9210526315789473,0.07894736842105263
ISIC,3,123,136,2.52,0.08
ISIC,4,123,136,2.9473684210526314,0.05263157894736842
ISIC,5,123,136,3.4,0.0
ISIC,2,123,137,1.763157894736842,0.23684210526315788
ISIC,3,123,137,2.4,0.04
ISIC,4,123,137,2.8947368421052633,0.05263157894736842
ISIC,5,123,137,3.533333333333333,0.0
ISIC,2,123,138,1.7894736842105263,0.21052631578947367
ISIC,3,123,138,2.56,0.0
ISIC,4,123,138,2.8947368421052633,0.0
ISIC,5,123,138,3.466666666666667,0.0
ISIC,2,123,139,1.736842105263158,0.2631578947368421
ISIC,3,123,139,2.48,0.08
ISIC,4,123,139,2.8421052631578947,0.05263157894736842
ISIC,5,123,139,3.2,0.0
ISIC,2,123,140,1.763157894736842,0.23684210526315788
ISIC,3,123,140,2.4,0.04
ISIC,4,123,140,3.0526315789473686,0.0
ISIC,5,123,140,3.6666666666666665,0.0
ISIC,2,123,141,1.7894736842105263,0.21052631578947367
ISIC,3,123,141,2.36,0.08
ISIC,4,123,141,2.8947368421052633,0.0
ISIC,5,123,141,3.466666666666667,0.0
ISIC,2,123,142,1.763157894736842,0.23684210526315788
ISIC,3,123,142,2.4,0.08
ISIC,4,123,142,2.8947368421052633,0.05263157894736842
ISIC,5,123,142,3.4,0.06666666666666667
ISIC,2,123,143,1.736842105263158,0.2631578947368421
ISIC,3,123,143,2.56,0.04
ISIC,4,123,143,2.9473684210526314,0.0
ISIC,5,123,143,3.4,0.0
ISIC,2,123,144,1.9210526315789473,0.07894736842105263
ISIC,3,123,144,2.64,0.0
ISIC,4,123,144,3.210526315789474,0.0
ISIC,5,123,144,3.8666666666666667,0.0
ISIC,2,123,145,1.6842105263157894,0.3157894736842105
ISIC,3,123,145,2.36,0.04
ISIC,4,123,145,2.789473684210526,0.10526315789473684
ISIC,5,123,145,3.1333333333333333,0.06666666666666667
ISIC,2,123,146,1.763157894736842,0.23684210526315788
ISIC,3,123,146,2.36,0.04
ISIC,4,123,146,3.0,0.0
ISIC,5,123,146,3.533333333333333,0.0
ISIC,2,123,147,1.8157894736842106,0.18421052631578946
ISIC,3,123,147,2.52,0.04
ISIC,4,123,147,3.0526315789473686,0.0
ISIC,5,123,147,3.2,0.0
ISIC,2,123,148,1.894736842105263,0.10526315789473684
ISIC,3,123,148,2.36,0.04
ISIC,4,123,148,2.8947368421052633,0.0
ISIC,5,123,148,3.3333333333333335,0.0
ISIC,2,123,149,1.7894736842105263,0.21052631578947367
ISIC,3,123,149,2.32,0.04
ISIC,4,123,149,2.8421052631578947,0.0
ISIC,5,123,149,3.466666666666667,0.0
ISIC,2,123,150,1.7105263157894737,0.2894736842105263
ISIC,3,123,150,2.36,0.08
ISIC,4,123,150,2.789473684210526,0.05263157894736842
ISIC,5,123,150,3.2,0.0
ISIC,2,123,151,1.8421052631578947,0.15789473684210525
ISIC,3,123,151,2.4,0.08
ISIC,4,123,151,3.0,0.0
ISIC,5,123,151,3.3333333333333335,0.0
ISIC,2,123,152,1.6842105263157894,0.3157894736842105
ISIC,3,123,152,2.16,0.04
ISIC,4,123,152,2.736842105263158,0.0
ISIC,5,123,152,3.1333333333333333,0.0
ISIC,2,123,153,1.763157894736842,0.23684210526315788
ISIC,3,123,153,2.44,0.0
ISIC,4,123,153,3.0,0.0
ISIC,5,123,153,3.466666666666667,0.0
ISIC,2,123,154,1.736842105263158,0.2631578947368421
ISIC,3,123,154,2.24,0.08
ISIC,4,123,154,2.6842105263157894,0.0
ISIC,5,123,154,3.2666666666666666,0.0
ISIC,2,123,155,1.763157894736842,0.23684210526315788
ISIC,3,123,155,2.4,0.04
ISIC,4,123,155,3.0,0.0
ISIC,5,123,155,3.3333333333333335,0.0
ISIC,2,123,156,1.8157894736842106,0.18421052631578946
ISIC,3,123,156,2.44,0.08
ISIC,4,123,156,2.8421052631578947,0.0
ISIC,5,123,156,3.2666666666666666,0.0
ISIC,2,123,157,1.8421052631578947,0.15789473684210525
ISIC,3,123,157,2.64,0.04
ISIC,4,123,157,3.1578947368421053,0.0
ISIC,5,123,157,3.466666666666667,0.0
ISIC,2,123,158,1.7105263157894737,0.2894736842105263
ISIC,3,123,158,2.4,0.0
ISIC,4,123,158,2.736842105263158,0.0
ISIC,5,123,158,3.066666666666667,0.0
ISIC,2,123,159,1.8421052631578947,0.15789473684210525
ISIC,3,123,159,2.36,0.08
ISIC,4,123,159,3.210526315789474,0.0
ISIC,5,123,159,3.3333333333333335,0.0
ISIC,2,123,160,1.8421052631578947,0.15789473684210525
ISIC,3,123,160,2.4,0.04
ISIC,4,123,160,3.1578947368421053,0.0
ISIC,5,123,160,3.6,0.0
ISIC,2,123,161,1.763157894736842,0.23684210526315788
ISIC,3,123,161,2.48,0.0
ISIC,4,123,161,3.0526315789473686,0.0
ISIC,5,123,161,3.466666666666667,0.0
ISIC,2,123,162,1.763157894736842,0.23684210526315788
ISIC,3,123,162,2.48,0.0
ISIC,4,123,162,2.9473684210526314,0.0
ISIC,5,123,162,3.1333333333333333,0.0
ISIC,2,123,163,1.8157894736842106,0.18421052631578946
ISIC,3,123,163,2.48,0.0
ISIC,4,123,163,3.1052631578947367,0.0
ISIC,5,123,163,3.466666666666667,0.0
ISIC,2,123,164,1.736842105263158,0.2631578947368421
ISIC,3,123,164,2.52,0.0
ISIC,4,123,164,2.8421052631578947,0.0
ISIC,5,123,164,3.4,0.0
ISIC,2,123,165,1.7894736842105263,0.21052631578947367
ISIC,3,123,165,2.48,0.08
ISIC,4,123,165,3.1578947368421053,0.05263157894736842
ISIC,5,123,165,3.6,0.0
ISIC,2,123,166,1.8421052631578947,0.15789473684210525
ISIC,3,123,166,2.48,0.12
ISIC,4,123,166,2.736842105263158,0.05263157894736842
ISIC,5,123,166,3.466666666666667,0.0
ISIC,2,123,167,1.736842105263158,0.2631578947368421
ISIC,3,123,167,2.44,0.08
ISIC,4,123,167,3.1052631578947367,0.0
ISIC,5,123,167,3.533333333333333,0.0
ISIC,2,123,168,1.7894736842105263,0.21052631578947367
ISIC,3,123,168,2.52,0.04
ISIC,4,123,168,2.8421052631578947,0.0
ISIC,5,123,168,3.533333333333333,0.0
ISIC,2,123,169,1.763157894736842,0.23684210526315788
ISIC,3,123,169,2.52,0.04
ISIC,4,123,169,2.9473684210526314,0.0
ISIC,5,123,169,3.466666666666667,0.0
ISIC,2,123,170,1.763157894736842,0.23684210526315788
ISIC,3,123,170,2.28,0.08
ISIC,4,123,170,2.8947368421052633,0.05263157894736842
ISIC,5,123,170,3.466666666666667,0.0
ISIC,2,123,171,1.8421052631578947,0.15789473684210525
ISIC,3,123,171,2.44,0.04
ISIC,4,123,171,3.263157894736842,0.0
ISIC,5,123,171,3.6,0.0
ISIC,2,123,172,1.868421052631579,0.13157894736842105
ISIC,3,123,172,2.52,0.0
ISIC,4,123,172,3.0526315789473686,0.0
ISIC,5,123,172,3.2,0.0
ISIC,2,123,173,1.763157894736842,0.23684210526315788
ISIC,3,123,173,2.36,0.08
ISIC,4,123,173,2.789473684210526,0.0
ISIC,5,123,173,3.533333333333333,0.0
ISIC,2,123,174,1.763157894736842,0.23684210526315788
ISIC,3,123,174,2.36,0.0
ISIC,4,123,174,2.6315789473684212,0.0
ISIC,5,123,174,3.3333333333333335,0.0
ISIC,2,123,175,1.8157894736842106,0.18421052631578946
ISIC,3,123,175,2.48,0.0
ISIC,4,123,175,3.1052631578947367,0.0
ISIC,5,123,175,3.4,0.0
ISIC,2,123,176,1.7894736842105263,0.21052631578947367
ISIC,3,123,176,2.32,0.08
ISIC,4,123,176,2.8421052631578947,0.0
ISIC,5,123,176,3.466666666666667,0.0
ISIC,2,123,177,1.763157894736842,0.23684210526315788
ISIC,3,123,177,2.36,0.04
ISIC,4,123,177,2.6842105263157894,0.0
ISIC,5,123,177,3.066666666666667,0.0
ISIC,2,123,178,1.6578947368421053,0.34210526315789475
ISIC,3,123,178,2.24,0.16
ISIC,4,123,178,2.6315789473684212,0.10526315789473684
ISIC,5,123,178,3.4,0.0
ISIC,2,123,179,1.7105263157894737,0.2894736842105263
ISIC,3,123,179,2.24,0.04
ISIC,4,123,179,2.5789473684210527,0.0
ISIC,5,123,179,3.066666666666667,0.0
ISIC,2,123,180,1.736842105263158,0.2631578947368421
ISIC,3,123,180,2.44,0.0
ISIC,4,123,180,2.736842105263158,0.0
ISIC,5,123,180,3.1333333333333333,0.0
ISIC,2,123,181,1.7894736842105263,0.21052631578947367
ISIC,3,123,181,2.4,0.04
ISIC,4,123,181,3.0526315789473686,0.0
ISIC,5,123,181,3.4,0.0
ISIC,2,123,182,1.868421052631579,0.13157894736842105
ISIC,3,123,182,2.48,0.0
ISIC,4,123,182,3.263157894736842,0.0
ISIC,5,123,182,3.4,0.0
ISIC,2,123,183,1.8157894736842106,0.18421052631578946
ISIC,3,123,183,2.44,0.08
ISIC,4,123,183,3.1578947368421053,0.0
ISIC,5,123,183,3.466666666666667,0.0
ISIC,2,123,184,1.763157894736842,0.23684210526315788
ISIC,3,123,184,2.4,0.04
ISIC,4,123,184,2.8421052631578947,0.0
ISIC,5,123,184,3.3333333333333335,0.0
ISIC,2,123,185,1.736842105263158,0.2631578947368421
ISIC,3,123,185,2.4,0.08
ISIC,4,123,185,2.6842105263157894,0.0
ISIC,5,123,185,3.2666666666666666,0.0
ISIC,2,123,186,1.7105263157894737,0.2894736842105263
ISIC,3,123,186,2.4,0.04
ISIC,4,123,186,3.0,0.0
ISIC,5,123,186,3.533333333333333,0.0
ISIC,2,123,187,1.7105263157894737,0.2894736842105263
ISIC,3,123,187,2.16,0.16
ISIC,4,123,187,2.6842105263157894,0.0
ISIC,5,123,187,3.1333333333333333,0.0
ISIC,2,123,188,1.7105263157894737,0.2894736842105263
ISIC,3,123,188,2.36,0.04
ISIC,4,123,188,3.1578947368421053,0.0
ISIC,5,123,188,3.7333333333333334,0.0
ISIC,2,123,189,1.8421052631578947,0.15789473684210525
ISIC,3,123,189,2.32,0.08
ISIC,4,123,189,2.8421052631578947,0.0
ISIC,5,123,189,3.1333333333333333,0.0
ISIC,2,123,190,1.7894736842105263,0.21052631578947367
ISIC,3,123,190,2.6,0.0
ISIC,4,123,190,2.8421052631578947,0.0
ISIC,5,123,190,3.466666666666667,0.0
ISIC,2,123,191,1.8157894736842106,0.18421052631578946
ISIC,3,123,191,2.64,0.04
ISIC,4,123,191,3.1052631578947367,0.0
ISIC,5,123,191,3.533333333333333,0.0
ISIC,2,123,192,1.763157894736842,0.23684210526315788
ISIC,3,123,192,2.28,0.08
ISIC,4,123,192,2.8421052631578947,0.0
ISIC,5,123,192,3.3333333333333335,0.0
ISIC,2,123,193,1.868421052631579,0.13157894736842105
ISIC,3,123,193,2.52,0.04
ISIC,4,123,193,2.736842105263158,0.05263157894736842
ISIC,5,123,193,3.2,0.0
ISIC,2,123,194,1.8421052631578947,0.15789473684210525
ISIC,3,123,194,2.48,0.04
ISIC,4,123,194,3.0,0.0
ISIC,5,123,194,3.466666666666667,0.0
ISIC,2,123,195,1.7894736842105263,0.21052631578947367
ISIC,3,123,195,2.44,0.08
ISIC,4,123,195,3.0526315789473686,0.0
ISIC,5,123,195,3.6,0.0
ISIC,2,123,196,1.736842105263158,0.2631578947368421
ISIC,3,123,196,2.36,0.04
ISIC,4,123,196,2.6315789473684212,0.05263157894736842
ISIC,5,123,196,3.3333333333333335,0.0
ISIC,2,123,197,1.894736842105263,0.10526315789473684
ISIC,3,123,197,2.48,0.0
ISIC,4,123,197,3.1052631578947367,0.0
ISIC,5,123,197,3.6,0.0
ISIC,2,123,198,1.7894736842105263,0.21052631578947367
ISIC,3,123,198,2.48,0.08
ISIC,4,123,198,2.8421052631578947,0.0
ISIC,5,123,198,3.0,0.0
ISIC,2,123,199,1.8421052631578947,0.15789473684210525
ISIC,3,123,199,2.48,0.0
ISIC,4,123,199,2.8947368421052633,0.0
ISIC,5,123,199,3.2666666666666666,0.0
ISIC,2,123,200,1.7105263157894737,0.2894736842105263
ISIC,3,123,200,2.36,0.0
ISIC,4,123,200,2.6842105263157894,0.0
ISIC,5,123,200,3.2,0.0
ISIC,2,123,201,1.868421052631579,0.13157894736842105
ISIC,3,123,201,2.4,0.0
ISIC,4,123,201,3.0,0.0
ISIC,5,123,201,3.6666666666666665,0.0
ISIC,2,123,202,1.894736842105263,0.10526315789473684
ISIC,3,123,202,2.56,0.0
ISIC,4,123,202,3.1578947368421053,0.0
ISIC,5,123,202,3.6,0.0
ISIC,2,123,203,1.736842105263158,0.2631578947368421
ISIC,3,123,203,2.4,0.04
ISIC,4,123,203,3.0526315789473686,0.05263157894736842
ISIC,5,123,203,3.6,0.0
ISIC,2,123,204,1.6578947368421053,0.34210526315789475
ISIC,3,123,204,2.44,0.04
ISIC,4,123,204,2.6842105263157894,0.0
ISIC,5,123,204,3.533333333333333,0.0
ISIC,2,123,205,1.5789473684210527,0.42105263157894735
ISIC,3,123,205,2.12,0.16
ISIC,4,123,205,2.736842105263158,0.0
ISIC,5,123,205,3.0,0.0
ISIC,2,123,206,1.7105263157894737,0.2894736842105263
ISIC,3,123,206,2.28,0.08
ISIC,4,123,206,2.789473684210526,0.0
ISIC,5,123,206,2.8666666666666667,0.0
ISIC,2,123,207,1.736842105263158,0.2631578947368421
ISIC,3,123,207,2.52,0.04
ISIC,4,123,207,3.0,0.0
ISIC,5,123,207,3.6666666666666665,0.0
ISIC,2,123,208,1.7894736842105263,0.21052631578947367
ISIC,3,123,208,2.44,0.0
ISIC,4,123,208,2.8947368421052633,0.0
ISIC,5,123,208,3.6,0.0
ISIC,2,123,209,1.7894736842105263,0.21052631578947367
ISIC,3,123,209,2.48,0.0
ISIC,4,123,209,2.789473684210526,0.0
ISIC,5,123,209,3.2666666666666666,0.0
ISIC,2,123,210,1.8157894736842106,0.18421052631578946
ISIC,3,123,210,2.6,0.0
ISIC,4,123,210,3.0,0.0
ISIC,5,123,210,3.6666666666666665,0.0
ISIC,2,123,211,1.894736842105263,0.10526315789473684
ISIC,3,123,211,2.48,0.0
ISIC,4,123,211,2.9473684210526314,0.0
ISIC,5,123,211,3.2,0.0
ISIC,2,123,212,1.7894736842105263,0.21052631578947367
ISIC,3,123,212,2.64,0.04
ISIC,4,123,212,2.8947368421052633,0.0
ISIC,5,123,212,3.3333333333333335,0.0
ISIC,2,123,213,1.894736842105263,0.10526315789473684
ISIC,3,123,213,2.76,0.0
ISIC,4,123,213,3.263157894736842,0.0
ISIC,5,123,213,3.6,0.0
ISIC,2,123,214,1.868421052631579,0.13157894736842105
ISIC,3,123,214,2.6,0.04
ISIC,4,123,214,3.1052631578947367,0.0
ISIC,5,123,214,3.2666666666666666,0.0
ISIC,2,123,215,1.736842105263158,0.2631578947368421
ISIC,3,123,215,2.36,0.04
ISIC,4,123,215,2.789473684210526,0.05263157894736842
ISIC,5,123,215,3.4,0.0
ISIC,2,123,216,1.763157894736842,0.23684210526315788
ISIC,3,123,216,2.52,0.04
ISIC,4,123,216,3.0,0.0
ISIC,5,123,216,3.466666666666667,0.0
ISIC,2,123,217,1.763157894736842,0.23684210526315788
ISIC,3,123,217,2.4,0.08
ISIC,4,123,217,3.1052631578947367,0.0
ISIC,5,123,217,3.466666666666667,0.0
ISIC,2,123,218,1.9210526315789473,0.07894736842105263
ISIC,3,123,218,2.72,0.0
ISIC,4,123,218,3.210526315789474,0.0
ISIC,5,123,218,3.8,0.0
ISIC,2,123,219,1.868421052631579,0.13157894736842105
ISIC,3,123,219,2.6,0.0
ISIC,4,123,219,3.210526315789474,0.0
ISIC,5,123,219,3.6666666666666665,0.0
ISIC,2,123,220,1.8157894736842106,0.18421052631578946
ISIC,3,123,220,2.52,0.04
ISIC,4,123,220,2.9473684210526314,0.0
ISIC,5,123,220,3.533333333333333,0.0
ISIC,2,123,221,1.8421052631578947,0.15789473684210525
ISIC,3,123,221,2.52,0.04
ISIC,4,123,221,3.210526315789474,0.0
ISIC,5,123,221,3.3333333333333335,0.0
ISIC,2,123,222,1.736842105263158,0.2631578947368421
ISIC,3,123,222,2.36,0.04
ISIC,4,123,222,2.789473684210526,0.0
ISIC,5,123,222,3.066666666666667,0.0
ISIC,2,123,223,1.763157894736842,0.23684210526315788
ISIC,3,123,223,2.52,0.0
ISIC,4,123,223,2.8947368421052633,0.0
ISIC,5,123,223,3.6,0.0
ISIC,2,123,224,1.763157894736842,0.23684210526315788
ISIC,3,123,224,2.52,0.0
ISIC,4,123,224,3.0526315789473686,0.0
ISIC,5,123,224,3.933333333333333,0.0
ISIC,2,123,225,1.763157894736842,0.23684210526315788
ISIC,3,123,225,2.64,0.0
ISIC,4,123,225,2.8947368421052633,0.0
ISIC,5,123,225,3.4,0.0
ISIC,2,123,226,1.736842105263158,0.2631578947368421
ISIC,3,123,226,2.4,0.04
ISIC,4,123,226,2.6315789473684212,0.0
ISIC,5,123,226,3.2,0.0
ISIC,2,123,227,1.7894736842105263,0.21052631578947367
ISIC,3,123,227,2.56,0.0
ISIC,4,123,227,3.0,0.0
ISIC,5,123,227,3.6,0.0
ISIC,2,123,228,1.8157894736842106,0.18421052631578946
ISIC,3,123,228,2.32,0.0
ISIC,4,123,228,2.9473684210526314,0.0
ISIC,5,123,228,3.2666666666666666,0.0
ISIC,2,123,229,1.8421052631578947,0.15789473684210525
ISIC,3,123,229,2.52,0.04
ISIC,4,123,229,3.210526315789474,0.0
ISIC,5,123,229,3.6666666666666665,0.0
ISIC,2,123,230,1.7894736842105263,0.21052631578947367
ISIC,3,123,230,2.4,0.08
ISIC,4,123,230,2.8947368421052633,0.0
ISIC,5,123,230,3.4,0.0
ISIC,2,123,231,1.6842105263157894,0.3157894736842105
ISIC,3,123,231,2.44,0.0
ISIC,4,123,231,2.8947368421052633,0.05263157894736842
ISIC,5,123,231,3.4,0.0
ISIC,2,123,232,1.6842105263157894,0.3157894736842105
ISIC,3,123,232,2.36,0.0
ISIC,4,123,232,2.9473684210526314,0.0
ISIC,5,123,232,3.3333333333333335,0.0
ISIC,2,123,233,1.8157894736842106,0.18421052631578946
ISIC,3,123,233,2.48,0.04
ISIC,4,123,233,3.0526315789473686,0.0
ISIC,5,123,233,3.4,0.0
ISIC,2,123,234,1.7894736842105263,0.21052631578947367
ISIC,3,123,234,2.56,0.0
ISIC,4,123,234,3.1052631578947367,0.0
ISIC,5,123,234,3.533333333333333,0.0
ISIC,2,123,235,1.894736842105263,0.10526315789473684
ISIC,3,123,235,2.64,0.0
ISIC,4,123,235,3.263157894736842,0.0
ISIC,5,123,235,3.533333333333333,0.0
ISIC,2,123,236,1.7894736842105263,0.21052631578947367
ISIC,3,123,236,2.6,0.04
ISIC,4,123,236,3.0,0.0
ISIC,5,123,236,3.4,0.0
ISIC,2,123,237,1.8157894736842106,0.18421052631578946
ISIC,3,123,237,2.52,0.0
ISIC,4,123,237,3.0,0.0
ISIC,5,123,237,3.466666666666667,0.0
ISIC,2,123,238,1.8157894736842106,0.18421052631578946
ISIC,3,123,238,2.36,0.08
ISIC,4,123,238,2.789473684210526,0.0
ISIC,5,123,238,3.533333333333333,0.0
ISIC,2,123,239,1.868421052631579,0.13157894736842105
ISIC,3,123,239,2.44,0.0
ISIC,4,123,239,3.0526315789473686,0.0
ISIC,5,123,239,3.466666666666667,0.0
ISIC,2,123,240,1.894736842105263,0.10526315789473684
ISIC,3,123,240,2.48,0.0
ISIC,4,123,240,3.210526315789474,0.0
ISIC,5,123,240,3.4,0.0
ISIC,2,123,241,1.7105263157894737,0.2894736842105263
ISIC,3,123,241,2.44,0.04
ISIC,4,123,241,2.9473684210526314,0.0
ISIC,5,123,241,3.3333333333333335,0.0
ISIC,2,123,242,1.7894736842105263,0.21052631578947367
ISIC,3,123,242,2.44,0.04
ISIC,4,123,242,2.9473684210526314,0.0
ISIC,5,123,242,3.533333333333333,0.0
ISIC,2,123,243,1.6842105263157894,0.3157894736842105
ISIC,3,123,243,2.24,0.04
ISIC,4,123,243,2.8421052631578947,0.0
ISIC,5,123,243,3.2666666666666666,0.0
ISIC,2,123,244,1.894736842105263,0.10526315789473684
ISIC,3,123,244,2.52,0.0
ISIC,4,123,244,2.9473684210526314,0.0
ISIC,5,123,244,3.3333333333333335,0.0
ISIC,2,123,245,1.868421052631579,0.13157894736842105
ISIC,3,123,245,2.44,0.0
ISIC,4,123,245,2.736842105263158,0.0
ISIC,5,123,245,3.4,0.0
ISIC,2,123,246,1.763157894736842,0.23684210526315788
ISIC,3,123,246,2.44,0.0
ISIC,4,123,246,3.0,0.0
ISIC,5,123,246,3.533333333333333,0.0
ISIC,2,123,247,1.736842105263158,0.2631578947368421
ISIC,3,123,247,2.32,0.04
ISIC,4,123,247,2.8947368421052633,0.0
ISIC,5,123,247,3.533333333333333,0.0
ISIC,2,123,248,1.8421052631578947,0.15789473684210525
ISIC,3,123,248,2.28,0.04
ISIC,4,123,248,2.9473684210526314,0.0
ISIC,5,123,248,3.8,0.0
ISIC,2,123,249,1.605263157894737,0.39473684210526316
ISIC,3,123,249,2.32,0.08
ISIC,4,123,249,2.736842105263158,0.0
ISIC,5,123,249,3.2666666666666666,0.0
ISIC,2,123,250,1.8421052631578947,0.15789473684210525
ISIC,3,123,250,2.64,0.04
ISIC,4,123,250,3.210526315789474,0.0
ISIC,5,123,250,3.533333333333333,0.0
ISIC,2,123,251,1.894736842105263,0.10526315789473684
ISIC,3,123,251,2.6,0.0
ISIC,4,123,251,3.210526315789474,0.0
ISIC,5,123,251,3.8,0.0
ISIC,2,123,252,1.7894736842105263,0.21052631578947367
ISIC,3,123,252,2.52,0.0
ISIC,4,123,252,2.8947368421052633,0.0
ISIC,5,123,252,3.466666666666667,0.0
ISIC,2,123,253,1.763157894736842,0.23684210526315788
ISIC,3,123,253,2.52,0.04
ISIC,4,123,253,2.9473684210526314,0.0
ISIC,5,123,253,3.533333333333333,0.0
ISIC,2,123,254,1.736842105263158,0.2631578947368421
ISIC,3,123,254,2.36,0.08
ISIC,4,123,254,2.8421052631578947,0.05263157894736842
ISIC,5,123,254,3.3333333333333335,0.0
ISIC,2,123,255,1.8157894736842106,0.18421052631578946
ISIC,3,123,255,2.4,0.0
ISIC,4,123,255,3.0,0.0
ISIC,5,123,255,3.4,0.0
ISIC,2,123,256,1.6578947368421053,0.34210526315789475
ISIC,3,123,256,2.4,0.04
ISIC,4,123,256,3.0,0.0
ISIC,5,123,256,3.533333333333333,0.0
ISIC,2,123,257,1.868421052631579,0.13157894736842105
ISIC,3,123,257,2.6,0.04
ISIC,4,123,257,3.210526315789474,0.0
ISIC,5,123,257,3.6666666666666665,0.0
ISIC,2,123,258,1.8421052631578947,0.15789473684210525
ISIC,3,123,258,2.4,0.04
ISIC,4,123,258,3.0,0.0
ISIC,5,123,258,3.2666666666666666,0.0
ISIC,2,123,259,1.7105263157894737,0.2894736842105263
ISIC,3,123,259,2.28,0.12
ISIC,4,123,259,2.5789473684210527,0.05263157894736842
ISIC,5,123,259,3.066666666666667,0.0
ISIC,2,123,260,1.7894736842105263,0.21052631578947367
ISIC,3,123,260,2.4,0.04
ISIC,4,123,260,2.8421052631578947,0.0
ISIC,5,123,260,3.6,0.0
ISIC,2,123,261,1.8157894736842106,0.18421052631578946
ISIC,3,123,261,2.48,0.08
ISIC,4,123,261,2.8947368421052633,0.0
ISIC,5,123,261,3.4,0.0
ISIC,2,123,262,1.7105263157894737,0.2894736842105263
ISIC,3,123,262,2.24,0.08
ISIC,4,123,262,2.736842105263158,0.0
ISIC,5,123,262,3.2,0.0
ISIC,2,123,263,1.8421052631578947,0.15789473684210525
ISIC,3,123,263,2.4,0.04
ISIC,4,123,263,3.1052631578947367,0.0
ISIC,5,123,263,3.466666666666667,0.0
ISIC,2,123,264,1.868421052631579,0.13157894736842105
ISIC,3,123,264,2.52,0.04
ISIC,4,123,264,2.8947368421052633,0.0
ISIC,5,123,264,3.4,0.0
ISIC,2,123,265,1.6842105263157894,0.3157894736842105
ISIC,3,123,265,2.36,0.16
ISIC,4,123,265,2.8421052631578947,0.0
ISIC,5,123,265,3.3333333333333335,0.0
ISIC,2,123,266,1.894736842105263,0.10526315789473684
ISIC,3,123,266,2.44,0.08
ISIC,4,123,266,3.263157894736842,0.0
ISIC,5,123,266,3.6,0.0
ISIC,2,123,267,1.8421052631578947,0.15789473684210525
ISIC,3,123,267,2.68,0.0
ISIC,4,123,267,2.9473684210526314,0.0
ISIC,5,123,267,3.6,0.0
ISIC,2,123,268,1.8157894736842106,0.18421052631578946
ISIC,3,123,268,2.56,0.0
ISIC,4,123,268,2.8947368421052633,0.0
ISIC,5,123,268,3.4,0.0
ISIC,2,123,269,1.8421052631578947,0.15789473684210525
ISIC,3,123,269,2.44,0.04
ISIC,4,123,269,2.9473684210526314,0.0
ISIC,5,123,269,3.1333333333333333,0.0
ISIC,2,123,270,1.8157894736842106,0.18421052631578946
ISIC,3,123,270,2.6,0.0
ISIC,4,123,270,3.0526315789473686,0.0
ISIC,5,123,270,3.2,0.0
ISIC,2,123,271,1.7894736842105263,0.21052631578947367
ISIC,3,123,271,2.56,0.0
ISIC,4,123,271,2.8947368421052633,0.0
ISIC,5,123,271,3.2,0.0
ISIC,2,123,272,1.868421052631579,0.13157894736842105
ISIC,3,123,272,2.56,0.04
ISIC,4,123,272,3.0,0.0
ISIC,5,123,272,3.2666666666666666,0.0
ISIC,2,123,273,1.7894736842105263,0.21052631578947367
ISIC,3,123,273,2.52,0.04
ISIC,4,123,273,2.8947368421052633,0.05263157894736842
ISIC,5,123,273,3.3333333333333335,0.0
ISIC,2,123,274,1.9473684210526316,0.05263157894736842
ISIC,3,123,274,2.72,0.0
ISIC,4,123,274,3.210526315789474,0.0
ISIC,5,123,274,3.8666666666666667,0.0
ISIC,2,123,275,1.894736842105263,0.10526315789473684
ISIC,3,123,275,2.52,0.04
ISIC,4,123,275,2.6842105263157894,0.05263157894736842
ISIC,5,123,275,3.2666666666666666,0.0
ISIC,2,123,276,1.763157894736842,0.23684210526315788
ISIC,3,123,276,2.52,0.08
ISIC,4,123,276,2.736842105263158,0.0
ISIC,5,123,276,3.3333333333333335,0.0
ISIC,2,123,277,1.8157894736842106,0.18421052631578946
ISIC,3,123,277,2.6,0.0
ISIC,4,123,277,3.0,0.0
ISIC,5,123,277,3.3333333333333335,0.0
ISIC,2,123,278,1.8421052631578947,0.15789473684210525
ISIC,3,123,278,2.28,0.04
ISIC,4,123,278,2.789473684210526,0.0
ISIC,5,123,278,3.3333333333333335,0.0
ISIC,2,123,279,1.8157894736842106,0.18421052631578946
ISIC,3,123,279,2.6,0.0
ISIC,4,123,279,2.8947368421052633,0.0
ISIC,5,123,279,3.4,0.0
ISIC,2,123,280,1.8421052631578947,0.15789473684210525
ISIC,3,123,280,2.68,0.08
ISIC,4,123,280,3.210526315789474,0.0
ISIC,5,123,280,3.8666666666666667,0.0
ISIC,2,123,281,1.8421052631578947,0.15789473684210525
ISIC,3,123,281,2.4,0.04
ISIC,4,123,281,2.789473684210526,0.0
ISIC,5,123,281,3.1333333333333333,0.0
ISIC,2,123,282,1.7105263157894737,0.2894736842105263
ISIC,3,123,282,2.36,0.04
ISIC,4,123,282,3.0526315789473686,0.0
ISIC,5,123,282,3.2666666666666666,0.0
ISIC,2,123,283,1.8157894736842106,0.18421052631578946
ISIC,3,123,283,2.56,0.0
ISIC,4,123,283,3.1052631578947367,0.0
ISIC,5,123,283,3.6666666666666665,0.0
ISIC,2,123,284,1.868421052631579,0.13157894736842105
ISIC,3,123,284,2.64,0.0
ISIC,4,123,284,3.0526315789473686,0.0
ISIC,5,123,284,3.6,0.0
ISIC,2,123,285,1.894736842105263,0.10526315789473684
ISIC,3,123,285,2.6,0.0
ISIC,4,123,285,3.0,0.0
ISIC,5,123,285,3.4,0.0
ISIC,2,123,286,1.8157894736842106,0.18421052631578946
ISIC,3,123,286,2.48,0.0
ISIC,4,123,286,2.9473684210526314,0.0
ISIC,5,123,286,3.4,0.0
ISIC,2,123,287,1.868421052631579,0.13157894736842105
ISIC,3,123,287,2.48,0.0
ISIC,4,123,287,3.1578947368421053,0.0
ISIC,5,123,287,3.466666666666667,0.0
ISIC,2,123,288,1.8157894736842106,0.18421052631578946
ISIC,3,123,288,2.64,0.0
ISIC,4,123,288,3.263157894736842,0.0
ISIC,5,123,288,3.6666666666666665,0.0
ISIC,2,123,289,1.7105263157894737,0.2894736842105263
ISIC,3,123,289,2.48,0.04
ISIC,4,123,289,2.8421052631578947,0.05263157894736842
ISIC,5,123,289,3.2666666666666666,0.0
ISIC,2,123,290,1.868421052631579,0.13157894736842105
ISIC,3,123,290,2.56,0.04
ISIC,4,123,290,3.1578947368421053,0.0
ISIC,5,123,290,3.2666666666666666,0.06666666666666667
ISIC,2,123,291,1.8157894736842106,0.18421052631578946
ISIC,3,123,291,2.64,0.0
ISIC,4,123,291,3.1052631578947367,0.0
ISIC,5,123,291,3.3333333333333335,0.0
ISIC,2,123,292,1.736842105263158,0.2631578947368421
ISIC,3,123,292,2.44,0.12
ISIC,4,123,292,3.1052631578947367,0.0
ISIC,5,123,292,3.7333333333333334,0.0
ISIC,2,123,293,1.6842105263157894,0.3157894736842105
ISIC,3,123,293,2.44,0.04
ISIC,4,123,293,2.9473684210526314,0.0
ISIC,5,123,293,3.4,0.0
ISIC,2,123,294,1.631578947368421,0.3684210526315789
ISIC,3,123,294,2.48,0.0
ISIC,4,123,294,2.8947368421052633,0.0
ISIC,5,123,294,3.3333333333333335,0.0
ISIC,2,123,295,1.7894736842105263,0.21052631578947367
ISIC,3,123,295,2.48,0.0
ISIC,4,123,295,2.8947368421052633,0.0
ISIC,5,123,295,3.6,0.0
ISIC,2,123,296,1.7894736842105263,0.21052631578947367
ISIC,3,123,296,2.68,0.0
ISIC,4,123,296,3.210526315789474,0.0
ISIC,5,123,296,3.6,0.0
ISIC,2,123,297,1.736842105263158,0.2631578947368421
ISIC,3,123,297,2.44,0.04
ISIC,4,123,297,2.8947368421052633,0.0
ISIC,5,123,297,3.1333333333333333,0.0
ISIC,2,123,298,1.7894736842105263,0.21052631578947367
ISIC,3,123,298,2.48,0.0
ISIC,4,123,298,2.9473684210526314,0.0
ISIC,5,123,298,3.466666666666667,0.0
ISIC,2,123,299,1.6842105263157894,0.3157894736842105
ISIC,3,123,299,2.28,0.04
ISIC,4,123,299,2.8421052631578947,0.05263157894736842
ISIC,5,123,299,3.3333333333333335,0.0
ISIC,2,2024,0,1.8157894736842106,0.18421052631578946
ISIC,3,2024,0,2.56,0.0
ISIC,4,2024,0,3.1578947368421053,0.0
ISIC,5,2024,0,3.7333333333333334,0.0
ISIC,2,2024,1,1.8157894736842106,0.18421052631578946
ISIC,3,2024,1,2.56,0.0
ISIC,4,2024,1,3.0,0.0
ISIC,5,2024,1,3.466666666666667,0.0
ISIC,2,2024,2,1.8421052631578947,0.15789473684210525
ISIC,3,2024,2,2.32,0.04
ISIC,4,2024,2,2.9473684210526314,0.0
ISIC,5,2024,2,3.2666666666666666,0.0
ISIC,2,2024,3,1.8421052631578947,0.15789473684210525
ISIC,3,2024,3,2.4,0.0
ISIC,4,2024,3,3.1578947368421053,0.0
ISIC,5,2024,3,3.2666666666666666,0.0
ISIC,2,2024,4,1.763157894736842,0.23684210526315788
ISIC,3,2024,4,2.36,0.04
ISIC,4,2024,4,2.8947368421052633,0.0
ISIC,5,2024,4,3.2,0.0
ISIC,2,2024,5,1.894736842105263,0.10526315789473684
ISIC,3,2024,5,2.64,0.0
ISIC,4,2024,5,3.1578947368421053,0.0
ISIC,5,2024,5,3.7333333333333334,0.0
ISIC,2,2024,6,1.7105263157894737,0.2894736842105263
ISIC,3,2024,6,2.36,0.08
ISIC,4,2024,6,2.789473684210526,0.0
ISIC,5,2024,6,3.066666666666667,0.0
ISIC,2,2024,7,1.7894736842105263,0.21052631578947367
ISIC,3,2024,7,2.44,0.0
ISIC,4,2024,7,3.0,0.0
ISIC,5,2024,7,3.533333333333333,0.0
ISIC,2,2024,8,1.8157894736842106,0.18421052631578946
ISIC,3,2024,8,2.52,0.0
ISIC,4,2024,8,3.0,0.0
ISIC,5,2024,8,3.466666666666667,0.0
ISIC,2,2024,9,1.763157894736842,0.23684210526315788
ISIC,3,2024,9,2.44,0.04
ISIC,4,2024,9,3.0,0.0
ISIC,5,2024,9,3.6,0.0
ISIC,2,2024,10,1.763157894736842,0.23684210526315788
ISIC,3,2024,10,2.28,0.04
ISIC,4,2024,10,2.9473684210526314,0.0
ISIC,5,2024,10,3.2,0.0
ISIC,2,2024,11,1.7105263157894737,0.2894736842105263
ISIC,3,2024,11,2.32,0.12
ISIC,4,2024,11,2.789473684210526,0.0
ISIC,5,2024,11,3.3333333333333335,0.0
ISIC,2,2024,12,1.6842105263157894,0.3157894736842105
ISIC,3,2024,12,2.32,0.04
ISIC,4,2024,12,2.6842105263157894,0.0
ISIC,5,2024,12,3.4,0.0
ISIC,2,2024,13,1.736842105263158,0.2631578947368421
ISIC,3,2024,13,2.4,0.04
ISIC,4,2024,13,2.789473684210526,0.05263157894736842
ISIC,5,2024,13,3.3333333333333335,0.0
ISIC,2,2024,14,1.763157894736842,0.23684210526315788
ISIC,3,2024,14,2.4,0.08
ISIC,4,2024,14,2.9473684210526314,0.0
ISIC,5,2024,14,3.2,0.0
ISIC,2,2024,15,1.736842105263158,0.2631578947368421
ISIC,3,2024,15,2.36,0.0
ISIC,4,2024,15,2.789473684210526,0.0
ISIC,5,2024,15,3.6,0.0
ISIC,2,2024,16,1.605263157894737,0.39473684210526316
ISIC,3,2024,16,2.36,0.08
ISIC,4,2024,16,2.6315789473684212,0.05263157894736842
ISIC,5,2024,16,3.3333333333333335,0.0
ISIC,2,2024,17,1.6578947368421053,0.34210526315789475
ISIC,3,2024,17,2.2,0.04
ISIC,4,2024,17,2.789473684210526,0.0
ISIC,5,2024,17,3.0,0.0
ISIC,2,2024,18,1.6842105263157894,0.3157894736842105
ISIC,3,2024,18,2.2,0.16
ISIC,4,2024,18,2.8421052631578947,0.0
ISIC,5,2024,18,2.933333333333333,0.0
ISIC,2,2024,19,1.8157894736842106,0.18421052631578946
ISIC,3,2024,19,2.48,0.0
ISIC,4,2024,19,2.9473684210526314,0.0
ISIC,5,2024,19,3.8666666666666667,0.0
ISIC,2,2024,20,1.6842105263157894,0.3157894736842105
ISIC,3,2024,20,2.4,0.04
ISIC,4,2024,20,3.0,0.0
ISIC,5,2024,20,3.2666666666666666,0.0
ISIC,2,2024,21,1.8421052631578947,0.15789473684210525
ISIC,3,2024,21,2.36,0.04
ISIC,4,2024,21,3.210526315789474,0.0
ISIC,5,2024,21,3.4,0.0
ISIC,2,2024,22,1.736842105263158,0.2631578947368421
ISIC,3,2024,22,2.28,0.08
ISIC,4,2024,22,2.8421052631578947,0.0
ISIC,5,2024,22,3.4,0.0
ISIC,2,2024,23,1.763157894736842,0.23684210526315788
ISIC,3,2024,23,2.52,0.04
ISIC,4,2024,23,2.9473684210526314,0.05263157894736842
ISIC,5,2024,23,3.466666666666667,0.0
ISIC,2,2024,24,1.736842105263158,0.2631578947368421
ISIC,3,2024,24,2.32,0.12
ISIC,4,2024,24,3.0,0.0
ISIC,5,2024,24,3.1333333333333333,0.0
ISIC,2,2024,25,1.7894736842105263,0.21052631578947367
ISIC,3,2024,25,2.4,0.08
ISIC,4,2024,25,3.0526315789473686,0.0
ISIC,5,2024,25,3.3333333333333335,0.0
ISIC,2,2024,26,1.7894736842105263,0.21052631578947367
ISIC,3,2024,26,2.4,0.08
ISIC,4,2024,26,3.1052631578947367,0.0
ISIC,5,2024,26,3.1333333333333333,0.0
ISIC,2,2024,27,1.736842105263158,0.2631578947368421
ISIC,3,2024,27,2.4,0.04
ISIC,4,2024,27,3.0,0.0
ISIC,5,2024,27,3.4,0.0
ISIC,2,2024,28,1.763157894736842,0.23684210526315788
ISIC,3,2024,28,2.52,0.08
ISIC,4,2024,28,3.1052631578947367,0.0
ISIC,5,2024,28,3.466666666666667,0.0
ISIC,2,2024,29,1.736842105263158,0.2631578947368421
ISIC,3,2024,29,2.56,0.0
ISIC,4,2024,29,2.8947368421052633,0.0
ISIC,5,2024,29,3.466666666666667,0.0
ISIC,2,2024,30,1.8421052631578947,0.15789473684210525
ISIC,3,2024,30,2.64,0.04
ISIC,4,2024,30,2.736842105263158,0.0
ISIC,5,2024,30,3.4,0.0
ISIC,2,2024,31,1.8157894736842106,0.18421052631578946
ISIC,3,2024,31,2.64,0.04
ISIC,4,2024,31,3.0,0.0
ISIC,5,2024,31,3.2,0.0
ISIC,2,2024,32,1.7105263157894737,0.2894736842105263
ISIC,3,2024,32,2.6,0.04
ISIC,4,2024,32,2.8421052631578947,0.0
ISIC,5,2024,32,3.533333333333333,0.0
ISIC,2,2024,33,1.7894736842105263,0.21052631578947367
ISIC,3,2024,33,2.44,0.04
ISIC,4,2024,33,2.736842105263158,0.0
ISIC,5,2024,33,3.466666666666667,0.0
ISIC,2,2024,34,1.8421052631578947,0.15789473684210525
ISIC,3,2024,34,2.6,0.0
ISIC,4,2024,34,2.9473684210526314,0.0
ISIC,5,2024,34,3.6,0.0
ISIC,2,2024,35,1.868421052631579,0.13157894736842105
ISIC,3,2024,35,2.52,0.0
ISIC,4,2024,35,3.0526315789473686,0.0
ISIC,5,2024,35,3.6666666666666665,0.0
ISIC,2,2024,36,1.736842105263158,0.2631578947368421
ISIC,3,2024,36,2.32,0.04
ISIC,4,2024,36,2.789473684210526,0.0
ISIC,5,2024,36,3.1333333333333333,0.0
ISIC,2,2024,37,1.7894736842105263,0.21052631578947367
ISIC,3,2024,37,2.44,0.04
ISIC,4,2024,37,3.0,0.0
ISIC,5,2024,37,3.6666666666666665,0.0
ISIC,2,2024,38,1.7894736842105263,0.21052631578947367
ISIC,3,2024,38,2.64,0.0
ISIC,4,2024,38,2.8421052631578947,0.0
ISIC,5,2024,38,3.2666666666666666,0.0
ISIC,2,2024,39,1.8421052631578947,0.15789473684210525
ISIC,3,2024,39,2.56,0.0
ISIC,4,2024,39,2.8947368421052633,0.0
ISIC,5,2024,39,3.3333333333333335,0.0
ISIC,2,2024,40,1.868421052631579,0.13157894736842105
ISIC,3,2024,40,2.56,0.04
ISIC,4,2024,40,2.8947368421052633,0.0
ISIC,5,2024,40,3.533333333333333,0.0
ISIC,2,2024,41,1.894736842105263,0.10526315789473684
ISIC,3,2024,41,2.6,0.0
ISIC,4,2024,41,3.1052631578947367,0.0
ISIC,5,2024,41,3.6,0.0
ISIC,2,2024,42,1.8421052631578947,0.15789473684210525
ISIC,3,2024,42,2.52,0.04
ISIC,4,2024,42,3.0,0.0
ISIC,5,2024,42,3.6666666666666665,0.0
ISIC,2,2024,43,1.763157894736842,0.23684210526315788
ISIC,3,2024,43,2.4,0.08
ISIC,4,2024,43,2.9473684210526314,0.0
ISIC,5,2024,43,3.6,0.0
ISIC,2,2024,44,1.763157894736842,0.23684210526315788
ISIC,3,2024,44,2.36,0.04
ISIC,4,2024,44,2.736842105263158,0.0
ISIC,5,2024,44,3.4,0.0
ISIC,2,2024,45,1.9210526315789473,0.07894736842105263
ISIC,3,2024,45,2.44,0.0
ISIC,4,2024,45,3.0,0.0
ISIC,5,2024,45,3.466666666666667,0.0
ISIC,2,2024,46,1.8421052631578947,0.15789473684210525
ISIC,3,2024,46,2.44,0.0
ISIC,4,2024,46,2.8947368421052633,0.0
ISIC,5,2024,46,3.466666666666667,0.0
ISIC,2,2024,47,1.7105263157894737,0.2894736842105263
ISIC,3,2024,47,2.44,0.0
ISIC,4,2024,47,2.9473684210526314,0.0
ISIC,5,2024,47,3.3333333333333335,0.0
ISIC,2,2024,48,1.763157894736842,0.23684210526315788
ISIC,3,2024,48,2.52,0.04
ISIC,4,2024,48,3.1052631578947367,0.0
ISIC,5,2024,48,3.2666666666666666,0.0
ISIC,2,2024,49,1.736842105263158,0.2631578947368421
ISIC,3,2024,49,2.4,0.04
ISIC,4,2024,49,2.789473684210526,0.0
ISIC,5,2024,49,3.466666666666667,0.0
ISIC,2,2024,50,1.8157894736842106,0.18421052631578946
ISIC,3,2024,50,2.6,0.04
ISIC,4,2024,50,2.8947368421052633,0.0
ISIC,5,2024,50,3.6,0.0
ISIC,2,2024,51,1.763157894736842,0.23684210526315788
ISIC,3,2024,51,2.48,0.04
ISIC,4,2024,51,2.789473684210526,0.05263157894736842
ISIC,5,2024,51,3.2666666666666666,0.06666666666666667
ISIC,2,2024,52,1.763157894736842,0.23684210526315788
ISIC,3,2024,52,2.44,0.0
ISIC,4,2024,52,2.9473684210526314,0.0
ISIC,5,2024,52,3.6666666666666665,0.0
ISIC,2,2024,53,1.8421052631578947,0.15789473684210525
ISIC,3,2024,53,2.44,0.08
ISIC,4,2024,53,2.8947368421052633,0.05263157894736842
ISIC,5,2024,53,3.466666666666667,0.0
ISIC,2,2024,54,1.6842105263157894,0.3157894736842105
ISIC,3,2024,54,2.48,0.0
ISIC,4,2024,54,2.9473684210526314,0.0
ISIC,5,2024,54,3.4,0.0
ISIC,2,2024,55,1.7894736842105263,0.21052631578947367
ISIC,3,2024,55,2.24,0.12
ISIC,4,2024,55,3.0,0.0
ISIC,5,2024,55,3.533333333333333,0.0
ISIC,2,2024,56,1.6842105263157894,0.3157894736842105
ISIC,3,2024,56,2.32,0.08
ISIC,4,2024,56,2.9473684210526314,0.0
ISIC,5,2024,56,3.4,0.0
ISIC,2,2024,57,1.7894736842105263,0.21052631578947367
ISIC,3,2024,57,2.64,0.0
ISIC,4,2024,57,3.210526315789474,0.0
ISIC,5,2024,57,3.466666666666667,0.0
ISIC,2,2024,58,1.7105263157894737,0.2894736842105263
ISIC,3,2024,58,2.52,0.0
ISIC,4,2024,58,2.9473684210526314,0.0
ISIC,5,2024,58,3.6666666666666665,0.0
ISIC,2,2024,59,1.763157894736842,0.23684210526315788
ISIC,3,2024,59,2.56,0.04
ISIC,4,2024,59,3.1052631578947367,0.0
ISIC,5,2024,59,3.533333333333333,0.0
ISIC,2,2024,60,1.7894736842105263,0.21052631578947367
ISIC,3,2024,60,2.4,0.04
ISIC,4,2024,60,2.9473684210526314,0.0
ISIC,5,2024,60,3.6,0.0
ISIC,2,2024,61,1.7894736842105263,0.21052631578947367
ISIC,3,2024,61,2.44,0.0
ISIC,4,2024,61,3.0526315789473686,0.0
ISIC,5,2024,61,3.3333333333333335,0.0
ISIC,2,2024,62,1.8421052631578947,0.15789473684210525
ISIC,3,2024,62,2.4,0.08
ISIC,4,2024,62,3.1578947368421053,0.05263157894736842
ISIC,5,2024,62,3.3333333333333335,0.0
ISIC,2,2024,63,1.7894736842105263,0.21052631578947367
ISIC,3,2024,63,2.6,0.08
ISIC,4,2024,63,2.8947368421052633,0.05263157894736842
ISIC,5,2024,63,3.2666666666666666,0.0
ISIC,2,2024,64,1.763157894736842,0.23684210526315788
ISIC,3,2024,64,2.52,0.04
ISIC,4,2024,64,2.9473684210526314,0.0
ISIC,5,2024,64,3.4,0.0
ISIC,2,2024,65,1.605263157894737,0.39473684210526316
ISIC,3,2024,65,2.16,0.12
ISIC,4,2024,65,2.526315789473684,0.0
ISIC,5,2024,65,3.2,0.0
ISIC,2,2024,66,1.8157894736842106,0.18421052631578946
ISIC,3,2024,66,2.48,0.0
ISIC,4,2024,66,2.9473684210526314,0.0
ISIC,5,2024,66,3.2,0.0
ISIC,2,2024,67,1.868421052631579,0.13157894736842105
ISIC,3,2024,67,2.6,0.0
ISIC,4,2024,67,3.1578947368421053,0.0
ISIC,5,2024,67,3.533333333333333,0.0
ISIC,2,2024,68,1.8157894736842106,0.18421052631578946
ISIC,3,2024,68,2.52,0.04
ISIC,4,2024,68,3.1052631578947367,0.0
ISIC,5,2024,68,3.1333333333333333,0.0
ISIC,2,2024,69,1.7894736842105263,0.21052631578947367
ISIC,3,2024,69,2.56,0.0
ISIC,4,2024,69,3.1578947368421053,0.0
ISIC,5,2024,69,3.3333333333333335,0.0
ISIC,2,2024,70,1.868421052631579,0.13157894736842105
ISIC,3,2024,70,2.56,0.0
ISIC,4,2024,70,3.210526315789474,0.0
ISIC,5,2024,70,3.6666666666666665,0.0
ISIC,2,2024,71,1.7105263157894737,0.2894736842105263
ISIC,3,2024,71,2.48,0.0
ISIC,4,2024,71,2.8947368421052633,0.0
ISIC,5,2024,71,3.6,0.0
ISIC,2,2024,72,1.8157894736842106,0.18421052631578946
ISIC,3,2024,72,2.52,0.0
ISIC,4,2024,72,3.0526315789473686,0.0
ISIC,5,2024,72,3.7333333333333334,0.0
ISIC,2,2024,73,1.8157894736842106,0.18421052631578946
ISIC,3,2024,73,2.52,0.0
ISIC,4,2024,73,2.8947368421052633,0.0
ISIC,5,2024,73,3.533333333333333,0.0
ISIC,2,2024,74,1.736842105263158,0.2631578947368421
ISIC,3,2024,74,2.36,0.04
ISIC,4,2024,74,2.8947368421052633,0.0
ISIC,5,2024,74,3.4,0.0
ISIC,2,2024,75,1.8157894736842106,0.18421052631578946
ISIC,3,2024,75,2.32,0.04
ISIC,4,2024,75,2.8947368421052633,0.0
ISIC,5,2024,75,3.2666666666666666,0.0
ISIC,2,2024,76,1.6578947368421053,0.34210526315789475
ISIC,3,2024,76,2.4,0.08
ISIC,4,2024,76,2.9473684210526314,0.0
ISIC,5,2024,76,3.3333333333333335,0.06666666666666667
ISIC,2,2024,77,1.868421052631579,0.13157894736842105
ISIC,3,2024,77,2.76,0.0
ISIC,4,2024,77,3.1052631578947367,0.0
ISIC,5,2024,77,3.933333333333333,0.0
ISIC,2,2024,78,1.736842105263158,0.2631578947368421
ISIC,3,2024,78,2.32,0.16
ISIC,4,2024,78,2.9473684210526314,0.0
ISIC,5,2024,78,3.3333333333333335,0.0
ISIC,2,2024,79,1.6578947368421053,0.34210526315789475
ISIC,3,2024,79,2.4,0.0
ISIC,4,2024,79,2.526315789473684,0.0
ISIC,5,2024,79,2.8666666666666667,0.0
ISIC,2,2024,80,1.9473684210526316,0.05263157894736842
ISIC,3,2024,80,2.56,0.0
ISIC,4,2024,80,3.0526315789473686,0.0
ISIC,5,2024,80,3.2,0.0
ISIC,2,2024,81,1.763157894736842,0.23684210526315788
ISIC,3,2024,81,2.68,0.0
ISIC,4,2024,81,3.1578947368421053,0.0
ISIC,5,2024,81,3.4,0.0
ISIC,2,2024,82,1.7894736842105263,0.21052631578947367
ISIC,3,2024,82,2.64,0.0
ISIC,4,2024,82,3.1052631578947367,0.0
ISIC,5,2024,82,3.7333333333333334,0.0
ISIC,2,2024,83,1.8157894736842106,0.18421052631578946
ISIC,3,2024,83,2.52,0.04
ISIC,4,2024,83,3.1052631578947367,0.0
ISIC,5,2024,83,3.2,0.0
ISIC,2,2024,84,1.8421052631578947,0.15789473684210525
ISIC,3,2024,84,2.44,0.0
ISIC,4,2024,84,3.0526315789473686,0.0
ISIC,5,2024,84,3.533333333333333,0.0
ISIC,2,2024,85,1.7894736842105263,0.21052631578947367
ISIC,3,2024,85,2.48,0.04
ISIC,4,2024,85,3.0526315789473686,0.0
ISIC,5,2024,85,3.466666666666667,0.0
ISIC,2,2024,86,1.763157894736842,0.23684210526315788
ISIC,3,2024,86,2.64,0.0
ISIC,4,2024,86,3.0526315789473686,0.0
ISIC,5,2024,86,3.066666666666667,0.0
ISIC,2,2024,87,1.894736842105263,0.10526315789473684
ISIC,3,2024,87,2.52,0.04
ISIC,4,2024,87,3.3157894736842106,0.0
ISIC,5,2024,87,3.933333333333333,0.0
ISIC,2,2024,88,1.8157894736842106,0.18421052631578946
ISIC,3,2024,88,2.44,0.0
ISIC,4,2024,88,2.8421052631578947,0.0
ISIC,5,2024,88,3.4,0.0
ISIC,2,2024,89,1.763157894736842,0.23684210526315788
ISIC,3,2024,89,2.48,0.0
ISIC,4,2024,89,3.0526315789473686,0.0
ISIC,5,2024,89,3.0,0.0
ISIC,2,2024,90,1.763157894736842,0.23684210526315788
ISIC,3,2024,90,2.44,0.08
ISIC,4,2024,90,2.9473684210526314,0.0
ISIC,5,2024,90,3.466666666666667,0.0
ISIC,2,2024,91,1.763157894736842,0.23684210526315788
ISIC,3,2024,91,2.48,0.04
ISIC,4,2024,91,2.8421052631578947,0.0
ISIC,5,2024,91,2.933333333333333,0.0
ISIC,2,2024,92,1.8421052631578947,0.15789473684210525
ISIC,3,2024,92,2.56,0.04
ISIC,4,2024,92,2.9473684210526314,0.0
ISIC,5,2024,92,3.466666666666667,0.0
ISIC,2,2024,93,1.8421052631578947,0.15789473684210525
ISIC,3,2024,93,2.6,0.0
ISIC,4,2024,93,3.263157894736842,0.0
ISIC,5,2024,93,3.6666666666666665,0.0
ISIC,2,2024,94,1.7105263157894737,0.2894736842105263
ISIC,3,2024,94,2.48,0.04
ISIC,4,2024,94,2.9473684210526314,0.05263157894736842
ISIC,5,2024,94,3.2666666666666666,0.0
ISIC,2,2024,95,1.7894736842105263,0.21052631578947367
ISIC,3,2024,95,2.48,0.04
ISIC,4,2024,95,2.8947368421052633,0.05263157894736842
ISIC,5,2024,95,3.2,0.0
ISIC,2,2024,96,1.868421052631579,0.13157894736842105
ISIC,3,2024,96,2.6,0.04
ISIC,4,2024,96,3.263157894736842,0.0
ISIC,5,2024,96,3.3333333333333335,0.0
ISIC,2,2024,97,1.7105263157894737,0.2894736842105263
ISIC,3,2024,97,2.48,0.04
ISIC,4,2024,97,2.8421052631578947,0.0
ISIC,5,2024,97,3.2666666666666666,0.0
ISIC,2,2024,98,1.736842105263158,0.2631578947368421
ISIC,3,2024,98,2.36,0.12
ISIC,4,2024,98,2.8421052631578947,0.05263157894736842
ISIC,5,2024,98,3.2666666666666666,0.0
ISIC,2,2024,99,1.8157894736842106,0.18421052631578946
ISIC,3,2024,99,2.52,0.0
ISIC,4,2024,99,2.9473684210526314,0.0
ISIC,5,2024,99,3.4,0.0
ISIC,2,2024,100,1.8157894736842106,0.18421052631578946
ISIC,3,2024,100,2.52,0.04
ISIC,4,2024,100,2.9473684210526314,0.0
ISIC,5,2024,100,3.4,0.0
ISIC,2,2024,101,1.7894736842105263,0.21052631578947367
ISIC,3,2024,101,2.52,0.04
ISIC,4,2024,101,3.0526315789473686,0.0
ISIC,5,2024,101,3.2,0.0
ISIC,2,2024,102,1.8157894736842106,0.18421052631578946
ISIC,3,2024,102,2.4,0.04
ISIC,4,2024,102,2.8947368421052633,0.0
ISIC,5,2024,102,3.6666666666666665,0.0
ISIC,2,2024,103,1.631578947368421,0.3684210526315789
ISIC,3,2024,103,2.32,0.12
ISIC,4,2024,103,2.6842105263157894,0.0
ISIC,5,2024,103,3.066666666666667,0.06666666666666667
ISIC,2,2024,104,1.6842105263157894,0.3157894736842105
ISIC,3,2024,104,2.4,0.0
ISIC,4,2024,104,2.789473684210526,0.0
ISIC,5,2024,104,3.2666666666666666,0.0
ISIC,2,2024,105,1.868421052631579,0.13157894736842105
ISIC,3,2024,105,2.6,0.0
ISIC,4,2024,105,3.263157894736842,0.0
ISIC,5,2024,105,3.466666666666667,0.0
ISIC,2,2024,106,1.736842105263158,0.2631578947368421
ISIC,3,2024,106,2.44,0.0
ISIC,4,2024,106,2.8421052631578947,0.0
ISIC,5,2024,106,3.1333333333333333,0.0
ISIC,2,2024,107,1.736842105263158,0.2631578947368421
ISIC,3,2024,107,2.36,0.0
ISIC,4,2024,107,3.0,0.0
ISIC,5,2024,107,3.3333333333333335,0.0
ISIC,2,2024,108,1.7894736842105263,0.21052631578947367
ISIC,3,2024,108,2.48,0.04
ISIC,4,2024,108,2.9473684210526314,0.0
ISIC,5,2024,108,3.1333333333333333,0.0
ISIC,2,2024,109,1.8421052631578947,0.15789473684210525
ISIC,3,2024,109,2.44,0.04
ISIC,4,2024,109,3.1052631578947367,0.0
ISIC,5,2024,109,3.6666666666666665,0.0
ISIC,2,2024,110,1.894736842105263,0.10526315789473684
ISIC,3,2024,110,2.52,0.0
ISIC,4,2024,110,3.210526315789474,0.0
ISIC,5,2024,110,3.3333333333333335,0.0
ISIC,2,2024,111,1.736842105263158,0.2631578947368421
ISIC,3,2024,111,2.36,0.04
ISIC,4,2024,111,2.8947368421052633,0.0
ISIC,5,2024,111,3.2666666666666666,0.0
ISIC,2,2024,112,1.8421052631578947,0.15789473684210525
ISIC,3,2024,112,2.52,0.08
ISIC,4,2024,112,3.1578947368421053,0.0
ISIC,5,2024,112,3.6,0.0
ISIC,2,2024,113,1.8157894736842106,0.18421052631578946
ISIC,3,2024,113,2.52,0.04
ISIC,4,2024,113,3.0,0.05263157894736842
ISIC,5,2024,113,3.6666666666666665,0.0
ISIC,2,2024,114,1.763157894736842,0.23684210526315788
ISIC,3,2024,114,2.56,0.0
ISIC,4,2024,114,2.8947368421052633,0.0
ISIC,5,2024,114,3.466666666666667,0.0
ISIC,2,2024,115,1.6842105263157894,0.3157894736842105
ISIC,3,2024,115,2.32,0.04
ISIC,4,2024,115,2.6842105263157894,0.0
ISIC,5,2024,115,3.1333333333333333,0.0
ISIC,2,2024,116,1.868421052631579,0.13157894736842105
ISIC,3,2024,116,2.48,0.0
ISIC,4,2024,116,3.0,0.0
ISIC,5,2024,116,3.466666666666667,0.0
ISIC,2,2024,117,1.894736842105263,0.10526315789473684
ISIC,3,2024,117,2.52,0.0
ISIC,4,2024,117,3.0526315789473686,0.0
ISIC,5,2024,117,3.466666666666667,0.0
ISIC,2,2024,118,1.763157894736842,0.23684210526315788
ISIC,3,2024,118,2.32,0.04
ISIC,4,2024,118,3.1052631578947367,0.0
ISIC,5,2024,118,3.466666666666667,0.0
ISIC,2,2024,119,1.763157894736842,0.23684210526315788
ISIC,3,2024,119,2.64,0.04
ISIC,4,2024,119,3.0526315789473686,0.0
ISIC,5,2024,119,3.2666666666666666,0.0
ISIC,2,2024,120,1.868421052631579,0.13157894736842105
ISIC,3,2024,120,2.76,0.0
ISIC,4,2024,120,3.3157894736842106,0.0
ISIC,5,2024,120,3.533333333333333,0.0
ISIC,2,2024,121,1.7105263157894737,0.2894736842105263
ISIC,3,2024,121,2.32,0.08
ISIC,4,2024,121,2.6842105263157894,0.0
ISIC,5,2024,121,3.3333333333333335,0.0
ISIC,2,2024,122,1.763157894736842,0.23684210526315788
ISIC,3,2024,122,2.52,0.0
ISIC,4,2024,122,3.0,0.0
ISIC,5,2024,122,3.2666666666666666,0.0
ISIC,2,2024,123,1.8157894736842106,0.18421052631578946
ISIC,3,2024,123,2.56,0.0
ISIC,4,2024,123,3.1052631578947367,0.0
ISIC,5,2024,123,3.6666666666666665,0.0
ISIC,2,2024,124,1.763157894736842,0.23684210526315788
ISIC,3,2024,124,2.4,0.08
ISIC,4,2024,124,2.9473684210526314,0.0
ISIC,5,2024,124,3.6,0.0
ISIC,2,2024,125,1.7105263157894737,0.2894736842105263
ISIC,3,2024,125,2.4,0.08
ISIC,4,2024,125,2.6842105263157894,0.0
ISIC,5,2024,125,3.1333333333333333,0.0
ISIC,2,2024,126,1.868421052631579,0.13157894736842105
ISIC,3,2024,126,2.52,0.04
ISIC,4,2024,126,3.1052631578947367,0.0
ISIC,5,2024,126,3.8,0.0
ISIC,2,2024,127,1.868421052631579,0.13157894736842105
ISIC,3,2024,127,2.52,0.04
ISIC,4,2024,127,3.0526315789473686,0.0
ISIC,5,2024,127,3.4,0.0
ISIC,2,2024,128,1.7894736842105263,0.21052631578947367
ISIC,3,2024,128,2.48,0.0
ISIC,4,2024,128,3.0,0.0
ISIC,5,2024,128,3.4,0.0
ISIC,2,2024,129,1.605263157894737,0.39473684210526316
ISIC,3,2024,129,2.32,0.12
ISIC,4,2024,129,3.0,0.0
ISIC,5,2024,129,3.3333333333333335,0.0
ISIC,2,2024,130,1.7105263157894737,0.2894736842105263
ISIC,3,2024,130,2.2,0.08
ISIC,4,2024,130,2.5789473684210527,0.05263157894736842
ISIC,5,2024,130,2.933333333333333,0.0
ISIC,2,2024,131,1.868421052631579,0.13157894736842105
ISIC,3,2024,131,2.32,0.04
ISIC,4,2024,131,3.0,0.05263157894736842
ISIC,5,2024,131,3.4,0.0
ISIC,2,2024,132,1.8421052631578947,0.15789473684210525
ISIC,3,2024,132,2.4,0.04
ISIC,4,2024,132,3.0,0.0
ISIC,5,2024,132,3.6666666666666665,0.0
ISIC,2,2024,133,1.8157894736842106,0.18421052631578946
ISIC,3,2024,133,2.52,0.08
ISIC,4,2024,133,3.1052631578947367,0.05263157894736842
ISIC,5,2024,133,3.466666666666667,0.0
ISIC,2,2024,134,1.763157894736842,0.23684210526315788
ISIC,3,2024,134,2.48,0.0
ISIC,4,2024,134,3.0,0.0
ISIC,5,2024,134,3.4,0.0
ISIC,2,2024,135,1.8157894736842106,0.18421052631578946
ISIC,3,2024,135,2.36,0.08
ISIC,4,2024,135,3.0,0.0
ISIC,5,2024,135,3.3333333333333335,0.0
ISIC,2,2024,136,1.763157894736842,0.23684210526315788
ISIC,3,2024,136,2.28,0.16
ISIC,4,2024,136,2.6842105263157894,0.15789473684210525
ISIC,5,2024,136,3.2,0.0
ISIC,2,2024,137,1.7894736842105263,0.21052631578947367
ISIC,3,2024,137,2.44,0.04
ISIC,4,2024,137,3.0526315789473686,0.0
ISIC,5,2024,137,3.3333333333333335,0.0
ISIC,2,2024,138,1.868421052631579,0.13157894736842105
ISIC,3,2024,138,2.64,0.0
ISIC,4,2024,138,3.3157894736842106,0.0
ISIC,5,2024,138,3.6,0.0
ISIC,2,2024,139,1.868421052631579,0.13157894736842105
ISIC,3,2024,139,2.68,0.0
ISIC,4,2024,139,3.263157894736842,0.0
ISIC,5,2024,139,3.8666666666666667,0.0
ISIC,2,2024,140,1.7105263157894737,0.2894736842105263
ISIC,3,2024,140,2.32,0.08
ISIC,4,2024,140,2.9473684210526314,0.05263157894736842
ISIC,5,2024,140,3.3333333333333335,0.0
ISIC,2,2024,141,1.6842105263157894,0.3157894736842105
ISIC,3,2024,141,2.28,0.08
ISIC,4,2024,141,2.8421052631578947,0.05263157894736842
ISIC,5,2024,141,3.3333333333333335,0.0
ISIC,2,2024,142,1.736842105263158,0.2631578947368421
ISIC,3,2024,142,2.52,0.08
ISIC,4,2024,142,2.8421052631578947,0.0
ISIC,5,2024,142,3.2666666666666666,0.0
ISIC,2,2024,143,1.8421052631578947,0.15789473684210525
ISIC,3,2024,143,2.52,0.0
ISIC,4,2024,143,2.9473684210526314,0.0
ISIC,5,2024,143,3.533333333333333,0.0
ISIC,2,2024,144,1.8421052631578947,0.15789473684210525
ISIC,3,2024,144,2.52,0.0
ISIC,4,2024,144,3.1578947368421053,0.0
ISIC,5,2024,144,3.8,0.0
ISIC,2,2024,145,1.631578947368421,0.3684210526315789
ISIC,3,2024,145,2.4,0.0
ISIC,4,2024,145,2.789473684210526,0.0
ISIC,5,2024,145,3.4,0.0
ISIC,2,2024,146,1.6842105263157894,0.3157894736842105
ISIC,3,2024,146,2.36,0.08
ISIC,4,2024,146,2.8947368421052633,0.0
ISIC,5,2024,146,3.0,0.0
ISIC,2,2024,147,1.7894736842105263,0.21052631578947367
ISIC,3,2024,147,2.48,0.0
ISIC,4,2024,147,3.0526315789473686,0.0
ISIC,5,2024,147,3.4,0.0
ISIC,2,2024,148,1.7894736842105263,0.21052631578947367
ISIC,3,2024,148,2.32,0.04
ISIC,4,2024,148,2.789473684210526,0.0
ISIC,5,2024,148,3.066666666666667,0.0
ISIC,2,2024,149,1.8421052631578947,0.15789473684210525
ISIC,3,2024,149,2.48,0.04
ISIC,4,2024,149,3.210526315789474,0.0
ISIC,5,2024,149,3.6666666666666665,0.0
ISIC,2,2024,150,1.7105263157894737,0.2894736842105263
ISIC,3,2024,150,2.48,0.0
ISIC,4,2024,150,3.0526315789473686,0.0
ISIC,5,2024,150,3.466666666666667,0.0
ISIC,2,2024,151,1.736842105263158,0.2631578947368421
ISIC,3,2024,151,2.32,0.04
ISIC,4,2024,151,2.8947368421052633,0.0
ISIC,5,2024,151,3.3333333333333335,0.0
ISIC,2,2024,152,1.763157894736842,0.23684210526315788
ISIC,3,2024,152,2.4,0.04
ISIC,4,2024,152,2.8421052631578947,0.0
ISIC,5,2024,152,3.466666666666667,0.0
ISIC,2,2024,153,1.7894736842105263,0.21052631578947367
ISIC,3,2024,153,2.6,0.04
ISIC,4,2024,153,2.9473684210526314,0.0
ISIC,5,2024,153,3.6666666666666665,0.0
ISIC,2,2024,154,1.6842105263157894,0.3157894736842105
ISIC,3,2024,154,2.44,0.04
ISIC,4,2024,154,2.5789473684210527,0.0
ISIC,5,2024,154,3.4,0.0
ISIC,2,2024,155,1.736842105263158,0.2631578947368421
ISIC,3,2024,155,2.52,0.08
ISIC,4,2024,155,3.0526315789473686,0.0
ISIC,5,2024,155,3.4,0.0
ISIC,2,2024,156,1.894736842105263,0.10526315789473684
ISIC,3,2024,156,2.4,0.04
ISIC,4,2024,156,3.0,0.0
ISIC,5,2024,156,3.466666666666667,0.0
ISIC,2,2024,157,1.763157894736842,0.23684210526315788
ISIC,3,2024,157,2.52,0.08
ISIC,4,2024,157,2.789473684210526,0.0
ISIC,5,2024,157,3.2666666666666666,0.0
ISIC,2,2024,158,1.8421052631578947,0.15789473684210525
ISIC,3,2024,158,2.48,0.0
ISIC,4,2024,158,2.8947368421052633,0.0
ISIC,5,2024,158,3.3333333333333335,0.0
ISIC,2,2024,159,1.7894736842105263,0.21052631578947367
ISIC,3,2024,159,2.48,0.04
ISIC,4,2024,159,3.0526315789473686,0.0
ISIC,5,2024,159,3.1333333333333333,0.0
ISIC,2,2024,160,1.763157894736842,0.23684210526315788
ISIC,3,2024,160,2.44,0.04
ISIC,4,2024,160,2.8947368421052633,0.0
ISIC,5,2024,160,3.2666666666666666,0.0
ISIC,2,2024,161,1.868421052631579,0.13157894736842105
ISIC,3,2024,161,2.32,0.0
ISIC,4,2024,161,3.0,0.0
ISIC,5,2024,161,3.466666666666667,0.0
ISIC,2,2024,162,1.7894736842105263,0.21052631578947367
ISIC,3,2024,162,2.48,0.0
ISIC,4,2024,162,2.8947368421052633,0.0
ISIC,5,2024,162,3.4,0.0
ISIC,2,2024,163,1.8421052631578947,0.15789473684210525
ISIC,3,2024,163,2.6,0.0
ISIC,4,2024,163,3.210526315789474,0.0
ISIC,5,2024,163,3.8,0.0
ISIC,2,2024,164,1.736842105263158,0.2631578947368421
ISIC,3,2024,164,2.68,0.04
ISIC,4,2024,164,3.1578947368421053,0.0
ISIC,5,2024,164,3.4,0.0
ISIC,2,2024,165,1.7894736842105263,0.21052631578947367
ISIC,3,2024,165,2.28,0.04
ISIC,4,2024,165,2.8421052631578947,0.0
ISIC,5,2024,165,3.3333333333333335,0.0
ISIC,2,2024,166,1.8157894736842106,0.18421052631578946
ISIC,3,2024,166,2.52,0.0
ISIC,4,2024,166,2.8421052631578947,0.0
ISIC,5,2024,166,3.2,0.0
ISIC,2,2024,167,1.894736842105263,0.10526315789473684
ISIC,3,2024,167,2.68,0.04
ISIC,4,2024,167,3.3684210526315788,0.0
ISIC,5,2024,167,3.466666666666667,0.0
ISIC,2,2024,168,1.6842105263157894,0.3157894736842105
ISIC,3,2024,168,2.56,0.0
ISIC,4,2024,168,3.0,0.0
ISIC,5,2024,168,3.533333333333333,0.0
ISIC,2,2024,169,1.763157894736842,0.23684210526315788
ISIC,3,2024,169,2.44,0.04
ISIC,4,2024,169,3.0,0.05263157894736842
ISIC,5,2024,169,3.466666666666667,0.0
ISIC,2,2024,170,1.763157894736842,0.23684210526315788
ISIC,3,2024,170,2.36,0.04
ISIC,4,2024,170,2.789473684210526,0.0
ISIC,5,2024,170,3.2666666666666666,0.0
ISIC,2,2024,171,1.894736842105263,0.10526315789473684
ISIC,3,2024,171,2.28,0.0
ISIC,4,2024,171,2.8947368421052633,0.0
ISIC,5,2024,171,3.2666666666666666,0.0
ISIC,2,2024,172,1.8421052631578947,0.15789473684210525
ISIC,3,2024,172,2.48,0.04
ISIC,4,2024,172,2.8421052631578947,0.0
ISIC,5,2024,172,3.466666666666667,0.0
ISIC,2,2024,173,1.6842105263157894,0.3157894736842105
ISIC,3,2024,173,2.2,0.08
ISIC,4,2024,173,2.6842105263157894,0.0
ISIC,5,2024,173,3.2666666666666666,0.0
ISIC,2,2024,174,1.763157894736842,0.23684210526315788
ISIC,3,2024,174,2.48,0.04
ISIC,4,2024,174,3.0526315789473686,0.0
ISIC,5,2024,174,3.466666666666667,0.0
ISIC,2,2024,175,1.8157894736842106,0.18421052631578946
ISIC,3,2024,175,2.52,0.04
ISIC,4,2024,175,3.0,0.0
ISIC,5,2024,175,3.2666666666666666,0.0
ISIC,2,2024,176,1.763157894736842,0.23684210526315788
ISIC,3,2024,176,2.48,0.04
ISIC,4,2024,176,3.1052631578947367,0.0
ISIC,5,2024,176,3.6666666666666665,0.0
ISIC,2,2024,177,1.6842105263157894,0.3157894736842105
ISIC,3,2024,177,2.48,0.0
ISIC,4,2024,177,2.8947368421052633,0.0
ISIC,5,2024,177,3.4,0.0
ISIC,2,2024,178,1.8421052631578947,0.15789473684210525
ISIC,3,2024,178,2.48,0.04
ISIC,4,2024,178,3.1052631578947367,0.0
ISIC,5,2024,178,3.533333333333333,0.0
ISIC,2,2024,179,1.894736842105263,0.10526315789473684
ISIC,3,2024,179,2.64,0.0
ISIC,4,2024,179,3.1052631578947367,0.0
ISIC,5,2024,179,3.6666666666666665,0.0
ISIC,2,2024,180,1.868421052631579,0.13157894736842105
ISIC,3,2024,180,2.48,0.04
ISIC,4,2024,180,3.263157894736842,0.0
ISIC,5,2024,180,3.3333333333333335,0.0
ISIC,2,2024,181,1.7894736842105263,0.21052631578947367
ISIC,3,2024,181,2.4,0.04
ISIC,4,2024,181,2.8421052631578947,0.0
ISIC,5,2024,181,3.066666666666667,0.0
ISIC,2,2024,182,1.736842105263158,0.2631578947368421
ISIC,3,2024,182,2.32,0.08
ISIC,4,2024,182,2.8947368421052633,0.0
ISIC,5,2024,182,3.6,0.0
ISIC,2,2024,183,1.8421052631578947,0.15789473684210525
ISIC,3,2024,183,2.68,0.0
ISIC,4,2024,183,3.0,0.0
ISIC,5,2024,183,3.466666666666667,0.0
ISIC,2,2024,184,1.894736842105263,0.10526315789473684
ISIC,3,2024,184,2.56,0.04
ISIC,4,2024,184,3.263157894736842,0.0
ISIC,5,2024,184,3.533333333333333,0.0
ISIC,2,2024,185,1.763157894736842,0.23684210526315788
ISIC,3,2024,185,2.4,0.0
ISIC,4,2024,185,2.9473684210526314,0.0
ISIC,5,2024,185,3.2666666666666666,0.0
ISIC,2,2024,186,1.763157894736842,0.23684210526315788
ISIC,3,2024,186,2.36,0.08
ISIC,4,2024,186,2.736842105263158,0.0
ISIC,5,2024,186,3.2,0.0
ISIC,2,2024,187,1.736842105263158,0.2631578947368421
ISIC,3,2024,187,2.36,0.04
ISIC,4,2024,187,2.9473684210526314,0.0
ISIC,5,2024,187,3.3333333333333335,0.0
ISIC,2,2024,188,1.7894736842105263,0.21052631578947367
ISIC,3,2024,188,2.44,0.0
ISIC,4,2024,188,2.6842105263157894,0.05263157894736842
ISIC,5,2024,188,3.0,0.0
ISIC,2,2024,189,1.6842105263157894,0.3157894736842105
ISIC,3,2024,189,2.28,0.08
ISIC,4,2024,189,2.8947368421052633,0.10526315789473684
ISIC,5,2024,189,3.3333333333333335,0.0
ISIC,2,2024,190,1.7894736842105263,0.21052631578947367
ISIC,3,2024,190,2.44,0.0
ISIC,4,2024,190,2.8421052631578947,0.0
ISIC,5,2024,190,3.0,0.0
ISIC,2,2024,191,1.6842105263157894,0.3157894736842105
ISIC,3,2024,191,2.4,0.0
ISIC,4,2024,191,2.789473684210526,0.0
ISIC,5,2024,191,3.2,0.0
ISIC,2,2024,192,1.868421052631579,0.13157894736842105
ISIC,3,2024,192,2.72,0.0
ISIC,4,2024,192,3.1578947368421053,0.0
ISIC,5,2024,192,3.6,0.0
ISIC,2,2024,193,1.8421052631578947,0.15789473684210525
ISIC,3,2024,193,2.52,0.0
ISIC,4,2024,193,3.0,0.0
ISIC,5,2024,193,3.4,0.0
ISIC,2,2024,194,1.7894736842105263,0.21052631578947367
ISIC,3,2024,194,2.36,0.08
ISIC,4,2024,194,2.6315789473684212,0.0
ISIC,5,2024,194,3.2666666666666666,0.0
ISIC,2,2024,195,1.7105263157894737,0.2894736842105263
ISIC,3,2024,195,2.36,0.08
ISIC,4,2024,195,3.0526315789473686,0.0
ISIC,5,2024,195,3.3333333333333335,0.0
ISIC,2,2024,196,1.7894736842105263,0.21052631578947367
ISIC,3,2024,196,2.4,0.04
ISIC,4,2024,196,2.736842105263158,0.0
ISIC,5,2024,196,3.3333333333333335,0.0
ISIC,2,2024,197,1.7894736842105263,0.21052631578947367
ISIC,3,2024,197,2.48,0.0
ISIC,4,2024,197,3.0526315789473686,0.0
ISIC,5,2024,197,3.466666666666667,0.0
ISIC,2,2024,198,1.8157894736842106,0.18421052631578946
ISIC,3,2024,198,2.6,0.0
ISIC,4,2024,198,3.0,0.0
ISIC,5,2024,198,3.466666666666667,0.0
ISIC,2,2024,199,1.7894736842105263,0.21052631578947367
ISIC,3,2024,199,2.52,0.0
ISIC,4,2024,199,3.1052631578947367,0.0
ISIC,5,2024,199,3.4,0.0
ISIC,2,2024,200,1.894736842105263,0.10526315789473684
ISIC,3,2024,200,2.48,0.0
ISIC,4,2024,200,3.0,0.0
ISIC,5,2024,200,3.4,0.0
ISIC,2,2024,201,1.7105263157894737,0.2894736842105263
ISIC,3,2024,201,2.32,0.04
ISIC,4,2024,201,2.736842105263158,0.0
ISIC,5,2024,201,3.1333333333333333,0.0
ISIC,2,2024,202,1.868421052631579,0.13157894736842105
ISIC,3,2024,202,2.64,0.0
ISIC,4,2024,202,3.0526315789473686,0.0
ISIC,5,2024,202,3.466666666666667,0.0
ISIC,2,2024,203,1.736842105263158,0.2631578947368421
ISIC,3,2024,203,2.44,0.08
ISIC,4,2024,203,2.789473684210526,0.05263157894736842
ISIC,5,2024,203,3.3333333333333335,0.0
ISIC,2,2024,204,1.763157894736842,0.23684210526315788
ISIC,3,2024,204,2.28,0.12
ISIC,4,2024,204,2.789473684210526,0.10526315789473684
ISIC,5,2024,204,3.3333333333333335,0.0
ISIC,2,2024,205,1.7894736842105263,0.21052631578947367
ISIC,3,2024,205,2.6,0.04
ISIC,4,2024,205,3.263157894736842,0.0
ISIC,5,2024,205,3.7333333333333334,0.0
ISIC,2,2024,206,1.6842105263157894,0.3157894736842105
ISIC,3,2024,206,2.4,0.08
ISIC,4,2024,206,2.8947368421052633,0.05263157894736842
ISIC,5,2024,206,3.2,0.0
ISIC,2,2024,207,1.8421052631578947,0.15789473684210525
ISIC,3,2024,207,2.48,0.04
ISIC,4,2024,207,2.8947368421052633,0.0
ISIC,5,2024,207,3.2666666666666666,0.0
ISIC,2,2024,208,1.894736842105263,0.10526315789473684
ISIC,3,2024,208,2.52,0.0
ISIC,4,2024,208,3.0526315789473686,0.0
ISIC,5,2024,208,3.7333333333333334,0.0
ISIC,2,2024,209,1.7894736842105263,0.21052631578947367
ISIC,3,2024,209,2.52,0.0
ISIC,4,2024,209,3.1052631578947367,0.0
ISIC,5,2024,209,3.466666666666667,0.0
ISIC,2,2024,210,1.763157894736842,0.23684210526315788
ISIC,3,2024,210,2.4,0.04
ISIC,4,2024,210,2.736842105263158,0.0
ISIC,5,2024,210,3.3333333333333335,0.0
ISIC,2,2024,211,1.763157894736842,0.23684210526315788
ISIC,3,2024,211,2.44,0.0
ISIC,4,2024,211,2.8421052631578947,0.0
ISIC,5,2024,211,3.2,0.0
ISIC,2,2024,212,1.763157894736842,0.23684210526315788
ISIC,3,2024,212,2.4,0.04
ISIC,4,2024,212,2.6315789473684212,0.05263157894736842
ISIC,5,2024,212,3.2,0.0
ISIC,2,2024,213,1.7894736842105263,0.21052631578947367
ISIC,3,2024,213,2.44,0.04
ISIC,4,2024,213,3.0,0.0
ISIC,5,2024,213,3.533333333333333,0.0
ISIC,2,2024,214,1.8157894736842106,0.18421052631578946
ISIC,3,2024,214,2.44,0.04
ISIC,4,2024,214,3.0,0.0
ISIC,5,2024,214,3.533333333333333,0.0
ISIC,2,2024,215,1.894736842105263,0.10526315789473684
ISIC,3,2024,215,2.6,0.0
ISIC,4,2024,215,3.3684210526315788,0.0
ISIC,5,2024,215,3.6666666666666665,0.0
ISIC,2,2024,216,1.8421052631578947,0.15789473684210525
ISIC,3,2024,216,2.6,0.0
ISIC,4,2024,216,3.210526315789474,0.0
ISIC,5,2024,216,3.466666666666667,0.0
ISIC,2,2024,217,1.7894736842105263,0.21052631578947367
ISIC,3,2024,217,2.28,0.08
ISIC,4,2024,217,2.8947368421052633,0.0
ISIC,5,2024,217,3.066666666666667,0.0
ISIC,2,2024,218,1.8421052631578947,0.15789473684210525
ISIC,3,2024,218,2.44,0.0
ISIC,4,2024,218,3.0,0.0
ISIC,5,2024,218,3.066666666666667,0.0
ISIC,2,2024,219,1.868421052631579,0.13157894736842105
ISIC,3,2024,219,2.56,0.04
ISIC,4,2024,219,3.3157894736842106,0.0
ISIC,5,2024,219,3.6,0.0
ISIC,2,2024,220,1.6842105263157894,0.3157894736842105
ISIC,3,2024,220,2.32,0.12
ISIC,4,2024,220,2.6842105263157894,0.0
ISIC,5,2024,220,3.2666666666666666,0.0
ISIC,2,2024,221,1.8421052631578947,0.15789473684210525
ISIC,3,2024,221,2.52,0.0
ISIC,4,2024,221,3.0,0.0
ISIC,5,2024,221,3.6,0.0
ISIC,2,2024,222,1.763157894736842,0.23684210526315788
ISIC,3,2024,222,2.44,0.08
ISIC,4,2024,222,2.789473684210526,0.05263157894736842
ISIC,5,2024,222,3.1333333333333333,0.0
ISIC,2,2024,223,1.8157894736842106,0.18421052631578946
ISIC,3,2024,223,2.36,0.0
ISIC,4,2024,223,3.0526315789473686,0.0
ISIC,5,2024,223,3.7333333333333334,0.0
ISIC,2,2024,224,1.736842105263158,0.2631578947368421
ISIC,3,2024,224,2.36,0.04
ISIC,4,2024,224,2.789473684210526,0.0
ISIC,5,2024,224,3.466666666666667,0.0
ISIC,2,2024,225,1.7105263157894737,0.2894736842105263
ISIC,3,2024,225,2.36,0.04
ISIC,4,2024,225,2.736842105263158,0.05263157894736842
ISIC,5,2024,225,3.466666666666667,0.0
ISIC,2,2024,226,1.8157894736842106,0.18421052631578946
ISIC,3,2024,226,2.48,0.0
ISIC,4,2024,226,2.9473684210526314,0.0
ISIC,5,2024,226,3.466666666666667,0.0
ISIC,2,2024,227,1.9210526315789473,0.07894736842105263
ISIC,3,2024,227,2.6,0.0
ISIC,4,2024,227,3.3157894736842106,0.0
ISIC,5,2024,227,3.8,0.0
ISIC,2,2024,228,1.736842105263158,0.2631578947368421
ISIC,3,2024,228,2.4,0.04
ISIC,4,2024,228,2.789473684210526,0.0
ISIC,5,2024,228,3.3333333333333335,0.0
ISIC,2,2024,229,1.8157894736842106,0.18421052631578946
ISIC,3,2024,229,2.4,0.0
ISIC,4,2024,229,3.0,0.0
ISIC,5,2024,229,3.466666666666667,0.0
ISIC,2,2024,230,1.894736842105263,0.10526315789473684
ISIC,3,2024,230,2.48,0.0
ISIC,4,2024,230,3.210526315789474,0.0
ISIC,5,2024,230,3.7333333333333334,0.0
ISIC,2,2024,231,1.736842105263158,0.2631578947368421
ISIC,3,2024,231,2.28,0.04
ISIC,4,2024,231,2.8947368421052633,0.0
ISIC,5,2024,231,3.533333333333333,0.0
ISIC,2,2024,232,1.894736842105263,0.10526315789473684
ISIC,3,2024,232,2.72,0.0
ISIC,4,2024,232,3.210526315789474,0.0
ISIC,5,2024,232,3.7333333333333334,0.0
ISIC,2,2024,233,1.868421052631579,0.13157894736842105
ISIC,3,2024,233,2.52,0.0
ISIC,4,2024,233,3.0,0.0
ISIC,5,2024,233,3.4,0.0
ISIC,2,2024,234,1.7894736842105263,0.21052631578947367
ISIC,3,2024,234,2.6,0.0
ISIC,4,2024,234,3.1052631578947367,0.0
ISIC,5,2024,234,3.6666666666666665,0.0
ISIC,2,2024,235,1.8157894736842106,0.18421052631578946
ISIC,3,2024,235,2.4,0.0
ISIC,4,2024,235,2.789473684210526,0.0
ISIC,5,2024,235,3.3333333333333335,0.0
ISIC,2,2024,236,1.7894736842105263,0.21052631578947367
ISIC,3,2024,236,2.68,0.04
ISIC,4,2024,236,3.0526315789473686,0.0
ISIC,5,2024,236,3.8,0.0
ISIC,2,2024,237,1.8157894736842106,0.18421052631578946
ISIC,3,2024,237,2.48,0.0
ISIC,4,2024,237,3.1578947368421053,0.0
ISIC,5,2024,237,3.3333333333333335,0.0
ISIC,2,2024,238,1.8421052631578947,0.15789473684210525
ISIC,3,2024,238,2.56,0.0
ISIC,4,2024,238,3.263157894736842,0.0
ISIC,5,2024,238,3.7333333333333334,0.0
ISIC,2,2024,239,1.8157894736842106,0.18421052631578946
ISIC,3,2024,239,2.4,0.0
ISIC,4,2024,239,3.0,0.0
ISIC,5,2024,239,3.6666666666666665,0.0
ISIC,2,2024,240,1.868421052631579,0.13157894736842105
ISIC,3,2024,240,2.44,0.04
ISIC,4,2024,240,2.9473684210526314,0.0
ISIC,5,2024,240,3.466666666666667,0.0
ISIC,2,2024,241,1.631578947368421,0.3684210526315789
ISIC,3,2024,241,2.36,0.12
ISIC,4,2024,241,2.736842105263158,0.0
ISIC,5,2024,241,3.3333333333333335,0.0
ISIC,2,2024,242,1.7894736842105263,0.21052631578947367
ISIC,3,2024,242,2.68,0.04
ISIC,4,2024,242,3.1052631578947367,0.05263157894736842
ISIC,5,2024,242,3.466666666666667,0.0
ISIC,2,2024,243,1.7894736842105263,0.21052631578947367
ISIC,3,2024,243,2.32,0.04
ISIC,4,2024,243,2.9473684210526314,0.0
ISIC,5,2024,243,3.2666666666666666,0.0
ISIC,2,2024,244,1.8421052631578947,0.15789473684210525
ISIC,3,2024,244,2.52,0.0
ISIC,4,2024,244,3.0526315789473686,0.0
ISIC,5,2024,244,3.6,0.0
ISIC,2,2024,245,1.7105263157894737,0.2894736842105263
ISIC,3,2024,245,2.24,0.12
ISIC,4,2024,245,2.8421052631578947,0.0
ISIC,5,2024,245,2.933333333333333,0.0
ISIC,2,2024,246,1.894736842105263,0.10526315789473684
ISIC,3,2024,246,2.48,0.04
ISIC,4,2024,246,3.3157894736842106,0.0
ISIC,5,2024,246,3.533333333333333,0.0
ISIC,2,2024,247,1.736842105263158,0.2631578947368421
ISIC,3,2024,247,2.32,0.04
ISIC,4,2024,247,2.8947368421052633,0.0
ISIC,5,2024,247,3.533333333333333,0.0
ISIC,2,2024,248,1.8421052631578947,0.15789473684210525
ISIC,3,2024,248,2.44,0.0
ISIC,4,2024,248,3.0,0.0
ISIC,5,2024,248,3.6666666666666665,0.0
ISIC,2,2024,249,1.763157894736842,0.23684210526315788
ISIC,3,2024,249,2.44,0.08
ISIC,4,2024,249,2.789473684210526,0.05263157894736842
ISIC,5,2024,249,3.466666666666667,0.0
ISIC,2,2024,250,1.8157894736842106,0.18421052631578946
ISIC,3,2024,250,2.44,0.0
ISIC,4,2024,250,2.8421052631578947,0.0
ISIC,5,2024,250,3.3333333333333335,0.0
ISIC,2,2024,251,1.8157894736842106,0.18421052631578946
ISIC,3,2024,251,2.44,0.0
ISIC,4,2024,251,2.9473684210526314,0.0
ISIC,5,2024,251,3.4,0.0
ISIC,2,2024,252,1.9210526315789473,0.07894736842105263
ISIC,3,2024,252,2.64,0.0
ISIC,4,2024,252,3.1578947368421053,0.0
ISIC,5,2024,252,3.8,0.0
ISIC,2,2024,253,1.763157894736842,0.23684210526315788
ISIC,3,2024,253,2.32,0.0
ISIC,4,2024,253,2.789473684210526,0.0
ISIC,5,2024,253,3.066666666666667,0.0
ISIC,2,2024,254,1.7894736842105263,0.21052631578947367
ISIC,3,2024,254,2.48,0.0
ISIC,4,2024,254,2.8421052631578947,0.0
ISIC,5,2024,254,3.4,0.0
ISIC,2,2024,255,1.8421052631578947,0.15789473684210525
ISIC,3,2024,255,2.44,0.0
ISIC,4,2024,255,2.8947368421052633,0.0
ISIC,5,2024,255,3.2666666666666666,0.0
ISIC,2,2024,256,1.8157894736842106,0.18421052631578946
ISIC,3,2024,256,2.24,0.08
ISIC,4,2024,256,2.789473684210526,0.0
ISIC,5,2024,256,3.2,0.0
ISIC,2,2024,257,1.7894736842105263,0.21052631578947367
ISIC,3,2024,257,2.56,0.08
ISIC,4,2024,257,3.1578947368421053,0.0
ISIC,5,2024,257,3.8666666666666667,0.0
ISIC,2,2024,258,1.7894736842105263,0.21052631578947367
ISIC,3,2024,258,2.52,0.04
ISIC,4,2024,258,3.1578947368421053,0.0
ISIC,5,2024,258,3.533333333333333,0.0
ISIC,2,2024,259,1.8421052631578947,0.15789473684210525
ISIC,3,2024,259,2.52,0.04
ISIC,4,2024,259,2.8421052631578947,0.0
ISIC,5,2024,259,3.4,0.0
ISIC,2,2024,260,1.763157894736842,0.23684210526315788
ISIC,3,2024,260,2.56,0.0
ISIC,4,2024,260,3.1052631578947367,0.0
ISIC,5,2024,260,3.6,0.0
ISIC,2,2024,261,1.763157894736842,0.23684210526315788
ISIC,3,2024,261,2.48,0.04
ISIC,4,2024,261,2.9473684210526314,0.0
ISIC,5,2024,261,3.2666666666666666,0.0
ISIC,2,2024,262,1.8421052631578947,0.15789473684210525
ISIC,3,2024,262,2.44,0.04
ISIC,4,2024,262,2.8947368421052633,0.05263157894736842
ISIC,5,2024,262,3.533333333333333,0.0
ISIC,2,2024,263,1.8421052631578947,0.15789473684210525
ISIC,3,2024,263,2.52,0.04
ISIC,4,2024,263,3.3157894736842106,0.0
ISIC,5,2024,263,3.3333333333333335,0.0
ISIC,2,2024,264,1.894736842105263,0.10526315789473684
ISIC,3,2024,264,2.48,0.0
ISIC,4,2024,264,2.9473684210526314,0.0
ISIC,5,2024,264,3.3333333333333335,0.0
ISIC,2,2024,265,1.8421052631578947,0.15789473684210525
ISIC,3,2024,265,2.52,0.0
ISIC,4,2024,265,3.0,0.0
ISIC,5,2024,265,3.4,0.0
ISIC,2,2024,266,1.8157894736842106,0.18421052631578946
ISIC,3,2024,266,2.48,0.0
ISIC,4,2024,266,2.9473684210526314,0.0
ISIC,5,2024,266,3.3333333333333335,0.0
ISIC,2,2024,267,1.7105263157894737,0.2894736842105263
ISIC,3,2024,267,2.56,0.08
ISIC,4,2024,267,2.8421052631578947,0.05263157894736842
ISIC,5,2024,267,3.4,0.0
ISIC,2,2024,268,1.894736842105263,0.10526315789473684
ISIC,3,2024,268,2.56,0.0
ISIC,4,2024,268,3.3157894736842106,0.0
ISIC,5,2024,268,3.533333333333333,0.0
ISIC,2,2024,269,1.763157894736842,0.23684210526315788
ISIC,3,2024,269,2.56,0.0
ISIC,4,2024,269,3.0,0.0
ISIC,5,2024,269,3.7333333333333334,0.0
ISIC,2,2024,270,1.8421052631578947,0.15789473684210525
ISIC,3,2024,270,2.52,0.0
ISIC,4,2024,270,2.8947368421052633,0.0
ISIC,5,2024,270,3.466666666666667,0.0
ISIC,2,2024,271,1.9210526315789473,0.07894736842105263
ISIC,3,2024,271,2.44,0.04
ISIC,4,2024,271,3.1052631578947367,0.0
ISIC,5,2024,271,3.7333333333333334,0.0
ISIC,2,2024,272,1.7894736842105263,0.21052631578947367
ISIC,3,2024,272,2.44,0.08
ISIC,4,2024,272,2.8421052631578947,0.05263157894736842
ISIC,5,2024,272,3.6,0.0
ISIC,2,2024,273,1.763157894736842,0.23684210526315788
ISIC,3,2024,273,2.44,0.04
ISIC,4,2024,273,2.9473684210526314,0.0
ISIC,5,2024,273,3.6666666666666665,0.0
ISIC,2,2024,274,1.8421052631578947,0.15789473684210525
ISIC,3,2024,274,2.48,0.04
ISIC,4,2024,274,3.1052631578947367,0.0
ISIC,5,2024,274,3.533333333333333,0.0
ISIC,2,2024,275,1.6842105263157894,0.3157894736842105
ISIC,3,2024,275,2.4,0.0
ISIC,4,2024,275,3.0,0.0
ISIC,5,2024,275,3.1333333333333333,0.0
ISIC,2,2024,276,1.736842105263158,0.2631578947368421
ISIC,3,2024,276,2.44,0.0
ISIC,4,2024,276,2.9473684210526314,0.0
ISIC,5,2024,276,3.466666666666667,0.0
ISIC,2,2024,277,1.763157894736842,0.23684210526315788
ISIC,3,2024,277,2.28,0.08
ISIC,4,2024,277,2.8947368421052633,0.05263157894736842
ISIC,5,2024,277,3.2,0.0
ISIC,2,2024,278,1.8157894736842106,0.18421052631578946
ISIC,3,2024,278,2.32,0.04
ISIC,4,2024,278,2.8947368421052633,0.05263157894736842
ISIC,5,2024,278,3.466666666666667,0.0
ISIC,2,2024,279,1.8157894736842106,0.18421052631578946
ISIC,3,2024,279,2.48,0.04
ISIC,4,2024,279,3.1578947368421053,0.05263157894736842
ISIC,5,2024,279,3.6,0.0
ISIC,2,2024,280,1.763157894736842,0.23684210526315788
ISIC,3,2024,280,2.52,0.0
ISIC,4,2024,280,3.0526315789473686,0.0
ISIC,5,2024,280,3.4,0.0
ISIC,2,2024,281,1.868421052631579,0.13157894736842105
ISIC,3,2024,281,2.4,0.0
ISIC,4,2024,281,2.8947368421052633,0.0
ISIC,5,2024,281,3.4,0.0
ISIC,2,2024,282,1.7105263157894737,0.2894736842105263
ISIC,3,2024,282,2.44,0.08
ISIC,4,2024,282,2.9473684210526314,0.0
ISIC,5,2024,282,3.1333333333333333,0.0
ISIC,2,2024,283,1.763157894736842,0.23684210526315788
ISIC,3,2024,283,2.44,0.0
ISIC,4,2024,283,2.8947368421052633,0.0
ISIC,5,2024,283,3.466666666666667,0.0
ISIC,2,2024,284,1.7894736842105263,0.21052631578947367
ISIC,3,2024,284,2.36,0.08
ISIC,4,2024,284,2.8947368421052633,0.0
ISIC,5,2024,284,3.6666666666666665,0.0
ISIC,2,2024,285,1.736842105263158,0.2631578947368421
ISIC,3,2024,285,2.52,0.0
ISIC,4,2024,285,2.8947368421052633,0.0
ISIC,5,2024,285,3.2666666666666666,0.0
ISIC,2,2024,286,1.8157894736842106,0.18421052631578946
ISIC,3,2024,286,2.44,0.04
ISIC,4,2024,286,2.8947368421052633,0.0
ISIC,5,2024,286,3.4,0.0
ISIC,2,2024,287,1.736842105263158,0.2631578947368421
ISIC,3,2024,287,2.36,0.08
ISIC,4,2024,287,2.736842105263158,0.05263157894736842
ISIC,5,2024,287,3.3333333333333335,0.0
ISIC,2,2024,288,1.736842105263158,0.2631578947368421
ISIC,3,2024,288,2.44,0.0
ISIC,4,2024,288,2.789473684210526,0.0
ISIC,5,2024,288,3.3333333333333335,0.0
ISIC,2,2024,289,1.7894736842105263,0.21052631578947367
ISIC,3,2024,289,2.68,0.0
ISIC,4,2024,289,3.263157894736842,0.0
ISIC,5,2024,289,3.8,0.0
ISIC,2,2024,290,1.763157894736842,0.23684210526315788
ISIC,3,2024,290,2.4,0.04
ISIC,4,2024,290,3.0,0.0
ISIC,5,2024,290,3.533333333333333,0.0
ISIC,2,2024,291,1.736842105263158,0.2631578947368421
ISIC,3,2024,291,2.24,0.04
ISIC,4,2024,291,2.9473684210526314,0.05263157894736842
ISIC,5,2024,291,3.066666666666667,0.0
ISIC,2,2024,292,1.868421052631579,0.13157894736842105
ISIC,3,2024,292,2.32,0.04
ISIC,4,2024,292,3.0526315789473686,0.0
ISIC,5,2024,292,3.466666666666667,0.0
ISIC,2,2024,293,1.7894736842105263,0.21052631578947367
ISIC,3,2024,293,2.64,0.0
ISIC,4,2024,293,3.0526315789473686,0.0
ISIC,5,2024,293,3.8,0.0
ISIC,2,2024,294,1.763157894736842,0.23684210526315788
ISIC,3,2024,294,2.28,0.08
ISIC,4,2024,294,2.736842105263158,0.0
ISIC,5,2024,294,3.533333333333333,0.06666666666666667
ISIC,2,2024,295,1.8421052631578947,0.15789473684210525
ISIC,3,2024,295,2.48,0.04
ISIC,4,2024,295,3.1578947368421053,0.0
ISIC,5,2024,295,3.6666666666666665,0.0
ISIC,2,2024,296,1.8421052631578947,0.15789473684210525
ISIC,3,2024,296,2.52,0.04
ISIC,4,2024,296,3.1578947368421053,0.0
ISIC,5,2024,296,3.6,0.0
ISIC,2,2024,297,1.8421052631578947,0.15789473684210525
ISIC,3,2024,297,2.4,0.0
ISIC,4,2024,297,2.8421052631578947,0.0
ISIC,5,2024,297,3.2666666666666666,0.0
ISIC,2,2024,298,1.8421052631578947,0.15789473684210525
ISIC,3,2024,298,2.56,0.0
ISIC,4,2024,298,3.1052631578947367,0.05263157894736842
ISIC,5,2024,298,3.8,0.0
ISIC,2,2024,299,1.763157894736842,0.23684210526315788
ISIC,3,2024,299,2.76,0.0
ISIC,4,2024,299,3.1578947368421053,0.0
ISIC,5,2024,299,3.6666666666666665,0.0
ISIC,2,7,0,1.894736842105263,0.10526315789473684
ISIC,3,7,0,2.52,0.0
ISIC,4,7,0,3.1052631578947367,0.0
ISIC,5,7,0,3.2666666666666666,0.0
ISIC,2,7,1,1.763157894736842,0.23684210526315788
ISIC,3,7,1,2.36,0.12
ISIC,4,7,1,2.736842105263158,0.05263157894736842
ISIC,5,7,1,3.1333333333333333,0.06666666666666667
ISIC,2,7,2,1.7105263157894737,0.2894736842105263
ISIC,3,7,2,2.32,0.12
ISIC,4,7,2,2.6842105263157894,0.05263157894736842
ISIC,5,7,2,3.3333333333333335,0.0
ISIC,2,7,3,1.763157894736842,0.23684210526315788
ISIC,3,7,3,2.44,0.04
ISIC,4,7,3,3.1052631578947367,0.0
ISIC,5,7,3,3.4,0.0
ISIC,2,7,4,1.7894736842105263,0.21052631578947367
ISIC,3,7,4,2.52,0.0
ISIC,4,7,4,2.6842105263157894,0.0
ISIC,5,7,4,3.2,0.0
ISIC,2,7,5,1.8421052631578947,0.15789473684210525
ISIC,3,7,5,2.64,0.04
ISIC,4,7,5,3.0,0.0
ISIC,5,7,5,3.6,0.0
ISIC,2,7,6,1.7105263157894737,0.2894736842105263
ISIC,3,7,6,2.56,0.0
ISIC,4,7,6,2.9473684210526314,0.0
ISIC,5,7,6,3.2,0.0
ISIC,2,7,7,1.7105263157894737,0.2894736842105263
ISIC,3,7,7,2.4,0.04
ISIC,4,7,7,2.8421052631578947,0.0
ISIC,5,7,7,3.4,0.0
ISIC,2,7,8,1.868421052631579,0.13157894736842105
ISIC,3,7,8,2.52,0.0
ISIC,4,7,8,2.9473684210526314,0.0
ISIC,5,7,8,3.8,0.0
ISIC,2,7,9,1.7894736842105263,0.21052631578947367
ISIC,3,7,9,2.44,0.04
ISIC,4,7,9,3.1052631578947367,0.0
ISIC,5,7,9,3.2,0.0
ISIC,2,7,10,1.894736842105263,0.10526315789473684
ISIC,3,7,10,2.52,0.0
ISIC,4,7,10,3.1578947368421053,0.0
ISIC,5,7,10,3.2666666666666666,0.0
ISIC,2,7,11,1.868421052631579,0.13157894736842105
ISIC,3,7,11,2.44,0.0
ISIC,4,7,11,2.9473684210526314,0.0
ISIC,5,7,11,3.4,0.0
ISIC,2,7,12,1.7894736842105263,0.21052631578947367
ISIC,3,7,12,2.24,0.04
ISIC,4,7,12,2.789473684210526,0.05263157894736842
ISIC,5,7,12,3.3333333333333335,0.0
ISIC,2,7,13,1.8421052631578947,0.15789473684210525
ISIC,3,7,13,2.48,0.04
ISIC,4,7,13,3.1052631578947367,0.0
ISIC,5,7,13,3.6666666666666665,0.0
ISIC,2,7,14,1.8157894736842106,0.18421052631578946
ISIC,3,7,14,2.32,0.0
ISIC,4,7,14,3.0,0.0
ISIC,5,7,14,3.3333333333333335,0.0
ISIC,2,7,15,1.763157894736842,0.23684210526315788
ISIC,3,7,15,2.32,0.04
ISIC,4,7,15,2.789473684210526,0.0
ISIC,5,7,15,3.466666666666667,0.0
ISIC,2,7,16,1.8421052631578947,0.15789473684210525
ISIC,3,7,16,2.64,0.0
ISIC,4,7,16,3.0,0.0
ISIC,5,7,16,3.533333333333333,0.0
ISIC,2,7,17,1.8157894736842106,0.18421052631578946
ISIC,3,7,17,2.48,0.08
ISIC,4,7,17,2.736842105263158,0.0
ISIC,5,7,17,3.6666666666666665,0.0
ISIC,2,7,18,1.894736842105263,0.10526315789473684
ISIC,3,7,18,2.52,0.04
ISIC,4,7,18,3.0526315789473686,0.0
ISIC,5,7,18,3.4,0.0
ISIC,2,7,19,1.763157894736842,0.23684210526315788
ISIC,3,7,19,2.36,0.04
ISIC,4,7,19,3.0526315789473686,0.0
ISIC,5,7,19,3.3333333333333335,0.0
ISIC,2,7,20,1.7894736842105263,0.21052631578947367
ISIC,3,7,20,2.44,0.0
ISIC,4,7,20,2.8947368421052633,0.0
ISIC,5,7,20,3.4,0.0
ISIC,2,7,21,1.8157894736842106,0.18421052631578946
ISIC,3,7,21,2.36,0.04
ISIC,4,7,21,3.0,0.0
ISIC,5,7,21,3.2666666666666666,0.0
ISIC,2,7,22,1.8157894736842106,0.18421052631578946
ISIC,3,7,22,2.56,0.04
ISIC,4,7,22,2.8947368421052633,0.0
ISIC,5,7,22,3.4,0.0
ISIC,2,7,23,1.8157894736842106,0.18421052631578946
ISIC,3,7,23,2.64,0.0
ISIC,4,7,23,2.736842105263158,0.0
ISIC,5,7,23,3.2666666666666666,0.0
ISIC,2,7,24,1.763157894736842,0.23684210526315788
ISIC,3,7,24,2.52,0.0
ISIC,4,7,24,2.8947368421052633,0.0
ISIC,5,7,24,3.3333333333333335,0.0
ISIC,2,7,25,1.894736842105263,0.10526315789473684
ISIC,3,7,25,2.6,0.0
ISIC,4,7,25,3.0526315789473686,0.0
ISIC,5,7,25,3.2666666666666666,0.0
ISIC,2,7,26,1.763157894736842,0.23684210526315788
ISIC,3,7,26,2.48,0.0
ISIC,4,7,26,2.9473684210526314,0.0
ISIC,5,7,26,3.4,0.0
ISIC,2,7,27,1.763157894736842,0.23684210526315788
ISIC,3,7,27,2.44,0.04
ISIC,4,7,27,2.8421052631578947,0.0
ISIC,5,7,27,3.466666666666667,0.0
ISIC,2,7,28,1.7894736842105263,0.21052631578947367
ISIC,3,7,28,2.52,0.04
ISIC,4,7,28,2.9473684210526314,0.0
ISIC,5,7,28,3.7333333333333334,0.0
ISIC,2,7,29,1.736842105263158,0.2631578947368421
ISIC,3,7,29,2.4,0.04
ISIC,4,7,29,2.8947368421052633,0.0
ISIC,5,7,29,3.2666666666666666,0.0
ISIC,2,7,30,1.868421052631579,0.13157894736842105
ISIC,3,7,30,2.6,0.0
ISIC,4,7,30,3.263157894736842,0.0
ISIC,5,7,30,3.466666666666667,0.0
ISIC,2,7,31,1.8157894736842106,0.18421052631578946
ISIC,3,7,31,2.4,0.0
ISIC,4,7,31,2.789473684210526,0.0
ISIC,5,7,31,2.933333333333333,0.0
ISIC,2,7,32,1.7894736842105263,0.21052631578947367
ISIC,3,7,32,2.36,0.04
ISIC,4,7,32,2.9473684210526314,0.0
ISIC,5,7,32,3.466666666666667,0.0
ISIC,2,7,33,1.7894736842105263,0.21052631578947367
ISIC,3,7,33,2.64,0.0
ISIC,4,7,33,3.0,0.0
ISIC,5,7,33,3.2666666666666666,0.0
ISIC,2,7,34,1.8421052631578947,0.15789473684210525
ISIC,3,7,34,2.68,0.0
ISIC,4,7,34,3.210526315789474,0.0
ISIC,5,7,34,3.7333333333333334,0.0
ISIC,2,7,35,1.7105263157894737,0.2894736842105263
ISIC,3,7,35,2.48,0.0
ISIC,4,7,35,2.9473684210526314,0.0
ISIC,5,7,35,3.2666666666666666,0.0
ISIC,2,7,36,1.9210526315789473,0.07894736842105263
ISIC,3,7,36,2.6,0.0
ISIC,4,7,36,3.0526315789473686,0.0
ISIC,5,7,36,3.6,0.0
ISIC,2,7,37,1.736842105263158,0.2631578947368421
ISIC,3,7,37,2.52,0.04
ISIC,4,7,37,2.8947368421052633,0.0
ISIC,5,7,37,3.4,0.0
ISIC,2,7,38,1.7105263157894737,0.2894736842105263
ISIC,3,7,38,2.36,0.04
ISIC,4,7,38,3.0,0.0
ISIC,5,7,38,3.2666666666666666,0.0
ISIC,2,7,39,1.7894736842105263,0.21052631578947367
ISIC,3,7,39,2.6,0.0
ISIC,4,7,39,3.1578947368421053,0.0
ISIC,5,7,39,3.4,0.0
ISIC,2,7,40,1.7894736842105263,0.21052631578947367
ISIC,3,7,40,2.4,0.04
ISIC,4,7,40,2.8947368421052633,0.0
ISIC,5,7,40,3.533333333333333,0.0
ISIC,2,7,41,1.7894736842105263,0.21052631578947367
ISIC,3,7,41,2.56,0.0
ISIC,4,7,41,3.1052631578947367,0.0
ISIC,5,7,41,3.6666666666666665,0.0
ISIC,2,7,42,1.8421052631578947,0.15789473684210525
ISIC,3,7,42,2.52,0.04
ISIC,4,7,42,3.0,0.0
ISIC,5,7,42,3.6,0.0
ISIC,2,7,43,1.868421052631579,0.13157894736842105
ISIC,3,7,43,2.6,0.04
ISIC,4,7,43,3.1578947368421053,0.0
ISIC,5,7,43,3.466666666666667,0.0
ISIC,2,7,44,1.6842105263157894,0.3157894736842105
ISIC,3,7,44,2.4,0.0
ISIC,4,7,44,2.8947368421052633,0.0
ISIC,5,7,44,3.3333333333333335,0.0
ISIC,2,7,45,1.7894736842105263,0.21052631578947367
ISIC,3,7,45,2.48,0.04
ISIC,4,7,45,3.1052631578947367,0.0
ISIC,5,7,45,3.7333333333333334,0.0
ISIC,2,7,46,1.8157894736842106,0.18421052631578946
ISIC,3,7,46,2.48,0.04
ISIC,4,7,46,3.0526315789473686,0.05263157894736842
ISIC,5,7,46,3.466666666666667,0.0
ISIC,2,7,47,1.894736842105263,0.10526315789473684
ISIC,3,7,47,2.52,0.0
ISIC,4,7,47,3.1578947368421053,0.0
ISIC,5,7,47,3.3333333333333335,0.0
ISIC,2,7,48,1.7105263157894737,0.2894736842105263
ISIC,3,7,48,2.36,0.08
ISIC,4,7,48,2.8421052631578947,0.05263157894736842
ISIC,5,7,48,3.466666666666667,0.0
ISIC,2,7,49,1.736842105263158,0.2631578947368421
ISIC,3,7,49,2.52,0.0
ISIC,4,7,49,3.0526315789473686,0.0
ISIC,5,7,49,3.533333333333333,0.0
ISIC,2,7,50,1.7105263157894737,0.2894736842105263
ISIC,3,7,50,2.44,0.04
ISIC,4,7,50,2.789473684210526,0.0
ISIC,5,7,50,3.6,0.0
ISIC,2,7,51,1.8421052631578947,0.15789473684210525
ISIC,3,7,51,2.52,0.0
ISIC,4,7,51,3.0,0.0
ISIC,5,7,51,3.3333333333333335,0.0
ISIC,2,7,52,1.736842105263158,0.2631578947368421
ISIC,3,7,52,2.44,0.0
ISIC,4,7,52,2.8421052631578947,0.0
ISIC,5,7,52,3.066666666666667,0.0
ISIC,2,7,53,1.894736842105263,0.10526315789473684
ISIC,3,7,53,2.6,0.0
ISIC,4,7,53,3.1578947368421053,0.0
ISIC,5,7,53,3.6666666666666665,0.0
ISIC,2,7,54,1.7894736842105263,0.21052631578947367
ISIC,3,7,54,2.4,0.0
ISIC,4,7,54,2.8421052631578947,0.0
ISIC,5,7,54,3.2666666666666666,0.0
ISIC,2,7,55,1.7894736842105263,0.21052631578947367
ISIC,3,7,55,2.44,0.04
ISIC,4,7,55,2.9473684210526314,0.0
ISIC,5,7,55,3.3333333333333335,0.0
ISIC,2,7,56,1.763157894736842,0.23684210526315788
ISIC,3,7,56,2.4,0.08
ISIC,4,7,56,3.0526315789473686,0.0
ISIC,5,7,56,3.466666666666667,0.0
ISIC,2,7,57,1.7105263157894737,0.2894736842105263
ISIC,3,7,57,2.4,0.08
ISIC,4,7,57,2.9473684210526314,0.0
ISIC,5,7,57,3.4,0.0
ISIC,2,7,58,1.8157894736842106,0.18421052631578946
ISIC,3,7,58,2.56,0.04
ISIC,4,7,58,3.1578947368421053,0.0
ISIC,5,7,58,3.466666666666667,0.0
ISIC,2,7,59,1.7894736842105263,0.21052631578947367
ISIC,3,7,59,2.4,0.0
ISIC,4,7,59,2.789473684210526,0.0
ISIC,5,7,59,3.4,0.0
ISIC,2,7,60,1.7894736842105263,0.21052631578947367
ISIC,3,7,60,2.56,0.0
ISIC,4,7,60,3.1052631578947367,0.0
ISIC,5,7,60,3.4,0.0
ISIC,2,7,61,1.7105263157894737,0.2894736842105263
ISIC,3,7,61,2.52,0.08
ISIC,4,7,61,2.9473684210526314,0.10526315789473684
ISIC,5,7,61,3.3333333333333335,0.0
ISIC,2,7,62,1.736842105263158,0.2631578947368421
ISIC,3,7,62,2.52,0.04
ISIC,4,7,62,2.9473684210526314,0.05263157894736842
ISIC,5,7,62,3.2666666666666666,0.0
ISIC,2,7,63,1.868421052631579,0.13157894736842105
ISIC,3,7,63,2.48,0.0
ISIC,4,7,63,3.0526315789473686,0.0
ISIC,5,7,63,3.466666666666667,0.0
ISIC,2,7,64,1.736842105263158,0.2631578947368421
ISIC,3,7,64,2.52,0.04
ISIC,4,7,64,2.8947368421052633,0.05263157894736842
ISIC,5,7,64,3.066666666666667,0.06666666666666667
ISIC,2,7,65,1.736842105263158,0.2631578947368421
ISIC,3,7,65,2.4,0.04
ISIC,4,7,65,2.9473684210526314,0.0
ISIC,5,7,65,3.466666666666667,0.0
ISIC,2,7,66,1.763157894736842,0.23684210526315788
ISIC,3,7,66,2.24,0.12
ISIC,4,7,66,3.0526315789473686,0.0
ISIC,5,7,66,3.1333333333333333,0.0
ISIC,2,7,67,1.894736842105263,0.10526315789473684
ISIC,3,7,67,2.36,0.04
ISIC,4,7,67,3.0526315789473686,0.0
ISIC,5,7,67,3.533333333333333,0.0
ISIC,2,7,68,1.7894736842105263,0.21052631578947367
ISIC,3,7,68,2.44,0.04
ISIC,4,7,68,2.8947368421052633,0.0
ISIC,5,7,68,3.6666666666666665,0.0
ISIC,2,7,69,1.8157894736842106,0.18421052631578946
ISIC,3,7,69,2.44,0.08
ISIC,4,7,69,2.9473684210526314,0.0
ISIC,5,7,69,3.466666666666667,0.0
ISIC,2,7,70,1.7894736842105263,0.21052631578947367
ISIC,3,7,70,2.4,0.0
ISIC,4,7,70,2.9473684210526314,0.05263157894736842
ISIC,5,7,70,3.6,0.0
ISIC,2,7,71,1.736842105263158,0.2631578947368421
ISIC,3,7,71,2.36,0.04
ISIC,4,7,71,2.736842105263158,0.05263157894736842
ISIC,5,7,71,3.466666666666667,0.0
ISIC,2,7,72,1.736842105263158,0.2631578947368421
ISIC,3,7,72,2.32,0.04
ISIC,4,7,72,3.0526315789473686,0.0
ISIC,5,7,72,3.4,0.0
ISIC,2,7,73,1.7894736842105263,0.21052631578947367
ISIC,3,7,73,2.52,0.0
ISIC,4,7,73,3.1052631578947367,0.0
ISIC,5,7,73,3.533333333333333,0.0
ISIC,2,7,74,1.763157894736842,0.23684210526315788
ISIC,3,7,74,2.44,0.04
ISIC,4,7,74,3.0,0.0
ISIC,5,7,74,3.3333333333333335,0.0
ISIC,2,7,75,1.736842105263158,0.2631578947368421
ISIC,3,7,75,2.52,0.04
ISIC,4,7,75,3.0,0.0
ISIC,5,7,75,3.4,0.0
ISIC,2,7,76,1.8421052631578947,0.15789473684210525
ISIC,3,7,76,2.56,0.04
ISIC,4,7,76,2.9473684210526314,0.0
ISIC,5,7,76,3.533333333333333,0.0
ISIC,2,7,77,1.763157894736842,0.23684210526315788
ISIC,3,7,77,2.48,0.04
ISIC,4,7,77,2.8947368421052633,0.05263157894736842
ISIC,5,7,77,3.466666666666667,0.0
ISIC,2,7,78,1.8157894736842106,0.18421052631578946
ISIC,3,7,78,2.36,0.0
ISIC,4,7,78,3.0,0.0
ISIC,5,7,78,3.4,0.0
ISIC,2,7,79,1.763157894736842,0.23684210526315788
ISIC,3,7,79,2.36,0.08
ISIC,4,7,79,3.1052631578947367,0.05263157894736842
ISIC,5,7,79,3.2,0.0
ISIC,2,7,80,1.8421052631578947,0.15789473684210525
ISIC,3,7,80,2.56,0.0
ISIC,4,7,80,3.0,0.0
ISIC,5,7,80,3.4,0.0
ISIC,2,7,81,1.868421052631579,0.13157894736842105
ISIC,3,7,81,2.52,0.04
ISIC,4,7,81,3.0,0.05263157894736842
ISIC,5,7,81,3.6666666666666665,0.0
ISIC,2,7,82,1.6842105263157894,0.3157894736842105
ISIC,3,7,82,2.52,0.0
ISIC,4,7,82,2.8947368421052633,0.0
ISIC,5,7,82,3.466666666666667,0.0
ISIC,2,7,83,1.7894736842105263,0.21052631578947367
ISIC,3,7,83,2.48,0.04
ISIC,4,7,83,3.0,0.0
ISIC,5,7,83,3.1333333333333333,0.0
ISIC,2,7,84,1.763157894736842,0.23684210526315788
ISIC,3,7,84,2.4,0.04
ISIC,4,7,84,3.0,0.0
ISIC,5,7,84,3.533333333333333,0.0
ISIC,2,7,85,1.7105263157894737,0.2894736842105263
ISIC,3,7,85,2.32,0.04
ISIC,4,7,85,2.8947368421052633,0.05263157894736842
ISIC,5,7,85,3.4,0.0
ISIC,2,7,86,1.7105263157894737,0.2894736842105263
ISIC,3,7,86,2.36,0.04
ISIC,4,7,86,2.8421052631578947,0.0
ISIC,5,7,86,3.2666666666666666,0.0
ISIC,2,7,87,1.7105263157894737,0.2894736842105263
ISIC,3,7,87,2.32,0.0
ISIC,4,7,87,2.8947368421052633,0.0
ISIC,5,7,87,3.533333333333333,0.0
ISIC,2,7,88,1.736842105263158,0.2631578947368421
ISIC,3,7,88,2.16,0.12
ISIC,4,7,88,2.9473684210526314,0.05263157894736842
ISIC,5,7,88,3.066666666666667,0.06666666666666667
ISIC,2,7,89,1.868421052631579,0.13157894736842105
ISIC,3,7,89,2.6,0.0
ISIC,4,7,89,3.210526315789474,0.0
ISIC,5,7,89,3.466666666666667,0.0
ISIC,2,7,90,1.868421052631579,0.13157894736842105
ISIC,3,7,90,2.44,0.04
ISIC,4,7,90,2.9473684210526314,0.0
ISIC,5,7,90,3.3333333333333335,0.0
ISIC,2,7,91,1.8421052631578947,0.15789473684210525
ISIC,3,7,91,2.6,0.04
ISIC,4,7,91,2.9473684210526314,0.05263157894736842
ISIC,5,7,91,3.4,0.0
ISIC,2,7,92,1.868421052631579,0.13157894736842105
ISIC,3,7,92,2.68,0.0
ISIC,4,7,92,3.1578947368421053,0.0
ISIC,5,7,92,3.6,0.0
ISIC,2,7,93,1.7105263157894737,0.2894736842105263
ISIC,3,7,93,2.56,0.0
ISIC,4,7,93,3.0,0.0
ISIC,5,7,93,3.466666666666667,0.0
ISIC,2,7,94,1.868421052631579,0.13157894736842105
ISIC,3,7,94,2.48,0.04
ISIC,4,7,94,2.9473684210526314,0.0
ISIC,5,7,94,3.1333333333333333,0.0
ISIC,2,7,95,1.8421052631578947,0.15789473684210525
ISIC,3,7,95,2.56,0.08
ISIC,4,7,95,3.1578947368421053,0.05263157894736842
ISIC,5,7,95,3.6,0.0
ISIC,2,7,96,1.7105263157894737,0.2894736842105263
ISIC,3,7,96,2.48,0.04
ISIC,4,7,96,3.0,0.0
ISIC,5,7,96,3.6,0.0
ISIC,2,7,97,1.7105263157894737,0.2894736842105263
ISIC,3,7,97,2.56,0.0
ISIC,4,7,97,2.8947368421052633,0.0
ISIC,5,7,97,3.066666666666667,0.0
ISIC,2,7,98,1.868421052631579,0.13157894736842105
ISIC,3,7,98,2.4,0.04
ISIC,4,7,98,3.1052631578947367,0.0
ISIC,5,7,98,3.4,0.0
ISIC,2,7,99,1.8421052631578947,0.15789473684210525
ISIC,3,7,99,2.52,0.04
ISIC,4,7,99,3.0526315789473686,0.0
ISIC,5,7,99,3.466666666666667,0.0
ISIC,2,7,100,1.8421052631578947,0.15789473684210525
ISIC,3,7,100,2.56,0.04
ISIC,4,7,100,2.8947368421052633,0.05263157894736842
ISIC,5,7,100,3.1333333333333333,0.0
ISIC,2,7,101,1.736842105263158,0.2631578947368421
ISIC,3,7,101,2.48,0.0
ISIC,4,7,101,3.0,0.0
ISIC,5,7,101,3.533333333333333,0.0
ISIC,2,7,102,1.7894736842105263,0.21052631578947367
ISIC,3,7,102,2.48,0.04
ISIC,4,7,102,3.0,0.0
ISIC,5,7,102,3.4,0.0
ISIC,2,7,103,1.7894736842105263,0.21052631578947367
ISIC,3,7,103,2.56,0.0
ISIC,4,7,103,3.0,0.0
ISIC,5,7,103,3.466666666666667,0.0
ISIC,2,7,104,1.6842105263157894,0.3157894736842105
ISIC,3,7,104,2.32,0.08
ISIC,4,7,104,3.0,0.0
ISIC,5,7,104,3.2,0.0
ISIC,2,7,105,1.8421052631578947,0.15789473684210525
ISIC,3,7,105,2.56,0.08
ISIC,4,7,105,2.8947368421052633,0.05263157894736842
ISIC,5,7,105,3.466666666666667,0.0
ISIC,2,7,106,1.868421052631579,0.13157894736842105
ISIC,3,7,106,2.52,0.0
ISIC,4,7,106,3.3157894736842106,0.0
ISIC,5,7,106,3.6,0.0
ISIC,2,7,107,1.8157894736842106,0.18421052631578946
ISIC,3,7,107,2.36,0.0
ISIC,4,7,107,2.9473684210526314,0.0
ISIC,5,7,107,3.466666666666667,0.0
ISIC,2,7,108,1.6842105263157894,0.3157894736842105
ISIC,3,7,108,2.28,0.0
ISIC,4,7,108,2.8947368421052633,0.0
ISIC,5,7,108,3.4,0.0
ISIC,2,7,109,1.7894736842105263,0.21052631578947367
ISIC,3,7,109,2.56,0.0
ISIC,4,7,109,2.9473684210526314,0.0
ISIC,5,7,109,3.6666666666666665,0.0
ISIC,2,7,110,1.763157894736842,0.23684210526315788
ISIC,3,7,110,2.28,0.08
ISIC,4,7,110,2.8421052631578947,0.05263157894736842
ISIC,5,7,110,3.2666666666666666,0.0
ISIC,2,7,111,1.763157894736842,0.23684210526315788
ISIC,3,7,111,2.36,0.08
ISIC,4,7,111,3.0,0.0
ISIC,5,7,111,3.066666666666667,0.0
ISIC,2,7,112,1.868421052631579,0.13157894736842105
ISIC,3,7,112,2.4,0.04
ISIC,4,7,112,3.1052631578947367,0.0
ISIC,5,7,112,3.1333333333333333,0.0
ISIC,2,7,113,1.7894736842105263,0.21052631578947367
ISIC,3,7,113,2.4,0.04
ISIC,4,7,113,2.8421052631578947,0.0
ISIC,5,7,113,3.466666666666667,0.0
ISIC,2,7,114,1.8157894736842106,0.18421052631578946
ISIC,3,7,114,2.48,0.12
ISIC,4,7,114,3.0526315789473686,0.0
ISIC,5,7,114,3.4,0.0
ISIC,2,7,115,1.7894736842105263,0.21052631578947367
ISIC,3,7,115,2.32,0.08
ISIC,4,7,115,2.8421052631578947,0.05263157894736842
ISIC,5,7,115,3.1333333333333333,0.0
ISIC,2,7,116,1.894736842105263,0.10526315789473684
ISIC,3,7,116,2.64,0.0
ISIC,4,7,116,3.1052631578947367,0.0
ISIC,5,7,116,3.533333333333333,0.0
ISIC,2,7,117,1.7105263157894737,0.2894736842105263
ISIC,3,7,117,2.32,0.12
ISIC,4,7,117,2.8947368421052633,0.0
ISIC,5,7,117,3.1333333333333333,0.0
ISIC,2,7,118,1.7894736842105263,0.21052631578947367
ISIC,3,7,118,2.6,0.0
ISIC,4,7,118,3.0,0.0
ISIC,5,7,118,3.533333333333333,0.0
ISIC,2,7,119,1.631578947368421,0.3684210526315789
ISIC,3,7,119,2.28,0.04
ISIC,4,7,119,2.789473684210526,0.0
ISIC,5,7,119,3.3333333333333335,0.0
ISIC,2,7,120,1.763157894736842,0.23684210526315788
ISIC,3,7,120,2.36,0.0
ISIC,4,7,120,2.736842105263158,0.0
ISIC,5,7,120,3.2,0.0
ISIC,2,7,121,1.7894736842105263,0.21052631578947367
ISIC,3,7,121,2.48,0.0
ISIC,4,7,121,3.1052631578947367,0.0
ISIC,5,7,121,3.533333333333333,0.0
ISIC,2,7,122,1.736842105263158,0.2631578947368421
ISIC,3,7,122,2.4,0.04
ISIC,4,7,122,2.8947368421052633,0.0
ISIC,5,7,122,3.2666666666666666,0.06666666666666667
ISIC,2,7,123,1.7894736842105263,0.21052631578947367
ISIC,3,7,123,2.36,0.04
ISIC,4,7,123,2.9473684210526314,0.05263157894736842
ISIC,5,7,123,3.6,0.0
ISIC,2,7,124,1.7894736842105263,0.21052631578947367
ISIC,3,7,124,2.52,0.04
ISIC,4,7,124,2.789473684210526,0.0
ISIC,5,7,124,3.2,0.0
ISIC,2,7,125,1.8421052631578947,0.15789473684210525
ISIC,3,7,125,2.4,0.04
ISIC,4,7,125,2.789473684210526,0.05263157894736842
ISIC,5,7,125,3.466666666666667,0.0
ISIC,2,7,126,1.736842105263158,0.2631578947368421
ISIC,3,7,126,2.36,0.04
ISIC,4,7,126,2.6842105263157894,0.0
ISIC,5,7,126,3.1333333333333333,0.0
ISIC,2,7,127,1.763157894736842,0.23684210526315788
ISIC,3,7,127,2.56,0.04
ISIC,4,7,127,3.1052631578947367,0.0
ISIC,5,7,127,3.4,0.0
ISIC,2,7,128,1.6578947368421053,0.34210526315789475
ISIC,3,7,128,2.36,0.04
ISIC,4,7,128,2.6842105263157894,0.0
ISIC,5,7,128,3.1333333333333333,0.0
ISIC,2,7,129,1.868421052631579,0.13157894736842105
ISIC,3,7,129,2.48,0.04
ISIC,4,7,129,3.210526315789474,0.0
ISIC,5,7,129,3.533333333333333,0.0
ISIC,2,7,130,1.6842105263157894,0.3157894736842105
ISIC,3,7,130,2.32,0.08
ISIC,4,7,130,3.0,0.0
ISIC,5,7,130,3.2,0.0
ISIC,2,7,131,1.7105263157894737,0.2894736842105263
ISIC,3,7,131,2.48,0.04
ISIC,4,7,131,2.789473684210526,0.05263157894736842
ISIC,5,7,131,3.2666666666666666,0.0
ISIC,2,7,132,1.8157894736842106,0.18421052631578946
ISIC,3,7,132,2.48,0.0
ISIC,4,7,132,3.210526315789474,0.0
ISIC,5,7,132,3.3333333333333335,0.0
ISIC,2,7,133,1.8157894736842106,0.18421052631578946
ISIC,3,7,133,2.44,0.04
ISIC,4,7,133,3.0,0.0
ISIC,5,7,133,3.533333333333333,0.0
ISIC,2,7,134,1.7894736842105263,0.21052631578947367
ISIC,3,7,134,2.64,0.0
ISIC,4,7,134,3.0,0.0
ISIC,5,7,134,3.7333333333333334,0.0
ISIC,2,7,135,1.763157894736842,0.23684210526315788
ISIC,3,7,135,2.36,0.08
ISIC,4,7,135,3.1578947368421053,0.0
ISIC,5,7,135,3.3333333333333335,0.0
ISIC,2,7,136,1.868421052631579,0.13157894736842105
ISIC,3,7,136,2.44,0.04
ISIC,4,7,136,3.1578947368421053,0.05263157894736842
ISIC,5,7,136,3.6666666666666665,0.0
ISIC,2,7,137,1.763157894736842,0.23684210526315788
ISIC,3,7,137,2.36,0.04
ISIC,4,7,137,2.8421052631578947,0.0
ISIC,5,7,137,3.466666666666667,0.0
ISIC,2,7,138,1.7894736842105263,0.21052631578947367
ISIC,3,7,138,2.6,0.0
ISIC,4,7,138,2.9473684210526314,0.0
ISIC,5,7,138,3.2,0.0
ISIC,2,7,139,1.6842105263157894,0.3157894736842105
ISIC,3,7,139,2.32,0.0
ISIC,4,7,139,2.9473684210526314,0.0
ISIC,5,7,139,3.466666666666667,0.0
ISIC,2,7,140,1.8157894736842106,0.18421052631578946
ISIC,3,7,140,2.4,0.04
ISIC,4,7,140,2.9473684210526314,0.0
ISIC,5,7,140,3.6,0.0
ISIC,2,7,141,1.6842105263157894,0.3157894736842105
ISIC,3,7,141,2.36,0.04
ISIC,4,7,141,2.8421052631578947,0.05263157894736842
ISIC,5,7,141,3.466666666666667,0.0
ISIC,2,7,142,1.8157894736842106,0.18421052631578946
ISIC,3,7,142,2.44,0.08
ISIC,4,7,142,3.210526315789474,0.0
ISIC,5,7,142,3.466666666666667,0.0
ISIC,2,7,143,1.8157894736842106,0.18421052631578946
ISIC,3,7,143,2.64,0.0
ISIC,4,7,143,3.0526315789473686,0.0
ISIC,5,7,143,3.4,0.0
ISIC,2,7,144,1.868421052631579,0.13157894736842105
ISIC,3,7,144,2.6,0.0
ISIC,4,7,144,3.3157894736842106,0.0
ISIC,5,7,144,3.6,0.0
ISIC,2,7,145,1.736842105263158,0.2631578947368421
ISIC,3,7,145,2.44,0.08
ISIC,4,7,145,3.0,0.05263157894736842
ISIC,5,7,145,3.533333333333333,0.0
ISIC,2,7,146,1.763157894736842,0.23684210526315788
ISIC,3,7,146,2.44,0.04
ISIC,4,7,146,2.789473684210526,0.0
ISIC,5,7,146,3.6666666666666665,0.0
ISIC,2,7,147,1.763157894736842,0.23684210526315788
ISIC,3,7,147,2.48,0.04
ISIC,4,7,147,3.1578947368421053,0.0
ISIC,5,7,147,3.3333333333333335,0.0
ISIC,2,7,148,1.763157894736842,0.23684210526315788
ISIC,3,7,148,2.4,0.0
ISIC,4,7,148,2.6842105263157894,0.0
ISIC,5,7,148,3.1333333333333333,0.0
ISIC,2,7,149,1.736842105263158,0.2631578947368421
ISIC,3,7,149,2.4,0.04
ISIC,4,7,149,2.6315789473684212,0.0
ISIC,5,7,149,2.933333333333333,0.0
ISIC,2,7,150,1.7894736842105263,0.21052631578947367
ISIC,3,7,150,2.56,0.0
ISIC,4,7,150,2.8947368421052633,0.0
ISIC,5,7,150,3.3333333333333335,0.0
ISIC,2,7,151,1.894736842105263,0.10526315789473684
ISIC,3,7,151,2.4,0.04
ISIC,4,7,151,2.8421052631578947,0.0
ISIC,5,7,151,3.6,0.0
ISIC,2,7,152,1.736842105263158,0.2631578947368421
ISIC,3,7,152,2.28,0.04
ISIC,4,7,152,2.5789473684210527,0.0
ISIC,5,7,152,3.2,0.0
ISIC,2,7,153,1.7894736842105263,0.21052631578947367
ISIC,3,7,153,2.52,0.04
ISIC,4,7,153,2.8421052631578947,0.0
ISIC,5,7,153,3.4,0.0
ISIC,2,7,154,1.763157894736842,0.23684210526315788
ISIC,3,7,154,2.68,0.0
ISIC,4,7,154,3.210526315789474,0.0
ISIC,5,7,154,3.6,0.0
ISIC,2,7,155,1.7105263157894737,0.2894736842105263
ISIC,3,7,155,2.36,0.04
ISIC,4,7,155,3.0,0.0
ISIC,5,7,155,3.066666666666667,0.0
ISIC,2,7,156,1.8421052631578947,0.15789473684210525
ISIC,3,7,156,2.4,0.08
ISIC,4,7,156,3.0526315789473686,0.0
ISIC,5,7,156,3.2666666666666666,0.0
ISIC,2,7,157,1.7105263157894737,0.2894736842105263
ISIC,3,7,157,2.32,0.12
ISIC,4,7,157,2.736842105263158,0.0
ISIC,5,7,157,3.1333333333333333,0.0
ISIC,2,7,158,1.8157894736842106,0.18421052631578946
ISIC,3,7,158,2.4,0.08
ISIC,4,7,158,2.8947368421052633,0.0
ISIC,5,7,158,3.466666666666667,0.0
ISIC,2,7,159,1.8421052631578947,0.15789473684210525
ISIC,3,7,159,2.52,0.0
ISIC,4,7,159,2.8947368421052633,0.0
ISIC,5,7,159,3.466666666666667,0.0
ISIC,2,7,160,1.8421052631578947,0.15789473684210525
ISIC,3,7,160,2.48,0.0
ISIC,4,7,160,2.8421052631578947,0.0
ISIC,5,7,160,3.466666666666667,0.0
ISIC,2,7,161,1.6842105263157894,0.3157894736842105
ISIC,3,7,161,2.28,0.16
ISIC,4,7,161,2.736842105263158,0.05263157894736842
ISIC,5,7,161,3.066666666666667,0.06666666666666667
ISIC,2,7,162,1.868421052631579,0.13157894736842105
ISIC,3,7,162,2.6,0.0
ISIC,4,7,162,3.3157894736842106,0.0
ISIC,5,7,162,3.466666666666667,0.0
ISIC,2,7,163,1.8157894736842106,0.18421052631578946
ISIC,3,7,163,2.44,0.04
ISIC,4,7,163,3.0,0.0
ISIC,5,7,163,3.1333333333333333,0.0
ISIC,2,7,164,1.8157894736842106,0.18421052631578946
ISIC,3,7,164,2.36,0.04
ISIC,4,7,164,2.9473684210526314,0.0
ISIC,5,7,164,3.4,0.0
ISIC,2,7,165,1.8157894736842106,0.18421052631578946
ISIC,3,7,165,2.52,0.04
ISIC,4,7,165,3.1052631578947367,0.05263157894736842
ISIC,5,7,165,3.7333333333333334,0.0
ISIC,2,7,166,1.736842105263158,0.2631578947368421
ISIC,3,7,166,2.32,0.04
ISIC,4,7,166,3.0,0.05263157894736842
ISIC,5,7,166,3.3333333333333335,0.0
ISIC,2,7,167,1.7894736842105263,0.21052631578947367
ISIC,3,7,167,2.64,0.04
ISIC,4,7,167,3.0526315789473686,0.0
ISIC,5,7,167,3.2666666666666666,0.0
ISIC,2,7,168,1.868421052631579,0.13157894736842105
ISIC,3,7,168,2.36,0.04
ISIC,4,7,168,3.0526315789473686,0.0
ISIC,5,7,168,3.2666666666666666,0.0
ISIC,2,7,169,1.8157894736842106,0.18421052631578946
ISIC,3,7,169,2.48,0.0
ISIC,4,7,169,2.9473684210526314,0.0
ISIC,5,7,169,3.2,0.0
ISIC,2,7,170,1.8421052631578947,0.15789473684210525
ISIC,3,7,170,2.36,0.04
ISIC,4,7,170,2.789473684210526,0.0
ISIC,5,7,170,3.6,0.0
ISIC,2,7,171,1.868421052631579,0.13157894736842105
ISIC,3,7,171,2.36,0.04
ISIC,4,7,171,3.0526315789473686,0.0
ISIC,5,7,171,3.2666666666666666,0.0
ISIC,2,7,172,1.8157894736842106,0.18421052631578946
ISIC,3,7,172,2.68,0.04
ISIC,4,7,172,3.1578947368421053,0.0
ISIC,5,7,172,3.8,0.0
ISIC,2,7,173,1.605263157894737,0.39473684210526316
ISIC,3,7,173,2.32,0.16
ISIC,4,7,173,2.789473684210526,0.10526315789473684
ISIC,5,7,173,3.1333333333333333,0.0
ISIC,2,7,174,1.7894736842105263,0.21052631578947367
ISIC,3,7,174,2.28,0.04
ISIC,4,7,174,2.8421052631578947,0.0
ISIC,5,7,174,2.933333333333333,0.0
ISIC,2,7,175,1.7894736842105263,0.21052631578947367
ISIC,3,7,175,2.56,0.0
ISIC,4,7,175,3.0,0.0
ISIC,5,7,175,3.466666666666667,0.0
ISIC,2,7,176,1.7894736842105263,0.21052631578947367
ISIC,3,7,176,2.44,0.04
ISIC,4,7,176,2.9473684210526314,0.0
ISIC,5,7,176,3.3333333333333335,0.0
ISIC,2,7,177,1.7894736842105263,0.21052631578947367
ISIC,3,7,177,2.44,0.04
ISIC,4,7,177,2.9473684210526314,0.0
ISIC,5,7,177,3.533333333333333,0.0
ISIC,2,7,178,1.6578947368421053,0.34210526315789475
ISIC,3,7,178,2.32,0.04
ISIC,4,7,178,2.8421052631578947,0.0
ISIC,5,7,178,3.066666666666667,0.0
ISIC,2,7,179,1.736842105263158,0.2631578947368421
ISIC,3,7,179,2.4,0.0
ISIC,4,7,179,2.8421052631578947,0.0
ISIC,5,7,179,3.466666666666667,0.0
ISIC,2,7,180,1.763157894736842,0.23684210526315788
ISIC,3,7,180,2.4,0.0
ISIC,4,7,180,3.0,0.0
ISIC,5,7,180,3.2666666666666666,0.0
ISIC,2,7,181,1.7894736842105263,0.21052631578947367
ISIC,3,7,181,2.72,0.0
ISIC,4,7,181,3.210526315789474,0.0
ISIC,5,7,181,3.533333333333333,0.0
ISIC,2,7,182,1.8157894736842106,0.18421052631578946
ISIC,3,7,182,2.56,0.0
ISIC,4,7,182,3.1052631578947367,0.0
ISIC,5,7,182,3.3333333333333335,0.0
ISIC,2,7,183,1.8157894736842106,0.18421052631578946
ISIC,3,7,183,2.52,0.04
ISIC,4,7,183,2.9473684210526314,0.05263157894736842
ISIC,5,7,183,3.2666666666666666,0.0
ISIC,2,7,184,1.6842105263157894,0.3157894736842105
ISIC,3,7,184,2.48,0.04
ISIC,4,7,184,2.6842105263157894,0.05263157894736842
ISIC,5,7,184,3.533333333333333,0.0
ISIC,2,7,185,1.736842105263158,0.2631578947368421
ISIC,3,7,185,2.44,0.08
ISIC,4,7,185,2.8421052631578947,0.0
ISIC,5,7,185,3.066666666666667,0.0
ISIC,2,7,186,1.7894736842105263,0.21052631578947367
ISIC,3,7,186,2.52,0.0
ISIC,4,7,186,3.0,0.0
ISIC,5,7,186,3.6,0.0
ISIC,2,7,187,1.7894736842105263,0.21052631578947367
ISIC,3,7,187,2.44,0.04
ISIC,4,7,187,3.0,0.0
ISIC,5,7,187,3.466666666666667,0.0
ISIC,2,7,188,1.8421052631578947,0.15789473684210525
ISIC,3,7,188,2.52,0.08
ISIC,4,7,188,3.3157894736842106,0.0
ISIC,5,7,188,3.466666666666667,0.0
ISIC,2,7,189,1.8157894736842106,0.18421052631578946
ISIC,3,7,189,2.4,0.08
ISIC,4,7,189,3.0,0.0
ISIC,5,7,189,3.533333333333333,0.0
ISIC,2,7,190,1.736842105263158,0.2631578947368421
ISIC,3,7,190,2.52,0.04
ISIC,4,7,190,2.8421052631578947,0.0
ISIC,5,7,190,3.6,0.0
ISIC,2,7,191,1.6842105263157894,0.3157894736842105
ISIC,3,7,191,2.4,0.12
ISIC,4,7,191,2.789473684210526,0.0
ISIC,5,7,191,3.2,0.0
ISIC,2,7,192,1.763157894736842,0.23684210526315788
ISIC,3,7,192,2.28,0.0
ISIC,4,7,192,3.1578947368421053,0.0
ISIC,5,7,192,3.4,0.0
ISIC,2,7,193,1.7894736842105263,0.21052631578947367
ISIC,3,7,193,2.64,0.04
ISIC,4,7,193,3.0526315789473686,0.0
ISIC,5,7,193,3.533333333333333,0.0
ISIC,2,7,194,1.763157894736842,0.23684210526315788
ISIC,3,7,194,2.2,0.04
ISIC,4,7,194,2.9473684210526314,0.0
ISIC,5,7,194,3.466666666666667,0.0
ISIC,2,7,195,1.605263157894737,0.39473684210526316
ISIC,3,7,195,2.32,0.04
ISIC,4,7,195,2.8421052631578947,0.0
ISIC,5,7,195,3.1333333333333333,0.0
ISIC,2,7,196,1.8157894736842106,0.18421052631578946
ISIC,3,7,196,2.52,0.04
ISIC,4,7,196,2.8947368421052633,0.0
ISIC,5,7,196,3.2,0.0
ISIC,2,7,197,1.868421052631579,0.13157894736842105
ISIC,3,7,197,2.4,0.04
ISIC,4,7,197,3.1052631578947367,0.0
ISIC,5,7,197,3.6,0.0
ISIC,2,7,198,1.8157894736842106,0.18421052631578946
ISIC,3,7,198,2.64,0.0
ISIC,4,7,198,3.1578947368421053,0.0
ISIC,5,7,198,3.8,0.0
ISIC,2,7,199,1.763157894736842,0.23684210526315788
ISIC,3,7,199,2.28,0.04
ISIC,4,7,199,2.8947368421052633,0.05263157894736842
ISIC,5,7,199,3.2666666666666666,0.0
ISIC,2,7,200,1.868421052631579,0.13157894736842105
ISIC,3,7,200,2.64,0.0
ISIC,4,7,200,3.1052631578947367,0.0
ISIC,5,7,200,3.4,0.0
ISIC,2,7,201,1.736842105263158,0.2631578947368421
ISIC,3,7,201,2.36,0.08
ISIC,4,7,201,3.0526315789473686,0.0
ISIC,5,7,201,3.3333333333333335,0.0
ISIC,2,7,202,1.868421052631579,0.13157894736842105
ISIC,3,7,202,2.56,0.0
ISIC,4,7,202,3.0,0.0
ISIC,5,7,202,3.466666666666667,0.0
ISIC,2,7,203,1.868421052631579,0.13157894736842105
ISIC,3,7,203,2.44,0.0
ISIC,4,7,203,3.1052631578947367,0.05263157894736842
ISIC,5,7,203,3.466666666666667,0.0
ISIC,2,7,204,1.868421052631579,0.13157894736842105
ISIC,3,7,204,2.76,0.0
ISIC,4,7,204,3.210526315789474,0.0
ISIC,5,7,204,3.7333333333333334,0.0
ISIC,2,7,205,1.631578947368421,0.3684210526315789
ISIC,3,7,205,2.16,0.08
ISIC,4,7,205,2.6842105263157894,0.0
ISIC,5,7,205,3.2,0.06666666666666667
ISIC,2,7,206,1.7894736842105263,0.21052631578947367
ISIC,3,7,206,2.4,0.04
ISIC,4,7,206,3.0,0.0
ISIC,5,7,206,3.4,0.0
ISIC,2,7,207,1.7105263157894737,0.2894736842105263
ISIC,3,7,207,2.64,0.04
ISIC,4,7,207,2.8421052631578947,0.05263157894736842
ISIC,5,7,207,3.466666666666667,0.0
ISIC,2,7,208,1.763157894736842,0.23684210526315788
ISIC,3,7,208,2.4,0.0
ISIC,4,7,208,2.8947368421052633,0.0
ISIC,5,7,208,3.3333333333333335,0.0
ISIC,2,7,209,1.8421052631578947,0.15789473684210525
ISIC,3,7,209,2.44,0.04
ISIC,4,7,209,2.8947368421052633,0.0
ISIC,5,7,209,3.4,0.0
ISIC,2,7,210,1.8421052631578947,0.15789473684210525
ISIC,3,7,210,2.64,0.0
ISIC,4,7,210,3.210526315789474,0.0
ISIC,5,7,210,3.466666666666667,0.0
ISIC,2,7,211,1.8157894736842106,0.18421052631578946
ISIC,3,7,211,2.76,0.0
ISIC,4,7,211,3.210526315789474,0.0
ISIC,5,7,211,3.6666666666666665,0.0
ISIC,2,7,212,1.7105263157894737,0.2894736842105263
ISIC,3,7,212,2.32,0.04
ISIC,4,7,212,2.8947368421052633,0.0
ISIC,5,7,212,3.2666666666666666,0.0
ISIC,2,7,213,1.9210526315789473,0.07894736842105263
ISIC,3,7,213,2.44,0.0
ISIC,4,7,213,3.0,0.0
ISIC,5,7,213,3.533333333333333,0.0
ISIC,2,7,214,1.8421052631578947,0.15789473684210525
ISIC,3,7,214,2.44,0.04
ISIC,4,7,214,2.9473684210526314,0.0
ISIC,5,7,214,3.2666666666666666,0.0
ISIC,2,7,215,1.8157894736842106,0.18421052631578946
ISIC,3,7,215,2.44,0.04
ISIC,4,7,215,2.9473684210526314,0.0
ISIC,5,7,215,3.466666666666667,0.0
ISIC,2,7,216,1.7894736842105263,0.21052631578947367
ISIC,3,7,216,2.48,0.08
ISIC,4,7,216,3.263157894736842,0.0
ISIC,5,7,216,3.3333333333333335,0.0
ISIC,2,7,217,1.8421052631578947,0.15789473684210525
ISIC,3,7,217,2.56,0.04
ISIC,4,7,217,2.9473684210526314,0.0
ISIC,5,7,217,3.1333333333333333,0.0
ISIC,2,7,218,1.868421052631579,0.13157894736842105
ISIC,3,7,218,2.64,0.0
ISIC,4,7,218,3.1578947368421053,0.0
ISIC,5,7,218,3.466666666666667,0.0
ISIC,2,7,219,1.8421052631578947,0.15789473684210525
ISIC,3,7,219,2.64,0.0
ISIC,4,7,219,3.1578947368421053,0.0
ISIC,5,7,219,4.0,0.0
ISIC,2,7,220,1.8421052631578947,0.15789473684210525
ISIC,3,7,220,2.6,0.04
ISIC,4,7,220,2.8421052631578947,0.0
ISIC,5,7,220,3.6,0.0
ISIC,2,7,221,1.8421052631578947,0.15789473684210525
ISIC,3,7,221,2.44,0.04
ISIC,4,7,221,3.1052631578947367,0.0
ISIC,5,7,221,3.6,0.0
ISIC,2,7,222,1.736842105263158,0.2631578947368421
ISIC,3,7,222,2.44,0.0
ISIC,4,7,222,2.8947368421052633,0.0
ISIC,5,7,222,3.533333333333333,0.0
ISIC,2,7,223,1.763157894736842,0.23684210526315788
ISIC,3,7,223,2.44,0.04
ISIC,4,7,223,2.789473684210526,0.05263157894736842
ISIC,5,7,223,3.2666666666666666,0.0
ISIC,2,7,224,1.7894736842105263,0.21052631578947367
ISIC,3,7,224,2.52,0.0
ISIC,4,7,224,2.9473684210526314,0.0
ISIC,5,7,224,3.466666666666667,0.0
ISIC,2,7,225,1.9210526315789473,0.07894736842105263
ISIC,3,7,225,2.56,0.04
ISIC,4,7,225,3.263157894736842,0.0
ISIC,5,7,225,3.6666666666666665,0.0
ISIC,2,7,226,1.736842105263158,0.2631578947368421
ISIC,3,7,226,2.48,0.04
ISIC,4,7,226,2.8421052631578947,0.0
ISIC,5,7,226,3.2,0.0
ISIC,2,7,227,1.736842105263158,0.2631578947368421
ISIC,3,7,227,2.32,0.04
ISIC,4,7,227,2.8421052631578947,0.0
ISIC,5,7,227,3.3333333333333335,0.0
ISIC,2,7,228,1.868421052631579,0.13157894736842105
ISIC,3,7,228,2.44,0.0
ISIC,4,7,228,2.9473684210526314,0.0
ISIC,5,7,228,3.2666666666666666,0.0
ISIC,2,7,229,1.6578947368421053,0.34210526315789475
ISIC,3,7,229,2.16,0.08
ISIC,4,7,229,2.9473684210526314,0.0
ISIC,5,7,229,3.466666666666667,0.0
ISIC,2,7,230,1.763157894736842,0.23684210526315788
ISIC,3,7,230,2.6,0.0
ISIC,4,7,230,3.1052631578947367,0.0
ISIC,5,7,230,3.4,0.0
ISIC,2,7,231,1.8157894736842106,0.18421052631578946
ISIC,3,7,231,2.64,0.04
ISIC,4,7,231,3.1052631578947367,0.0
ISIC,5,7,231,3.6,0.0
ISIC,2,7,232,1.8421052631578947,0.15789473684210525
ISIC,3,7,232,2.4,0.08
ISIC,4,7,232,3.0526315789473686,0.0
ISIC,5,7,232,3.6666666666666665,0.0
ISIC,2,7,233,1.8157894736842106,0.18421052631578946
ISIC,3,7,233,2.6,0.04
ISIC,4,7,233,3.0,0.0
ISIC,5,7,233,3.466666666666667,0.0
ISIC,2,7,234,1.7894736842105263,0.21052631578947367
ISIC,3,7,234,2.56,0.0
ISIC,4,7,234,2.9473684210526314,0.0
ISIC,5,7,234,3.3333333333333335,0.0
ISIC,2,7,235,1.8421052631578947,0.15789473684210525
ISIC,3,7,235,2.4,0.04
ISIC,4,7,235,3.0,0.0
ISIC,5,7,235,3.2,0.06666666666666667
ISIC,2,7,236,1.8421052631578947,0.15789473684210525
ISIC,3,7,236,2.76,0.0
ISIC,4,7,236,3.263157894736842,0.0
ISIC,5,7,236,3.7333333333333334,0.0
ISIC,2,7,237,1.7105263157894737,0.2894736842105263
ISIC,3,7,237,2.32,0.0
ISIC,4,7,237,2.9473684210526314,0.0
ISIC,5,7,237,3.2666666666666666,0.0
ISIC,2,7,238,1.8157894736842106,0.18421052631578946
ISIC,3,7,238,2.32,0.04
ISIC,4,7,238,2.736842105263158,0.0
ISIC,5,7,238,3.3333333333333335,0.0
ISIC,2,7,239,1.868421052631579,0.13157894736842105
ISIC,3,7,239,2.48,0.04
ISIC,4,7,239,3.1578947368421053,0.0
ISIC,5,7,239,3.2666666666666666,0.0
ISIC,2,7,240,1.8157894736842106,0.18421052631578946
ISIC,3,7,240,2.64,0.0
ISIC,4,7,240,3.0526315789473686,0.0
ISIC,5,7,240,3.533333333333333,0.0
ISIC,2,7,241,1.8157894736842106,0.18421052631578946
ISIC,3,7,241,2.48,0.04
ISIC,4,7,241,3.1578947368421053,0.0
ISIC,5,7,241,3.466666666666667,0.0
ISIC,2,7,242,1.736842105263158,0.2631578947368421
ISIC,3,7,242,2.44,0.0
ISIC,4,7,242,2.8947368421052633,0.0
ISIC,5,7,242,3.466666666666667,0.0
ISIC,2,7,243,1.8157894736842106,0.18421052631578946
ISIC,3,7,243,2.44,0.0
ISIC,4,7,243,2.8947368421052633,0.0
ISIC,5,7,243,3.3333333333333335,0.0
ISIC,2,7,244,1.736842105263158,0.2631578947368421
ISIC,3,7,244,2.24,0.12
ISIC,4,7,244,3.0,0.0
ISIC,5,7,244,3.4,0.0
ISIC,2,7,245,1.631578947368421,0.3684210526315789
ISIC,3,7,245,2.44,0.04
ISIC,4,7,245,2.8421052631578947,0.0
ISIC,5,7,245,3.2,0.0
ISIC,2,7,246,1.868421052631579,0.13157894736842105
ISIC,3,7,246,2.36,0.04
ISIC,4,7,246,3.1052631578947367,0.0
ISIC,5,7,246,3.2666666666666666,0.0
ISIC,2,7,247,1.736842105263158,0.2631578947368421
ISIC,3,7,247,2.52,0.0
ISIC,4,7,247,2.9473684210526314,0.0
ISIC,5,7,247,3.466666666666667,0.0
ISIC,2,7,248,1.7894736842105263,0.21052631578947367
ISIC,3,7,248,2.36,0.04
ISIC,4,7,248,2.8947368421052633,0.0
ISIC,5,7,248,3.4,0.0
ISIC,2,7,249,1.763157894736842,0.23684210526315788
ISIC,3,7,249,2.36,0.08
ISIC,4,7,249,2.8421052631578947,0.05263157894736842
ISIC,5,7,249,3.2666666666666666,0.0
ISIC,2,7,250,1.7105263157894737,0.2894736842105263
ISIC,3,7,250,2.16,0.04
ISIC,4,7,250,2.5789473684210527,0.0
ISIC,5,7,250,2.933333333333333,0.0
ISIC,2,7,251,1.8157894736842106,0.18421052631578946
ISIC,3,7,251,2.56,0.0
ISIC,4,7,251,3.0,0.0
ISIC,5,7,251,3.3333333333333335,0.0
ISIC,2,7,252,1.7894736842105263,0.21052631578947367
ISIC,3,7,252,2.36,0.04
ISIC,4,7,252,2.8947368421052633,0.0
ISIC,5,7,252,3.2,0.0
ISIC,2,7,253,1.8157894736842106,0.18421052631578946
ISIC,3,7,253,2.4,0.0
ISIC,4,7,253,2.9473684210526314,0.0
ISIC,5,7,253,3.6666666666666665,0.0
ISIC,2,7,254,1.736842105263158,0.2631578947368421
ISIC,3,7,254,2.36,0.04
ISIC,4,7,254,3.0,0.0
ISIC,5,7,254,3.3333333333333335,0.0
ISIC,2,7,255,1.8421052631578947,0.15789473684210525
ISIC,3,7,255,2.36,0.0
ISIC,4,7,255,2.8421052631578947,0.0
ISIC,5,7,255,3.1333333333333333,0.0
ISIC,2,7,256,1.8421052631578947,0.15789473684210525
ISIC,3,7,256,2.44,0.08
ISIC,4,7,256,2.8421052631578947,0.0
ISIC,5,7,256,3.2666666666666666,0.0
ISIC,2,7,257,1.763157894736842,0.23684210526315788
ISIC,3,7,257,2.52,0.0
ISIC,4,7,257,2.8421052631578947,0.0
ISIC,5,7,257,3.4,0.0
ISIC,2,7,258,1.8157894736842106,0.18421052631578946
ISIC,3,7,258,2.4,0.08
ISIC,4,7,258,3.0526315789473686,0.0
ISIC,5,7,258,3.3333333333333335,0.0
ISIC,2,7,259,1.894736842105263,0.10526315789473684
ISIC,3,7,259,2.48,0.0
ISIC,4,7,259,2.9473684210526314,0.0
ISIC,5,7,259,3.7333333333333334,0.0
ISIC,2,7,260,1.8421052631578947,0.15789473684210525
ISIC,3,7,260,2.68,0.0
ISIC,4,7,260,3.1578947368421053,0.0
ISIC,5,7,260,3.8666666666666667,0.0
ISIC,2,7,261,1.868421052631579,0.13157894736842105
ISIC,3,7,261,2.6,0.0
ISIC,4,7,261,3.1578947368421053,0.0
ISIC,5,7,261,3.533333333333333,0.0
ISIC,2,7,262,1.8421052631578947,0.15789473684210525
ISIC,3,7,262,2.48,0.08
ISIC,4,7,262,2.9473684210526314,0.0
ISIC,5,7,262,3.2,0.0
ISIC,2,7,263,1.7105263157894737,0.2894736842105263
ISIC,3,7,263,2.44,0.0
ISIC,4,7,263,2.789473684210526,0.05263157894736842
ISIC,5,7,263,3.2,0.0
ISIC,2,7,264,1.7105263157894737,0.2894736842105263
ISIC,3,7,264,2.6,0.04
ISIC,4,7,264,2.8947368421052633,0.0
ISIC,5,7,264,3.466666666666667,0.0
ISIC,2,7,265,1.8157894736842106,0.18421052631578946
ISIC,3,7,265,2.64,0.04
ISIC,4,7,265,3.210526315789474,0.0
ISIC,5,7,265,3.6666666666666665,0.0
ISIC,2,7,266,1.763157894736842,0.23684210526315788
ISIC,3,7,266,2.4,0.0
ISIC,4,7,266,2.9473684210526314,0.0
ISIC,5,7,266,3.3333333333333335,0.0
ISIC,2,7,267,1.8157894736842106,0.18421052631578946
ISIC,3,7,267,2.56,0.0
ISIC,4,7,267,2.8947368421052633,0.0
ISIC,5,7,267,3.4,0.0
ISIC,2,7,268,1.763157894736842,0.23684210526315788
ISIC,3,7,268,2.52,0.0
ISIC,4,7,268,3.1052631578947367,0.0
ISIC,5,7,268,3.466666666666667,0.0
ISIC,2,7,269,1.736842105263158,0.2631578947368421
ISIC,3,7,269,2.68,0.0
ISIC,4,7,269,2.736842105263158,0.05263157894736842
ISIC,5,7,269,3.2666666666666666,0.0
ISIC,2,7,270,1.6842105263157894,0.3157894736842105
ISIC,3,7,270,2.2,0.12
ISIC,4,7,270,2.8947368421052633,0.0
ISIC,5,7,270,3.2666666666666666,0.0
ISIC,2,7,271,1.763157894736842,0.23684210526315788
ISIC,3,7,271,2.28,0.08
ISIC,4,7,271,2.9473684210526314,0.0
ISIC,5,7,271,3.2666666666666666,0.0
ISIC,2,7,272,1.6842105263157894,0.3157894736842105
ISIC,3,7,272,2.48,0.04
ISIC,4,7,272,2.9473684210526314,0.0
ISIC,5,7,272,3.466666666666667,0.0
ISIC,2,7,273,1.6578947368421053,0.34210526315789475
ISIC,3,7,273,2.36,0.0
ISIC,4,7,273,2.9473684210526314,0.0
ISIC,5,7,273,3.3333333333333335,0.0
ISIC,2,7,274,1.763157894736842,0.23684210526315788
ISIC,3,7,274,2.28,0.08
ISIC,4,7,274,2.736842105263158,0.0
ISIC,5,7,274,3.466666666666667,0.0
ISIC,2,7,275,1.8157894736842106,0.18421052631578946
ISIC,3,7,275,2.6,0.0
ISIC,4,7,275,3.0526315789473686,0.0
ISIC,5,7,275,3.6666666666666665,0.0
ISIC,2,7,276,1.8421052631578947,0.15789473684210525
ISIC,3,7,276,2.48,0.04
ISIC,4,7,276,2.8421052631578947,0.0
ISIC,5,7,276,3.2,0.0
ISIC,2,7,277,1.6578947368421053,0.34210526315789475
ISIC,3,7,277,2.24,0.12
ISIC,4,7,277,2.8947368421052633,0.0
ISIC,5,7,277,3.0,0.06666666666666667
ISIC,2,7,278,1.8157894736842106,0.18421052631578946
ISIC,3,7,278,2.6,0.0
ISIC,4,7,278,3.263157894736842,0.0
ISIC,5,7,278,3.533333333333333,0.0
ISIC,2,7,279,1.8421052631578947,0.15789473684210525
ISIC,3,7,279,2.52,0.0
ISIC,4,7,279,2.9473684210526314,0.0
ISIC,5,7,279,3.2,0.0
ISIC,2,7,280,1.736842105263158,0.2631578947368421
ISIC,3,7,280,2.28,0.08
ISIC,4,7,280,2.8421052631578947,0.05263157894736842
ISIC,5,7,280,3.2,0.0
ISIC,2,7,281,1.763157894736842,0.23684210526315788
ISIC,3,7,281,2.32,0.12
ISIC,4,7,281,3.0,0.0
ISIC,5,7,281,3.533333333333333,0.0
ISIC,2,7,282,1.736842105263158,0.2631578947368421
ISIC,3,7,282,2.32,0.04
ISIC,4,7,282,2.789473684210526,0.05263157894736842
ISIC,5,7,282,3.0,0.06666666666666667
ISIC,2,7,283,1.763157894736842,0.23684210526315788
ISIC,3,7,283,2.28,0.08
ISIC,4,7,283,3.0,0.0
ISIC,5,7,283,3.4,0.0
ISIC,2,7,284,1.763157894736842,0.23684210526315788
ISIC,3,7,284,2.56,0.0
ISIC,4,7,284,3.1578947368421053,0.05263157894736842
ISIC,5,7,284,3.6,0.0
ISIC,2,7,285,1.763157894736842,0.23684210526315788
ISIC,3,7,285,2.72,0.0
ISIC,4,7,285,2.8947368421052633,0.0
ISIC,5,7,285,3.4,0.0
ISIC,2,7,286,1.763157894736842,0.23684210526315788
ISIC,3,7,286,2.44,0.0
ISIC,4,7,286,2.8947368421052633,0.0
ISIC,5,7,286,3.2,0.0
ISIC,2,7,287,1.8157894736842106,0.18421052631578946
ISIC,3,7,287,2.48,0.04
ISIC,4,7,287,2.9473684210526314,0.0
ISIC,5,7,287,3.6,0.0
ISIC,2,7,288,1.894736842105263,0.10526315789473684
ISIC,3,7,288,2.52,0.0
ISIC,4,7,288,3.0,0.0
ISIC,5,7,288,3.4,0.0
ISIC,2,7,289,1.763157894736842,0.23684210526315788
ISIC,3,7,289,2.36,0.16
ISIC,4,7,289,2.789473684210526,0.05263157894736842
ISIC,5,7,289,3.2,0.0
ISIC,2,7,290,1.736842105263158,0.2631578947368421
ISIC,3,7,290,2.52,0.04
ISIC,4,7,290,3.0,0.0
ISIC,5,7,290,3.466666666666667,0.0
ISIC,2,7,291,1.8421052631578947,0.15789473684210525
ISIC,3,7,291,2.4,0.08
ISIC,4,7,291,2.9473684210526314,0.0
ISIC,5,7,291,3.3333333333333335,0.0
ISIC,2,7,292,1.9210526315789473,0.07894736842105263
ISIC,3,7,292,2.72,0.0
ISIC,4,7,292,3.263157894736842,0.0
ISIC,5,7,292,3.7333333333333334,0.0
ISIC,2,7,293,1.763157894736842,0.23684210526315788
ISIC,3,7,293,2.4,0.04
ISIC,4,7,293,2.9473684210526314,0.0
ISIC,5,7,293,3.2666666666666666,0.0
ISIC,2,7,294,1.736842105263158,0.2631578947368421
ISIC,3,7,294,2.4,0.0
ISIC,4,7,294,2.6842105263157894,0.0
ISIC,5,7,294,3.2,0.0
ISIC,2,7,295,1.763157894736842,0.23684210526315788
ISIC,3,7,295,2.72,0.0
ISIC,4,7,295,3.0526315789473686,0.0
ISIC,5,7,295,3.6,0.0
ISIC,2,7,296,1.763157894736842,0.23684210526315788
ISIC,3,7,296,2.36,0.08
ISIC,4,7,296,2.6842105263157894,0.05263157894736842
ISIC,5,7,296,3.2666666666666666,0.0
ISIC,2,7,297,1.6578947368421053,0.34210526315789475
ISIC,3,7,297,2.48,0.04
ISIC,4,7,297,2.9473684210526314,0.0
ISIC,5,7,297,3.4,0.0
ISIC,2,7,298,1.894736842105263,0.10526315789473684
ISIC,3,7,298,2.48,0.0
ISIC,4,7,298,3.210526315789474,0.0
ISIC,5,7,298,3.4,0.0
ISIC,2,7,299,1.894736842105263,0.10526315789473684
ISIC,3,7,299,2.6,0.0
ISIC,4,7,299,3.263157894736842,0.0
ISIC,5,7,299,3.6666666666666665,0.0
ISIC,2,999,0,1.8157894736842106,0.18421052631578946
ISIC,3,999,0,2.56,0.04
ISIC,4,999,0,2.8421052631578947,0.0
ISIC,5,999,0,3.6666666666666665,0.0
ISIC,2,999,1,1.8421052631578947,0.15789473684210525
ISIC,3,999,1,2.64,0.0
ISIC,4,999,1,3.1578947368421053,0.0
ISIC,5,999,1,3.533333333333333,0.0
ISIC,2,999,2,1.736842105263158,0.2631578947368421
ISIC,3,999,2,2.32,0.0
ISIC,4,999,2,2.6842105263157894,0.0
ISIC,5,999,2,3.2666666666666666,0.0
ISIC,2,999,3,1.8421052631578947,0.15789473684210525
ISIC,3,999,3,2.48,0.04
ISIC,4,999,3,3.0,0.0
ISIC,5,999,3,3.533333333333333,0.0
ISIC,2,999,4,1.763157894736842,0.23684210526315788
ISIC,3,999,4,2.4,0.04
ISIC,4,999,4,3.0,0.0
ISIC,5,999,4,3.3333333333333335,0.0
ISIC,2,999,5,1.7894736842105263,0.21052631578947367
ISIC,3,999,5,2.44,0.08
ISIC,4,999,5,3.0526315789473686,0.0
ISIC,5,999,5,3.6,0.0
ISIC,2,999,6,1.736842105263158,0.2631578947368421
ISIC,3,999,6,2.48,0.0
ISIC,4,999,6,2.6842105263157894,0.0
ISIC,5,999,6,3.3333333333333335,0.0
ISIC,2,999,7,1.8157894736842106,0.18421052631578946
ISIC,3,999,7,2.44,0.0
ISIC,4,999,7,3.1578947368421053,0.0
ISIC,5,999,7,3.466666666666667,0.0
ISIC,2,999,8,1.894736842105263,0.10526315789473684
ISIC,3,999,8,2.56,0.0
ISIC,4,999,8,3.0,0.0
ISIC,5,999,8,3.466666666666667,0.0
ISIC,2,999,9,1.7894736842105263,0.21052631578947367
ISIC,3,999,9,2.68,0.0
ISIC,4,999,9,2.8421052631578947,0.0
ISIC,5,999,9,3.466666666666667,0.0
ISIC,2,999,10,1.7105263157894737,0.2894736842105263
ISIC,3,999,10,2.44,0.04
ISIC,4,999,10,2.8421052631578947,0.0
ISIC,5,999,10,3.533333333333333,0.0
ISIC,2,999,11,1.763157894736842,0.23684210526315788
ISIC,3,999,11,2.28,0.0
ISIC,4,999,11,3.0,0.0
ISIC,5,999,11,3.2,0.0
ISIC,2,999,12,1.763157894736842,0.23684210526315788
ISIC,3,999,12,2.48,0.0
ISIC,4,999,12,2.789473684210526,0.0
ISIC,5,999,12,3.4,0.0
ISIC,2,999,13,1.7894736842105263,0.21052631578947367
ISIC,3,999,13,2.56,0.04
ISIC,4,999,13,2.9473684210526314,0.0
ISIC,5,999,13,3.466666666666667,0.0
ISIC,2,999,14,1.8421052631578947,0.15789473684210525
ISIC,3,999,14,2.48,0.0
ISIC,4,999,14,2.9473684210526314,0.0
ISIC,5,999,14,3.2666666666666666,0.0
ISIC,2,999,15,1.763157894736842,0.23684210526315788
ISIC,3,999,15,2.52,0.04
ISIC,4,999,15,2.789473684210526,0.0
ISIC,5,999,15,3.3333333333333335,0.0
ISIC,2,999,16,1.8157894736842106,0.18421052631578946
ISIC,3,999,16,2.48,0.0
ISIC,4,999,16,3.3157894736842106,0.0
ISIC,5,999,16,3.533333333333333,0.0
ISIC,2,999,17,1.8421052631578947,0.15789473684210525
ISIC,3,999,17,2.56,0.0
ISIC,4,999,17,2.9473684210526314,0.0
ISIC,5,999,17,3.533333333333333,0.0
ISIC,2,999,18,1.8157894736842106,0.18421052631578946
ISIC,3,999,18,2.52,0.08
ISIC,4,999,18,3.0,0.0
ISIC,5,999,18,3.466666666666667,0.0
ISIC,2,999,19,1.7894736842105263,0.21052631578947367
ISIC,3,999,19,2.44,0.0
ISIC,4,999,19,3.0526315789473686,0.0
ISIC,5,999,19,3.3333333333333335,0.0
ISIC,2,999,20,1.8157894736842106,0.18421052631578946
ISIC,3,999,20,2.48,0.04
ISIC,4,999,20,3.1052631578947367,0.0
ISIC,5,999,20,3.3333333333333335,0.0
ISIC,2,999,21,1.8157894736842106,0.18421052631578946
ISIC,3,999,21,2.56,0.04
ISIC,4,999,21,2.8947368421052633,0.0
ISIC,5,999,21,3.4,0.0
ISIC,2,999,22,1.868421052631579,0.13157894736842105
ISIC,3,999,22,2.48,0.04
ISIC,4,999,22,3.210526315789474,0.0
ISIC,5,999,22,3.466666666666667,0.0
ISIC,2,999,23,1.8421052631578947,0.15789473684210525
ISIC,3,999,23,2.4,0.0
ISIC,4,999,23,3.0,0.0
ISIC,5,999,23,3.4,0.0
ISIC,2,999,24,1.8421052631578947,0.15789473684210525
ISIC,3,999,24,2.64,0.0
ISIC,4,999,24,3.1052631578947367,0.0
ISIC,5,999,24,3.3333333333333335,0.0
ISIC,2,999,25,1.763157894736842,0.23684210526315788
ISIC,3,999,25,2.4,0.0
ISIC,4,999,25,2.736842105263158,0.0
ISIC,5,999,25,3.066666666666667,0.0
ISIC,2,999,26,1.8421052631578947,0.15789473684210525
ISIC,3,999,26,2.56,0.04
ISIC,4,999,26,2.736842105263158,0.0
ISIC,5,999,26,3.066666666666667,0.0
ISIC,2,999,27,1.8421052631578947,0.15789473684210525
ISIC,3,999,27,2.56,0.04
ISIC,4,999,27,2.8421052631578947,0.05263157894736842
ISIC,5,999,27,3.2,0.0
ISIC,2,999,28,1.7105263157894737,0.2894736842105263
ISIC,3,999,28,2.36,0.0
ISIC,4,999,28,2.789473684210526,0.0
ISIC,5,999,28,3.2,0.0
ISIC,2,999,29,1.8421052631578947,0.15789473684210525
ISIC,3,999,29,2.52,0.0
ISIC,4,999,29,3.1578947368421053,0.0
ISIC,5,999,29,3.4,0.0
ISIC,2,999,30,1.8157894736842106,0.18421052631578946
ISIC,3,999,30,2.6,0.0
ISIC,4,999,30,3.263157894736842,0.0
ISIC,5,999,30,3.533333333333333,0.0
ISIC,2,999,31,1.763157894736842,0.23684210526315788
ISIC,3,999,31,2.48,0.08
ISIC,4,999,31,2.8421052631578947,0.0
ISIC,5,999,31,3.466666666666667,0.0
ISIC,2,999,32,1.868421052631579,0.13157894736842105
ISIC,3,999,32,2.4,0.08
ISIC,4,999,32,2.9473684210526314,0.0
ISIC,5,999,32,3.466666666666667,0.0
ISIC,2,999,33,1.868421052631579,0.13157894736842105
ISIC,3,999,33,2.56,0.0
ISIC,4,999,33,2.9473684210526314,0.0
ISIC,5,999,33,3.466666666666667,0.0
ISIC,2,999,34,1.8421052631578947,0.15789473684210525
ISIC,3,999,34,2.44,0.0
ISIC,4,999,34,3.1052631578947367,0.0
ISIC,5,999,34,3.2666666666666666,0.0
ISIC,2,999,35,1.8421052631578947,0.15789473684210525
ISIC,3,999,35,2.64,0.08
ISIC,4,999,35,3.0,0.0
ISIC,5,999,35,3.7333333333333334,0.0
ISIC,2,999,36,1.763157894736842,0.23684210526315788
ISIC,3,999,36,2.48,0.04
ISIC,4,999,36,2.8947368421052633,0.0
ISIC,5,999,36,3.3333333333333335,0.0
ISIC,2,999,37,1.8157894736842106,0.18421052631578946
ISIC,3,999,37,2.32,0.0
ISIC,4,999,37,2.9473684210526314,0.0
ISIC,5,999,37,3.466666666666667,0.0
ISIC,2,999,38,1.8421052631578947,0.15789473684210525
ISIC,3,999,38,2.56,0.0
ISIC,4,999,38,3.1052631578947367,0.0
ISIC,5,999,38,3.6,0.0
ISIC,2,999,39,1.8157894736842106,0.18421052631578946
ISIC,3,999,39,2.64,0.0
ISIC,4,999,39,2.8421052631578947,0.0
ISIC,5,999,39,3.2666666666666666,0.0
ISIC,2,999,40,1.7894736842105263,0.21052631578947367
ISIC,3,999,40,2.48,0.0
ISIC,4,999,40,3.0,0.0
ISIC,5,999,40,3.466666666666667,0.0
ISIC,2,999,41,1.7105263157894737,0.2894736842105263
ISIC,3,999,41,2.28,0.08
ISIC,4,999,41,2.789473684210526,0.05263157894736842
ISIC,5,999,41,3.3333333333333335,0.0
ISIC,2,999,42,1.8157894736842106,0.18421052631578946
ISIC,3,999,42,2.52,0.04
ISIC,4,999,42,3.0526315789473686,0.0
ISIC,5,999,42,3.533333333333333,0.0
ISIC,2,999,43,1.8157894736842106,0.18421052631578946
ISIC,3,999,43,2.48,0.04
ISIC,4,999,43,3.0526315789473686,0.0
ISIC,5,999,43,3.533333333333333,0.0
ISIC,2,999,44,1.763157894736842,0.23684210526315788
ISIC,3,999,44,2.44,0.08
ISIC,4,999,44,2.789473684210526,0.05263157894736842
ISIC,5,999,44,3.2666666666666666,0.0
ISIC,2,999,45,1.763157894736842,0.23684210526315788
ISIC,3,999,45,2.4,0.04
ISIC,4,999,45,2.8421052631578947,0.0
ISIC,5,999,45,3.6666666666666665,0.0
ISIC,2,999,46,1.868421052631579,0.13157894736842105
ISIC,3,999,46,2.52,0.12
ISIC,4,999,46,2.8421052631578947,0.0
ISIC,5,999,46,3.3333333333333335,0.0
ISIC,2,999,47,1.8157894736842106,0.18421052631578946
ISIC,3,999,47,2.4,0.08
ISIC,4,999,47,3.0526315789473686,0.0
ISIC,5,999,47,3.4,0.0
ISIC,2,999,48,1.868421052631579,0.13157894736842105
ISIC,3,999,48,2.6,0.0
ISIC,4,999,48,3.1578947368421053,0.0
ISIC,5,999,48,3.3333333333333335,0.0
ISIC,2,999,49,1.7894736842105263,0.21052631578947367
ISIC,3,999,49,2.44,0.04
ISIC,4,999,49,3.0526315789473686,0.0
ISIC,5,999,49,3.466666666666667,0.0
ISIC,2,999,50,1.8157894736842106,0.18421052631578946
ISIC,3,999,50,2.56,0.0
ISIC,4,999,50,3.1052631578947367,0.0
ISIC,5,999,50,3.533333333333333,0.0
ISIC,2,999,51,1.8421052631578947,0.15789473684210525
ISIC,3,999,51,2.4,0.0
ISIC,4,999,51,3.0526315789473686,0.0
ISIC,5,999,51,3.2,0.0
ISIC,2,999,52,1.8157894736842106,0.18421052631578946
ISIC,3,999,52,2.44,0.0
ISIC,4,999,52,3.1052631578947367,0.0
ISIC,5,999,52,3.3333333333333335,0.0
ISIC,2,999,53,1.6842105263157894,0.3157894736842105
ISIC,3,999,53,2.44,0.04
ISIC,4,999,53,2.8421052631578947,0.0
ISIC,5,999,53,3.1333333333333333,0.0
ISIC,2,999,54,1.7105263157894737,0.2894736842105263
ISIC,3,999,54,2.52,0.04
ISIC,4,999,54,2.6315789473684212,0.05263157894736842
ISIC,5,999,54,3.2,0.0
ISIC,2,999,55,1.7894736842105263,0.21052631578947367
ISIC,3,999,55,2.52,0.0
ISIC,4,999,55,3.0,0.0
ISIC,5,999,55,3.7333333333333334,0.0
ISIC,2,999,56,1.7894736842105263,0.21052631578947367
ISIC,3,999,56,2.44,0.0
ISIC,4,999,56,2.9473684210526314,0.0
ISIC,5,999,56,3.466666666666667,0.0
ISIC,2,999,57,1.7894736842105263,0.21052631578947367
ISIC,3,999,57,2.48,0.0
ISIC,4,999,57,2.736842105263158,0.0
ISIC,5,999,57,3.2,0.0
ISIC,2,999,58,1.763157894736842,0.23684210526315788
ISIC,3,999,58,2.48,0.08
ISIC,4,999,58,3.0526315789473686,0.05263157894736842
ISIC,5,999,58,3.533333333333333,0.0
ISIC,2,999,59,1.8157894736842106,0.18421052631578946
ISIC,3,999,59,2.6,0.0
ISIC,4,999,59,2.736842105263158,0.05263157894736842
ISIC,5,999,59,3.2,0.0
ISIC,2,999,60,1.868421052631579,0.13157894736842105
ISIC,3,999,60,2.36,0.04
ISIC,4,999,60,2.9473684210526314,0.0
ISIC,5,999,60,3.1333333333333333,0.0
ISIC,2,999,61,1.8157894736842106,0.18421052631578946
ISIC,3,999,61,2.72,0.0
ISIC,4,999,61,3.263157894736842,0.0
ISIC,5,999,61,3.8,0.0
ISIC,2,999,62,1.8421052631578947,0.15789473684210525
ISIC,3,999,62,2.52,0.04
ISIC,4,999,62,3.1578947368421053,0.0
ISIC,5,999,62,3.4,0.0
ISIC,2,999,63,1.8157894736842106,0.18421052631578946
ISIC,3,999,63,2.76,0.0
ISIC,4,999,63,3.263157894736842,0.0
ISIC,5,999,63,3.533333333333333,0.0
ISIC,2,999,64,1.8421052631578947,0.15789473684210525
ISIC,3,999,64,2.56,0.04
ISIC,4,999,64,3.0526315789473686,0.0
ISIC,5,999,64,3.533333333333333,0.0
ISIC,2,999,65,1.8157894736842106,0.18421052631578946
ISIC,3,999,65,2.64,0.0
ISIC,4,999,65,2.9473684210526314,0.0
ISIC,5,999,65,3.6,0.0
ISIC,2,999,66,1.763157894736842,0.23684210526315788
ISIC,3,999,66,2.36,0.04
ISIC,4,999,66,2.8947368421052633,0.0
ISIC,5,999,66,3.2666666666666666,0.0
ISIC,2,999,67,1.8157894736842106,0.18421052631578946
ISIC,3,999,67,2.44,0.08
ISIC,4,999,67,3.1052631578947367,0.05263157894736842
ISIC,5,999,67,3.533333333333333,0.0
ISIC,2,999,68,1.8421052631578947,0.15789473684210525
ISIC,3,999,68,2.44,0.04
ISIC,4,999,68,3.263157894736842,0.0
ISIC,5,999,68,4.066666666666666,0.0
ISIC,2,999,69,1.7894736842105263,0.21052631578947367
ISIC,3,999,69,2.48,0.04
ISIC,4,999,69,3.1578947368421053,0.05263157894736842
ISIC,5,999,69,3.533333333333333,0.0
ISIC,2,999,70,1.8421052631578947,0.15789473684210525
ISIC,3,999,70,2.36,0.04
ISIC,4,999,70,2.9473684210526314,0.0
ISIC,5,999,70,3.2,0.0
ISIC,2,999,71,1.7105263157894737,0.2894736842105263
ISIC,3,999,71,2.36,0.08
ISIC,4,999,71,2.789473684210526,0.0
ISIC,5,999,71,3.2666666666666666,0.0
ISIC,2,999,72,1.8157894736842106,0.18421052631578946
ISIC,3,999,72,2.44,0.08
ISIC,4,999,72,3.0,0.0
ISIC,5,999,72,3.466666666666667,0.0
ISIC,2,999,73,1.7894736842105263,0.21052631578947367
ISIC,3,999,73,2.44,0.04
ISIC,4,999,73,3.1052631578947367,0.0
ISIC,5,999,73,3.3333333333333335,0.0
ISIC,2,999,74,1.868421052631579,0.13157894736842105
ISIC,3,999,74,2.6,0.0
ISIC,4,999,74,3.1578947368421053,0.0
ISIC,5,999,74,3.7333333333333334,0.0
ISIC,2,999,75,1.763157894736842,0.23684210526315788
ISIC,3,999,75,2.44,0.04
ISIC,4,999,75,3.0526315789473686,0.0
ISIC,5,999,75,3.6,0.0
ISIC,2,999,76,1.7894736842105263,0.21052631578947367
ISIC,3,999,76,2.36,0.0
ISIC,4,999,76,2.9473684210526314,0.0
ISIC,5,999,76,3.466666666666667,0.0
ISIC,2,999,77,1.8421052631578947,0.15789473684210525
ISIC,3,999,77,2.36,0.0
ISIC,4,999,77,2.8947368421052633,0.0
ISIC,5,999,77,3.6666666666666665,0.0
ISIC,2,999,78,1.736842105263158,0.2631578947368421
ISIC,3,999,78,2.56,0.04
ISIC,4,999,78,3.1578947368421053,0.05263157894736842
ISIC,5,999,78,3.4,0.0
ISIC,2,999,79,1.7105263157894737,0.2894736842105263
ISIC,3,999,79,2.2,0.08
ISIC,4,999,79,2.6315789473684212,0.0
ISIC,5,999,79,3.6,0.0
ISIC,2,999,80,1.8421052631578947,0.15789473684210525
ISIC,3,999,80,2.52,0.04
ISIC,4,999,80,3.0,0.0
ISIC,5,999,80,3.466666666666667,0.0
ISIC,2,999,81,1.763157894736842,0.23684210526315788
ISIC,3,999,81,2.32,0.12
ISIC,4,999,81,3.0,0.05263157894736842
ISIC,5,999,81,3.4,0.0
ISIC,2,999,82,1.763157894736842,0.23684210526315788
ISIC,3,999,82,2.48,0.0
ISIC,4,999,82,2.8947368421052633,0.0
ISIC,5,999,82,3.466666666666667,0.0
ISIC,2,999,83,1.736842105263158,0.2631578947368421
ISIC,3,999,83,2.56,0.0
ISIC,4,999,83,2.8947368421052633,0.0
ISIC,5,999,83,3.3333333333333335,0.0
ISIC,2,999,84,1.7894736842105263,0.21052631578947367
ISIC,3,999,84,2.44,0.0
ISIC,4,999,84,3.0,0.0
ISIC,5,999,84,3.2,0.0
ISIC,2,999,85,1.8421052631578947,0.15789473684210525
ISIC,3,999,85,2.44,0.04
ISIC,4,999,85,3.263157894736842,0.0
ISIC,5,999,85,3.7333333333333334,0.0
ISIC,2,999,86,1.763157894736842,0.23684210526315788
ISIC,3,999,86,2.36,0.08
ISIC,4,999,86,2.789473684210526,0.0
ISIC,5,999,86,3.4,0.0
ISIC,2,999,87,1.7894736842105263,0.21052631578947367
ISIC,3,999,87,2.44,0.04
ISIC,4,999,87,3.1052631578947367,0.0
ISIC,5,999,87,3.533333333333333,0.0
ISIC,2,999,88,1.763157894736842,0.23684210526315788
ISIC,3,999,88,2.44,0.08
ISIC,4,999,88,3.0526315789473686,0.0
ISIC,5,999,88,3.2666666666666666,0.0
ISIC,2,999,89,1.5789473684210527,0.42105263157894735
ISIC,3,999,89,2.4,0.04
ISIC,4,999,89,2.6315789473684212,0.05263157894736842
ISIC,5,999,89,3.2666666666666666,0.0
ISIC,2,999,90,1.8421052631578947,0.15789473684210525
ISIC,3,999,90,2.6,0.0
ISIC,4,999,90,2.9473684210526314,0.0
ISIC,5,999,90,3.466666666666667,0.0
ISIC,2,999,91,1.8421052631578947,0.15789473684210525
ISIC,3,999,91,2.44,0.0
ISIC,4,999,91,3.0,0.0
ISIC,5,999,91,3.466666666666667,0.0
ISIC,2,999,92,1.868421052631579,0.13157894736842105
ISIC,3,999,92,2.4,0.04
ISIC,4,999,92,3.210526315789474,0.0
ISIC,5,999,92,3.3333333333333335,0.0
ISIC,2,999,93,1.7894736842105263,0.21052631578947367
ISIC,3,999,93,2.48,0.04
ISIC,4,999,93,2.8947368421052633,0.0
ISIC,5,999,93,3.2666666666666666,0.0
ISIC,2,999,94,1.8421052631578947,0.15789473684210525
ISIC,3,999,94,2.44,0.0
ISIC,4,999,94,3.0,0.0
ISIC,5,999,94,3.533333333333333,0.0
ISIC,2,999,95,1.7105263157894737,0.2894736842105263
ISIC,3,999,95,2.4,0.04
ISIC,4,999,95,2.8421052631578947,0.0
ISIC,5,999,95,3.4,0.0
ISIC,2,999,96,1.868421052631579,0.13157894736842105
ISIC,3,999,96,2.4,0.04
ISIC,4,999,96,3.1052631578947367,0.0
ISIC,5,999,96,3.466666666666667,0.0
ISIC,2,999,97,1.8157894736842106,0.18421052631578946
ISIC,3,999,97,2.56,0.0
ISIC,4,999,97,3.263157894736842,0.0
ISIC,5,999,97,3.6666666666666665,0.0
ISIC,2,999,98,1.736842105263158,0.2631578947368421
ISIC,3,999,98,2.28,0.08
ISIC,4,999,98,3.0526315789473686,0.0
ISIC,5,999,98,3.2,0.0
ISIC,2,999,99,1.8421052631578947,0.15789473684210525
ISIC,3,999,99,2.52,0.04
ISIC,4,999,99,3.1052631578947367,0.0
ISIC,5,999,99,3.533333333333333,0.0
ISIC,2,999,100,1.8157894736842106,0.18421052631578946
ISIC,3,999,100,2.68,0.0
ISIC,4,999,100,3.1578947368421053,0.0
ISIC,5,999,100,3.466666666666667,0.0
ISIC,2,999,101,1.868421052631579,0.13157894736842105
ISIC,3,999,101,2.4,0.0
ISIC,4,999,101,2.8421052631578947,0.0
ISIC,5,999,101,3.2,0.0
ISIC,2,999,102,1.7894736842105263,0.21052631578947367
ISIC,3,999,102,2.6,0.04
ISIC,4,999,102,3.0526315789473686,0.0
ISIC,5,999,102,3.8,0.0
ISIC,2,999,103,1.736842105263158,0.2631578947368421
ISIC,3,999,103,2.24,0.12
ISIC,4,999,103,2.8421052631578947,0.05263157894736842
ISIC,5,999,103,3.3333333333333335,0.0
ISIC,2,999,104,1.7894736842105263,0.21052631578947367
ISIC,3,999,104,2.52,0.0
ISIC,4,999,104,3.0526315789473686,0.0
ISIC,5,999,104,3.533333333333333,0.0
ISIC,2,999,105,1.763157894736842,0.23684210526315788
ISIC,3,999,105,2.4,0.0
ISIC,4,999,105,3.1052631578947367,0.0
ISIC,5,999,105,3.2,0.0
ISIC,2,999,106,1.763157894736842,0.23684210526315788
ISIC,3,999,106,2.48,0.08
ISIC,4,999,106,3.0,0.0
ISIC,5,999,106,3.466666666666667,0.06666666666666667
ISIC,2,999,107,1.736842105263158,0.2631578947368421
ISIC,3,999,107,2.52,0.0
ISIC,4,999,107,2.9473684210526314,0.0
ISIC,5,999,107,3.1333333333333333,0.0
ISIC,2,999,108,1.7894736842105263,0.21052631578947367
ISIC,3,999,108,2.6,0.04
ISIC,4,999,108,3.0,0.0
ISIC,5,999,108,3.6666666666666665,0.0
ISIC,2,999,109,1.7105263157894737,0.2894736842105263
ISIC,3,999,109,2.4,0.04
ISIC,4,999,109,2.6842105263157894,0.0
ISIC,5,999,109,3.066666666666667,0.0
ISIC,2,999,110,1.763157894736842,0.23684210526315788
ISIC,3,999,110,2.48,0.04
ISIC,4,999,110,2.8421052631578947,0.0
ISIC,5,999,110,3.7333333333333334,0.0
ISIC,2,999,111,1.763157894736842,0.23684210526315788
ISIC,3,999,111,2.48,0.04
ISIC,4,999,111,2.8421052631578947,0.0
ISIC,5,999,111,3.533333333333333,0.0
ISIC,2,999,112,1.736842105263158,0.2631578947368421
ISIC,3,999,112,2.4,0.0
ISIC,4,999,112,2.8947368421052633,0.0
ISIC,5,999,112,3.2666666666666666,0.0
ISIC,2,999,113,1.8421052631578947,0.15789473684210525
ISIC,3,999,113,2.56,0.0
ISIC,4,999,113,3.1052631578947367,0.0
ISIC,5,999,113,3.466666666666667,0.0
ISIC,2,999,114,1.7105263157894737,0.2894736842105263
ISIC,3,999,114,2.28,0.0
ISIC,4,999,114,2.789473684210526,0.0
ISIC,5,999,114,3.3333333333333335,0.0
ISIC,2,999,115,1.8157894736842106,0.18421052631578946
ISIC,3,999,115,2.52,0.04
ISIC,4,999,115,3.210526315789474,0.0
ISIC,5,999,115,3.466666666666667,0.0
ISIC,2,999,116,1.7894736842105263,0.21052631578947367
ISIC,3,999,116,2.48,0.0
ISIC,4,999,116,2.8421052631578947,0.0
ISIC,5,999,116,3.2,0.0
ISIC,2,999,117,1.8421052631578947,0.15789473684210525
ISIC,3,999,117,2.56,0.0
ISIC,4,999,117,3.0526315789473686,0.0
ISIC,5,999,117,3.533333333333333,0.0
ISIC,2,999,118,1.736842105263158,0.2631578947368421
ISIC,3,999,118,2.6,0.04
ISIC,4,999,118,3.0526315789473686,0.0
ISIC,5,999,118,3.3333333333333335,0.0
ISIC,2,999,119,1.8421052631578947,0.15789473684210525
ISIC,3,999,119,2.52,0.04
ISIC,4,999,119,3.0,0.0
ISIC,5,999,119,3.3333333333333335,0.0
ISIC,2,999,120,1.8157894736842106,0.18421052631578946
ISIC,3,999,120,2.6,0.04
ISIC,4,999,120,2.9473684210526314,0.0
ISIC,5,999,120,3.466666666666667,0.0
ISIC,2,999,121,1.8421052631578947,0.15789473684210525
ISIC,3,999,121,2.48,0.08
ISIC,4,999,121,3.0526315789473686,0.0
ISIC,5,999,121,3.8666666666666667,0.0
ISIC,2,999,122,1.736842105263158,0.2631578947368421
ISIC,3,999,122,2.44,0.08
ISIC,4,999,122,2.789473684210526,0.0
ISIC,5,999,122,3.3333333333333335,0.0
ISIC,2,999,123,1.763157894736842,0.23684210526315788
ISIC,3,999,123,2.4,0.04
ISIC,4,999,123,2.8947368421052633,0.0
ISIC,5,999,123,3.466666666666667,0.0
ISIC,2,999,124,1.8157894736842106,0.18421052631578946
ISIC,3,999,124,2.6,0.0
ISIC,4,999,124,3.0,0.0
ISIC,5,999,124,3.6666666666666665,0.0
ISIC,2,999,125,1.7894736842105263,0.21052631578947367
ISIC,3,999,125,2.32,0.04
ISIC,4,999,125,2.789473684210526,0.0
ISIC,5,999,125,3.466666666666667,0.0
ISIC,2,999,126,1.8421052631578947,0.15789473684210525
ISIC,3,999,126,2.68,0.0
ISIC,4,999,126,3.263157894736842,0.0
ISIC,5,999,126,3.8,0.0
ISIC,2,999,127,1.8421052631578947,0.15789473684210525
ISIC,3,999,127,2.48,0.04
ISIC,4,999,127,3.1052631578947367,0.0
ISIC,5,999,127,3.8,0.0
ISIC,2,999,128,1.8421052631578947,0.15789473684210525
ISIC,3,999,128,2.44,0.0
ISIC,4,999,128,2.8947368421052633,0.0
ISIC,5,999,128,3.533333333333333,0.0
ISIC,2,999,129,1.7105263157894737,0.2894736842105263
ISIC,3,999,129,2.64,0.04
ISIC,4,999,129,3.1578947368421053,0.0
ISIC,5,999,129,3.6,0.0
ISIC,2,999,130,1.894736842105263,0.10526315789473684
ISIC,3,999,130,2.56,0.04
ISIC,4,999,130,3.1578947368421053,0.0
ISIC,5,999,130,3.533333333333333,0.0
ISIC,2,999,131,1.763157894736842,0.23684210526315788
ISIC,3,999,131,2.6,0.0
ISIC,4,999,131,2.8421052631578947,0.0
ISIC,5,999,131,3.4,0.0
ISIC,2,999,132,1.7894736842105263,0.21052631578947367
ISIC,3,999,132,2.48,0.0
ISIC,4,999,132,3.0,0.0
ISIC,5,999,132,3.3333333333333335,0.0
ISIC,2,999,133,1.763157894736842,0.23684210526315788
ISIC,3,999,133,2.4,0.04
ISIC,4,999,133,2.9473684210526314,0.0
ISIC,5,999,133,3.1333333333333333,0.0
ISIC,2,999,134,1.7894736842105263,0.21052631578947367
ISIC,3,999,134,2.48,0.0
ISIC,4,999,134,2.9473684210526314,0.0
ISIC,5,999,134,3.466666666666667,0.0
ISIC,2,999,135,1.8157894736842106,0.18421052631578946
ISIC,3,999,135,2.48,0.08
ISIC,4,999,135,3.0526315789473686,0.05263157894736842
ISIC,5,999,135,3.466666666666667,0.0
ISIC,2,999,136,1.8421052631578947,0.15789473684210525
ISIC,3,999,136,2.36,0.04
ISIC,4,999,136,2.789473684210526,0.0
ISIC,5,999,136,3.466666666666667,0.0
ISIC,2,999,137,1.7894736842105263,0.21052631578947367
ISIC,3,999,137,2.48,0.0
ISIC,4,999,137,2.8947368421052633,0.0
ISIC,5,999,137,3.2666666666666666,0.0
ISIC,2,999,138,1.8157894736842106,0.18421052631578946
ISIC,3,999,138,2.4,0.0
ISIC,4,999,138,3.0,0.0
ISIC,5,999,138,3.4,0.0
ISIC,2,999,139,1.8157894736842106,0.18421052631578946
ISIC,3,999,139,2.52,0.0
ISIC,4,999,139,3.0,0.0
ISIC,5,999,139,3.4,0.0
ISIC,2,999,140,1.763157894736842,0.23684210526315788
ISIC,3,999,140,2.44,0.04
ISIC,4,999,140,3.0526315789473686,0.0
ISIC,5,999,140,3.466666666666667,0.0
ISIC,2,999,141,1.8421052631578947,0.15789473684210525
ISIC,3,999,141,2.4,0.0
ISIC,4,999,141,3.210526315789474,0.0
ISIC,5,999,141,3.3333333333333335,0.0
ISIC,2,999,142,1.763157894736842,0.23684210526315788
ISIC,3,999,142,2.32,0.16
ISIC,4,999,142,3.0526315789473686,0.0
ISIC,5,999,142,3.2666666666666666,0.0
ISIC,2,999,143,1.8157894736842106,0.18421052631578946
ISIC,3,999,143,2.48,0.08
ISIC,4,999,143,2.8947368421052633,0.0
ISIC,5,999,143,3.533333333333333,0.0
ISIC,2,999,144,1.868421052631579,0.13157894736842105
ISIC,3,999,144,2.56,0.0
ISIC,4,999,144,3.0526315789473686,0.0
ISIC,5,999,144,3.6,0.0
ISIC,2,999,145,1.8157894736842106,0.18421052631578946
ISIC,3,999,145,2.68,0.04
ISIC,4,999,145,2.9473684210526314,0.0
ISIC,5,999,145,3.466666666666667,0.0
ISIC,2,999,146,1.8157894736842106,0.18421052631578946
ISIC,3,999,146,2.52,0.04
ISIC,4,999,146,3.0526315789473686,0.0
ISIC,5,999,146,3.3333333333333335,0.0
ISIC,2,999,147,1.868421052631579,0.13157894736842105
ISIC,3,999,147,2.48,0.0
ISIC,4,999,147,3.1052631578947367,0.0
ISIC,5,999,147,3.6,0.0
ISIC,2,999,148,1.736842105263158,0.2631578947368421
ISIC,3,999,148,2.52,0.08
ISIC,4,999,148,2.9473684210526314,0.0
ISIC,5,999,148,3.4,0.0
ISIC,2,999,149,1.6578947368421053,0.34210526315789475
ISIC,3,999,149,2.48,0.0
ISIC,4,999,149,2.736842105263158,0.0
ISIC,5,999,149,3.3333333333333335,0.0
ISIC,2,999,150,1.763157894736842,0.23684210526315788
ISIC,3,999,150,2.4,0.08
ISIC,4,999,150,3.1578947368421053,0.0
ISIC,5,999,150,3.6,0.0
ISIC,2,999,151,1.631578947368421,0.3684210526315789
ISIC,3,999,151,2.4,0.04
ISIC,4,999,151,2.736842105263158,0.05263157894736842
ISIC,5,999,151,3.466666666666667,0.0
ISIC,2,999,152,1.8157894736842106,0.18421052631578946
ISIC,3,999,152,2.44,0.0
ISIC,4,999,152,3.0,0.0
ISIC,5,999,152,3.2,0.0
ISIC,2,999,153,1.736842105263158,0.2631578947368421
ISIC,3,999,153,2.36,0.08
ISIC,4,999,153,3.0,0.0
ISIC,5,999,153,3.466666666666667,0.0
ISIC,2,999,154,1.7894736842105263,0.21052631578947367
ISIC,3,999,154,2.48,0.0
ISIC,4,999,154,3.1052631578947367,0.0
ISIC,5,999,154,3.7333333333333334,0.0
ISIC,2,999,155,1.736842105263158,0.2631578947368421
ISIC,3,999,155,2.4,0.08
ISIC,4,999,155,2.8947368421052633,0.05263157894736842
ISIC,5,999,155,3.4,0.0
ISIC,2,999,156,1.8421052631578947,0.15789473684210525
ISIC,3,999,156,2.56,0.0
ISIC,4,999,156,3.1052631578947367,0.0
ISIC,5,999,156,3.2666666666666666,0.0
ISIC,2,999,157,1.7894736842105263,0.21052631578947367
ISIC,3,999,157,2.52,0.08
ISIC,4,999,157,3.0526315789473686,0.0
ISIC,5,999,157,3.533333333333333,0.0
ISIC,2,999,158,1.6578947368421053,0.34210526315789475
ISIC,3,999,158,2.32,0.12
ISIC,4,999,158,2.6842105263157894,0.05263157894736842
ISIC,5,999,158,3.3333333333333335,0.0
ISIC,2,999,159,1.868421052631579,0.13157894736842105
ISIC,3,999,159,2.4,0.04
ISIC,4,999,159,3.210526315789474,0.0
ISIC,5,999,159,3.6666666666666665,0.0
ISIC,2,999,160,1.894736842105263,0.10526315789473684
ISIC,3,999,160,2.6,0.0
ISIC,4,999,160,3.210526315789474,0.0
ISIC,5,999,160,3.4,0.0
ISIC,2,999,161,1.894736842105263,0.10526315789473684
ISIC,3,999,161,2.48,0.04
ISIC,4,999,161,3.210526315789474,0.05263157894736842
ISIC,5,999,161,3.6666666666666665,0.0
ISIC,2,999,162,1.736842105263158,0.2631578947368421
ISIC,3,999,162,2.48,0.04
ISIC,4,999,162,2.8947368421052633,0.0
ISIC,5,999,162,3.533333333333333,0.0
ISIC,2,999,163,1.7894736842105263,0.21052631578947367
ISIC,3,999,163,2.4,0.04
ISIC,4,999,163,3.1052631578947367,0.0
ISIC,5,999,163,3.2,0.0
ISIC,2,999,164,1.8157894736842106,0.18421052631578946
ISIC,3,999,164,2.56,0.0
ISIC,4,999,164,3.0,0.0
ISIC,5,999,164,3.533333333333333,0.0
ISIC,2,999,165,1.8421052631578947,0.15789473684210525
ISIC,3,999,165,2.56,0.0
ISIC,4,999,165,3.3684210526315788,0.0
ISIC,5,999,165,3.6,0.0
ISIC,2,999,166,1.7894736842105263,0.21052631578947367
ISIC,3,999,166,2.44,0.0
ISIC,4,999,166,3.1052631578947367,0.0
ISIC,5,999,166,3.466666666666667,0.0
ISIC,2,999,167,1.736842105263158,0.2631578947368421
ISIC,3,999,167,2.32,0.08
ISIC,4,999,167,2.8421052631578947,0.05263157894736842
ISIC,5,999,167,3.2,0.0
ISIC,2,999,168,1.763157894736842,0.23684210526315788
ISIC,3,999,168,2.52,0.04
ISIC,4,999,168,3.0526315789473686,0.0
ISIC,5,999,168,3.6666666666666665,0.0
ISIC,2,999,169,1.7894736842105263,0.21052631578947367
ISIC,3,999,169,2.44,0.0
ISIC,4,999,169,3.0526315789473686,0.0
ISIC,5,999,169,3.533333333333333,0.0
ISIC,2,999,170,1.763157894736842,0.23684210526315788
ISIC,3,999,170,2.6,0.0
ISIC,4,999,170,2.8421052631578947,0.0
ISIC,5,999,170,3.4,0.0
ISIC,2,999,171,1.736842105263158,0.2631578947368421
ISIC,3,999,171,2.44,0.04
ISIC,4,999,171,2.8421052631578947,0.0
ISIC,5,999,171,3.0,0.0
ISIC,2,999,172,1.763157894736842,0.23684210526315788
ISIC,3,999,172,2.44,0.08
ISIC,4,999,172,3.0,0.05263157894736842
ISIC,5,999,172,3.4,0.0
ISIC,2,999,173,1.8157894736842106,0.18421052631578946
ISIC,3,999,173,2.32,0.08
ISIC,4,999,173,3.1578947368421053,0.0
ISIC,5,999,173,3.533333333333333,0.0
ISIC,2,999,174,1.763157894736842,0.23684210526315788
ISIC,3,999,174,2.56,0.0
ISIC,4,999,174,2.8947368421052633,0.0
ISIC,5,999,174,3.4,0.0
ISIC,2,999,175,1.631578947368421,0.3684210526315789
ISIC,3,999,175,2.24,0.16
ISIC,4,999,175,2.8421052631578947,0.05263157894736842
ISIC,5,999,175,3.066666666666667,0.0
ISIC,2,999,176,1.7894736842105263,0.21052631578947367
ISIC,3,999,176,2.44,0.0
ISIC,4,999,176,2.9473684210526314,0.0
ISIC,5,999,176,3.466666666666667,0.0
ISIC,2,999,177,1.7105263157894737,0.2894736842105263
ISIC,3,999,177,2.24,0.12
ISIC,4,999,177,2.736842105263158,0.0
ISIC,5,999,177,3.1333333333333333,0.0
ISIC,2,999,178,1.763157894736842,0.23684210526315788
ISIC,3,999,178,2.52,0.04
ISIC,4,999,178,3.1578947368421053,0.0
ISIC,5,999,178,3.6,0.0
ISIC,2,999,179,1.763157894736842,0.23684210526315788
ISIC,3,999,179,2.56,0.0
ISIC,4,999,179,2.8947368421052633,0.0
ISIC,5,999,179,3.4,0.0
ISIC,2,999,180,1.736842105263158,0.2631578947368421
ISIC,3,999,180,2.4,0.0
ISIC,4,999,180,2.8421052631578947,0.0
ISIC,5,999,180,3.2,0.0
ISIC,2,999,181,1.8157894736842106,0.18421052631578946
ISIC,3,999,181,2.56,0.0
ISIC,4,999,181,3.0,0.0
ISIC,5,999,181,3.533333333333333,0.0
ISIC,2,999,182,1.8421052631578947,0.15789473684210525
ISIC,3,999,182,2.52,0.04
ISIC,4,999,182,3.1578947368421053,0.0
ISIC,5,999,182,3.6,0.0
ISIC,2,999,183,1.8421052631578947,0.15789473684210525
ISIC,3,999,183,2.44,0.0
ISIC,4,999,183,3.1578947368421053,0.0
ISIC,5,999,183,3.4,0.0
ISIC,2,999,184,1.736842105263158,0.2631578947368421
ISIC,3,999,184,2.32,0.08
ISIC,4,999,184,2.8421052631578947,0.05263157894736842
ISIC,5,999,184,3.4,0.0
ISIC,2,999,185,1.7105263157894737,0.2894736842105263
ISIC,3,999,185,2.32,0.12
ISIC,4,999,185,2.6842105263157894,0.10526315789473684
ISIC,5,999,185,3.2666666666666666,0.0
ISIC,2,999,186,1.736842105263158,0.2631578947368421
ISIC,3,999,186,2.36,0.04
ISIC,4,999,186,2.6842105263157894,0.0
ISIC,5,999,186,3.4,0.0
ISIC,2,999,187,1.8157894736842106,0.18421052631578946
ISIC,3,999,187,2.4,0.04
ISIC,4,999,187,2.9473684210526314,0.0
ISIC,5,999,187,3.1333333333333333,0.0
ISIC,2,999,188,1.8421052631578947,0.15789473684210525
ISIC,3,999,188,2.48,0.0
ISIC,4,999,188,2.9473684210526314,0.0
ISIC,5,999,188,3.4,0.0
ISIC,2,999,189,1.8421052631578947,0.15789473684210525
ISIC,3,999,189,2.4,0.04
ISIC,4,999,189,2.9473684210526314,0.0
ISIC,5,999,189,3.2,0.0
ISIC,2,999,190,1.8421052631578947,0.15789473684210525
ISIC,3,999,190,2.56,0.0
ISIC,4,999,190,3.0526315789473686,0.0
ISIC,5,999,190,3.3333333333333335,0.0
ISIC,2,999,191,1.763157894736842,0.23684210526315788
ISIC,3,999,191,2.36,0.04
ISIC,4,999,191,2.6842105263157894,0.0
ISIC,5,999,191,3.1333333333333333,0.0
ISIC,2,999,192,1.8421052631578947,0.15789473684210525
ISIC,3,999,192,2.64,0.04
ISIC,4,999,192,3.0526315789473686,0.0
ISIC,5,999,192,3.6,0.0
ISIC,2,999,193,1.763157894736842,0.23684210526315788
ISIC,3,999,193,2.44,0.04
ISIC,4,999,193,3.0,0.0
ISIC,5,999,193,3.533333333333333,0.0
ISIC,2,999,194,1.8157894736842106,0.18421052631578946
ISIC,3,999,194,2.56,0.04
ISIC,4,999,194,3.1052631578947367,0.0
ISIC,5,999,194,3.4,0.0
ISIC,2,999,195,1.6842105263157894,0.3157894736842105
ISIC,3,999,195,2.28,0.08
ISIC,4,999,195,2.736842105263158,0.0
ISIC,5,999,195,3.1333333333333333,0.0
ISIC,2,999,196,1.7894736842105263,0.21052631578947367
ISIC,3,999,196,2.32,0.12
ISIC,4,999,196,3.0526315789473686,0.05263157894736842
ISIC,5,999,196,3.2666666666666666,0.06666666666666667
ISIC,2,999,197,1.6578947368421053,0.34210526315789475
ISIC,3,999,197,2.32,0.0
ISIC,4,999,197,2.736842105263158,0.0
ISIC,5,999,197,3.466666666666667,0.0
ISIC,2,999,198,1.7894736842105263,0.21052631578947367
ISIC,3,999,198,2.28,0.08
ISIC,4,999,198,2.8947368421052633,0.0
ISIC,5,999,198,3.3333333333333335,0.0
ISIC,2,999,199,1.8421052631578947,0.15789473684210525
ISIC,3,999,199,2.36,0.0
ISIC,4,999,199,2.8421052631578947,0.0
ISIC,5,999,199,3.2,0.0
ISIC,2,999,200,1.736842105263158,0.2631578947368421
ISIC,3,999,200,2.24,0.0
ISIC,4,999,200,2.8421052631578947,0.0
ISIC,5,999,200,3.2666666666666666,0.0
ISIC,2,999,201,1.6842105263157894,0.3157894736842105
ISIC,3,999,201,2.44,0.04
ISIC,4,999,201,3.0,0.0
ISIC,5,999,201,3.466666666666667,0.0
ISIC,2,999,202,1.8157894736842106,0.18421052631578946
ISIC,3,999,202,2.52,0.0
ISIC,4,999,202,3.0526315789473686,0.0
ISIC,5,999,202,3.6,0.0
ISIC,2,999,203,1.7105263157894737,0.2894736842105263
ISIC,3,999,203,2.28,0.12
ISIC,4,999,203,2.9473684210526314,0.0
ISIC,5,999,203,3.466666666666667,0.0
ISIC,2,999,204,1.894736842105263,0.10526315789473684
ISIC,3,999,204,2.64,0.0
ISIC,4,999,204,3.210526315789474,0.0
ISIC,5,999,204,3.533333333333333,0.0
ISIC,2,999,205,1.763157894736842,0.23684210526315788
ISIC,3,999,205,2.44,0.0
ISIC,4,999,205,2.6842105263157894,0.0
ISIC,5,999,205,3.066666666666667,0.0
ISIC,2,999,206,1.8157894736842106,0.18421052631578946
ISIC,3,999,206,2.2,0.08
ISIC,4,999,206,2.736842105263158,0.0
ISIC,5,999,206,3.2,0.0
ISIC,2,999,207,1.763157894736842,0.23684210526315788
ISIC,3,999,207,2.4,0.0
ISIC,4,999,207,2.8421052631578947,0.0
ISIC,5,999,207,3.1333333333333333,0.0
ISIC,2,999,208,1.7105263157894737,0.2894736842105263
ISIC,3,999,208,2.32,0.08
ISIC,4,999,208,2.789473684210526,0.0
ISIC,5,999,208,3.066666666666667,0.06666666666666667
ISIC,2,999,209,1.8421052631578947,0.15789473684210525
ISIC,3,999,209,2.64,0.0
ISIC,4,999,209,2.8947368421052633,0.0
ISIC,5,999,209,3.3333333333333335,0.0
ISIC,2,999,210,1.7105263157894737,0.2894736842105263
ISIC,3,999,210,2.44,0.04
ISIC,4,999,210,2.9473684210526314,0.0
ISIC,5,999,210,3.1333333333333333,0.0
ISIC,2,999,211,1.868421052631579,0.13157894736842105
ISIC,3,999,211,2.44,0.04
ISIC,4,999,211,3.0526315789473686,0.0
ISIC,5,999,211,3.6,0.0
ISIC,2,999,212,1.8421052631578947,0.15789473684210525
ISIC,3,999,212,2.48,0.04
ISIC,4,999,212,3.1578947368421053,0.0
ISIC,5,999,212,3.4,0.0
ISIC,2,999,213,1.7894736842105263,0.21052631578947367
ISIC,3,999,213,2.44,0.04
ISIC,4,999,213,2.8947368421052633,0.0
ISIC,5,999,213,3.8,0.0
ISIC,2,999,214,1.894736842105263,0.10526315789473684
ISIC,3,999,214,2.48,0.04
ISIC,4,999,214,3.1052631578947367,0.0
ISIC,5,999,214,3.2666666666666666,0.0
ISIC,2,999,215,1.7894736842105263,0.21052631578947367
ISIC,3,999,215,2.52,0.0
ISIC,4,999,215,2.789473684210526,0.0
ISIC,5,999,215,3.533333333333333,0.0
ISIC,2,999,216,1.736842105263158,0.2631578947368421
ISIC,3,999,216,2.4,0.08
ISIC,4,999,216,2.8947368421052633,0.0
ISIC,5,999,216,3.2666666666666666,0.0
ISIC,2,999,217,1.7894736842105263,0.21052631578947367
ISIC,3,999,217,2.56,0.0
ISIC,4,999,217,3.210526315789474,0.0
ISIC,5,999,217,3.533333333333333,0.0
ISIC,2,999,218,1.763157894736842,0.23684210526315788
ISIC,3,999,218,2.48,0.04
ISIC,4,999,218,3.1052631578947367,0.0
ISIC,5,999,218,3.3333333333333335,0.0
ISIC,2,999,219,1.7894736842105263,0.21052631578947367
ISIC,3,999,219,2.6,0.0
ISIC,4,999,219,3.1052631578947367,0.0
ISIC,5,999,219,3.6666666666666665,0.0
ISIC,2,999,220,1.763157894736842,0.23684210526315788
ISIC,3,999,220,2.44,0.08
ISIC,4,999,220,2.8421052631578947,0.0
ISIC,5,999,220,3.4,0.0
ISIC,2,999,221,1.763157894736842,0.23684210526315788
ISIC,3,999,221,2.4,0.0
ISIC,4,999,221,2.9473684210526314,0.0
ISIC,5,999,221,3.2666666666666666,0.0
ISIC,2,999,222,1.8421052631578947,0.15789473684210525
ISIC,3,999,222,2.32,0.04
ISIC,4,999,222,3.0526315789473686,0.0
ISIC,5,999,222,3.3333333333333335,0.0
ISIC,2,999,223,1.736842105263158,0.2631578947368421
ISIC,3,999,223,2.44,0.0
ISIC,4,999,223,2.6842105263157894,0.0
ISIC,5,999,223,3.3333333333333335,0.0
ISIC,2,999,224,1.7105263157894737,0.2894736842105263
ISIC,3,999,224,2.4,0.04
ISIC,4,999,224,2.9473684210526314,0.0
ISIC,5,999,224,3.4,0.0
ISIC,2,999,225,1.894736842105263,0.10526315789473684
ISIC,3,999,225,2.56,0.0
ISIC,4,999,225,3.0,0.0
ISIC,5,999,225,3.6,0.0
ISIC,2,999,226,1.8157894736842106,0.18421052631578946
ISIC,3,999,226,2.44,0.0
ISIC,4,999,226,2.9473684210526314,0.0
ISIC,5,999,226,3.2,0.0
ISIC,2,999,227,1.7894736842105263,0.21052631578947367
ISIC,3,999,227,2.4,0.08
ISIC,4,999,227,3.1578947368421053,0.0
ISIC,5,999,227,3.3333333333333335,0.0
ISIC,2,999,228,1.7894736842105263,0.21052631578947367
ISIC,3,999,228,2.6,0.0
ISIC,4,999,228,3.0526315789473686,0.0
ISIC,5,999,228,3.4,0.0
ISIC,2,999,229,1.894736842105263,0.10526315789473684
ISIC,3,999,229,2.64,0.0
ISIC,4,999,229,3.0,0.0
ISIC,5,999,229,3.466666666666667,0.0
ISIC,2,999,230,1.8157894736842106,0.18421052631578946
ISIC,3,999,230,2.4,0.04
ISIC,4,999,230,3.0526315789473686,0.05263157894736842
ISIC,5,999,230,3.3333333333333335,0.0
ISIC,2,999,231,1.8157894736842106,0.18421052631578946
ISIC,3,999,231,2.48,0.0
ISIC,4,999,231,3.0,0.0
ISIC,5,999,231,3.533333333333333,0.0
ISIC,2,999,232,1.7105263157894737,0.2894736842105263
ISIC,3,999,232,2.32,0.04
ISIC,4,999,232,3.0526315789473686,0.0
ISIC,5,999,232,3.2666666666666666,0.0
ISIC,2,999,233,1.8421052631578947,0.15789473684210525
ISIC,3,999,233,2.52,0.0
ISIC,4,999,233,3.0,0.0
ISIC,5,999,233,3.6666666666666665,0.0
ISIC,2,999,234,1.763157894736842,0.23684210526315788
ISIC,3,999,234,2.4,0.04
ISIC,4,999,234,2.6842105263157894,0.0
ISIC,5,999,234,3.4,0.0
ISIC,2,999,235,1.763157894736842,0.23684210526315788
ISIC,3,999,235,2.44,0.08
ISIC,4,999,235,3.0,0.0
ISIC,5,999,235,3.466666666666667,0.0
ISIC,2,999,236,1.605263157894737,0.39473684210526316
ISIC,3,999,236,2.28,0.08
ISIC,4,999,236,2.6842105263157894,0.0
ISIC,5,999,236,3.0,0.0
ISIC,2,999,237,1.8157894736842106,0.18421052631578946
ISIC,3,999,237,2.36,0.08
ISIC,4,999,237,3.0,0.0
ISIC,5,999,237,3.2666666666666666,0.0
ISIC,2,999,238,1.7894736842105263,0.21052631578947367
ISIC,3,999,238,2.6,0.0
ISIC,4,999,238,3.1052631578947367,0.0
ISIC,5,999,238,3.466666666666667,0.0
ISIC,2,999,239,1.8157894736842106,0.18421052631578946
ISIC,3,999,239,2.28,0.0
ISIC,4,999,239,3.0,0.0
ISIC,5,999,239,3.4,0.0
ISIC,2,999,240,1.763157894736842,0.23684210526315788
ISIC,3,999,240,2.44,0.0
ISIC,4,999,240,2.8947368421052633,0.0
ISIC,5,999,240,3.3333333333333335,0.0
ISIC,2,999,241,1.9210526315789473,0.07894736842105263
ISIC,3,999,241,2.68,0.0
ISIC,4,999,241,3.0526315789473686,0.0
ISIC,5,999,241,3.533333333333333,0.0
ISIC,2,999,242,1.8157894736842106,0.18421052631578946
ISIC,3,999,242,2.6,0.0
ISIC,4,999,242,3.0526315789473686,0.0
ISIC,5,999,242,3.3333333333333335,0.0
ISIC,2,999,243,1.9210526315789473,0.07894736842105263
ISIC,3,999,243,2.52,0.04
ISIC,4,999,243,3.1578947368421053,0.0
ISIC,5,999,243,3.1333333333333333,0.0
ISIC,2,999,244,1.868421052631579,0.13157894736842105
ISIC,3,999,244,2.48,0.04
ISIC,4,999,244,3.1052631578947367,0.0
ISIC,5,999,244,3.2,0.0
ISIC,2,999,245,1.868421052631579,0.13157894736842105
ISIC,3,999,245,2.52,0.04
ISIC,4,999,245,3.210526315789474,0.0
ISIC,5,999,245,3.533333333333333,0.0
ISIC,2,999,246,1.7105263157894737,0.2894736842105263
ISIC,3,999,246,2.4,0.04
ISIC,4,999,246,2.736842105263158,0.0
ISIC,5,999,246,3.3333333333333335,0.0
ISIC,2,999,247,1.763157894736842,0.23684210526315788
ISIC,3,999,247,2.44,0.0
ISIC,4,999,247,2.8421052631578947,0.0
ISIC,5,999,247,3.1333333333333333,0.0
ISIC,2,999,248,1.736842105263158,0.2631578947368421
ISIC,3,999,248,2.28,0.04
ISIC,4,999,248,2.789473684210526,0.0
ISIC,5,999,248,3.2666666666666666,0.0
ISIC,2,999,249,1.736842105263158,0.2631578947368421
ISIC,3,999,249,2.44,0.0
ISIC,4,999,249,2.8947368421052633,0.0
ISIC,5,999,249,3.2666666666666666,0.0
ISIC,2,999,250,1.763157894736842,0.23684210526315788
ISIC,3,999,250,2.36,0.0
ISIC,4,999,250,3.0526315789473686,0.0
ISIC,5,999,250,3.4,0.0
ISIC,2,999,251,1.868421052631579,0.13157894736842105
ISIC,3,999,251,2.64,0.0
ISIC,4,999,251,3.0526315789473686,0.0
ISIC,5,999,251,3.7333333333333334,0.0
ISIC,2,999,252,1.7894736842105263,0.21052631578947367
ISIC,3,999,252,2.64,0.0
ISIC,4,999,252,2.9473684210526314,0.0
ISIC,5,999,252,3.6,0.0
ISIC,2,999,253,1.6578947368421053,0.34210526315789475
ISIC,3,999,253,2.6,0.0
ISIC,4,999,253,2.8421052631578947,0.0
ISIC,5,999,253,3.6,0.0
ISIC,2,999,254,1.8157894736842106,0.18421052631578946
ISIC,3,999,254,2.48,0.08
ISIC,4,999,254,3.1052631578947367,0.05263157894736842
ISIC,5,999,254,3.466666666666667,0.0
ISIC,2,999,255,1.8157894736842106,0.18421052631578946
ISIC,3,999,255,2.48,0.04
ISIC,4,999,255,3.1578947368421053,0.0
ISIC,5,999,255,3.533333333333333,0.0
ISIC,2,999,256,1.763157894736842,0.23684210526315788
ISIC,3,999,256,2.32,0.04
ISIC,4,999,256,2.9473684210526314,0.0
ISIC,5,999,256,3.1333333333333333,0.0
ISIC,2,999,257,1.8157894736842106,0.18421052631578946
ISIC,3,999,257,2.56,0.04
ISIC,4,999,257,2.9473684210526314,0.0
ISIC,5,999,257,3.466666666666667,0.0
ISIC,2,999,258,1.8421052631578947,0.15789473684210525
ISIC,3,999,258,2.48,0.0
ISIC,4,999,258,3.1052631578947367,0.0
ISIC,5,999,258,3.533333333333333,0.0
ISIC,2,999,259,1.8157894736842106,0.18421052631578946
ISIC,3,999,259,2.4,0.0
ISIC,4,999,259,2.8947368421052633,0.0
ISIC,5,999,259,3.466666666666667,0.0
ISIC,2,999,260,1.7894736842105263,0.21052631578947367
ISIC,3,999,260,2.52,0.0
ISIC,4,999,260,2.736842105263158,0.0
ISIC,5,999,260,3.0,0.0
ISIC,2,999,261,1.8157894736842106,0.18421052631578946
ISIC,3,999,261,2.48,0.0
ISIC,4,999,261,2.9473684210526314,0.0
ISIC,5,999,261,3.1333333333333333,0.0
ISIC,2,999,262,1.736842105263158,0.2631578947368421
ISIC,3,999,262,2.32,0.08
ISIC,4,999,262,2.8947368421052633,0.0
ISIC,5,999,262,3.466666666666667,0.0
ISIC,2,999,263,1.736842105263158,0.2631578947368421
ISIC,3,999,263,2.48,0.04
ISIC,4,999,263,2.9473684210526314,0.0
ISIC,5,999,263,3.2,0.0
ISIC,2,999,264,1.763157894736842,0.23684210526315788
ISIC,3,999,264,2.36,0.04
ISIC,4,999,264,3.0,0.0
ISIC,5,999,264,3.533333333333333,0.0
ISIC,2,999,265,1.7894736842105263,0.21052631578947367
ISIC,3,999,265,2.4,0.08
ISIC,4,999,265,2.8947368421052633,0.0
ISIC,5,999,265,3.1333333333333333,0.0
ISIC,2,999,266,1.868421052631579,0.13157894736842105
ISIC,3,999,266,2.6,0.04
ISIC,4,999,266,3.0,0.0
ISIC,5,999,266,3.6,0.0
ISIC,2,999,267,1.8157894736842106,0.18421052631578946
ISIC,3,999,267,2.72,0.0
ISIC,4,999,267,3.0,0.0
ISIC,5,999,267,3.466666666666667,0.0
ISIC,2,999,268,1.6842105263157894,0.3157894736842105
ISIC,3,999,268,2.44,0.12
ISIC,4,999,268,2.8947368421052633,0.0
ISIC,5,999,268,3.466666666666667,0.0
ISIC,2,999,269,1.8421052631578947,0.15789473684210525
ISIC,3,999,269,2.52,0.0
ISIC,4,999,269,3.0,0.0
ISIC,5,999,269,3.6,0.0
ISIC,2,999,270,1.894736842105263,0.10526315789473684
ISIC,3,999,270,2.64,0.0
ISIC,4,999,270,3.1578947368421053,0.0
ISIC,5,999,270,3.533333333333333,0.0
ISIC,2,999,271,1.763157894736842,0.23684210526315788
ISIC,3,999,271,2.52,0.04
ISIC,4,999,271,3.210526315789474,0.0
ISIC,5,999,271,3.6,0.0
ISIC,2,999,272,1.763157894736842,0.23684210526315788
ISIC,3,999,272,2.44,0.08
ISIC,4,999,272,2.9473684210526314,0.0
ISIC,5,999,272,3.466666666666667,0.0
ISIC,2,999,273,1.8421052631578947,0.15789473684210525
ISIC,3,999,273,2.6,0.04
ISIC,4,999,273,3.0526315789473686,0.0
ISIC,5,999,273,3.533333333333333,0.0
ISIC,2,999,274,1.7894736842105263,0.21052631578947367
ISIC,3,999,274,2.28,0.04
ISIC,4,999,274,2.736842105263158,0.05263157894736842
ISIC,5,999,274,3.2,0.0
ISIC,2,999,275,1.8421052631578947,0.15789473684210525
ISIC,3,999,275,2.32,0.04
ISIC,4,999,275,2.8947368421052633,0.0
ISIC,5,999,275,3.2,0.0
ISIC,2,999,276,1.736842105263158,0.2631578947368421
ISIC,3,999,276,2.52,0.04
ISIC,4,999,276,3.0,0.0
ISIC,5,999,276,3.533333333333333,0.0
ISIC,2,999,277,1.763157894736842,0.23684210526315788
ISIC,3,999,277,2.4,0.0
ISIC,4,999,277,3.0,0.0
ISIC,5,999,277,3.533333333333333,0.0
ISIC,2,999,278,1.894736842105263,0.10526315789473684
ISIC,3,999,278,2.64,0.0
ISIC,4,999,278,3.3684210526315788,0.0
ISIC,5,999,278,3.533333333333333,0.0
ISIC,2,999,279,1.763157894736842,0.23684210526315788
ISIC,3,999,279,2.36,0.12
ISIC,4,999,279,2.736842105263158,0.0
ISIC,5,999,279,3.3333333333333335,0.0
ISIC,2,999,280,1.7894736842105263,0.21052631578947367
ISIC,3,999,280,2.6,0.0
ISIC,4,999,280,3.0,0.0
ISIC,5,999,280,3.533333333333333,0.0
ISIC,2,999,281,1.763157894736842,0.23684210526315788
ISIC,3,999,281,2.56,0.0
ISIC,4,999,281,2.8421052631578947,0.0
ISIC,5,999,281,3.2,0.0
ISIC,2,999,282,1.763157894736842,0.23684210526315788
ISIC,3,999,282,2.6,0.0
ISIC,4,999,282,3.1052631578947367,0.0
ISIC,5,999,282,3.3333333333333335,0.0
ISIC,2,999,283,1.763157894736842,0.23684210526315788
ISIC,3,999,283,2.52,0.04
ISIC,4,999,283,3.0526315789473686,0.0
ISIC,5,999,283,3.533333333333333,0.0
ISIC,2,999,284,1.7105263157894737,0.2894736842105263
ISIC,3,999,284,2.36,0.12
ISIC,4,999,284,2.8421052631578947,0.0
ISIC,5,999,284,3.4,0.0
ISIC,2,999,285,1.8157894736842106,0.18421052631578946
ISIC,3,999,285,2.44,0.04
ISIC,4,999,285,2.789473684210526,0.0
ISIC,5,999,285,3.4,0.0
ISIC,2,999,286,1.8157894736842106,0.18421052631578946
ISIC,3,999,286,2.36,0.0
ISIC,4,999,286,2.9473684210526314,0.0
ISIC,5,999,286,3.4,0.0
ISIC,2,999,287,1.763157894736842,0.23684210526315788
ISIC,3,999,287,2.48,0.04
ISIC,4,999,287,2.789473684210526,0.05263157894736842
ISIC,5,999,287,3.3333333333333335,0.0
ISIC,2,999,288,1.8421052631578947,0.15789473684210525
ISIC,3,999,288,2.56,0.0
ISIC,4,999,288,2.9473684210526314,0.0
ISIC,5,999,288,3.6,0.0
ISIC,2,999,289,1.736842105263158,0.2631578947368421
ISIC,3,999,289,2.32,0.0
ISIC,4,999,289,3.0526315789473686,0.0
ISIC,5,999,289,3.2,0.0
ISIC,2,999,290,1.6842105263157894,0.3157894736842105
ISIC,3,999,290,2.32,0.08
ISIC,4,999,290,2.5789473684210527,0.0
ISIC,5,999,290,3.2666666666666666,0.0
ISIC,2,999,291,1.8157894736842106,0.18421052631578946
ISIC,3,999,291,2.56,0.0
ISIC,4,999,291,3.263157894736842,0.0
ISIC,5,999,291,3.6,0.0
ISIC,2,999,292,1.7894736842105263,0.21052631578947367
ISIC,3,999,292,2.56,0.04
ISIC,4,999,292,3.1052631578947367,0.0
ISIC,5,999,292,3.1333333333333333,0.0
ISIC,2,999,293,1.868421052631579,0.13157894736842105
ISIC,3,999,293,2.32,0.04
ISIC,4,999,293,2.9473684210526314,0.0
ISIC,5,999,293,3.3333333333333335,0.0
ISIC,2,999,294,1.8157894736842106,0.18421052631578946
ISIC,3,999,294,2.56,0.04
ISIC,4,999,294,3.0,0.0
ISIC,5,999,294,3.533333333333333,0.0
ISIC,2,999,295,1.8157894736842106,0.18421052631578946
ISIC,3,999,295,2.36,0.0
ISIC,4,999,295,3.0526315789473686,0.0
ISIC,5,999,295,3.7333333333333334,0.0
ISIC,2,999,296,1.763157894736842,0.23684210526315788
ISIC,3,999,296,2.48,0.0
ISIC,4,999,296,2.6315789473684212,0.0
ISIC,5,999,296,3.2,0.0
ISIC,2,999,297,1.7894736842105263,0.21052631578947367
ISIC,3,999,297,2.4,0.04
ISIC,4,999,297,2.8947368421052633,0.0
ISIC,5,999,297,3.2666666666666666,0.0
ISIC,2,999,298,1.7894736842105263,0.21052631578947367
ISIC,3,999,298,2.56,0.04
ISIC,4,999,298,2.8421052631578947,0.0
ISIC,5,999,298,3.2,0.0
ISIC,2,999,299,1.8421052631578947,0.15789473684210525
ISIC,3,999,299,2.52,0.04
ISIC,4,999,299,3.1578947368421053,0.0
ISIC,5,999,299,3.2666666666666666,0.0
