dataset,model,training_seed,eval_seed,episode_in_seed,episode,accuracy
CUB,ProtoNet,fixed,42,0,0,96.00000381469727
CUB,WIPT,0.0,42,0,0,96.00000381469727
CUB,Support-only Transformer,0.0,42,0,0,96.00000381469727
CUB,ProtoNet,fixed,42,1,1,96.00000381469727
CUB,WIPT,0.0,42,1,1,94.66667175292969
CUB,Support-only Transformer,0.0,42,1,1,96.00000381469727
CUB,ProtoNet,fixed,42,2,2,82.66667127609253
CUB,WIPT,0.0,42,2,2,82.66667127609253
CUB,Support-only Transformer,0.0,42,2,2,82.66667127609253
CUB,ProtoNet,fixed,42,3,3,92.00000166893005
CUB,WIPT,0.0,42,3,3,94.66667175292969
CUB,Support-only Transformer,0.0,42,3,3,92.00000166893005
CUB,ProtoNet,fixed,42,4,4,100.0
CUB,WIPT,0.0,42,4,4,100.0
CUB,Support-only Transformer,0.0,42,4,4,100.0
CUB,ProtoNet,fixed,42,5,5,78.66666913032532
CUB,WIPT,0.0,42,5,5,78.66666913032532
CUB,Support-only Transformer,0.0,42,5,5,78.66666913032532
CUB,ProtoNet,fixed,42,6,6,97.33333587646484
CUB,WIPT,0.0,42,6,6,98.66666793823242
CUB,Support-only Transformer,0.0,42,6,6,97.33333587646484
CUB,ProtoNet,fixed,42,7,7,92.00000166893005
CUB,WIPT,0.0,42,7,7,92.00000166893005
CUB,Support-only Transformer,0.0,42,7,7,92.00000166893005
CUB,ProtoNet,fixed,42,8,8,77.33333706855774
CUB,WIPT,0.0,42,8,8,75.99999904632568
CUB,Support-only Transformer,0.0,42,8,8,81.33333325386047
CUB,ProtoNet,fixed,42,9,9,98.66666793823242
CUB,WIPT,0.0,42,9,9,100.0
CUB,Support-only Transformer,0.0,42,9,9,100.0
CUB,ProtoNet,fixed,42,10,10,98.66666793823242
CUB,WIPT,0.0,42,10,10,98.66666793823242
CUB,Support-only Transformer,0.0,42,10,10,98.66666793823242
CUB,ProtoNet,fixed,42,11,11,80.0000011920929
CUB,WIPT,0.0,42,11,11,77.33333706855774
CUB,Support-only Transformer,0.0,42,11,11,80.0000011920929
CUB,ProtoNet,fixed,42,12,12,97.33333587646484
CUB,WIPT,0.0,42,12,12,96.00000381469727
CUB,Support-only Transformer,0.0,42,12,12,96.00000381469727
CUB,ProtoNet,fixed,42,13,13,96.00000381469727
CUB,WIPT,0.0,42,13,13,96.00000381469727
CUB,Support-only Transformer,0.0,42,13,13,94.66667175292969
CUB,ProtoNet,fixed,42,14,14,100.0
CUB,WIPT,0.0,42,14,14,100.0
CUB,Support-only Transformer,0.0,42,14,14,100.0
CUB,ProtoNet,fixed,42,15,15,100.0
CUB,WIPT,0.0,42,15,15,98.66666793823242
CUB,Support-only Transformer,0.0,42,15,15,98.66666793823242
CUB,ProtoNet,fixed,42,16,16,97.33333587646484
CUB,WIPT,0.0,42,16,16,98.66666793823242
CUB,Support-only Transformer,0.0,42,16,16,100.0
CUB,ProtoNet,fixed,42,17,17,80.0000011920929
CUB,WIPT,0.0,42,17,17,80.0000011920929
CUB,Support-only Transformer,0.0,42,17,17,80.0000011920929
CUB,ProtoNet,fixed,42,18,18,100.0
CUB,WIPT,0.0,42,18,18,100.0
CUB,Support-only Transformer,0.0,42,18,18,97.33333587646484
CUB,ProtoNet,fixed,42,19,19,98.66666793823242
CUB,WIPT,0.0,42,19,19,98.66666793823242
CUB,Support-only Transformer,0.0,42,19,19,98.66666793823242
CUB,ProtoNet,fixed,42,20,20,97.33333587646484
CUB,WIPT,0.0,42,20,20,97.33333587646484
CUB,Support-only Transformer,0.0,42,20,20,96.00000381469727
CUB,ProtoNet,fixed,42,21,21,100.0
CUB,WIPT,0.0,42,21,21,100.0
CUB,Support-only Transformer,0.0,42,21,21,98.66666793823242
CUB,ProtoNet,fixed,42,22,22,100.0
CUB,WIPT,0.0,42,22,22,100.0
CUB,Support-only Transformer,0.0,42,22,22,100.0
CUB,ProtoNet,fixed,42,23,23,89.3333375453949
CUB,WIPT,0.0,42,23,23,89.3333375453949
CUB,Support-only Transformer,0.0,42,23,23,93.33333373069763
CUB,ProtoNet,fixed,42,24,24,94.66667175292969
CUB,WIPT,0.0,42,24,24,94.66667175292969
CUB,Support-only Transformer,0.0,42,24,24,94.66667175292969
CUB,ProtoNet,fixed,42,25,25,93.33333373069763
CUB,WIPT,0.0,42,25,25,98.66666793823242
CUB,Support-only Transformer,0.0,42,25,25,94.66667175292969
CUB,ProtoNet,fixed,42,26,26,98.66666793823242
CUB,WIPT,0.0,42,26,26,98.66666793823242
CUB,Support-only Transformer,0.0,42,26,26,97.33333587646484
CUB,ProtoNet,fixed,42,27,27,87.99999952316284
CUB,WIPT,0.0,42,27,27,87.99999952316284
CUB,Support-only Transformer,0.0,42,27,27,87.99999952316284
CUB,ProtoNet,fixed,42,28,28,100.0
CUB,WIPT,0.0,42,28,28,100.0
CUB,Support-only Transformer,0.0,42,28,28,100.0
CUB,ProtoNet,fixed,42,29,29,94.66667175292969
CUB,WIPT,0.0,42,29,29,96.00000381469727
CUB,Support-only Transformer,0.0,42,29,29,96.00000381469727
CUB,ProtoNet,fixed,42,30,30,98.66666793823242
CUB,WIPT,0.0,42,30,30,98.66666793823242
CUB,Support-only Transformer,0.0,42,30,30,98.66666793823242
CUB,ProtoNet,fixed,42,31,31,98.66666793823242
CUB,WIPT,0.0,42,31,31,100.0
CUB,Support-only Transformer,0.0,42,31,31,96.00000381469727
CUB,ProtoNet,fixed,42,32,32,87.99999952316284
CUB,WIPT,0.0,42,32,32,90.66666960716248
CUB,Support-only Transformer,0.0,42,32,32,90.66666960716248
CUB,ProtoNet,fixed,42,33,33,97.33333587646484
CUB,WIPT,0.0,42,33,33,97.33333587646484
CUB,Support-only Transformer,0.0,42,33,33,97.33333587646484
CUB,ProtoNet,fixed,42,34,34,73.33333492279053
CUB,WIPT,0.0,42,34,34,72.00000286102295
CUB,Support-only Transformer,0.0,42,34,34,72.00000286102295
CUB,ProtoNet,fixed,42,35,35,94.66667175292969
CUB,WIPT,0.0,42,35,35,94.66667175292969
CUB,Support-only Transformer,0.0,42,35,35,93.33333373069763
CUB,ProtoNet,fixed,42,36,36,97.33333587646484
CUB,WIPT,0.0,42,36,36,98.66666793823242
CUB,Support-only Transformer,0.0,42,36,36,98.66666793823242
CUB,ProtoNet,fixed,42,37,37,85.33333539962769
CUB,WIPT,0.0,42,37,37,81.33333325386047
CUB,Support-only Transformer,0.0,42,37,37,80.0000011920929
CUB,ProtoNet,fixed,42,38,38,94.66667175292969
CUB,WIPT,0.0,42,38,38,97.33333587646484
CUB,Support-only Transformer,0.0,42,38,38,96.00000381469727
CUB,ProtoNet,fixed,42,39,39,92.00000166893005
CUB,WIPT,0.0,42,39,39,90.66666960716248
CUB,Support-only Transformer,0.0,42,39,39,86.66666746139526
CUB,ProtoNet,fixed,42,40,40,86.66666746139526
CUB,WIPT,0.0,42,40,40,87.99999952316284
CUB,Support-only Transformer,0.0,42,40,40,89.3333375453949
CUB,ProtoNet,fixed,42,41,41,81.33333325386047
CUB,WIPT,0.0,42,41,41,81.33333325386047
CUB,Support-only Transformer,0.0,42,41,41,80.0000011920929
CUB,ProtoNet,fixed,42,42,42,85.33333539962769
CUB,WIPT,0.0,42,42,42,84.00000333786011
CUB,Support-only Transformer,0.0,42,42,42,81.33333325386047
CUB,ProtoNet,fixed,42,43,43,97.33333587646484
CUB,WIPT,0.0,42,43,43,97.33333587646484
CUB,Support-only Transformer,0.0,42,43,43,97.33333587646484
CUB,ProtoNet,fixed,42,44,44,93.33333373069763
CUB,WIPT,0.0,42,44,44,96.00000381469727
CUB,Support-only Transformer,0.0,42,44,44,93.33333373069763
CUB,ProtoNet,fixed,42,45,45,97.33333587646484
CUB,WIPT,0.0,42,45,45,100.0
CUB,Support-only Transformer,0.0,42,45,45,98.66666793823242
CUB,ProtoNet,fixed,42,46,46,82.66667127609253
CUB,WIPT,0.0,42,46,46,80.0000011920929
CUB,Support-only Transformer,0.0,42,46,46,82.66667127609253
CUB,ProtoNet,fixed,42,47,47,97.33333587646484
CUB,WIPT,0.0,42,47,47,97.33333587646484
CUB,Support-only Transformer,0.0,42,47,47,96.00000381469727
CUB,ProtoNet,fixed,42,48,48,81.33333325386047
CUB,WIPT,0.0,42,48,48,81.33333325386047
CUB,Support-only Transformer,0.0,42,48,48,77.33333706855774
CUB,ProtoNet,fixed,42,49,49,100.0
CUB,WIPT,0.0,42,49,49,100.0
CUB,Support-only Transformer,0.0,42,49,49,100.0
CUB,ProtoNet,fixed,42,50,50,80.0000011920929
CUB,WIPT,0.0,42,50,50,80.0000011920929
CUB,Support-only Transformer,0.0,42,50,50,80.0000011920929
CUB,ProtoNet,fixed,42,51,51,96.00000381469727
CUB,WIPT,0.0,42,51,51,96.00000381469727
CUB,Support-only Transformer,0.0,42,51,51,94.66667175292969
CUB,ProtoNet,fixed,42,52,52,100.0
CUB,WIPT,0.0,42,52,52,100.0
CUB,Support-only Transformer,0.0,42,52,52,98.66666793823242
CUB,ProtoNet,fixed,42,53,53,89.3333375453949
CUB,WIPT,0.0,42,53,53,86.66666746139526
CUB,Support-only Transformer,0.0,42,53,53,86.66666746139526
CUB,ProtoNet,fixed,42,54,54,90.66666960716248
CUB,WIPT,0.0,42,54,54,89.3333375453949
CUB,Support-only Transformer,0.0,42,54,54,97.33333587646484
CUB,ProtoNet,fixed,42,55,55,97.33333587646484
CUB,WIPT,0.0,42,55,55,96.00000381469727
CUB,Support-only Transformer,0.0,42,55,55,96.00000381469727
CUB,ProtoNet,fixed,42,56,56,86.66666746139526
CUB,WIPT,0.0,42,56,56,87.99999952316284
CUB,Support-only Transformer,0.0,42,56,56,86.66666746139526
CUB,ProtoNet,fixed,42,57,57,98.66666793823242
CUB,WIPT,0.0,42,57,57,98.66666793823242
CUB,Support-only Transformer,0.0,42,57,57,97.33333587646484
CUB,ProtoNet,fixed,42,58,58,94.66667175292969
CUB,WIPT,0.0,42,58,58,93.33333373069763
CUB,Support-only Transformer,0.0,42,58,58,97.33333587646484
CUB,ProtoNet,fixed,42,59,59,100.0
CUB,WIPT,0.0,42,59,59,100.0
CUB,Support-only Transformer,0.0,42,59,59,98.66666793823242
CUB,ProtoNet,fixed,42,60,60,85.33333539962769
CUB,WIPT,0.0,42,60,60,85.33333539962769
CUB,Support-only Transformer,0.0,42,60,60,85.33333539962769
CUB,ProtoNet,fixed,42,61,61,82.66667127609253
CUB,WIPT,0.0,42,61,61,80.0000011920929
CUB,Support-only Transformer,0.0,42,61,61,81.33333325386047
CUB,ProtoNet,fixed,42,62,62,98.66666793823242
CUB,WIPT,0.0,42,62,62,98.66666793823242
CUB,Support-only Transformer,0.0,42,62,62,98.66666793823242
CUB,ProtoNet,fixed,42,63,63,97.33333587646484
CUB,WIPT,0.0,42,63,63,94.66667175292969
CUB,Support-only Transformer,0.0,42,63,63,93.33333373069763
CUB,ProtoNet,fixed,42,64,64,90.66666960716248
CUB,WIPT,0.0,42,64,64,92.00000166893005
CUB,Support-only Transformer,0.0,42,64,64,90.66666960716248
CUB,ProtoNet,fixed,42,65,65,97.33333587646484
CUB,WIPT,0.0,42,65,65,97.33333587646484
CUB,Support-only Transformer,0.0,42,65,65,97.33333587646484
CUB,ProtoNet,fixed,42,66,66,97.33333587646484
CUB,WIPT,0.0,42,66,66,94.66667175292969
CUB,Support-only Transformer,0.0,42,66,66,96.00000381469727
CUB,ProtoNet,fixed,42,67,67,96.00000381469727
CUB,WIPT,0.0,42,67,67,98.66666793823242
CUB,Support-only Transformer,0.0,42,67,67,96.00000381469727
CUB,ProtoNet,fixed,42,68,68,96.00000381469727
CUB,WIPT,0.0,42,68,68,97.33333587646484
CUB,Support-only Transformer,0.0,42,68,68,97.33333587646484
CUB,ProtoNet,fixed,42,69,69,93.33333373069763
CUB,WIPT,0.0,42,69,69,94.66667175292969
CUB,Support-only Transformer,0.0,42,69,69,89.3333375453949
CUB,ProtoNet,fixed,42,70,70,100.0
CUB,WIPT,0.0,42,70,70,98.66666793823242
CUB,Support-only Transformer,0.0,42,70,70,98.66666793823242
CUB,ProtoNet,fixed,42,71,71,100.0
CUB,WIPT,0.0,42,71,71,100.0
CUB,Support-only Transformer,0.0,42,71,71,98.66666793823242
CUB,ProtoNet,fixed,42,72,72,100.0
CUB,WIPT,0.0,42,72,72,100.0
CUB,Support-only Transformer,0.0,42,72,72,98.66666793823242
CUB,ProtoNet,fixed,42,73,73,78.66666913032532
CUB,WIPT,0.0,42,73,73,80.0000011920929
CUB,Support-only Transformer,0.0,42,73,73,78.66666913032532
CUB,ProtoNet,fixed,42,74,74,78.66666913032532
CUB,WIPT,0.0,42,74,74,77.33333706855774
CUB,Support-only Transformer,0.0,42,74,74,77.33333706855774
CUB,ProtoNet,fixed,42,75,75,94.66667175292969
CUB,WIPT,0.0,42,75,75,97.33333587646484
CUB,Support-only Transformer,0.0,42,75,75,98.66666793823242
CUB,ProtoNet,fixed,42,76,76,97.33333587646484
CUB,WIPT,0.0,42,76,76,98.66666793823242
CUB,Support-only Transformer,0.0,42,76,76,98.66666793823242
CUB,ProtoNet,fixed,42,77,77,97.33333587646484
CUB,WIPT,0.0,42,77,77,96.00000381469727
CUB,Support-only Transformer,0.0,42,77,77,93.33333373069763
CUB,ProtoNet,fixed,42,78,78,94.66667175292969
CUB,WIPT,0.0,42,78,78,94.66667175292969
CUB,Support-only Transformer,0.0,42,78,78,94.66667175292969
CUB,ProtoNet,fixed,42,79,79,85.33333539962769
CUB,WIPT,0.0,42,79,79,87.99999952316284
CUB,Support-only Transformer,0.0,42,79,79,87.99999952316284
CUB,ProtoNet,fixed,42,80,80,96.00000381469727
CUB,WIPT,0.0,42,80,80,98.66666793823242
CUB,Support-only Transformer,0.0,42,80,80,100.0
CUB,ProtoNet,fixed,42,81,81,97.33333587646484
CUB,WIPT,0.0,42,81,81,98.66666793823242
CUB,Support-only Transformer,0.0,42,81,81,98.66666793823242
CUB,ProtoNet,fixed,42,82,82,94.66667175292969
CUB,WIPT,0.0,42,82,82,96.00000381469727
CUB,Support-only Transformer,0.0,42,82,82,93.33333373069763
CUB,ProtoNet,fixed,42,83,83,100.0
CUB,WIPT,0.0,42,83,83,97.33333587646484
CUB,Support-only Transformer,0.0,42,83,83,97.33333587646484
CUB,ProtoNet,fixed,42,84,84,94.66667175292969
CUB,WIPT,0.0,42,84,84,96.00000381469727
CUB,Support-only Transformer,0.0,42,84,84,97.33333587646484
CUB,ProtoNet,fixed,42,85,85,100.0
CUB,WIPT,0.0,42,85,85,98.66666793823242
CUB,Support-only Transformer,0.0,42,85,85,100.0
CUB,ProtoNet,fixed,42,86,86,73.33333492279053
CUB,WIPT,0.0,42,86,86,77.33333706855774
CUB,Support-only Transformer,0.0,42,86,86,93.33333373069763
CUB,ProtoNet,fixed,42,87,87,100.0
CUB,WIPT,0.0,42,87,87,100.0
CUB,Support-only Transformer,0.0,42,87,87,100.0
CUB,ProtoNet,fixed,42,88,88,98.66666793823242
CUB,WIPT,0.0,42,88,88,98.66666793823242
CUB,Support-only Transformer,0.0,42,88,88,98.66666793823242
CUB,ProtoNet,fixed,42,89,89,89.3333375453949
CUB,WIPT,0.0,42,89,89,97.33333587646484
CUB,Support-only Transformer,0.0,42,89,89,94.66667175292969
CUB,ProtoNet,fixed,42,90,90,100.0
CUB,WIPT,0.0,42,90,90,100.0
CUB,Support-only Transformer,0.0,42,90,90,100.0
CUB,ProtoNet,fixed,42,91,91,100.0
CUB,WIPT,0.0,42,91,91,100.0
CUB,Support-only Transformer,0.0,42,91,91,98.66666793823242
CUB,ProtoNet,fixed,42,92,92,100.0
CUB,WIPT,0.0,42,92,92,100.0
CUB,Support-only Transformer,0.0,42,92,92,100.0
CUB,ProtoNet,fixed,42,93,93,98.66666793823242
CUB,WIPT,0.0,42,93,93,98.66666793823242
CUB,Support-only Transformer,0.0,42,93,93,96.00000381469727
CUB,ProtoNet,fixed,42,94,94,97.33333587646484
CUB,WIPT,0.0,42,94,94,97.33333587646484
CUB,Support-only Transformer,0.0,42,94,94,100.0
CUB,ProtoNet,fixed,42,95,95,98.66666793823242
CUB,WIPT,0.0,42,95,95,97.33333587646484
CUB,Support-only Transformer,0.0,42,95,95,97.33333587646484
CUB,ProtoNet,fixed,42,96,96,98.66666793823242
CUB,WIPT,0.0,42,96,96,98.66666793823242
CUB,Support-only Transformer,0.0,42,96,96,100.0
CUB,ProtoNet,fixed,42,97,97,100.0
CUB,WIPT,0.0,42,97,97,98.66666793823242
CUB,Support-only Transformer,0.0,42,97,97,98.66666793823242
CUB,ProtoNet,fixed,42,98,98,94.66667175292969
CUB,WIPT,0.0,42,98,98,94.66667175292969
CUB,Support-only Transformer,0.0,42,98,98,97.33333587646484
CUB,ProtoNet,fixed,42,99,99,93.33333373069763
CUB,WIPT,0.0,42,99,99,93.33333373069763
CUB,Support-only Transformer,0.0,42,99,99,93.33333373069763
CUB,ProtoNet,fixed,42,100,100,96.00000381469727
CUB,WIPT,0.0,42,100,100,94.66667175292969
CUB,Support-only Transformer,0.0,42,100,100,96.00000381469727
CUB,ProtoNet,fixed,42,101,101,93.33333373069763
CUB,WIPT,0.0,42,101,101,94.66667175292969
CUB,Support-only Transformer,0.0,42,101,101,90.66666960716248
CUB,ProtoNet,fixed,42,102,102,96.00000381469727
CUB,WIPT,0.0,42,102,102,96.00000381469727
CUB,Support-only Transformer,0.0,42,102,102,96.00000381469727
CUB,ProtoNet,fixed,42,103,103,78.66666913032532
CUB,WIPT,0.0,42,103,103,85.33333539962769
CUB,Support-only Transformer,0.0,42,103,103,89.3333375453949
CUB,ProtoNet,fixed,42,104,104,98.66666793823242
CUB,WIPT,0.0,42,104,104,98.66666793823242
CUB,Support-only Transformer,0.0,42,104,104,98.66666793823242
CUB,ProtoNet,fixed,42,105,105,90.66666960716248
CUB,WIPT,0.0,42,105,105,87.99999952316284
CUB,Support-only Transformer,0.0,42,105,105,87.99999952316284
CUB,ProtoNet,fixed,42,106,106,80.0000011920929
CUB,WIPT,0.0,42,106,106,81.33333325386047
CUB,Support-only Transformer,0.0,42,106,106,81.33333325386047
CUB,ProtoNet,fixed,42,107,107,97.33333587646484
CUB,WIPT,0.0,42,107,107,98.66666793823242
CUB,Support-only Transformer,0.0,42,107,107,98.66666793823242
CUB,ProtoNet,fixed,42,108,108,82.66667127609253
CUB,WIPT,0.0,42,108,108,84.00000333786011
CUB,Support-only Transformer,0.0,42,108,108,87.99999952316284
CUB,ProtoNet,fixed,42,109,109,96.00000381469727
CUB,WIPT,0.0,42,109,109,97.33333587646484
CUB,Support-only Transformer,0.0,42,109,109,97.33333587646484
CUB,ProtoNet,fixed,42,110,110,89.3333375453949
CUB,WIPT,0.0,42,110,110,96.00000381469727
CUB,Support-only Transformer,0.0,42,110,110,97.33333587646484
CUB,ProtoNet,fixed,42,111,111,96.00000381469727
CUB,WIPT,0.0,42,111,111,93.33333373069763
CUB,Support-only Transformer,0.0,42,111,111,94.66667175292969
CUB,ProtoNet,fixed,42,112,112,92.00000166893005
CUB,WIPT,0.0,42,112,112,94.66667175292969
CUB,Support-only Transformer,0.0,42,112,112,96.00000381469727
CUB,ProtoNet,fixed,42,113,113,85.33333539962769
CUB,WIPT,0.0,42,113,113,84.00000333786011
CUB,Support-only Transformer,0.0,42,113,113,85.33333539962769
CUB,ProtoNet,fixed,42,114,114,84.00000333786011
CUB,WIPT,0.0,42,114,114,84.00000333786011
CUB,Support-only Transformer,0.0,42,114,114,89.3333375453949
CUB,ProtoNet,fixed,42,115,115,98.66666793823242
CUB,WIPT,0.0,42,115,115,98.66666793823242
CUB,Support-only Transformer,0.0,42,115,115,98.66666793823242
CUB,ProtoNet,fixed,42,116,116,94.66667175292969
CUB,WIPT,0.0,42,116,116,93.33333373069763
CUB,Support-only Transformer,0.0,42,116,116,93.33333373069763
CUB,ProtoNet,fixed,42,117,117,97.33333587646484
CUB,WIPT,0.0,42,117,117,96.00000381469727
CUB,Support-only Transformer,0.0,42,117,117,96.00000381469727
CUB,ProtoNet,fixed,42,118,118,92.00000166893005
CUB,WIPT,0.0,42,118,118,93.33333373069763
CUB,Support-only Transformer,0.0,42,118,118,92.00000166893005
CUB,ProtoNet,fixed,42,119,119,100.0
CUB,WIPT,0.0,42,119,119,100.0
CUB,Support-only Transformer,0.0,42,119,119,98.66666793823242
CUB,ProtoNet,fixed,42,120,120,97.33333587646484
CUB,WIPT,0.0,42,120,120,97.33333587646484
CUB,Support-only Transformer,0.0,42,120,120,98.66666793823242
CUB,ProtoNet,fixed,42,121,121,94.66667175292969
CUB,WIPT,0.0,42,121,121,96.00000381469727
CUB,Support-only Transformer,0.0,42,121,121,94.66667175292969
CUB,ProtoNet,fixed,42,122,122,90.66666960716248
CUB,WIPT,0.0,42,122,122,92.00000166893005
CUB,Support-only Transformer,0.0,42,122,122,93.33333373069763
CUB,ProtoNet,fixed,42,123,123,98.66666793823242
CUB,WIPT,0.0,42,123,123,98.66666793823242
CUB,Support-only Transformer,0.0,42,123,123,98.66666793823242
CUB,ProtoNet,fixed,42,124,124,97.33333587646484
CUB,WIPT,0.0,42,124,124,98.66666793823242
CUB,Support-only Transformer,0.0,42,124,124,96.00000381469727
CUB,ProtoNet,fixed,42,125,125,97.33333587646484
CUB,WIPT,0.0,42,125,125,97.33333587646484
CUB,Support-only Transformer,0.0,42,125,125,97.33333587646484
CUB,ProtoNet,fixed,42,126,126,100.0
CUB,WIPT,0.0,42,126,126,100.0
CUB,Support-only Transformer,0.0,42,126,126,100.0
CUB,ProtoNet,fixed,42,127,127,93.33333373069763
CUB,WIPT,0.0,42,127,127,94.66667175292969
CUB,Support-only Transformer,0.0,42,127,127,94.66667175292969
CUB,ProtoNet,fixed,42,128,128,100.0
CUB,WIPT,0.0,42,128,128,100.0
CUB,Support-only Transformer,0.0,42,128,128,100.0
CUB,ProtoNet,fixed,42,129,129,93.33333373069763
CUB,WIPT,0.0,42,129,129,94.66667175292969
CUB,Support-only Transformer,0.0,42,129,129,97.33333587646484
CUB,ProtoNet,fixed,42,130,130,90.66666960716248
CUB,WIPT,0.0,42,130,130,90.66666960716248
CUB,Support-only Transformer,0.0,42,130,130,90.66666960716248
CUB,ProtoNet,fixed,42,131,131,96.00000381469727
CUB,WIPT,0.0,42,131,131,94.66667175292969
CUB,Support-only Transformer,0.0,42,131,131,94.66667175292969
CUB,ProtoNet,fixed,42,132,132,86.66666746139526
CUB,WIPT,0.0,42,132,132,86.66666746139526
CUB,Support-only Transformer,0.0,42,132,132,87.99999952316284
CUB,ProtoNet,fixed,42,133,133,100.0
CUB,WIPT,0.0,42,133,133,100.0
CUB,Support-only Transformer,0.0,42,133,133,100.0
CUB,ProtoNet,fixed,42,134,134,93.33333373069763
CUB,WIPT,0.0,42,134,134,94.66667175292969
CUB,Support-only Transformer,0.0,42,134,134,94.66667175292969
CUB,ProtoNet,fixed,42,135,135,97.33333587646484
CUB,WIPT,0.0,42,135,135,96.00000381469727
CUB,Support-only Transformer,0.0,42,135,135,96.00000381469727
CUB,ProtoNet,fixed,42,136,136,97.33333587646484
CUB,WIPT,0.0,42,136,136,97.33333587646484
CUB,Support-only Transformer,0.0,42,136,136,97.33333587646484
CUB,ProtoNet,fixed,42,137,137,92.00000166893005
CUB,WIPT,0.0,42,137,137,81.33333325386047
CUB,Support-only Transformer,0.0,42,137,137,89.3333375453949
CUB,ProtoNet,fixed,42,138,138,97.33333587646484
CUB,WIPT,0.0,42,138,138,96.00000381469727
CUB,Support-only Transformer,0.0,42,138,138,97.33333587646484
CUB,ProtoNet,fixed,42,139,139,97.33333587646484
CUB,WIPT,0.0,42,139,139,96.00000381469727
CUB,Support-only Transformer,0.0,42,139,139,97.33333587646484
CUB,ProtoNet,fixed,42,140,140,82.66667127609253
CUB,WIPT,0.0,42,140,140,84.00000333786011
CUB,Support-only Transformer,0.0,42,140,140,81.33333325386047
CUB,ProtoNet,fixed,42,141,141,90.66666960716248
CUB,WIPT,0.0,42,141,141,90.66666960716248
CUB,Support-only Transformer,0.0,42,141,141,92.00000166893005
CUB,ProtoNet,fixed,42,142,142,84.00000333786011
CUB,WIPT,0.0,42,142,142,86.66666746139526
CUB,Support-only Transformer,0.0,42,142,142,87.99999952316284
CUB,ProtoNet,fixed,42,143,143,94.66667175292969
CUB,WIPT,0.0,42,143,143,94.66667175292969
CUB,Support-only Transformer,0.0,42,143,143,96.00000381469727
CUB,ProtoNet,fixed,42,144,144,93.33333373069763
CUB,WIPT,0.0,42,144,144,90.66666960716248
CUB,Support-only Transformer,0.0,42,144,144,92.00000166893005
CUB,ProtoNet,fixed,42,145,145,92.00000166893005
CUB,WIPT,0.0,42,145,145,89.3333375453949
CUB,Support-only Transformer,0.0,42,145,145,93.33333373069763
CUB,ProtoNet,fixed,42,146,146,92.00000166893005
CUB,WIPT,0.0,42,146,146,92.00000166893005
CUB,Support-only Transformer,0.0,42,146,146,94.66667175292969
CUB,ProtoNet,fixed,42,147,147,98.66666793823242
CUB,WIPT,0.0,42,147,147,98.66666793823242
CUB,Support-only Transformer,0.0,42,147,147,98.66666793823242
CUB,ProtoNet,fixed,42,148,148,100.0
CUB,WIPT,0.0,42,148,148,98.66666793823242
CUB,Support-only Transformer,0.0,42,148,148,98.66666793823242
CUB,ProtoNet,fixed,42,149,149,86.66666746139526
CUB,WIPT,0.0,42,149,149,90.66666960716248
CUB,Support-only Transformer,0.0,42,149,149,92.00000166893005
CUB,ProtoNet,fixed,42,150,150,85.33333539962769
CUB,WIPT,0.0,42,150,150,86.66666746139526
CUB,Support-only Transformer,0.0,42,150,150,84.00000333786011
CUB,ProtoNet,fixed,42,151,151,100.0
CUB,WIPT,0.0,42,151,151,100.0
CUB,Support-only Transformer,0.0,42,151,151,100.0
CUB,ProtoNet,fixed,42,152,152,98.66666793823242
CUB,WIPT,0.0,42,152,152,97.33333587646484
CUB,Support-only Transformer,0.0,42,152,152,96.00000381469727
CUB,ProtoNet,fixed,42,153,153,97.33333587646484
CUB,WIPT,0.0,42,153,153,97.33333587646484
CUB,Support-only Transformer,0.0,42,153,153,94.66667175292969
CUB,ProtoNet,fixed,42,154,154,98.66666793823242
CUB,WIPT,0.0,42,154,154,98.66666793823242
CUB,Support-only Transformer,0.0,42,154,154,96.00000381469727
CUB,ProtoNet,fixed,42,155,155,92.00000166893005
CUB,WIPT,0.0,42,155,155,92.00000166893005
CUB,Support-only Transformer,0.0,42,155,155,93.33333373069763
CUB,ProtoNet,fixed,42,156,156,85.33333539962769
CUB,WIPT,0.0,42,156,156,80.0000011920929
CUB,Support-only Transformer,0.0,42,156,156,84.00000333786011
CUB,ProtoNet,fixed,42,157,157,96.00000381469727
CUB,WIPT,0.0,42,157,157,96.00000381469727
CUB,Support-only Transformer,0.0,42,157,157,97.33333587646484
CUB,ProtoNet,fixed,42,158,158,77.33333706855774
CUB,WIPT,0.0,42,158,158,75.99999904632568
CUB,Support-only Transformer,0.0,42,158,158,84.00000333786011
CUB,ProtoNet,fixed,42,159,159,97.33333587646484
CUB,WIPT,0.0,42,159,159,97.33333587646484
CUB,Support-only Transformer,0.0,42,159,159,96.00000381469727
CUB,ProtoNet,fixed,42,160,160,97.33333587646484
CUB,WIPT,0.0,42,160,160,96.00000381469727
CUB,Support-only Transformer,0.0,42,160,160,97.33333587646484
CUB,ProtoNet,fixed,42,161,161,100.0
CUB,WIPT,0.0,42,161,161,100.0
CUB,Support-only Transformer,0.0,42,161,161,100.0
CUB,ProtoNet,fixed,42,162,162,100.0
CUB,WIPT,0.0,42,162,162,100.0
CUB,Support-only Transformer,0.0,42,162,162,100.0
CUB,ProtoNet,fixed,42,163,163,98.66666793823242
CUB,WIPT,0.0,42,163,163,98.66666793823242
CUB,Support-only Transformer,0.0,42,163,163,96.00000381469727
CUB,ProtoNet,fixed,42,164,164,98.66666793823242
CUB,WIPT,0.0,42,164,164,98.66666793823242
CUB,Support-only Transformer,0.0,42,164,164,97.33333587646484
CUB,ProtoNet,fixed,42,165,165,93.33333373069763
CUB,WIPT,0.0,42,165,165,94.66667175292969
CUB,Support-only Transformer,0.0,42,165,165,92.00000166893005
CUB,ProtoNet,fixed,42,166,166,96.00000381469727
CUB,WIPT,0.0,42,166,166,96.00000381469727
CUB,Support-only Transformer,0.0,42,166,166,96.00000381469727
CUB,ProtoNet,fixed,42,167,167,90.66666960716248
CUB,WIPT,0.0,42,167,167,90.66666960716248
CUB,Support-only Transformer,0.0,42,167,167,92.00000166893005
CUB,ProtoNet,fixed,42,168,168,85.33333539962769
CUB,WIPT,0.0,42,168,168,82.66667127609253
CUB,Support-only Transformer,0.0,42,168,168,80.0000011920929
CUB,ProtoNet,fixed,42,169,169,92.00000166893005
CUB,WIPT,0.0,42,169,169,92.00000166893005
CUB,Support-only Transformer,0.0,42,169,169,93.33333373069763
CUB,ProtoNet,fixed,42,170,170,98.66666793823242
CUB,WIPT,0.0,42,170,170,98.66666793823242
CUB,Support-only Transformer,0.0,42,170,170,96.00000381469727
CUB,ProtoNet,fixed,42,171,171,96.00000381469727
CUB,WIPT,0.0,42,171,171,98.66666793823242
CUB,Support-only Transformer,0.0,42,171,171,98.66666793823242
CUB,ProtoNet,fixed,42,172,172,92.00000166893005
CUB,WIPT,0.0,42,172,172,96.00000381469727
CUB,Support-only Transformer,0.0,42,172,172,94.66667175292969
CUB,ProtoNet,fixed,42,173,173,100.0
CUB,WIPT,0.0,42,173,173,100.0
CUB,Support-only Transformer,0.0,42,173,173,100.0
CUB,ProtoNet,fixed,42,174,174,96.00000381469727
CUB,WIPT,0.0,42,174,174,97.33333587646484
CUB,Support-only Transformer,0.0,42,174,174,97.33333587646484
CUB,ProtoNet,fixed,42,175,175,81.33333325386047
CUB,WIPT,0.0,42,175,175,81.33333325386047
CUB,Support-only Transformer,0.0,42,175,175,80.0000011920929
CUB,ProtoNet,fixed,42,176,176,93.33333373069763
CUB,WIPT,0.0,42,176,176,94.66667175292969
CUB,Support-only Transformer,0.0,42,176,176,94.66667175292969
CUB,ProtoNet,fixed,42,177,177,97.33333587646484
CUB,WIPT,0.0,42,177,177,97.33333587646484
CUB,Support-only Transformer,0.0,42,177,177,96.00000381469727
CUB,ProtoNet,fixed,42,178,178,84.00000333786011
CUB,WIPT,0.0,42,178,178,82.66667127609253
CUB,Support-only Transformer,0.0,42,178,178,82.66667127609253
CUB,ProtoNet,fixed,42,179,179,69.33333277702332
CUB,WIPT,0.0,42,179,179,70.66667079925537
CUB,Support-only Transformer,0.0,42,179,179,63.999998569488525
CUB,ProtoNet,fixed,42,180,180,84.00000333786011
CUB,WIPT,0.0,42,180,180,85.33333539962769
CUB,Support-only Transformer,0.0,42,180,180,84.00000333786011
CUB,ProtoNet,fixed,42,181,181,87.99999952316284
CUB,WIPT,0.0,42,181,181,85.33333539962769
CUB,Support-only Transformer,0.0,42,181,181,84.00000333786011
CUB,ProtoNet,fixed,42,182,182,100.0
CUB,WIPT,0.0,42,182,182,100.0
CUB,Support-only Transformer,0.0,42,182,182,100.0
CUB,ProtoNet,fixed,42,183,183,98.66666793823242
CUB,WIPT,0.0,42,183,183,98.66666793823242
CUB,Support-only Transformer,0.0,42,183,183,96.00000381469727
CUB,ProtoNet,fixed,42,184,184,97.33333587646484
CUB,WIPT,0.0,42,184,184,97.33333587646484
CUB,Support-only Transformer,0.0,42,184,184,98.66666793823242
CUB,ProtoNet,fixed,42,185,185,98.66666793823242
CUB,WIPT,0.0,42,185,185,98.66666793823242
CUB,Support-only Transformer,0.0,42,185,185,98.66666793823242
CUB,ProtoNet,fixed,42,186,186,100.0
CUB,WIPT,0.0,42,186,186,100.0
CUB,Support-only Transformer,0.0,42,186,186,100.0
CUB,ProtoNet,fixed,42,187,187,97.33333587646484
CUB,WIPT,0.0,42,187,187,97.33333587646484
CUB,Support-only Transformer,0.0,42,187,187,97.33333587646484
CUB,ProtoNet,fixed,42,188,188,92.00000166893005
CUB,WIPT,0.0,42,188,188,93.33333373069763
CUB,Support-only Transformer,0.0,42,188,188,93.33333373069763
CUB,ProtoNet,fixed,42,189,189,100.0
CUB,WIPT,0.0,42,189,189,100.0
CUB,Support-only Transformer,0.0,42,189,189,100.0
CUB,ProtoNet,fixed,42,190,190,94.66667175292969
CUB,WIPT,0.0,42,190,190,97.33333587646484
CUB,Support-only Transformer,0.0,42,190,190,97.33333587646484
CUB,ProtoNet,fixed,42,191,191,100.0
CUB,WIPT,0.0,42,191,191,100.0
CUB,Support-only Transformer,0.0,42,191,191,97.33333587646484
CUB,ProtoNet,fixed,42,192,192,78.66666913032532
CUB,WIPT,0.0,42,192,192,80.0000011920929
CUB,Support-only Transformer,0.0,42,192,192,78.66666913032532
CUB,ProtoNet,fixed,42,193,193,85.33333539962769
CUB,WIPT,0.0,42,193,193,85.33333539962769
CUB,Support-only Transformer,0.0,42,193,193,85.33333539962769
CUB,ProtoNet,fixed,42,194,194,82.66667127609253
CUB,WIPT,0.0,42,194,194,86.66666746139526
CUB,Support-only Transformer,0.0,42,194,194,84.00000333786011
CUB,ProtoNet,fixed,42,195,195,94.66667175292969
CUB,WIPT,0.0,42,195,195,93.33333373069763
CUB,Support-only Transformer,0.0,42,195,195,93.33333373069763
CUB,ProtoNet,fixed,42,196,196,97.33333587646484
CUB,WIPT,0.0,42,196,196,98.66666793823242
CUB,Support-only Transformer,0.0,42,196,196,96.00000381469727
CUB,ProtoNet,fixed,42,197,197,98.66666793823242
CUB,WIPT,0.0,42,197,197,98.66666793823242
CUB,Support-only Transformer,0.0,42,197,197,97.33333587646484
CUB,ProtoNet,fixed,42,198,198,92.00000166893005
CUB,WIPT,0.0,42,198,198,92.00000166893005
CUB,Support-only Transformer,0.0,42,198,198,86.66666746139526
CUB,ProtoNet,fixed,42,199,199,80.0000011920929
CUB,WIPT,0.0,42,199,199,80.0000011920929
CUB,Support-only Transformer,0.0,42,199,199,82.66667127609253
CUB,ProtoNet,fixed,42,200,200,100.0
CUB,WIPT,0.0,42,200,200,100.0
CUB,Support-only Transformer,0.0,42,200,200,100.0
CUB,ProtoNet,fixed,42,201,201,96.00000381469727
CUB,WIPT,0.0,42,201,201,96.00000381469727
CUB,Support-only Transformer,0.0,42,201,201,94.66667175292969
CUB,ProtoNet,fixed,42,202,202,90.66666960716248
CUB,WIPT,0.0,42,202,202,92.00000166893005
CUB,Support-only Transformer,0.0,42,202,202,86.66666746139526
CUB,ProtoNet,fixed,42,203,203,77.33333706855774
CUB,WIPT,0.0,42,203,203,77.33333706855774
CUB,Support-only Transformer,0.0,42,203,203,84.00000333786011
CUB,ProtoNet,fixed,42,204,204,84.00000333786011
CUB,WIPT,0.0,42,204,204,85.33333539962769
CUB,Support-only Transformer,0.0,42,204,204,81.33333325386047
CUB,ProtoNet,fixed,42,205,205,81.33333325386047
CUB,WIPT,0.0,42,205,205,82.66667127609253
CUB,Support-only Transformer,0.0,42,205,205,84.00000333786011
CUB,ProtoNet,fixed,42,206,206,87.99999952316284
CUB,WIPT,0.0,42,206,206,86.66666746139526
CUB,Support-only Transformer,0.0,42,206,206,89.3333375453949
CUB,ProtoNet,fixed,42,207,207,97.33333587646484
CUB,WIPT,0.0,42,207,207,97.33333587646484
CUB,Support-only Transformer,0.0,42,207,207,98.66666793823242
CUB,ProtoNet,fixed,42,208,208,87.99999952316284
CUB,WIPT,0.0,42,208,208,93.33333373069763
CUB,Support-only Transformer,0.0,42,208,208,89.3333375453949
CUB,ProtoNet,fixed,42,209,209,100.0
CUB,WIPT,0.0,42,209,209,100.0
CUB,Support-only Transformer,0.0,42,209,209,100.0
CUB,ProtoNet,fixed,42,210,210,98.66666793823242
CUB,WIPT,0.0,42,210,210,100.0
CUB,Support-only Transformer,0.0,42,210,210,97.33333587646484
CUB,ProtoNet,fixed,42,211,211,68.00000071525574
CUB,WIPT,0.0,42,211,211,66.66666865348816
CUB,Support-only Transformer,0.0,42,211,211,75.99999904632568
CUB,ProtoNet,fixed,42,212,212,98.66666793823242
CUB,WIPT,0.0,42,212,212,98.66666793823242
CUB,Support-only Transformer,0.0,42,212,212,97.33333587646484
CUB,ProtoNet,fixed,42,213,213,98.66666793823242
CUB,WIPT,0.0,42,213,213,100.0
CUB,Support-only Transformer,0.0,42,213,213,100.0
CUB,ProtoNet,fixed,42,214,214,94.66667175292969
CUB,WIPT,0.0,42,214,214,97.33333587646484
CUB,Support-only Transformer,0.0,42,214,214,97.33333587646484
CUB,ProtoNet,fixed,42,215,215,93.33333373069763
CUB,WIPT,0.0,42,215,215,92.00000166893005
CUB,Support-only Transformer,0.0,42,215,215,90.66666960716248
CUB,ProtoNet,fixed,42,216,216,97.33333587646484
CUB,WIPT,0.0,42,216,216,94.66667175292969
CUB,Support-only Transformer,0.0,42,216,216,93.33333373069763
CUB,ProtoNet,fixed,42,217,217,82.66667127609253
CUB,WIPT,0.0,42,217,217,82.66667127609253
CUB,Support-only Transformer,0.0,42,217,217,85.33333539962769
CUB,ProtoNet,fixed,42,218,218,97.33333587646484
CUB,WIPT,0.0,42,218,218,97.33333587646484
CUB,Support-only Transformer,0.0,42,218,218,97.33333587646484
CUB,ProtoNet,fixed,42,219,219,100.0
CUB,WIPT,0.0,42,219,219,100.0
CUB,Support-only Transformer,0.0,42,219,219,100.0
CUB,ProtoNet,fixed,42,220,220,94.66667175292969
CUB,WIPT,0.0,42,220,220,92.00000166893005
CUB,Support-only Transformer,0.0,42,220,220,96.00000381469727
CUB,ProtoNet,fixed,42,221,221,84.00000333786011
CUB,WIPT,0.0,42,221,221,86.66666746139526
CUB,Support-only Transformer,0.0,42,221,221,87.99999952316284
CUB,ProtoNet,fixed,42,222,222,100.0
CUB,WIPT,0.0,42,222,222,98.66666793823242
CUB,Support-only Transformer,0.0,42,222,222,98.66666793823242
CUB,ProtoNet,fixed,42,223,223,100.0
CUB,WIPT,0.0,42,223,223,100.0
CUB,Support-only Transformer,0.0,42,223,223,100.0
CUB,ProtoNet,fixed,42,224,224,96.00000381469727
CUB,WIPT,0.0,42,224,224,94.66667175292969
CUB,Support-only Transformer,0.0,42,224,224,97.33333587646484
CUB,ProtoNet,fixed,42,225,225,98.66666793823242
CUB,WIPT,0.0,42,225,225,100.0
CUB,Support-only Transformer,0.0,42,225,225,100.0
CUB,ProtoNet,fixed,42,226,226,86.66666746139526
CUB,WIPT,0.0,42,226,226,86.66666746139526
CUB,Support-only Transformer,0.0,42,226,226,93.33333373069763
CUB,ProtoNet,fixed,42,227,227,96.00000381469727
CUB,WIPT,0.0,42,227,227,96.00000381469727
CUB,Support-only Transformer,0.0,42,227,227,94.66667175292969
CUB,ProtoNet,fixed,42,228,228,98.66666793823242
CUB,WIPT,0.0,42,228,228,98.66666793823242
CUB,Support-only Transformer,0.0,42,228,228,98.66666793823242
CUB,ProtoNet,fixed,42,229,229,89.3333375453949
CUB,WIPT,0.0,42,229,229,89.3333375453949
CUB,Support-only Transformer,0.0,42,229,229,85.33333539962769
CUB,ProtoNet,fixed,42,230,230,100.0
CUB,WIPT,0.0,42,230,230,100.0
CUB,Support-only Transformer,0.0,42,230,230,100.0
CUB,ProtoNet,fixed,42,231,231,100.0
CUB,WIPT,0.0,42,231,231,100.0
CUB,Support-only Transformer,0.0,42,231,231,100.0
CUB,ProtoNet,fixed,42,232,232,89.3333375453949
CUB,WIPT,0.0,42,232,232,94.66667175292969
CUB,Support-only Transformer,0.0,42,232,232,100.0
CUB,ProtoNet,fixed,42,233,233,87.99999952316284
CUB,WIPT,0.0,42,233,233,90.66666960716248
CUB,Support-only Transformer,0.0,42,233,233,87.99999952316284
CUB,ProtoNet,fixed,42,234,234,92.00000166893005
CUB,WIPT,0.0,42,234,234,96.00000381469727
CUB,Support-only Transformer,0.0,42,234,234,94.66667175292969
CUB,ProtoNet,fixed,42,235,235,92.00000166893005
CUB,WIPT,0.0,42,235,235,92.00000166893005
CUB,Support-only Transformer,0.0,42,235,235,92.00000166893005
CUB,ProtoNet,fixed,42,236,236,85.33333539962769
CUB,WIPT,0.0,42,236,236,84.00000333786011
CUB,Support-only Transformer,0.0,42,236,236,90.66666960716248
CUB,ProtoNet,fixed,42,237,237,90.66666960716248
CUB,WIPT,0.0,42,237,237,90.66666960716248
CUB,Support-only Transformer,0.0,42,237,237,94.66667175292969
CUB,ProtoNet,fixed,42,238,238,100.0
CUB,WIPT,0.0,42,238,238,100.0
CUB,Support-only Transformer,0.0,42,238,238,98.66666793823242
CUB,ProtoNet,fixed,42,239,239,94.66667175292969
CUB,WIPT,0.0,42,239,239,90.66666960716248
CUB,Support-only Transformer,0.0,42,239,239,92.00000166893005
CUB,ProtoNet,fixed,42,240,240,98.66666793823242
CUB,WIPT,0.0,42,240,240,98.66666793823242
CUB,Support-only Transformer,0.0,42,240,240,97.33333587646484
CUB,ProtoNet,fixed,42,241,241,89.3333375453949
CUB,WIPT,0.0,42,241,241,89.3333375453949
CUB,Support-only Transformer,0.0,42,241,241,90.66666960716248
CUB,ProtoNet,fixed,42,242,242,100.0
CUB,WIPT,0.0,42,242,242,100.0
CUB,Support-only Transformer,0.0,42,242,242,100.0
CUB,ProtoNet,fixed,42,243,243,90.66666960716248
CUB,WIPT,0.0,42,243,243,90.66666960716248
CUB,Support-only Transformer,0.0,42,243,243,89.3333375453949
CUB,ProtoNet,fixed,42,244,244,97.33333587646484
CUB,WIPT,0.0,42,244,244,98.66666793823242
CUB,Support-only Transformer,0.0,42,244,244,96.00000381469727
CUB,ProtoNet,fixed,42,245,245,98.66666793823242
CUB,WIPT,0.0,42,245,245,97.33333587646484
CUB,Support-only Transformer,0.0,42,245,245,98.66666793823242
CUB,ProtoNet,fixed,42,246,246,97.33333587646484
CUB,WIPT,0.0,42,246,246,97.33333587646484
CUB,Support-only Transformer,0.0,42,246,246,93.33333373069763
CUB,ProtoNet,fixed,42,247,247,93.33333373069763
CUB,WIPT,0.0,42,247,247,93.33333373069763
CUB,Support-only Transformer,0.0,42,247,247,90.66666960716248
CUB,ProtoNet,fixed,42,248,248,94.66667175292969
CUB,WIPT,0.0,42,248,248,94.66667175292969
CUB,Support-only Transformer,0.0,42,248,248,92.00000166893005
CUB,ProtoNet,fixed,42,249,249,86.66666746139526
CUB,WIPT,0.0,42,249,249,86.66666746139526
CUB,Support-only Transformer,0.0,42,249,249,82.66667127609253
CUB,ProtoNet,fixed,42,250,250,98.66666793823242
CUB,WIPT,0.0,42,250,250,97.33333587646484
CUB,Support-only Transformer,0.0,42,250,250,100.0
CUB,ProtoNet,fixed,42,251,251,98.66666793823242
CUB,WIPT,0.0,42,251,251,98.66666793823242
CUB,Support-only Transformer,0.0,42,251,251,98.66666793823242
CUB,ProtoNet,fixed,42,252,252,97.33333587646484
CUB,WIPT,0.0,42,252,252,97.33333587646484
CUB,Support-only Transformer,0.0,42,252,252,97.33333587646484
CUB,ProtoNet,fixed,42,253,253,96.00000381469727
CUB,WIPT,0.0,42,253,253,94.66667175292969
CUB,Support-only Transformer,0.0,42,253,253,98.66666793823242
CUB,ProtoNet,fixed,42,254,254,96.00000381469727
CUB,WIPT,0.0,42,254,254,96.00000381469727
CUB,Support-only Transformer,0.0,42,254,254,97.33333587646484
CUB,ProtoNet,fixed,42,255,255,74.6666669845581
CUB,WIPT,0.0,42,255,255,84.00000333786011
CUB,Support-only Transformer,0.0,42,255,255,81.33333325386047
CUB,ProtoNet,fixed,42,256,256,100.0
CUB,WIPT,0.0,42,256,256,100.0
CUB,Support-only Transformer,0.0,42,256,256,100.0
CUB,ProtoNet,fixed,42,257,257,97.33333587646484
CUB,WIPT,0.0,42,257,257,97.33333587646484
CUB,Support-only Transformer,0.0,42,257,257,96.00000381469727
CUB,ProtoNet,fixed,42,258,258,89.3333375453949
CUB,WIPT,0.0,42,258,258,89.3333375453949
CUB,Support-only Transformer,0.0,42,258,258,85.33333539962769
CUB,ProtoNet,fixed,42,259,259,98.66666793823242
CUB,WIPT,0.0,42,259,259,98.66666793823242
CUB,Support-only Transformer,0.0,42,259,259,98.66666793823242
CUB,ProtoNet,fixed,42,260,260,98.66666793823242
CUB,WIPT,0.0,42,260,260,97.33333587646484
CUB,Support-only Transformer,0.0,42,260,260,98.66666793823242
CUB,ProtoNet,fixed,42,261,261,94.66667175292969
CUB,WIPT,0.0,42,261,261,93.33333373069763
CUB,Support-only Transformer,0.0,42,261,261,92.00000166893005
CUB,ProtoNet,fixed,42,262,262,97.33333587646484
CUB,WIPT,0.0,42,262,262,96.00000381469727
CUB,Support-only Transformer,0.0,42,262,262,96.00000381469727
CUB,ProtoNet,fixed,42,263,263,85.33333539962769
CUB,WIPT,0.0,42,263,263,87.99999952316284
CUB,Support-only Transformer,0.0,42,263,263,89.3333375453949
CUB,ProtoNet,fixed,42,264,264,94.66667175292969
CUB,WIPT,0.0,42,264,264,94.66667175292969
CUB,Support-only Transformer,0.0,42,264,264,94.66667175292969
CUB,ProtoNet,fixed,42,265,265,100.0
CUB,WIPT,0.0,42,265,265,100.0
CUB,Support-only Transformer,0.0,42,265,265,100.0
CUB,ProtoNet,fixed,42,266,266,94.66667175292969
CUB,WIPT,0.0,42,266,266,92.00000166893005
CUB,Support-only Transformer,0.0,42,266,266,94.66667175292969
CUB,ProtoNet,fixed,42,267,267,98.66666793823242
CUB,WIPT,0.0,42,267,267,98.66666793823242
CUB,Support-only Transformer,0.0,42,267,267,96.00000381469727
CUB,ProtoNet,fixed,42,268,268,97.33333587646484
CUB,WIPT,0.0,42,268,268,93.33333373069763
CUB,Support-only Transformer,0.0,42,268,268,94.66667175292969
CUB,ProtoNet,fixed,42,269,269,98.66666793823242
CUB,WIPT,0.0,42,269,269,98.66666793823242
CUB,Support-only Transformer,0.0,42,269,269,98.66666793823242
CUB,ProtoNet,fixed,42,270,270,96.00000381469727
CUB,WIPT,0.0,42,270,270,96.00000381469727
CUB,Support-only Transformer,0.0,42,270,270,96.00000381469727
CUB,ProtoNet,fixed,42,271,271,100.0
CUB,WIPT,0.0,42,271,271,100.0
CUB,Support-only Transformer,0.0,42,271,271,100.0
CUB,ProtoNet,fixed,42,272,272,97.33333587646484
CUB,WIPT,0.0,42,272,272,93.33333373069763
CUB,Support-only Transformer,0.0,42,272,272,92.00000166893005
CUB,ProtoNet,fixed,42,273,273,90.66666960716248
CUB,WIPT,0.0,42,273,273,90.66666960716248
CUB,Support-only Transformer,0.0,42,273,273,86.66666746139526
CUB,ProtoNet,fixed,42,274,274,89.3333375453949
CUB,WIPT,0.0,42,274,274,89.3333375453949
CUB,Support-only Transformer,0.0,42,274,274,92.00000166893005
CUB,ProtoNet,fixed,42,275,275,86.66666746139526
CUB,WIPT,0.0,42,275,275,86.66666746139526
CUB,Support-only Transformer,0.0,42,275,275,85.33333539962769
CUB,ProtoNet,fixed,42,276,276,94.66667175292969
CUB,WIPT,0.0,42,276,276,97.33333587646484
CUB,Support-only Transformer,0.0,42,276,276,96.00000381469727
CUB,ProtoNet,fixed,42,277,277,100.0
CUB,WIPT,0.0,42,277,277,100.0
CUB,Support-only Transformer,0.0,42,277,277,100.0
CUB,ProtoNet,fixed,42,278,278,93.33333373069763
CUB,WIPT,0.0,42,278,278,93.33333373069763
CUB,Support-only Transformer,0.0,42,278,278,96.00000381469727
CUB,ProtoNet,fixed,42,279,279,100.0
CUB,WIPT,0.0,42,279,279,98.66666793823242
CUB,Support-only Transformer,0.0,42,279,279,97.33333587646484
CUB,ProtoNet,fixed,42,280,280,97.33333587646484
CUB,WIPT,0.0,42,280,280,98.66666793823242
CUB,Support-only Transformer,0.0,42,280,280,98.66666793823242
CUB,ProtoNet,fixed,42,281,281,80.0000011920929
CUB,WIPT,0.0,42,281,281,81.33333325386047
CUB,Support-only Transformer,0.0,42,281,281,89.3333375453949
CUB,ProtoNet,fixed,42,282,282,65.33333659172058
CUB,WIPT,0.0,42,282,282,65.33333659172058
CUB,Support-only Transformer,0.0,42,282,282,77.33333706855774
CUB,ProtoNet,fixed,42,283,283,90.66666960716248
CUB,WIPT,0.0,42,283,283,89.3333375453949
CUB,Support-only Transformer,0.0,42,283,283,75.99999904632568
CUB,ProtoNet,fixed,42,284,284,98.66666793823242
CUB,WIPT,0.0,42,284,284,98.66666793823242
CUB,Support-only Transformer,0.0,42,284,284,98.66666793823242
CUB,ProtoNet,fixed,42,285,285,100.0
CUB,WIPT,0.0,42,285,285,100.0
CUB,Support-only Transformer,0.0,42,285,285,100.0
CUB,ProtoNet,fixed,42,286,286,90.66666960716248
CUB,WIPT,0.0,42,286,286,94.66667175292969
CUB,Support-only Transformer,0.0,42,286,286,94.66667175292969
CUB,ProtoNet,fixed,42,287,287,100.0
CUB,WIPT,0.0,42,287,287,100.0
CUB,Support-only Transformer,0.0,42,287,287,98.66666793823242
CUB,ProtoNet,fixed,42,288,288,82.66667127609253
CUB,WIPT,0.0,42,288,288,84.00000333786011
CUB,Support-only Transformer,0.0,42,288,288,85.33333539962769
CUB,ProtoNet,fixed,42,289,289,90.66666960716248
CUB,WIPT,0.0,42,289,289,92.00000166893005
CUB,Support-only Transformer,0.0,42,289,289,92.00000166893005
CUB,ProtoNet,fixed,42,290,290,98.66666793823242
CUB,WIPT,0.0,42,290,290,98.66666793823242
CUB,Support-only Transformer,0.0,42,290,290,100.0
CUB,ProtoNet,fixed,42,291,291,97.33333587646484
CUB,WIPT,0.0,42,291,291,97.33333587646484
CUB,Support-only Transformer,0.0,42,291,291,97.33333587646484
CUB,ProtoNet,fixed,42,292,292,98.66666793823242
CUB,WIPT,0.0,42,292,292,98.66666793823242
CUB,Support-only Transformer,0.0,42,292,292,97.33333587646484
CUB,ProtoNet,fixed,42,293,293,97.33333587646484
CUB,WIPT,0.0,42,293,293,98.66666793823242
CUB,Support-only Transformer,0.0,42,293,293,98.66666793823242
CUB,ProtoNet,fixed,42,294,294,96.00000381469727
CUB,WIPT,0.0,42,294,294,94.66667175292969
CUB,Support-only Transformer,0.0,42,294,294,94.66667175292969
CUB,ProtoNet,fixed,42,295,295,80.0000011920929
CUB,WIPT,0.0,42,295,295,80.0000011920929
CUB,Support-only Transformer,0.0,42,295,295,80.0000011920929
CUB,ProtoNet,fixed,42,296,296,84.00000333786011
CUB,WIPT,0.0,42,296,296,85.33333539962769
CUB,Support-only Transformer,0.0,42,296,296,85.33333539962769
CUB,ProtoNet,fixed,42,297,297,100.0
CUB,WIPT,0.0,42,297,297,100.0
CUB,Support-only Transformer,0.0,42,297,297,100.0
CUB,ProtoNet,fixed,42,298,298,98.66666793823242
CUB,WIPT,0.0,42,298,298,100.0
CUB,Support-only Transformer,0.0,42,298,298,98.66666793823242
CUB,ProtoNet,fixed,42,299,299,86.66666746139526
CUB,WIPT,0.0,42,299,299,86.66666746139526
CUB,Support-only Transformer,0.0,42,299,299,81.33333325386047
CUB,ProtoNet,fixed,123,0,300,98.66666793823242
CUB,WIPT,0.0,123,0,300,98.66666793823242
CUB,Support-only Transformer,0.0,123,0,300,97.33333587646484
CUB,ProtoNet,fixed,123,1,301,96.00000381469727
CUB,WIPT,0.0,123,1,301,100.0
CUB,Support-only Transformer,0.0,123,1,301,96.00000381469727
CUB,ProtoNet,fixed,123,2,302,93.33333373069763
CUB,WIPT,0.0,123,2,302,96.00000381469727
CUB,Support-only Transformer,0.0,123,2,302,90.66666960716248
CUB,ProtoNet,fixed,123,3,303,81.33333325386047
CUB,WIPT,0.0,123,3,303,81.33333325386047
CUB,Support-only Transformer,0.0,123,3,303,81.33333325386047
CUB,ProtoNet,fixed,123,4,304,98.66666793823242
CUB,WIPT,0.0,123,4,304,98.66666793823242
CUB,Support-only Transformer,0.0,123,4,304,97.33333587646484
CUB,ProtoNet,fixed,123,5,305,98.66666793823242
CUB,WIPT,0.0,123,5,305,97.33333587646484
CUB,Support-only Transformer,0.0,123,5,305,97.33333587646484
CUB,ProtoNet,fixed,123,6,306,84.00000333786011
CUB,WIPT,0.0,123,6,306,82.66667127609253
CUB,Support-only Transformer,0.0,123,6,306,84.00000333786011
CUB,ProtoNet,fixed,123,7,307,90.66666960716248
CUB,WIPT,0.0,123,7,307,94.66667175292969
CUB,Support-only Transformer,0.0,123,7,307,98.66666793823242
CUB,ProtoNet,fixed,123,8,308,94.66667175292969
CUB,WIPT,0.0,123,8,308,94.66667175292969
CUB,Support-only Transformer,0.0,123,8,308,89.3333375453949
CUB,ProtoNet,fixed,123,9,309,98.66666793823242
CUB,WIPT,0.0,123,9,309,100.0
CUB,Support-only Transformer,0.0,123,9,309,100.0
CUB,ProtoNet,fixed,123,10,310,86.66666746139526
CUB,WIPT,0.0,123,10,310,89.3333375453949
CUB,Support-only Transformer,0.0,123,10,310,89.3333375453949
CUB,ProtoNet,fixed,123,11,311,98.66666793823242
CUB,WIPT,0.0,123,11,311,100.0
CUB,Support-only Transformer,0.0,123,11,311,97.33333587646484
CUB,ProtoNet,fixed,123,12,312,93.33333373069763
CUB,WIPT,0.0,123,12,312,94.66667175292969
CUB,Support-only Transformer,0.0,123,12,312,97.33333587646484
CUB,ProtoNet,fixed,123,13,313,94.66667175292969
CUB,WIPT,0.0,123,13,313,86.66666746139526
CUB,Support-only Transformer,0.0,123,13,313,89.3333375453949
CUB,ProtoNet,fixed,123,14,314,100.0
CUB,WIPT,0.0,123,14,314,100.0
CUB,Support-only Transformer,0.0,123,14,314,100.0
CUB,ProtoNet,fixed,123,15,315,93.33333373069763
CUB,WIPT,0.0,123,15,315,87.99999952316284
CUB,Support-only Transformer,0.0,123,15,315,93.33333373069763
CUB,ProtoNet,fixed,123,16,316,100.0
CUB,WIPT,0.0,123,16,316,100.0
CUB,Support-only Transformer,0.0,123,16,316,98.66666793823242
CUB,ProtoNet,fixed,123,17,317,90.66666960716248
CUB,WIPT,0.0,123,17,317,93.33333373069763
CUB,Support-only Transformer,0.0,123,17,317,96.00000381469727
CUB,ProtoNet,fixed,123,18,318,98.66666793823242
CUB,WIPT,0.0,123,18,318,97.33333587646484
CUB,Support-only Transformer,0.0,123,18,318,98.66666793823242
CUB,ProtoNet,fixed,123,19,319,97.33333587646484
CUB,WIPT,0.0,123,19,319,97.33333587646484
CUB,Support-only Transformer,0.0,123,19,319,97.33333587646484
CUB,ProtoNet,fixed,123,20,320,84.00000333786011
CUB,WIPT,0.0,123,20,320,85.33333539962769
CUB,Support-only Transformer,0.0,123,20,320,87.99999952316284
CUB,ProtoNet,fixed,123,21,321,100.0
CUB,WIPT,0.0,123,21,321,100.0
CUB,Support-only Transformer,0.0,123,21,321,100.0
CUB,ProtoNet,fixed,123,22,322,85.33333539962769
CUB,WIPT,0.0,123,22,322,84.00000333786011
CUB,Support-only Transformer,0.0,123,22,322,90.66666960716248
CUB,ProtoNet,fixed,123,23,323,89.3333375453949
CUB,WIPT,0.0,123,23,323,89.3333375453949
CUB,Support-only Transformer,0.0,123,23,323,90.66666960716248
CUB,ProtoNet,fixed,123,24,324,97.33333587646484
CUB,WIPT,0.0,123,24,324,97.33333587646484
CUB,Support-only Transformer,0.0,123,24,324,94.66667175292969
CUB,ProtoNet,fixed,123,25,325,98.66666793823242
CUB,WIPT,0.0,123,25,325,100.0
CUB,Support-only Transformer,0.0,123,25,325,98.66666793823242
CUB,ProtoNet,fixed,123,26,326,98.66666793823242
CUB,WIPT,0.0,123,26,326,98.66666793823242
CUB,Support-only Transformer,0.0,123,26,326,98.66666793823242
CUB,ProtoNet,fixed,123,27,327,85.33333539962769
CUB,WIPT,0.0,123,27,327,84.00000333786011
CUB,Support-only Transformer,0.0,123,27,327,80.0000011920929
CUB,ProtoNet,fixed,123,28,328,97.33333587646484
CUB,WIPT,0.0,123,28,328,96.00000381469727
CUB,Support-only Transformer,0.0,123,28,328,97.33333587646484
CUB,ProtoNet,fixed,123,29,329,100.0
CUB,WIPT,0.0,123,29,329,97.33333587646484
CUB,Support-only Transformer,0.0,123,29,329,97.33333587646484
CUB,ProtoNet,fixed,123,30,330,93.33333373069763
CUB,WIPT,0.0,123,30,330,94.66667175292969
CUB,Support-only Transformer,0.0,123,30,330,92.00000166893005
CUB,ProtoNet,fixed,123,31,331,100.0
CUB,WIPT,0.0,123,31,331,100.0
CUB,Support-only Transformer,0.0,123,31,331,100.0
CUB,ProtoNet,fixed,123,32,332,97.33333587646484
CUB,WIPT,0.0,123,32,332,97.33333587646484
CUB,Support-only Transformer,0.0,123,32,332,98.66666793823242
CUB,ProtoNet,fixed,123,33,333,96.00000381469727
CUB,WIPT,0.0,123,33,333,94.66667175292969
CUB,Support-only Transformer,0.0,123,33,333,97.33333587646484
CUB,ProtoNet,fixed,123,34,334,89.3333375453949
CUB,WIPT,0.0,123,34,334,92.00000166893005
CUB,Support-only Transformer,0.0,123,34,334,90.66666960716248
CUB,ProtoNet,fixed,123,35,335,100.0
CUB,WIPT,0.0,123,35,335,100.0
CUB,Support-only Transformer,0.0,123,35,335,100.0
CUB,ProtoNet,fixed,123,36,336,92.00000166893005
CUB,WIPT,0.0,123,36,336,92.00000166893005
CUB,Support-only Transformer,0.0,123,36,336,93.33333373069763
CUB,ProtoNet,fixed,123,37,337,72.00000286102295
CUB,WIPT,0.0,123,37,337,81.33333325386047
CUB,Support-only Transformer,0.0,123,37,337,81.33333325386047
CUB,ProtoNet,fixed,123,38,338,84.00000333786011
CUB,WIPT,0.0,123,38,338,84.00000333786011
CUB,Support-only Transformer,0.0,123,38,338,77.33333706855774
CUB,ProtoNet,fixed,123,39,339,97.33333587646484
CUB,WIPT,0.0,123,39,339,96.00000381469727
CUB,Support-only Transformer,0.0,123,39,339,96.00000381469727
CUB,ProtoNet,fixed,123,40,340,100.0
CUB,WIPT,0.0,123,40,340,100.0
CUB,Support-only Transformer,0.0,123,40,340,100.0
CUB,ProtoNet,fixed,123,41,341,86.66666746139526
CUB,WIPT,0.0,123,41,341,84.00000333786011
CUB,Support-only Transformer,0.0,123,41,341,87.99999952316284
CUB,ProtoNet,fixed,123,42,342,97.33333587646484
CUB,WIPT,0.0,123,42,342,97.33333587646484
CUB,Support-only Transformer,0.0,123,42,342,98.66666793823242
CUB,ProtoNet,fixed,123,43,343,96.00000381469727
CUB,WIPT,0.0,123,43,343,97.33333587646484
CUB,Support-only Transformer,0.0,123,43,343,93.33333373069763
CUB,ProtoNet,fixed,123,44,344,100.0
CUB,WIPT,0.0,123,44,344,100.0
CUB,Support-only Transformer,0.0,123,44,344,100.0
CUB,ProtoNet,fixed,123,45,345,97.33333587646484
CUB,WIPT,0.0,123,45,345,98.66666793823242
CUB,Support-only Transformer,0.0,123,45,345,98.66666793823242
CUB,ProtoNet,fixed,123,46,346,97.33333587646484
CUB,WIPT,0.0,123,46,346,97.33333587646484
CUB,Support-only Transformer,0.0,123,46,346,96.00000381469727
CUB,ProtoNet,fixed,123,47,347,94.66667175292969
CUB,WIPT,0.0,123,47,347,98.66666793823242
CUB,Support-only Transformer,0.0,123,47,347,97.33333587646484
CUB,ProtoNet,fixed,123,48,348,98.66666793823242
CUB,WIPT,0.0,123,48,348,97.33333587646484
CUB,Support-only Transformer,0.0,123,48,348,94.66667175292969
CUB,ProtoNet,fixed,123,49,349,98.66666793823242
CUB,WIPT,0.0,123,49,349,98.66666793823242
CUB,Support-only Transformer,0.0,123,49,349,97.33333587646484
CUB,ProtoNet,fixed,123,50,350,98.66666793823242
CUB,WIPT,0.0,123,50,350,98.66666793823242
CUB,Support-only Transformer,0.0,123,50,350,97.33333587646484
CUB,ProtoNet,fixed,123,51,351,94.66667175292969
CUB,WIPT,0.0,123,51,351,94.66667175292969
CUB,Support-only Transformer,0.0,123,51,351,96.00000381469727
CUB,ProtoNet,fixed,123,52,352,74.6666669845581
CUB,WIPT,0.0,123,52,352,77.33333706855774
CUB,Support-only Transformer,0.0,123,52,352,75.99999904632568
CUB,ProtoNet,fixed,123,53,353,93.33333373069763
CUB,WIPT,0.0,123,53,353,87.99999952316284
CUB,Support-only Transformer,0.0,123,53,353,87.99999952316284
CUB,ProtoNet,fixed,123,54,354,100.0
CUB,WIPT,0.0,123,54,354,98.66666793823242
CUB,Support-only Transformer,0.0,123,54,354,98.66666793823242
CUB,ProtoNet,fixed,123,55,355,84.00000333786011
CUB,WIPT,0.0,123,55,355,78.66666913032532
CUB,Support-only Transformer,0.0,123,55,355,84.00000333786011
CUB,ProtoNet,fixed,123,56,356,97.33333587646484
CUB,WIPT,0.0,123,56,356,100.0
CUB,Support-only Transformer,0.0,123,56,356,98.66666793823242
CUB,ProtoNet,fixed,123,57,357,84.00000333786011
CUB,WIPT,0.0,123,57,357,85.33333539962769
CUB,Support-only Transformer,0.0,123,57,357,82.66667127609253
CUB,ProtoNet,fixed,123,58,358,96.00000381469727
CUB,WIPT,0.0,123,58,358,97.33333587646484
CUB,Support-only Transformer,0.0,123,58,358,96.00000381469727
CUB,ProtoNet,fixed,123,59,359,93.33333373069763
CUB,WIPT,0.0,123,59,359,92.00000166893005
CUB,Support-only Transformer,0.0,123,59,359,93.33333373069763
CUB,ProtoNet,fixed,123,60,360,81.33333325386047
CUB,WIPT,0.0,123,60,360,81.33333325386047
CUB,Support-only Transformer,0.0,123,60,360,82.66667127609253
CUB,ProtoNet,fixed,123,61,361,97.33333587646484
CUB,WIPT,0.0,123,61,361,94.66667175292969
CUB,Support-only Transformer,0.0,123,61,361,94.66667175292969
CUB,ProtoNet,fixed,123,62,362,96.00000381469727
CUB,WIPT,0.0,123,62,362,96.00000381469727
CUB,Support-only Transformer,0.0,123,62,362,92.00000166893005
CUB,ProtoNet,fixed,123,63,363,85.33333539962769
CUB,WIPT,0.0,123,63,363,85.33333539962769
CUB,Support-only Transformer,0.0,123,63,363,82.66667127609253
CUB,ProtoNet,fixed,123,64,364,98.66666793823242
CUB,WIPT,0.0,123,64,364,98.66666793823242
CUB,Support-only Transformer,0.0,123,64,364,98.66666793823242
CUB,ProtoNet,fixed,123,65,365,98.66666793823242
CUB,WIPT,0.0,123,65,365,98.66666793823242
CUB,Support-only Transformer,0.0,123,65,365,98.66666793823242
CUB,ProtoNet,fixed,123,66,366,92.00000166893005
CUB,WIPT,0.0,123,66,366,94.66667175292969
CUB,Support-only Transformer,0.0,123,66,366,97.33333587646484
CUB,ProtoNet,fixed,123,67,367,94.66667175292969
CUB,WIPT,0.0,123,67,367,94.66667175292969
CUB,Support-only Transformer,0.0,123,67,367,94.66667175292969
CUB,ProtoNet,fixed,123,68,368,94.66667175292969
CUB,WIPT,0.0,123,68,368,98.66666793823242
CUB,Support-only Transformer,0.0,123,68,368,97.33333587646484
CUB,ProtoNet,fixed,123,69,369,82.66667127609253
CUB,WIPT,0.0,123,69,369,85.33333539962769
CUB,Support-only Transformer,0.0,123,69,369,89.3333375453949
CUB,ProtoNet,fixed,123,70,370,93.33333373069763
CUB,WIPT,0.0,123,70,370,92.00000166893005
CUB,Support-only Transformer,0.0,123,70,370,92.00000166893005
CUB,ProtoNet,fixed,123,71,371,84.00000333786011
CUB,WIPT,0.0,123,71,371,86.66666746139526
CUB,Support-only Transformer,0.0,123,71,371,87.99999952316284
CUB,ProtoNet,fixed,123,72,372,98.66666793823242
CUB,WIPT,0.0,123,72,372,100.0
CUB,Support-only Transformer,0.0,123,72,372,100.0
CUB,ProtoNet,fixed,123,73,373,84.00000333786011
CUB,WIPT,0.0,123,73,373,86.66666746139526
CUB,Support-only Transformer,0.0,123,73,373,80.0000011920929
CUB,ProtoNet,fixed,123,74,374,94.66667175292969
CUB,WIPT,0.0,123,74,374,97.33333587646484
CUB,Support-only Transformer,0.0,123,74,374,98.66666793823242
CUB,ProtoNet,fixed,123,75,375,100.0
CUB,WIPT,0.0,123,75,375,98.66666793823242
CUB,Support-only Transformer,0.0,123,75,375,98.66666793823242
CUB,ProtoNet,fixed,123,76,376,87.99999952316284
CUB,WIPT,0.0,123,76,376,90.66666960716248
CUB,Support-only Transformer,0.0,123,76,376,92.00000166893005
CUB,ProtoNet,fixed,123,77,377,90.66666960716248
CUB,WIPT,0.0,123,77,377,94.66667175292969
CUB,Support-only Transformer,0.0,123,77,377,96.00000381469727
CUB,ProtoNet,fixed,123,78,378,77.33333706855774
CUB,WIPT,0.0,123,78,378,77.33333706855774
CUB,Support-only Transformer,0.0,123,78,378,75.99999904632568
CUB,ProtoNet,fixed,123,79,379,98.66666793823242
CUB,WIPT,0.0,123,79,379,98.66666793823242
CUB,Support-only Transformer,0.0,123,79,379,98.66666793823242
CUB,ProtoNet,fixed,123,80,380,100.0
CUB,WIPT,0.0,123,80,380,100.0
CUB,Support-only Transformer,0.0,123,80,380,100.0
CUB,ProtoNet,fixed,123,81,381,81.33333325386047
CUB,WIPT,0.0,123,81,381,86.66666746139526
CUB,Support-only Transformer,0.0,123,81,381,87.99999952316284
CUB,ProtoNet,fixed,123,82,382,87.99999952316284
CUB,WIPT,0.0,123,82,382,81.33333325386047
CUB,Support-only Transformer,0.0,123,82,382,90.66666960716248
CUB,ProtoNet,fixed,123,83,383,80.0000011920929
CUB,WIPT,0.0,123,83,383,80.0000011920929
CUB,Support-only Transformer,0.0,123,83,383,80.0000011920929
CUB,ProtoNet,fixed,123,84,384,97.33333587646484
CUB,WIPT,0.0,123,84,384,97.33333587646484
CUB,Support-only Transformer,0.0,123,84,384,96.00000381469727
CUB,ProtoNet,fixed,123,85,385,98.66666793823242
CUB,WIPT,0.0,123,85,385,98.66666793823242
CUB,Support-only Transformer,0.0,123,85,385,98.66666793823242
CUB,ProtoNet,fixed,123,86,386,92.00000166893005
CUB,WIPT,0.0,123,86,386,92.00000166893005
CUB,Support-only Transformer,0.0,123,86,386,94.66667175292969
CUB,ProtoNet,fixed,123,87,387,65.33333659172058
CUB,WIPT,0.0,123,87,387,72.00000286102295
CUB,Support-only Transformer,0.0,123,87,387,74.6666669845581
CUB,ProtoNet,fixed,123,88,388,92.00000166893005
CUB,WIPT,0.0,123,88,388,94.66667175292969
CUB,Support-only Transformer,0.0,123,88,388,98.66666793823242
CUB,ProtoNet,fixed,123,89,389,92.00000166893005
CUB,WIPT,0.0,123,89,389,94.66667175292969
CUB,Support-only Transformer,0.0,123,89,389,93.33333373069763
CUB,ProtoNet,fixed,123,90,390,93.33333373069763
CUB,WIPT,0.0,123,90,390,92.00000166893005
CUB,Support-only Transformer,0.0,123,90,390,92.00000166893005
CUB,ProtoNet,fixed,123,91,391,97.33333587646484
CUB,WIPT,0.0,123,91,391,97.33333587646484
CUB,Support-only Transformer,0.0,123,91,391,96.00000381469727
CUB,ProtoNet,fixed,123,92,392,98.66666793823242
CUB,WIPT,0.0,123,92,392,98.66666793823242
CUB,Support-only Transformer,0.0,123,92,392,97.33333587646484
CUB,ProtoNet,fixed,123,93,393,98.66666793823242
CUB,WIPT,0.0,123,93,393,98.66666793823242
CUB,Support-only Transformer,0.0,123,93,393,97.33333587646484
CUB,ProtoNet,fixed,123,94,394,98.66666793823242
CUB,WIPT,0.0,123,94,394,100.0
CUB,Support-only Transformer,0.0,123,94,394,98.66666793823242
CUB,ProtoNet,fixed,123,95,395,90.66666960716248
CUB,WIPT,0.0,123,95,395,90.66666960716248
CUB,Support-only Transformer,0.0,123,95,395,92.00000166893005
CUB,ProtoNet,fixed,123,96,396,98.66666793823242
CUB,WIPT,0.0,123,96,396,98.66666793823242
CUB,Support-only Transformer,0.0,123,96,396,100.0
CUB,ProtoNet,fixed,123,97,397,81.33333325386047
CUB,WIPT,0.0,123,97,397,82.66667127609253
CUB,Support-only Transformer,0.0,123,97,397,75.99999904632568
CUB,ProtoNet,fixed,123,98,398,98.66666793823242
CUB,WIPT,0.0,123,98,398,98.66666793823242
CUB,Support-only Transformer,0.0,123,98,398,98.66666793823242
CUB,ProtoNet,fixed,123,99,399,93.33333373069763
CUB,WIPT,0.0,123,99,399,93.33333373069763
CUB,Support-only Transformer,0.0,123,99,399,96.00000381469727
CUB,ProtoNet,fixed,123,100,400,81.33333325386047
CUB,WIPT,0.0,123,100,400,85.33333539962769
CUB,Support-only Transformer,0.0,123,100,400,84.00000333786011
CUB,ProtoNet,fixed,123,101,401,97.33333587646484
CUB,WIPT,0.0,123,101,401,97.33333587646484
CUB,Support-only Transformer,0.0,123,101,401,98.66666793823242
CUB,ProtoNet,fixed,123,102,402,98.66666793823242
CUB,WIPT,0.0,123,102,402,94.66667175292969
CUB,Support-only Transformer,0.0,123,102,402,92.00000166893005
CUB,ProtoNet,fixed,123,103,403,98.66666793823242
CUB,WIPT,0.0,123,103,403,96.00000381469727
CUB,Support-only Transformer,0.0,123,103,403,98.66666793823242
CUB,ProtoNet,fixed,123,104,404,97.33333587646484
CUB,WIPT,0.0,123,104,404,98.66666793823242
CUB,Support-only Transformer,0.0,123,104,404,98.66666793823242
CUB,ProtoNet,fixed,123,105,405,84.00000333786011
CUB,WIPT,0.0,123,105,405,84.00000333786011
CUB,Support-only Transformer,0.0,123,105,405,85.33333539962769
CUB,ProtoNet,fixed,123,106,406,90.66666960716248
CUB,WIPT,0.0,123,106,406,92.00000166893005
CUB,Support-only Transformer,0.0,123,106,406,90.66666960716248
CUB,ProtoNet,fixed,123,107,407,100.0
CUB,WIPT,0.0,123,107,407,100.0
CUB,Support-only Transformer,0.0,123,107,407,98.66666793823242
CUB,ProtoNet,fixed,123,108,408,98.66666793823242
CUB,WIPT,0.0,123,108,408,98.66666793823242
CUB,Support-only Transformer,0.0,123,108,408,98.66666793823242
CUB,ProtoNet,fixed,123,109,409,84.00000333786011
CUB,WIPT,0.0,123,109,409,82.66667127609253
CUB,Support-only Transformer,0.0,123,109,409,84.00000333786011
CUB,ProtoNet,fixed,123,110,410,92.00000166893005
CUB,WIPT,0.0,123,110,410,93.33333373069763
CUB,Support-only Transformer,0.0,123,110,410,94.66667175292969
CUB,ProtoNet,fixed,123,111,411,73.33333492279053
CUB,WIPT,0.0,123,111,411,75.99999904632568
CUB,Support-only Transformer,0.0,123,111,411,73.33333492279053
CUB,ProtoNet,fixed,123,112,412,93.33333373069763
CUB,WIPT,0.0,123,112,412,94.66667175292969
CUB,Support-only Transformer,0.0,123,112,412,94.66667175292969
CUB,ProtoNet,fixed,123,113,413,97.33333587646484
CUB,WIPT,0.0,123,113,413,97.33333587646484
CUB,Support-only Transformer,0.0,123,113,413,97.33333587646484
CUB,ProtoNet,fixed,123,114,414,98.66666793823242
CUB,WIPT,0.0,123,114,414,98.66666793823242
CUB,Support-only Transformer,0.0,123,114,414,98.66666793823242
CUB,ProtoNet,fixed,123,115,415,89.3333375453949
CUB,WIPT,0.0,123,115,415,89.3333375453949
CUB,Support-only Transformer,0.0,123,115,415,90.66666960716248
CUB,ProtoNet,fixed,123,116,416,92.00000166893005
CUB,WIPT,0.0,123,116,416,97.33333587646484
CUB,Support-only Transformer,0.0,123,116,416,96.00000381469727
CUB,ProtoNet,fixed,123,117,417,80.0000011920929
CUB,WIPT,0.0,123,117,417,80.0000011920929
CUB,Support-only Transformer,0.0,123,117,417,81.33333325386047
CUB,ProtoNet,fixed,123,118,418,81.33333325386047
CUB,WIPT,0.0,123,118,418,81.33333325386047
CUB,Support-only Transformer,0.0,123,118,418,82.66667127609253
CUB,ProtoNet,fixed,123,119,419,93.33333373069763
CUB,WIPT,0.0,123,119,419,93.33333373069763
CUB,Support-only Transformer,0.0,123,119,419,93.33333373069763
CUB,ProtoNet,fixed,123,120,420,97.33333587646484
CUB,WIPT,0.0,123,120,420,96.00000381469727
CUB,Support-only Transformer,0.0,123,120,420,96.00000381469727
CUB,ProtoNet,fixed,123,121,421,98.66666793823242
CUB,WIPT,0.0,123,121,421,98.66666793823242
CUB,Support-only Transformer,0.0,123,121,421,98.66666793823242
CUB,ProtoNet,fixed,123,122,422,82.66667127609253
CUB,WIPT,0.0,123,122,422,86.66666746139526
CUB,Support-only Transformer,0.0,123,122,422,87.99999952316284
CUB,ProtoNet,fixed,123,123,423,94.66667175292969
CUB,WIPT,0.0,123,123,423,94.66667175292969
CUB,Support-only Transformer,0.0,123,123,423,94.66667175292969
CUB,ProtoNet,fixed,123,124,424,89.3333375453949
CUB,WIPT,0.0,123,124,424,82.66667127609253
CUB,Support-only Transformer,0.0,123,124,424,92.00000166893005
CUB,ProtoNet,fixed,123,125,425,98.66666793823242
CUB,WIPT,0.0,123,125,425,98.66666793823242
CUB,Support-only Transformer,0.0,123,125,425,100.0
CUB,ProtoNet,fixed,123,126,426,93.33333373069763
CUB,WIPT,0.0,123,126,426,94.66667175292969
CUB,Support-only Transformer,0.0,123,126,426,97.33333587646484
CUB,ProtoNet,fixed,123,127,427,85.33333539962769
CUB,WIPT,0.0,123,127,427,85.33333539962769
CUB,Support-only Transformer,0.0,123,127,427,81.33333325386047
CUB,ProtoNet,fixed,123,128,428,84.00000333786011
CUB,WIPT,0.0,123,128,428,84.00000333786011
CUB,Support-only Transformer,0.0,123,128,428,86.66666746139526
CUB,ProtoNet,fixed,123,129,429,82.66667127609253
CUB,WIPT,0.0,123,129,429,81.33333325386047
CUB,Support-only Transformer,0.0,123,129,429,85.33333539962769
CUB,ProtoNet,fixed,123,130,430,94.66667175292969
CUB,WIPT,0.0,123,130,430,92.00000166893005
CUB,Support-only Transformer,0.0,123,130,430,97.33333587646484
CUB,ProtoNet,fixed,123,131,431,96.00000381469727
CUB,WIPT,0.0,123,131,431,97.33333587646484
CUB,Support-only Transformer,0.0,123,131,431,96.00000381469727
CUB,ProtoNet,fixed,123,132,432,96.00000381469727
CUB,WIPT,0.0,123,132,432,97.33333587646484
CUB,Support-only Transformer,0.0,123,132,432,97.33333587646484
CUB,ProtoNet,fixed,123,133,433,81.33333325386047
CUB,WIPT,0.0,123,133,433,82.66667127609253
CUB,Support-only Transformer,0.0,123,133,433,84.00000333786011
CUB,ProtoNet,fixed,123,134,434,92.00000166893005
CUB,WIPT,0.0,123,134,434,92.00000166893005
CUB,Support-only Transformer,0.0,123,134,434,92.00000166893005
CUB,ProtoNet,fixed,123,135,435,100.0
CUB,WIPT,0.0,123,135,435,98.66666793823242
CUB,Support-only Transformer,0.0,123,135,435,100.0
CUB,ProtoNet,fixed,123,136,436,97.33333587646484
CUB,WIPT,0.0,123,136,436,97.33333587646484
CUB,Support-only Transformer,0.0,123,136,436,97.33333587646484
CUB,ProtoNet,fixed,123,137,437,100.0
CUB,WIPT,0.0,123,137,437,100.0
CUB,Support-only Transformer,0.0,123,137,437,100.0
CUB,ProtoNet,fixed,123,138,438,98.66666793823242
CUB,WIPT,0.0,123,138,438,97.33333587646484
CUB,Support-only Transformer,0.0,123,138,438,100.0
CUB,ProtoNet,fixed,123,139,439,87.99999952316284
CUB,WIPT,0.0,123,139,439,94.66667175292969
CUB,Support-only Transformer,0.0,123,139,439,94.66667175292969
CUB,ProtoNet,fixed,123,140,440,94.66667175292969
CUB,WIPT,0.0,123,140,440,97.33333587646484
CUB,Support-only Transformer,0.0,123,140,440,96.00000381469727
CUB,ProtoNet,fixed,123,141,441,97.33333587646484
CUB,WIPT,0.0,123,141,441,98.66666793823242
CUB,Support-only Transformer,0.0,123,141,441,100.0
CUB,ProtoNet,fixed,123,142,442,100.0
CUB,WIPT,0.0,123,142,442,98.66666793823242
CUB,Support-only Transformer,0.0,123,142,442,97.33333587646484
CUB,ProtoNet,fixed,123,143,443,85.33333539962769
CUB,WIPT,0.0,123,143,443,86.66666746139526
CUB,Support-only Transformer,0.0,123,143,443,86.66666746139526
CUB,ProtoNet,fixed,123,144,444,97.33333587646484
CUB,WIPT,0.0,123,144,444,94.66667175292969
CUB,Support-only Transformer,0.0,123,144,444,98.66666793823242
CUB,ProtoNet,fixed,123,145,445,85.33333539962769
CUB,WIPT,0.0,123,145,445,85.33333539962769
CUB,Support-only Transformer,0.0,123,145,445,86.66666746139526
CUB,ProtoNet,fixed,123,146,446,86.66666746139526
CUB,WIPT,0.0,123,146,446,90.66666960716248
CUB,Support-only Transformer,0.0,123,146,446,92.00000166893005
CUB,ProtoNet,fixed,123,147,447,84.00000333786011
CUB,WIPT,0.0,123,147,447,82.66667127609253
CUB,Support-only Transformer,0.0,123,147,447,90.66666960716248
CUB,ProtoNet,fixed,123,148,448,100.0
CUB,WIPT,0.0,123,148,448,100.0
CUB,Support-only Transformer,0.0,123,148,448,100.0
CUB,ProtoNet,fixed,123,149,449,87.99999952316284
CUB,WIPT,0.0,123,149,449,85.33333539962769
CUB,Support-only Transformer,0.0,123,149,449,86.66666746139526
CUB,ProtoNet,fixed,123,150,450,100.0
CUB,WIPT,0.0,123,150,450,100.0
CUB,Support-only Transformer,0.0,123,150,450,100.0
CUB,ProtoNet,fixed,123,151,451,97.33333587646484
CUB,WIPT,0.0,123,151,451,97.33333587646484
CUB,Support-only Transformer,0.0,123,151,451,96.00000381469727
CUB,ProtoNet,fixed,123,152,452,94.66667175292969
CUB,WIPT,0.0,123,152,452,93.33333373069763
CUB,Support-only Transformer,0.0,123,152,452,94.66667175292969
CUB,ProtoNet,fixed,123,153,453,74.6666669845581
CUB,WIPT,0.0,123,153,453,75.99999904632568
CUB,Support-only Transformer,0.0,123,153,453,77.33333706855774
CUB,ProtoNet,fixed,123,154,454,100.0
CUB,WIPT,0.0,123,154,454,100.0
CUB,Support-only Transformer,0.0,123,154,454,100.0
CUB,ProtoNet,fixed,123,155,455,98.66666793823242
CUB,WIPT,0.0,123,155,455,98.66666793823242
CUB,Support-only Transformer,0.0,123,155,455,97.33333587646484
CUB,ProtoNet,fixed,123,156,456,94.66667175292969
CUB,WIPT,0.0,123,156,456,97.33333587646484
CUB,Support-only Transformer,0.0,123,156,456,97.33333587646484
CUB,ProtoNet,fixed,123,157,457,87.99999952316284
CUB,WIPT,0.0,123,157,457,90.66666960716248
CUB,Support-only Transformer,0.0,123,157,457,87.99999952316284
CUB,ProtoNet,fixed,123,158,458,89.3333375453949
CUB,WIPT,0.0,123,158,458,96.00000381469727
CUB,Support-only Transformer,0.0,123,158,458,93.33333373069763
CUB,ProtoNet,fixed,123,159,459,92.00000166893005
CUB,WIPT,0.0,123,159,459,93.33333373069763
CUB,Support-only Transformer,0.0,123,159,459,94.66667175292969
CUB,ProtoNet,fixed,123,160,460,100.0
CUB,WIPT,0.0,123,160,460,100.0
CUB,Support-only Transformer,0.0,123,160,460,100.0
CUB,ProtoNet,fixed,123,161,461,87.99999952316284
CUB,WIPT,0.0,123,161,461,89.3333375453949
CUB,Support-only Transformer,0.0,123,161,461,87.99999952316284
CUB,ProtoNet,fixed,123,162,462,89.3333375453949
CUB,WIPT,0.0,123,162,462,87.99999952316284
CUB,Support-only Transformer,0.0,123,162,462,87.99999952316284
CUB,ProtoNet,fixed,123,163,463,96.00000381469727
CUB,WIPT,0.0,123,163,463,98.66666793823242
CUB,Support-only Transformer,0.0,123,163,463,98.66666793823242
CUB,ProtoNet,fixed,123,164,464,100.0
CUB,WIPT,0.0,123,164,464,100.0
CUB,Support-only Transformer,0.0,123,164,464,100.0
CUB,ProtoNet,fixed,123,165,465,100.0
CUB,WIPT,0.0,123,165,465,100.0
CUB,Support-only Transformer,0.0,123,165,465,100.0
CUB,ProtoNet,fixed,123,166,466,92.00000166893005
CUB,WIPT,0.0,123,166,466,86.66666746139526
CUB,Support-only Transformer,0.0,123,166,466,86.66666746139526
CUB,ProtoNet,fixed,123,167,467,96.00000381469727
CUB,WIPT,0.0,123,167,467,97.33333587646484
CUB,Support-only Transformer,0.0,123,167,467,97.33333587646484
CUB,ProtoNet,fixed,123,168,468,74.6666669845581
CUB,WIPT,0.0,123,168,468,81.33333325386047
CUB,Support-only Transformer,0.0,123,168,468,81.33333325386047
CUB,ProtoNet,fixed,123,169,469,87.99999952316284
CUB,WIPT,0.0,123,169,469,90.66666960716248
CUB,Support-only Transformer,0.0,123,169,469,92.00000166893005
CUB,ProtoNet,fixed,123,170,470,97.33333587646484
CUB,WIPT,0.0,123,170,470,98.66666793823242
CUB,Support-only Transformer,0.0,123,170,470,97.33333587646484
CUB,ProtoNet,fixed,123,171,471,80.0000011920929
CUB,WIPT,0.0,123,171,471,80.0000011920929
CUB,Support-only Transformer,0.0,123,171,471,84.00000333786011
CUB,ProtoNet,fixed,123,172,472,97.33333587646484
CUB,WIPT,0.0,123,172,472,100.0
CUB,Support-only Transformer,0.0,123,172,472,100.0
CUB,ProtoNet,fixed,123,173,473,98.66666793823242
CUB,WIPT,0.0,123,173,473,98.66666793823242
CUB,Support-only Transformer,0.0,123,173,473,100.0
CUB,ProtoNet,fixed,123,174,474,90.66666960716248
CUB,WIPT,0.0,123,174,474,92.00000166893005
CUB,Support-only Transformer,0.0,123,174,474,92.00000166893005
CUB,ProtoNet,fixed,123,175,475,94.66667175292969
CUB,WIPT,0.0,123,175,475,94.66667175292969
CUB,Support-only Transformer,0.0,123,175,475,94.66667175292969
CUB,ProtoNet,fixed,123,176,476,100.0
CUB,WIPT,0.0,123,176,476,100.0
CUB,Support-only Transformer,0.0,123,176,476,100.0
CUB,ProtoNet,fixed,123,177,477,87.99999952316284
CUB,WIPT,0.0,123,177,477,86.66666746139526
CUB,Support-only Transformer,0.0,123,177,477,89.3333375453949
CUB,ProtoNet,fixed,123,178,478,75.99999904632568
CUB,WIPT,0.0,123,178,478,73.33333492279053
CUB,Support-only Transformer,0.0,123,178,478,75.99999904632568
CUB,ProtoNet,fixed,123,179,479,77.33333706855774
CUB,WIPT,0.0,123,179,479,78.66666913032532
CUB,Support-only Transformer,0.0,123,179,479,70.66667079925537
CUB,ProtoNet,fixed,123,180,480,94.66667175292969
CUB,WIPT,0.0,123,180,480,94.66667175292969
CUB,Support-only Transformer,0.0,123,180,480,93.33333373069763
CUB,ProtoNet,fixed,123,181,481,96.00000381469727
CUB,WIPT,0.0,123,181,481,93.33333373069763
CUB,Support-only Transformer,0.0,123,181,481,93.33333373069763
CUB,ProtoNet,fixed,123,182,482,87.99999952316284
CUB,WIPT,0.0,123,182,482,86.66666746139526
CUB,Support-only Transformer,0.0,123,182,482,87.99999952316284
CUB,ProtoNet,fixed,123,183,483,87.99999952316284
CUB,WIPT,0.0,123,183,483,94.66667175292969
CUB,Support-only Transformer,0.0,123,183,483,92.00000166893005
CUB,ProtoNet,fixed,123,184,484,100.0
CUB,WIPT,0.0,123,184,484,100.0
CUB,Support-only Transformer,0.0,123,184,484,100.0
CUB,ProtoNet,fixed,123,185,485,87.99999952316284
CUB,WIPT,0.0,123,185,485,90.66666960716248
CUB,Support-only Transformer,0.0,123,185,485,92.00000166893005
CUB,ProtoNet,fixed,123,186,486,100.0
CUB,WIPT,0.0,123,186,486,100.0
CUB,Support-only Transformer,0.0,123,186,486,100.0
CUB,ProtoNet,fixed,123,187,487,89.3333375453949
CUB,WIPT,0.0,123,187,487,90.66666960716248
CUB,Support-only Transformer,0.0,123,187,487,90.66666960716248
CUB,ProtoNet,fixed,123,188,488,96.00000381469727
CUB,WIPT,0.0,123,188,488,94.66667175292969
CUB,Support-only Transformer,0.0,123,188,488,81.33333325386047
CUB,ProtoNet,fixed,123,189,489,84.00000333786011
CUB,WIPT,0.0,123,189,489,84.00000333786011
CUB,Support-only Transformer,0.0,123,189,489,85.33333539962769
CUB,ProtoNet,fixed,123,190,490,97.33333587646484
CUB,WIPT,0.0,123,190,490,98.66666793823242
CUB,Support-only Transformer,0.0,123,190,490,98.66666793823242
CUB,ProtoNet,fixed,123,191,491,93.33333373069763
CUB,WIPT,0.0,123,191,491,93.33333373069763
CUB,Support-only Transformer,0.0,123,191,491,86.66666746139526
CUB,ProtoNet,fixed,123,192,492,97.33333587646484
CUB,WIPT,0.0,123,192,492,98.66666793823242
CUB,Support-only Transformer,0.0,123,192,492,98.66666793823242
CUB,ProtoNet,fixed,123,193,493,87.99999952316284
CUB,WIPT,0.0,123,193,493,87.99999952316284
CUB,Support-only Transformer,0.0,123,193,493,94.66667175292969
CUB,ProtoNet,fixed,123,194,494,96.00000381469727
CUB,WIPT,0.0,123,194,494,96.00000381469727
CUB,Support-only Transformer,0.0,123,194,494,96.00000381469727
CUB,ProtoNet,fixed,123,195,495,98.66666793823242
CUB,WIPT,0.0,123,195,495,98.66666793823242
CUB,Support-only Transformer,0.0,123,195,495,98.66666793823242
CUB,ProtoNet,fixed,123,196,496,84.00000333786011
CUB,WIPT,0.0,123,196,496,90.66666960716248
CUB,Support-only Transformer,0.0,123,196,496,92.00000166893005
CUB,ProtoNet,fixed,123,197,497,98.66666793823242
CUB,WIPT,0.0,123,197,497,98.66666793823242
CUB,Support-only Transformer,0.0,123,197,497,96.00000381469727
CUB,ProtoNet,fixed,123,198,498,98.66666793823242
CUB,WIPT,0.0,123,198,498,97.33333587646484
CUB,Support-only Transformer,0.0,123,198,498,97.33333587646484
CUB,ProtoNet,fixed,123,199,499,100.0
CUB,WIPT,0.0,123,199,499,98.66666793823242
CUB,Support-only Transformer,0.0,123,199,499,98.66666793823242
CUB,ProtoNet,fixed,123,200,500,98.66666793823242
CUB,WIPT,0.0,123,200,500,98.66666793823242
CUB,Support-only Transformer,0.0,123,200,500,98.66666793823242
CUB,ProtoNet,fixed,123,201,501,97.33333587646484
CUB,WIPT,0.0,123,201,501,97.33333587646484
CUB,Support-only Transformer,0.0,123,201,501,97.33333587646484
CUB,ProtoNet,fixed,123,202,502,100.0
CUB,WIPT,0.0,123,202,502,97.33333587646484
CUB,Support-only Transformer,0.0,123,202,502,97.33333587646484
CUB,ProtoNet,fixed,123,203,503,98.66666793823242
CUB,WIPT,0.0,123,203,503,100.0
CUB,Support-only Transformer,0.0,123,203,503,100.0
CUB,ProtoNet,fixed,123,204,504,98.66666793823242
CUB,WIPT,0.0,123,204,504,98.66666793823242
CUB,Support-only Transformer,0.0,123,204,504,98.66666793823242
CUB,ProtoNet,fixed,123,205,505,80.0000011920929
CUB,WIPT,0.0,123,205,505,81.33333325386047
CUB,Support-only Transformer,0.0,123,205,505,80.0000011920929
CUB,ProtoNet,fixed,123,206,506,82.66667127609253
CUB,WIPT,0.0,123,206,506,82.66667127609253
CUB,Support-only Transformer,0.0,123,206,506,84.00000333786011
CUB,ProtoNet,fixed,123,207,507,90.66666960716248
CUB,WIPT,0.0,123,207,507,92.00000166893005
CUB,Support-only Transformer,0.0,123,207,507,92.00000166893005
CUB,ProtoNet,fixed,123,208,508,94.66667175292969
CUB,WIPT,0.0,123,208,508,94.66667175292969
CUB,Support-only Transformer,0.0,123,208,508,94.66667175292969
CUB,ProtoNet,fixed,123,209,509,100.0
CUB,WIPT,0.0,123,209,509,100.0
CUB,Support-only Transformer,0.0,123,209,509,100.0
CUB,ProtoNet,fixed,123,210,510,98.66666793823242
CUB,WIPT,0.0,123,210,510,97.33333587646484
CUB,Support-only Transformer,0.0,123,210,510,97.33333587646484
CUB,ProtoNet,fixed,123,211,511,98.66666793823242
CUB,WIPT,0.0,123,211,511,98.66666793823242
CUB,Support-only Transformer,0.0,123,211,511,100.0
CUB,ProtoNet,fixed,123,212,512,100.0
CUB,WIPT,0.0,123,212,512,100.0
CUB,Support-only Transformer,0.0,123,212,512,100.0
CUB,ProtoNet,fixed,123,213,513,97.33333587646484
CUB,WIPT,0.0,123,213,513,97.33333587646484
CUB,Support-only Transformer,0.0,123,213,513,98.66666793823242
CUB,ProtoNet,fixed,123,214,514,97.33333587646484
CUB,WIPT,0.0,123,214,514,97.33333587646484
CUB,Support-only Transformer,0.0,123,214,514,97.33333587646484
CUB,ProtoNet,fixed,123,215,515,96.00000381469727
CUB,WIPT,0.0,123,215,515,94.66667175292969
CUB,Support-only Transformer,0.0,123,215,515,94.66667175292969
CUB,ProtoNet,fixed,123,216,516,70.66667079925537
CUB,WIPT,0.0,123,216,516,69.33333277702332
CUB,Support-only Transformer,0.0,123,216,516,70.66667079925537
CUB,ProtoNet,fixed,123,217,517,96.00000381469727
CUB,WIPT,0.0,123,217,517,96.00000381469727
CUB,Support-only Transformer,0.0,123,217,517,96.00000381469727
CUB,ProtoNet,fixed,123,218,518,87.99999952316284
CUB,WIPT,0.0,123,218,518,89.3333375453949
CUB,Support-only Transformer,0.0,123,218,518,87.99999952316284
CUB,ProtoNet,fixed,123,219,519,98.66666793823242
CUB,WIPT,0.0,123,219,519,98.66666793823242
CUB,Support-only Transformer,0.0,123,219,519,98.66666793823242
CUB,ProtoNet,fixed,123,220,520,96.00000381469727
CUB,WIPT,0.0,123,220,520,97.33333587646484
CUB,Support-only Transformer,0.0,123,220,520,97.33333587646484
CUB,ProtoNet,fixed,123,221,521,100.0
CUB,WIPT,0.0,123,221,521,100.0
CUB,Support-only Transformer,0.0,123,221,521,100.0
CUB,ProtoNet,fixed,123,222,522,100.0
CUB,WIPT,0.0,123,222,522,100.0
CUB,Support-only Transformer,0.0,123,222,522,100.0
CUB,ProtoNet,fixed,123,223,523,100.0
CUB,WIPT,0.0,123,223,523,100.0
CUB,Support-only Transformer,0.0,123,223,523,100.0
CUB,ProtoNet,fixed,123,224,524,94.66667175292969
CUB,WIPT,0.0,123,224,524,92.00000166893005
CUB,Support-only Transformer,0.0,123,224,524,92.00000166893005
CUB,ProtoNet,fixed,123,225,525,97.33333587646484
CUB,WIPT,0.0,123,225,525,93.33333373069763
CUB,Support-only Transformer,0.0,123,225,525,93.33333373069763
CUB,ProtoNet,fixed,123,226,526,89.3333375453949
CUB,WIPT,0.0,123,226,526,93.33333373069763
CUB,Support-only Transformer,0.0,123,226,526,92.00000166893005
CUB,ProtoNet,fixed,123,227,527,92.00000166893005
CUB,WIPT,0.0,123,227,527,93.33333373069763
CUB,Support-only Transformer,0.0,123,227,527,97.33333587646484
CUB,ProtoNet,fixed,123,228,528,97.33333587646484
CUB,WIPT,0.0,123,228,528,96.00000381469727
CUB,Support-only Transformer,0.0,123,228,528,96.00000381469727
CUB,ProtoNet,fixed,123,229,529,84.00000333786011
CUB,WIPT,0.0,123,229,529,86.66666746139526
CUB,Support-only Transformer,0.0,123,229,529,85.33333539962769
CUB,ProtoNet,fixed,123,230,530,90.66666960716248
CUB,WIPT,0.0,123,230,530,93.33333373069763
CUB,Support-only Transformer,0.0,123,230,530,94.66667175292969
CUB,ProtoNet,fixed,123,231,531,97.33333587646484
CUB,WIPT,0.0,123,231,531,98.66666793823242
CUB,Support-only Transformer,0.0,123,231,531,100.0
CUB,ProtoNet,fixed,123,232,532,100.0
CUB,WIPT,0.0,123,232,532,100.0
CUB,Support-only Transformer,0.0,123,232,532,100.0
CUB,ProtoNet,fixed,123,233,533,92.00000166893005
CUB,WIPT,0.0,123,233,533,93.33333373069763
CUB,Support-only Transformer,0.0,123,233,533,90.66666960716248
CUB,ProtoNet,fixed,123,234,534,98.66666793823242
CUB,WIPT,0.0,123,234,534,98.66666793823242
CUB,Support-only Transformer,0.0,123,234,534,100.0
CUB,ProtoNet,fixed,123,235,535,98.66666793823242
CUB,WIPT,0.0,123,235,535,98.66666793823242
CUB,Support-only Transformer,0.0,123,235,535,98.66666793823242
CUB,ProtoNet,fixed,123,236,536,97.33333587646484
CUB,WIPT,0.0,123,236,536,98.66666793823242
CUB,Support-only Transformer,0.0,123,236,536,97.33333587646484
CUB,ProtoNet,fixed,123,237,537,80.0000011920929
CUB,WIPT,0.0,123,237,537,81.33333325386047
CUB,Support-only Transformer,0.0,123,237,537,82.66667127609253
CUB,ProtoNet,fixed,123,238,538,97.33333587646484
CUB,WIPT,0.0,123,238,538,97.33333587646484
CUB,Support-only Transformer,0.0,123,238,538,100.0
CUB,ProtoNet,fixed,123,239,539,100.0
CUB,WIPT,0.0,123,239,539,100.0
CUB,Support-only Transformer,0.0,123,239,539,100.0
CUB,ProtoNet,fixed,123,240,540,96.00000381469727
CUB,WIPT,0.0,123,240,540,96.00000381469727
CUB,Support-only Transformer,0.0,123,240,540,96.00000381469727
CUB,ProtoNet,fixed,123,241,541,100.0
CUB,WIPT,0.0,123,241,541,100.0
CUB,Support-only Transformer,0.0,123,241,541,98.66666793823242
CUB,ProtoNet,fixed,123,242,542,96.00000381469727
CUB,WIPT,0.0,123,242,542,97.33333587646484
CUB,Support-only Transformer,0.0,123,242,542,97.33333587646484
CUB,ProtoNet,fixed,123,243,543,90.66666960716248
CUB,WIPT,0.0,123,243,543,90.66666960716248
CUB,Support-only Transformer,0.0,123,243,543,86.66666746139526
CUB,ProtoNet,fixed,123,244,544,100.0
CUB,WIPT,0.0,123,244,544,100.0
CUB,Support-only Transformer,0.0,123,244,544,98.66666793823242
CUB,ProtoNet,fixed,123,245,545,98.66666793823242
CUB,WIPT,0.0,123,245,545,98.66666793823242
CUB,Support-only Transformer,0.0,123,245,545,98.66666793823242
CUB,ProtoNet,fixed,123,246,546,86.66666746139526
CUB,WIPT,0.0,123,246,546,86.66666746139526
CUB,Support-only Transformer,0.0,123,246,546,93.33333373069763
CUB,ProtoNet,fixed,123,247,547,97.33333587646484
CUB,WIPT,0.0,123,247,547,97.33333587646484
CUB,Support-only Transformer,0.0,123,247,547,97.33333587646484
CUB,ProtoNet,fixed,123,248,548,97.33333587646484
CUB,WIPT,0.0,123,248,548,97.33333587646484
CUB,Support-only Transformer,0.0,123,248,548,98.66666793823242
CUB,ProtoNet,fixed,123,249,549,96.00000381469727
CUB,WIPT,0.0,123,249,549,96.00000381469727
CUB,Support-only Transformer,0.0,123,249,549,96.00000381469727
CUB,ProtoNet,fixed,123,250,550,87.99999952316284
CUB,WIPT,0.0,123,250,550,82.66667127609253
CUB,Support-only Transformer,0.0,123,250,550,85.33333539962769
CUB,ProtoNet,fixed,123,251,551,89.3333375453949
CUB,WIPT,0.0,123,251,551,92.00000166893005
CUB,Support-only Transformer,0.0,123,251,551,94.66667175292969
CUB,ProtoNet,fixed,123,252,552,87.99999952316284
CUB,WIPT,0.0,123,252,552,89.3333375453949
CUB,Support-only Transformer,0.0,123,252,552,90.66666960716248
CUB,ProtoNet,fixed,123,253,553,82.66667127609253
CUB,WIPT,0.0,123,253,553,92.00000166893005
CUB,Support-only Transformer,0.0,123,253,553,85.33333539962769
CUB,ProtoNet,fixed,123,254,554,84.00000333786011
CUB,WIPT,0.0,123,254,554,82.66667127609253
CUB,Support-only Transformer,0.0,123,254,554,82.66667127609253
CUB,ProtoNet,fixed,123,255,555,89.3333375453949
CUB,WIPT,0.0,123,255,555,87.99999952316284
CUB,Support-only Transformer,0.0,123,255,555,89.3333375453949
CUB,ProtoNet,fixed,123,256,556,94.66667175292969
CUB,WIPT,0.0,123,256,556,94.66667175292969
CUB,Support-only Transformer,0.0,123,256,556,94.66667175292969
CUB,ProtoNet,fixed,123,257,557,80.0000011920929
CUB,WIPT,0.0,123,257,557,89.3333375453949
CUB,Support-only Transformer,0.0,123,257,557,93.33333373069763
CUB,ProtoNet,fixed,123,258,558,100.0
CUB,WIPT,0.0,123,258,558,100.0
CUB,Support-only Transformer,0.0,123,258,558,100.0
CUB,ProtoNet,fixed,123,259,559,94.66667175292969
CUB,WIPT,0.0,123,259,559,98.66666793823242
CUB,Support-only Transformer,0.0,123,259,559,97.33333587646484
CUB,ProtoNet,fixed,123,260,560,100.0
CUB,WIPT,0.0,123,260,560,100.0
CUB,Support-only Transformer,0.0,123,260,560,100.0
CUB,ProtoNet,fixed,123,261,561,94.66667175292969
CUB,WIPT,0.0,123,261,561,98.66666793823242
CUB,Support-only Transformer,0.0,123,261,561,93.33333373069763
CUB,ProtoNet,fixed,123,262,562,89.3333375453949
CUB,WIPT,0.0,123,262,562,87.99999952316284
CUB,Support-only Transformer,0.0,123,262,562,85.33333539962769
CUB,ProtoNet,fixed,123,263,563,100.0
CUB,WIPT,0.0,123,263,563,98.66666793823242
CUB,Support-only Transformer,0.0,123,263,563,97.33333587646484
CUB,ProtoNet,fixed,123,264,564,96.00000381469727
CUB,WIPT,0.0,123,264,564,96.00000381469727
CUB,Support-only Transformer,0.0,123,264,564,96.00000381469727
CUB,ProtoNet,fixed,123,265,565,93.33333373069763
CUB,WIPT,0.0,123,265,565,90.66666960716248
CUB,Support-only Transformer,0.0,123,265,565,93.33333373069763
CUB,ProtoNet,fixed,123,266,566,90.66666960716248
CUB,WIPT,0.0,123,266,566,90.66666960716248
CUB,Support-only Transformer,0.0,123,266,566,89.3333375453949
CUB,ProtoNet,fixed,123,267,567,85.33333539962769
CUB,WIPT,0.0,123,267,567,87.99999952316284
CUB,Support-only Transformer,0.0,123,267,567,85.33333539962769
CUB,ProtoNet,fixed,123,268,568,80.0000011920929
CUB,WIPT,0.0,123,268,568,77.33333706855774
CUB,Support-only Transformer,0.0,123,268,568,78.66666913032532
CUB,ProtoNet,fixed,123,269,569,86.66666746139526
CUB,WIPT,0.0,123,269,569,86.66666746139526
CUB,Support-only Transformer,0.0,123,269,569,86.66666746139526
CUB,ProtoNet,fixed,123,270,570,96.00000381469727
CUB,WIPT,0.0,123,270,570,96.00000381469727
CUB,Support-only Transformer,0.0,123,270,570,96.00000381469727
CUB,ProtoNet,fixed,123,271,571,84.00000333786011
CUB,WIPT,0.0,123,271,571,87.99999952316284
CUB,Support-only Transformer,0.0,123,271,571,90.66666960716248
CUB,ProtoNet,fixed,123,272,572,97.33333587646484
CUB,WIPT,0.0,123,272,572,97.33333587646484
CUB,Support-only Transformer,0.0,123,272,572,97.33333587646484
CUB,ProtoNet,fixed,123,273,573,94.66667175292969
CUB,WIPT,0.0,123,273,573,98.66666793823242
CUB,Support-only Transformer,0.0,123,273,573,97.33333587646484
CUB,ProtoNet,fixed,123,274,574,94.66667175292969
CUB,WIPT,0.0,123,274,574,96.00000381469727
CUB,Support-only Transformer,0.0,123,274,574,96.00000381469727
CUB,ProtoNet,fixed,123,275,575,90.66666960716248
CUB,WIPT,0.0,123,275,575,92.00000166893005
CUB,Support-only Transformer,0.0,123,275,575,92.00000166893005
CUB,ProtoNet,fixed,123,276,576,84.00000333786011
CUB,WIPT,0.0,123,276,576,84.00000333786011
CUB,Support-only Transformer,0.0,123,276,576,86.66666746139526
CUB,ProtoNet,fixed,123,277,577,96.00000381469727
CUB,WIPT,0.0,123,277,577,98.66666793823242
CUB,Support-only Transformer,0.0,123,277,577,97.33333587646484
CUB,ProtoNet,fixed,123,278,578,96.00000381469727
CUB,WIPT,0.0,123,278,578,93.33333373069763
CUB,Support-only Transformer,0.0,123,278,578,93.33333373069763
CUB,ProtoNet,fixed,123,279,579,84.00000333786011
CUB,WIPT,0.0,123,279,579,84.00000333786011
CUB,Support-only Transformer,0.0,123,279,579,84.00000333786011
CUB,ProtoNet,fixed,123,280,580,96.00000381469727
CUB,WIPT,0.0,123,280,580,96.00000381469727
CUB,Support-only Transformer,0.0,123,280,580,97.33333587646484
CUB,ProtoNet,fixed,123,281,581,98.66666793823242
CUB,WIPT,0.0,123,281,581,100.0
CUB,Support-only Transformer,0.0,123,281,581,100.0
CUB,ProtoNet,fixed,123,282,582,82.66667127609253
CUB,WIPT,0.0,123,282,582,85.33333539962769
CUB,Support-only Transformer,0.0,123,282,582,84.00000333786011
CUB,ProtoNet,fixed,123,283,583,98.66666793823242
CUB,WIPT,0.0,123,283,583,98.66666793823242
CUB,Support-only Transformer,0.0,123,283,583,98.66666793823242
CUB,ProtoNet,fixed,123,284,584,81.33333325386047
CUB,WIPT,0.0,123,284,584,82.66667127609253
CUB,Support-only Transformer,0.0,123,284,584,90.66666960716248
CUB,ProtoNet,fixed,123,285,585,87.99999952316284
CUB,WIPT,0.0,123,285,585,87.99999952316284
CUB,Support-only Transformer,0.0,123,285,585,87.99999952316284
CUB,ProtoNet,fixed,123,286,586,97.33333587646484
CUB,WIPT,0.0,123,286,586,97.33333587646484
CUB,Support-only Transformer,0.0,123,286,586,98.66666793823242
CUB,ProtoNet,fixed,123,287,587,96.00000381469727
CUB,WIPT,0.0,123,287,587,96.00000381469727
CUB,Support-only Transformer,0.0,123,287,587,93.33333373069763
CUB,ProtoNet,fixed,123,288,588,100.0
CUB,WIPT,0.0,123,288,588,100.0
CUB,Support-only Transformer,0.0,123,288,588,100.0
CUB,ProtoNet,fixed,123,289,589,98.66666793823242
CUB,WIPT,0.0,123,289,589,98.66666793823242
CUB,Support-only Transformer,0.0,123,289,589,100.0
CUB,ProtoNet,fixed,123,290,590,97.33333587646484
CUB,WIPT,0.0,123,290,590,97.33333587646484
CUB,Support-only Transformer,0.0,123,290,590,97.33333587646484
CUB,ProtoNet,fixed,123,291,591,98.66666793823242
CUB,WIPT,0.0,123,291,591,98.66666793823242
CUB,Support-only Transformer,0.0,123,291,591,98.66666793823242
CUB,ProtoNet,fixed,123,292,592,96.00000381469727
CUB,WIPT,0.0,123,292,592,96.00000381469727
CUB,Support-only Transformer,0.0,123,292,592,97.33333587646484
CUB,ProtoNet,fixed,123,293,593,96.00000381469727
CUB,WIPT,0.0,123,293,593,97.33333587646484
CUB,Support-only Transformer,0.0,123,293,593,94.66667175292969
CUB,ProtoNet,fixed,123,294,594,89.3333375453949
CUB,WIPT,0.0,123,294,594,89.3333375453949
CUB,Support-only Transformer,0.0,123,294,594,89.3333375453949
CUB,ProtoNet,fixed,123,295,595,100.0
CUB,WIPT,0.0,123,295,595,100.0
CUB,Support-only Transformer,0.0,123,295,595,98.66666793823242
CUB,ProtoNet,fixed,123,296,596,87.99999952316284
CUB,WIPT,0.0,123,296,596,87.99999952316284
CUB,Support-only Transformer,0.0,123,296,596,86.66666746139526
CUB,ProtoNet,fixed,123,297,597,80.0000011920929
CUB,WIPT,0.0,123,297,597,78.66666913032532
CUB,Support-only Transformer,0.0,123,297,597,80.0000011920929
CUB,ProtoNet,fixed,123,298,598,98.66666793823242
CUB,WIPT,0.0,123,298,598,97.33333587646484
CUB,Support-only Transformer,0.0,123,298,598,98.66666793823242
CUB,ProtoNet,fixed,123,299,599,90.66666960716248
CUB,WIPT,0.0,123,299,599,93.33333373069763
CUB,Support-only Transformer,0.0,123,299,599,92.00000166893005
CUB,ProtoNet,fixed,2024,0,600,96.00000381469727
CUB,WIPT,0.0,2024,0,600,93.33333373069763
CUB,Support-only Transformer,0.0,2024,0,600,94.66667175292969
CUB,ProtoNet,fixed,2024,1,601,87.99999952316284
CUB,WIPT,0.0,2024,1,601,92.00000166893005
CUB,Support-only Transformer,0.0,2024,1,601,84.00000333786011
CUB,ProtoNet,fixed,2024,2,602,90.66666960716248
CUB,WIPT,0.0,2024,2,602,92.00000166893005
CUB,Support-only Transformer,0.0,2024,2,602,89.3333375453949
CUB,ProtoNet,fixed,2024,3,603,94.66667175292969
CUB,WIPT,0.0,2024,3,603,93.33333373069763
CUB,Support-only Transformer,0.0,2024,3,603,93.33333373069763
CUB,ProtoNet,fixed,2024,4,604,100.0
CUB,WIPT,0.0,2024,4,604,100.0
CUB,Support-only Transformer,0.0,2024,4,604,100.0
CUB,ProtoNet,fixed,2024,5,605,100.0
CUB,WIPT,0.0,2024,5,605,100.0
CUB,Support-only Transformer,0.0,2024,5,605,100.0
CUB,ProtoNet,fixed,2024,6,606,70.66667079925537
CUB,WIPT,0.0,2024,6,606,75.99999904632568
CUB,Support-only Transformer,0.0,2024,6,606,80.0000011920929
CUB,ProtoNet,fixed,2024,7,607,93.33333373069763
CUB,WIPT,0.0,2024,7,607,90.66666960716248
CUB,Support-only Transformer,0.0,2024,7,607,86.66666746139526
CUB,ProtoNet,fixed,2024,8,608,87.99999952316284
CUB,WIPT,0.0,2024,8,608,89.3333375453949
CUB,Support-only Transformer,0.0,2024,8,608,87.99999952316284
CUB,ProtoNet,fixed,2024,9,609,73.33333492279053
CUB,WIPT,0.0,2024,9,609,74.6666669845581
CUB,Support-only Transformer,0.0,2024,9,609,75.99999904632568
CUB,ProtoNet,fixed,2024,10,610,98.66666793823242
CUB,WIPT,0.0,2024,10,610,97.33333587646484
CUB,Support-only Transformer,0.0,2024,10,610,98.66666793823242
CUB,ProtoNet,fixed,2024,11,611,86.66666746139526
CUB,WIPT,0.0,2024,11,611,89.3333375453949
CUB,Support-only Transformer,0.0,2024,11,611,84.00000333786011
CUB,ProtoNet,fixed,2024,12,612,97.33333587646484
CUB,WIPT,0.0,2024,12,612,98.66666793823242
CUB,Support-only Transformer,0.0,2024,12,612,98.66666793823242
CUB,ProtoNet,fixed,2024,13,613,96.00000381469727
CUB,WIPT,0.0,2024,13,613,96.00000381469727
CUB,Support-only Transformer,0.0,2024,13,613,92.00000166893005
CUB,ProtoNet,fixed,2024,14,614,98.66666793823242
CUB,WIPT,0.0,2024,14,614,98.66666793823242
CUB,Support-only Transformer,0.0,2024,14,614,97.33333587646484
CUB,ProtoNet,fixed,2024,15,615,96.00000381469727
CUB,WIPT,0.0,2024,15,615,98.66666793823242
CUB,Support-only Transformer,0.0,2024,15,615,97.33333587646484
CUB,ProtoNet,fixed,2024,16,616,72.00000286102295
CUB,WIPT,0.0,2024,16,616,72.00000286102295
CUB,Support-only Transformer,0.0,2024,16,616,77.33333706855774
CUB,ProtoNet,fixed,2024,17,617,98.66666793823242
CUB,WIPT,0.0,2024,17,617,97.33333587646484
CUB,Support-only Transformer,0.0,2024,17,617,97.33333587646484
CUB,ProtoNet,fixed,2024,18,618,94.66667175292969
CUB,WIPT,0.0,2024,18,618,92.00000166893005
CUB,Support-only Transformer,0.0,2024,18,618,93.33333373069763
CUB,ProtoNet,fixed,2024,19,619,98.66666793823242
CUB,WIPT,0.0,2024,19,619,98.66666793823242
CUB,Support-only Transformer,0.0,2024,19,619,97.33333587646484
CUB,ProtoNet,fixed,2024,20,620,94.66667175292969
CUB,WIPT,0.0,2024,20,620,94.66667175292969
CUB,Support-only Transformer,0.0,2024,20,620,94.66667175292969
CUB,ProtoNet,fixed,2024,21,621,96.00000381469727
CUB,WIPT,0.0,2024,21,621,94.66667175292969
CUB,Support-only Transformer,0.0,2024,21,621,92.00000166893005
CUB,ProtoNet,fixed,2024,22,622,82.66667127609253
CUB,WIPT,0.0,2024,22,622,82.66667127609253
CUB,Support-only Transformer,0.0,2024,22,622,75.99999904632568
CUB,ProtoNet,fixed,2024,23,623,77.33333706855774
CUB,WIPT,0.0,2024,23,623,75.99999904632568
CUB,Support-only Transformer,0.0,2024,23,623,74.6666669845581
CUB,ProtoNet,fixed,2024,24,624,69.33333277702332
CUB,WIPT,0.0,2024,24,624,66.66666865348816
CUB,Support-only Transformer,0.0,2024,24,624,74.6666669845581
CUB,ProtoNet,fixed,2024,25,625,82.66667127609253
CUB,WIPT,0.0,2024,25,625,80.0000011920929
CUB,Support-only Transformer,0.0,2024,25,625,78.66666913032532
CUB,ProtoNet,fixed,2024,26,626,94.66667175292969
CUB,WIPT,0.0,2024,26,626,94.66667175292969
CUB,Support-only Transformer,0.0,2024,26,626,98.66666793823242
CUB,ProtoNet,fixed,2024,27,627,96.00000381469727
CUB,WIPT,0.0,2024,27,627,96.00000381469727
CUB,Support-only Transformer,0.0,2024,27,627,93.33333373069763
CUB,ProtoNet,fixed,2024,28,628,96.00000381469727
CUB,WIPT,0.0,2024,28,628,97.33333587646484
CUB,Support-only Transformer,0.0,2024,28,628,96.00000381469727
CUB,ProtoNet,fixed,2024,29,629,100.0
CUB,WIPT,0.0,2024,29,629,100.0
CUB,Support-only Transformer,0.0,2024,29,629,98.66666793823242
CUB,ProtoNet,fixed,2024,30,630,75.99999904632568
CUB,WIPT,0.0,2024,30,630,75.99999904632568
CUB,Support-only Transformer,0.0,2024,30,630,78.66666913032532
CUB,ProtoNet,fixed,2024,31,631,97.33333587646484
CUB,WIPT,0.0,2024,31,631,97.33333587646484
CUB,Support-only Transformer,0.0,2024,31,631,96.00000381469727
CUB,ProtoNet,fixed,2024,32,632,97.33333587646484
CUB,WIPT,0.0,2024,32,632,97.33333587646484
CUB,Support-only Transformer,0.0,2024,32,632,98.66666793823242
CUB,ProtoNet,fixed,2024,33,633,89.3333375453949
CUB,WIPT,0.0,2024,33,633,89.3333375453949
CUB,Support-only Transformer,0.0,2024,33,633,92.00000166893005
CUB,ProtoNet,fixed,2024,34,634,89.3333375453949
CUB,WIPT,0.0,2024,34,634,82.66667127609253
CUB,Support-only Transformer,0.0,2024,34,634,100.0
CUB,ProtoNet,fixed,2024,35,635,94.66667175292969
CUB,WIPT,0.0,2024,35,635,96.00000381469727
CUB,Support-only Transformer,0.0,2024,35,635,92.00000166893005
CUB,ProtoNet,fixed,2024,36,636,94.66667175292969
CUB,WIPT,0.0,2024,36,636,94.66667175292969
CUB,Support-only Transformer,0.0,2024,36,636,92.00000166893005
CUB,ProtoNet,fixed,2024,37,637,94.66667175292969
CUB,WIPT,0.0,2024,37,637,94.66667175292969
CUB,Support-only Transformer,0.0,2024,37,637,97.33333587646484
CUB,ProtoNet,fixed,2024,38,638,100.0
CUB,WIPT,0.0,2024,38,638,100.0
CUB,Support-only Transformer,0.0,2024,38,638,98.66666793823242
CUB,ProtoNet,fixed,2024,39,639,93.33333373069763
CUB,WIPT,0.0,2024,39,639,90.66666960716248
CUB,Support-only Transformer,0.0,2024,39,639,92.00000166893005
CUB,ProtoNet,fixed,2024,40,640,89.3333375453949
CUB,WIPT,0.0,2024,40,640,97.33333587646484
CUB,Support-only Transformer,0.0,2024,40,640,100.0
CUB,ProtoNet,fixed,2024,41,641,97.33333587646484
CUB,WIPT,0.0,2024,41,641,98.66666793823242
CUB,Support-only Transformer,0.0,2024,41,641,98.66666793823242
CUB,ProtoNet,fixed,2024,42,642,80.0000011920929
CUB,WIPT,0.0,2024,42,642,81.33333325386047
CUB,Support-only Transformer,0.0,2024,42,642,84.00000333786011
CUB,ProtoNet,fixed,2024,43,643,100.0
CUB,WIPT,0.0,2024,43,643,100.0
CUB,Support-only Transformer,0.0,2024,43,643,98.66666793823242
CUB,ProtoNet,fixed,2024,44,644,94.66667175292969
CUB,WIPT,0.0,2024,44,644,100.0
CUB,Support-only Transformer,0.0,2024,44,644,100.0
CUB,ProtoNet,fixed,2024,45,645,93.33333373069763
CUB,WIPT,0.0,2024,45,645,92.00000166893005
CUB,Support-only Transformer,0.0,2024,45,645,93.33333373069763
CUB,ProtoNet,fixed,2024,46,646,97.33333587646484
CUB,WIPT,0.0,2024,46,646,96.00000381469727
CUB,Support-only Transformer,0.0,2024,46,646,97.33333587646484
CUB,ProtoNet,fixed,2024,47,647,97.33333587646484
CUB,WIPT,0.0,2024,47,647,98.66666793823242
CUB,Support-only Transformer,0.0,2024,47,647,98.66666793823242
CUB,ProtoNet,fixed,2024,48,648,92.00000166893005
CUB,WIPT,0.0,2024,48,648,90.66666960716248
CUB,Support-only Transformer,0.0,2024,48,648,90.66666960716248
CUB,ProtoNet,fixed,2024,49,649,96.00000381469727
CUB,WIPT,0.0,2024,49,649,97.33333587646484
CUB,Support-only Transformer,0.0,2024,49,649,98.66666793823242
CUB,ProtoNet,fixed,2024,50,650,98.66666793823242
CUB,WIPT,0.0,2024,50,650,96.00000381469727
CUB,Support-only Transformer,0.0,2024,50,650,98.66666793823242
CUB,ProtoNet,fixed,2024,51,651,90.66666960716248
CUB,WIPT,0.0,2024,51,651,92.00000166893005
CUB,Support-only Transformer,0.0,2024,51,651,89.3333375453949
CUB,ProtoNet,fixed,2024,52,652,97.33333587646484
CUB,WIPT,0.0,2024,52,652,97.33333587646484
CUB,Support-only Transformer,0.0,2024,52,652,97.33333587646484
CUB,ProtoNet,fixed,2024,53,653,84.00000333786011
CUB,WIPT,0.0,2024,53,653,82.66667127609253
CUB,Support-only Transformer,0.0,2024,53,653,84.00000333786011
CUB,ProtoNet,fixed,2024,54,654,84.00000333786011
CUB,WIPT,0.0,2024,54,654,85.33333539962769
CUB,Support-only Transformer,0.0,2024,54,654,85.33333539962769
CUB,ProtoNet,fixed,2024,55,655,82.66667127609253
CUB,WIPT,0.0,2024,55,655,82.66667127609253
CUB,Support-only Transformer,0.0,2024,55,655,81.33333325386047
CUB,ProtoNet,fixed,2024,56,656,85.33333539962769
CUB,WIPT,0.0,2024,56,656,84.00000333786011
CUB,Support-only Transformer,0.0,2024,56,656,87.99999952316284
CUB,ProtoNet,fixed,2024,57,657,89.3333375453949
CUB,WIPT,0.0,2024,57,657,87.99999952316284
CUB,Support-only Transformer,0.0,2024,57,657,87.99999952316284
CUB,ProtoNet,fixed,2024,58,658,87.99999952316284
CUB,WIPT,0.0,2024,58,658,87.99999952316284
CUB,Support-only Transformer,0.0,2024,58,658,86.66666746139526
CUB,ProtoNet,fixed,2024,59,659,93.33333373069763
CUB,WIPT,0.0,2024,59,659,92.00000166893005
CUB,Support-only Transformer,0.0,2024,59,659,93.33333373069763
CUB,ProtoNet,fixed,2024,60,660,70.66667079925537
CUB,WIPT,0.0,2024,60,660,70.66667079925537
CUB,Support-only Transformer,0.0,2024,60,660,72.00000286102295
CUB,ProtoNet,fixed,2024,61,661,87.99999952316284
CUB,WIPT,0.0,2024,61,661,94.66667175292969
CUB,Support-only Transformer,0.0,2024,61,661,89.3333375453949
CUB,ProtoNet,fixed,2024,62,662,100.0
CUB,WIPT,0.0,2024,62,662,100.0
CUB,Support-only Transformer,0.0,2024,62,662,100.0
CUB,ProtoNet,fixed,2024,63,663,98.66666793823242
CUB,WIPT,0.0,2024,63,663,98.66666793823242
CUB,Support-only Transformer,0.0,2024,63,663,98.66666793823242
CUB,ProtoNet,fixed,2024,64,664,96.00000381469727
CUB,WIPT,0.0,2024,64,664,96.00000381469727
CUB,Support-only Transformer,0.0,2024,64,664,97.33333587646484
CUB,ProtoNet,fixed,2024,65,665,98.66666793823242
CUB,WIPT,0.0,2024,65,665,98.66666793823242
CUB,Support-only Transformer,0.0,2024,65,665,98.66666793823242
CUB,ProtoNet,fixed,2024,66,666,100.0
CUB,WIPT,0.0,2024,66,666,100.0
CUB,Support-only Transformer,0.0,2024,66,666,100.0
CUB,ProtoNet,fixed,2024,67,667,90.66666960716248
CUB,WIPT,0.0,2024,67,667,92.00000166893005
CUB,Support-only Transformer,0.0,2024,67,667,94.66667175292969
CUB,ProtoNet,fixed,2024,68,668,100.0
CUB,WIPT,0.0,2024,68,668,100.0
CUB,Support-only Transformer,0.0,2024,68,668,100.0
CUB,ProtoNet,fixed,2024,69,669,100.0
CUB,WIPT,0.0,2024,69,669,100.0
CUB,Support-only Transformer,0.0,2024,69,669,98.66666793823242
CUB,ProtoNet,fixed,2024,70,670,97.33333587646484
CUB,WIPT,0.0,2024,70,670,97.33333587646484
CUB,Support-only Transformer,0.0,2024,70,670,96.00000381469727
CUB,ProtoNet,fixed,2024,71,671,100.0
CUB,WIPT,0.0,2024,71,671,100.0
CUB,Support-only Transformer,0.0,2024,71,671,100.0
CUB,ProtoNet,fixed,2024,72,672,97.33333587646484
CUB,WIPT,0.0,2024,72,672,100.0
CUB,Support-only Transformer,0.0,2024,72,672,98.66666793823242
CUB,ProtoNet,fixed,2024,73,673,98.66666793823242
CUB,WIPT,0.0,2024,73,673,98.66666793823242
CUB,Support-only Transformer,0.0,2024,73,673,97.33333587646484
CUB,ProtoNet,fixed,2024,74,674,78.66666913032532
CUB,WIPT,0.0,2024,74,674,84.00000333786011
CUB,Support-only Transformer,0.0,2024,74,674,81.33333325386047
CUB,ProtoNet,fixed,2024,75,675,96.00000381469727
CUB,WIPT,0.0,2024,75,675,96.00000381469727
CUB,Support-only Transformer,0.0,2024,75,675,96.00000381469727
CUB,ProtoNet,fixed,2024,76,676,100.0
CUB,WIPT,0.0,2024,76,676,100.0
CUB,Support-only Transformer,0.0,2024,76,676,98.66666793823242
CUB,ProtoNet,fixed,2024,77,677,96.00000381469727
CUB,WIPT,0.0,2024,77,677,97.33333587646484
CUB,Support-only Transformer,0.0,2024,77,677,96.00000381469727
CUB,ProtoNet,fixed,2024,78,678,97.33333587646484
CUB,WIPT,0.0,2024,78,678,96.00000381469727
CUB,Support-only Transformer,0.0,2024,78,678,96.00000381469727
CUB,ProtoNet,fixed,2024,79,679,97.33333587646484
CUB,WIPT,0.0,2024,79,679,97.33333587646484
CUB,Support-only Transformer,0.0,2024,79,679,94.66667175292969
CUB,ProtoNet,fixed,2024,80,680,85.33333539962769
CUB,WIPT,0.0,2024,80,680,78.66666913032532
CUB,Support-only Transformer,0.0,2024,80,680,87.99999952316284
CUB,ProtoNet,fixed,2024,81,681,94.66667175292969
CUB,WIPT,0.0,2024,81,681,93.33333373069763
CUB,Support-only Transformer,0.0,2024,81,681,93.33333373069763
CUB,ProtoNet,fixed,2024,82,682,97.33333587646484
CUB,WIPT,0.0,2024,82,682,98.66666793823242
CUB,Support-only Transformer,0.0,2024,82,682,98.66666793823242
CUB,ProtoNet,fixed,2024,83,683,90.66666960716248
CUB,WIPT,0.0,2024,83,683,93.33333373069763
CUB,Support-only Transformer,0.0,2024,83,683,90.66666960716248
CUB,ProtoNet,fixed,2024,84,684,81.33333325386047
CUB,WIPT,0.0,2024,84,684,81.33333325386047
CUB,Support-only Transformer,0.0,2024,84,684,81.33333325386047
CUB,ProtoNet,fixed,2024,85,685,89.3333375453949
CUB,WIPT,0.0,2024,85,685,87.99999952316284
CUB,Support-only Transformer,0.0,2024,85,685,87.99999952316284
CUB,ProtoNet,fixed,2024,86,686,100.0
CUB,WIPT,0.0,2024,86,686,100.0
CUB,Support-only Transformer,0.0,2024,86,686,100.0
CUB,ProtoNet,fixed,2024,87,687,98.66666793823242
CUB,WIPT,0.0,2024,87,687,98.66666793823242
CUB,Support-only Transformer,0.0,2024,87,687,98.66666793823242
CUB,ProtoNet,fixed,2024,88,688,84.00000333786011
CUB,WIPT,0.0,2024,88,688,89.3333375453949
CUB,Support-only Transformer,0.0,2024,88,688,86.66666746139526
CUB,ProtoNet,fixed,2024,89,689,98.66666793823242
CUB,WIPT,0.0,2024,89,689,100.0
CUB,Support-only Transformer,0.0,2024,89,689,100.0
CUB,ProtoNet,fixed,2024,90,690,96.00000381469727
CUB,WIPT,0.0,2024,90,690,96.00000381469727
CUB,Support-only Transformer,0.0,2024,90,690,92.00000166893005
CUB,ProtoNet,fixed,2024,91,691,75.99999904632568
CUB,WIPT,0.0,2024,91,691,77.33333706855774
CUB,Support-only Transformer,0.0,2024,91,691,78.66666913032532
CUB,ProtoNet,fixed,2024,92,692,94.66667175292969
CUB,WIPT,0.0,2024,92,692,94.66667175292969
CUB,Support-only Transformer,0.0,2024,92,692,93.33333373069763
CUB,ProtoNet,fixed,2024,93,693,100.0
CUB,WIPT,0.0,2024,93,693,100.0
CUB,Support-only Transformer,0.0,2024,93,693,100.0
CUB,ProtoNet,fixed,2024,94,694,98.66666793823242
CUB,WIPT,0.0,2024,94,694,98.66666793823242
CUB,Support-only Transformer,0.0,2024,94,694,98.66666793823242
CUB,ProtoNet,fixed,2024,95,695,94.66667175292969
CUB,WIPT,0.0,2024,95,695,97.33333587646484
CUB,Support-only Transformer,0.0,2024,95,695,96.00000381469727
CUB,ProtoNet,fixed,2024,96,696,98.66666793823242
CUB,WIPT,0.0,2024,96,696,97.33333587646484
CUB,Support-only Transformer,0.0,2024,96,696,97.33333587646484
CUB,ProtoNet,fixed,2024,97,697,94.66667175292969
CUB,WIPT,0.0,2024,97,697,93.33333373069763
CUB,Support-only Transformer,0.0,2024,97,697,92.00000166893005
CUB,ProtoNet,fixed,2024,98,698,97.33333587646484
CUB,WIPT,0.0,2024,98,698,96.00000381469727
CUB,Support-only Transformer,0.0,2024,98,698,97.33333587646484
CUB,ProtoNet,fixed,2024,99,699,98.66666793823242
CUB,WIPT,0.0,2024,99,699,98.66666793823242
CUB,Support-only Transformer,0.0,2024,99,699,97.33333587646484
CUB,ProtoNet,fixed,2024,100,700,97.33333587646484
CUB,WIPT,0.0,2024,100,700,97.33333587646484
CUB,Support-only Transformer,0.0,2024,100,700,96.00000381469727
CUB,ProtoNet,fixed,2024,101,701,98.66666793823242
CUB,WIPT,0.0,2024,101,701,98.66666793823242
CUB,Support-only Transformer,0.0,2024,101,701,98.66666793823242
CUB,ProtoNet,fixed,2024,102,702,100.0
CUB,WIPT,0.0,2024,102,702,100.0
CUB,Support-only Transformer,0.0,2024,102,702,100.0
CUB,ProtoNet,fixed,2024,103,703,98.66666793823242
CUB,WIPT,0.0,2024,103,703,98.66666793823242
CUB,Support-only Transformer,0.0,2024,103,703,98.66666793823242
CUB,ProtoNet,fixed,2024,104,704,97.33333587646484
CUB,WIPT,0.0,2024,104,704,96.00000381469727
CUB,Support-only Transformer,0.0,2024,104,704,96.00000381469727
CUB,ProtoNet,fixed,2024,105,705,92.00000166893005
CUB,WIPT,0.0,2024,105,705,98.66666793823242
CUB,Support-only Transformer,0.0,2024,105,705,97.33333587646484
CUB,ProtoNet,fixed,2024,106,706,96.00000381469727
CUB,WIPT,0.0,2024,106,706,96.00000381469727
CUB,Support-only Transformer,0.0,2024,106,706,96.00000381469727
CUB,ProtoNet,fixed,2024,107,707,72.00000286102295
CUB,WIPT,0.0,2024,107,707,80.0000011920929
CUB,Support-only Transformer,0.0,2024,107,707,72.00000286102295
CUB,ProtoNet,fixed,2024,108,708,97.33333587646484
CUB,WIPT,0.0,2024,108,708,97.33333587646484
CUB,Support-only Transformer,0.0,2024,108,708,97.33333587646484
CUB,ProtoNet,fixed,2024,109,709,82.66667127609253
CUB,WIPT,0.0,2024,109,709,84.00000333786011
CUB,Support-only Transformer,0.0,2024,109,709,82.66667127609253
CUB,ProtoNet,fixed,2024,110,710,98.66666793823242
CUB,WIPT,0.0,2024,110,710,98.66666793823242
CUB,Support-only Transformer,0.0,2024,110,710,98.66666793823242
CUB,ProtoNet,fixed,2024,111,711,78.66666913032532
CUB,WIPT,0.0,2024,111,711,78.66666913032532
CUB,Support-only Transformer,0.0,2024,111,711,77.33333706855774
CUB,ProtoNet,fixed,2024,112,712,78.66666913032532
CUB,WIPT,0.0,2024,112,712,75.99999904632568
CUB,Support-only Transformer,0.0,2024,112,712,80.0000011920929
CUB,ProtoNet,fixed,2024,113,713,93.33333373069763
CUB,WIPT,0.0,2024,113,713,93.33333373069763
CUB,Support-only Transformer,0.0,2024,113,713,93.33333373069763
CUB,ProtoNet,fixed,2024,114,714,98.66666793823242
CUB,WIPT,0.0,2024,114,714,98.66666793823242
CUB,Support-only Transformer,0.0,2024,114,714,100.0
CUB,ProtoNet,fixed,2024,115,715,97.33333587646484
CUB,WIPT,0.0,2024,115,715,97.33333587646484
CUB,Support-only Transformer,0.0,2024,115,715,98.66666793823242
CUB,ProtoNet,fixed,2024,116,716,93.33333373069763
CUB,WIPT,0.0,2024,116,716,94.66667175292969
CUB,Support-only Transformer,0.0,2024,116,716,96.00000381469727
CUB,ProtoNet,fixed,2024,117,717,98.66666793823242
CUB,WIPT,0.0,2024,117,717,98.66666793823242
CUB,Support-only Transformer,0.0,2024,117,717,98.66666793823242
CUB,ProtoNet,fixed,2024,118,718,98.66666793823242
CUB,WIPT,0.0,2024,118,718,97.33333587646484
CUB,Support-only Transformer,0.0,2024,118,718,94.66667175292969
CUB,ProtoNet,fixed,2024,119,719,98.66666793823242
CUB,WIPT,0.0,2024,119,719,98.66666793823242
CUB,Support-only Transformer,0.0,2024,119,719,94.66667175292969
CUB,ProtoNet,fixed,2024,120,720,86.66666746139526
CUB,WIPT,0.0,2024,120,720,87.99999952316284
CUB,Support-only Transformer,0.0,2024,120,720,84.00000333786011
CUB,ProtoNet,fixed,2024,121,721,87.99999952316284
CUB,WIPT,0.0,2024,121,721,85.33333539962769
CUB,Support-only Transformer,0.0,2024,121,721,81.33333325386047
CUB,ProtoNet,fixed,2024,122,722,98.66666793823242
CUB,WIPT,0.0,2024,122,722,100.0
CUB,Support-only Transformer,0.0,2024,122,722,100.0
CUB,ProtoNet,fixed,2024,123,723,94.66667175292969
CUB,WIPT,0.0,2024,123,723,96.00000381469727
CUB,Support-only Transformer,0.0,2024,123,723,97.33333587646484
CUB,ProtoNet,fixed,2024,124,724,97.33333587646484
CUB,WIPT,0.0,2024,124,724,98.66666793823242
CUB,Support-only Transformer,0.0,2024,124,724,98.66666793823242
CUB,ProtoNet,fixed,2024,125,725,89.3333375453949
CUB,WIPT,0.0,2024,125,725,93.33333373069763
CUB,Support-only Transformer,0.0,2024,125,725,90.66666960716248
CUB,ProtoNet,fixed,2024,126,726,93.33333373069763
CUB,WIPT,0.0,2024,126,726,92.00000166893005
CUB,Support-only Transformer,0.0,2024,126,726,89.3333375453949
CUB,ProtoNet,fixed,2024,127,727,93.33333373069763
CUB,WIPT,0.0,2024,127,727,90.66666960716248
CUB,Support-only Transformer,0.0,2024,127,727,87.99999952316284
CUB,ProtoNet,fixed,2024,128,728,98.66666793823242
CUB,WIPT,0.0,2024,128,728,97.33333587646484
CUB,Support-only Transformer,0.0,2024,128,728,96.00000381469727
CUB,ProtoNet,fixed,2024,129,729,98.66666793823242
CUB,WIPT,0.0,2024,129,729,98.66666793823242
CUB,Support-only Transformer,0.0,2024,129,729,97.33333587646484
CUB,ProtoNet,fixed,2024,130,730,96.00000381469727
CUB,WIPT,0.0,2024,130,730,97.33333587646484
CUB,Support-only Transformer,0.0,2024,130,730,97.33333587646484
CUB,ProtoNet,fixed,2024,131,731,94.66667175292969
CUB,WIPT,0.0,2024,131,731,98.66666793823242
CUB,Support-only Transformer,0.0,2024,131,731,97.33333587646484
CUB,ProtoNet,fixed,2024,132,732,96.00000381469727
CUB,WIPT,0.0,2024,132,732,96.00000381469727
CUB,Support-only Transformer,0.0,2024,132,732,98.66666793823242
CUB,ProtoNet,fixed,2024,133,733,97.33333587646484
CUB,WIPT,0.0,2024,133,733,98.66666793823242
CUB,Support-only Transformer,0.0,2024,133,733,98.66666793823242
CUB,ProtoNet,fixed,2024,134,734,81.33333325386047
CUB,WIPT,0.0,2024,134,734,89.3333375453949
CUB,Support-only Transformer,0.0,2024,134,734,85.33333539962769
CUB,ProtoNet,fixed,2024,135,735,96.00000381469727
CUB,WIPT,0.0,2024,135,735,98.66666793823242
CUB,Support-only Transformer,0.0,2024,135,735,98.66666793823242
CUB,ProtoNet,fixed,2024,136,736,94.66667175292969
CUB,WIPT,0.0,2024,136,736,94.66667175292969
CUB,Support-only Transformer,0.0,2024,136,736,96.00000381469727
CUB,ProtoNet,fixed,2024,137,737,100.0
CUB,WIPT,0.0,2024,137,737,100.0
CUB,Support-only Transformer,0.0,2024,137,737,100.0
CUB,ProtoNet,fixed,2024,138,738,87.99999952316284
CUB,WIPT,0.0,2024,138,738,89.3333375453949
CUB,Support-only Transformer,0.0,2024,138,738,85.33333539962769
CUB,ProtoNet,fixed,2024,139,739,96.00000381469727
CUB,WIPT,0.0,2024,139,739,97.33333587646484
CUB,Support-only Transformer,0.0,2024,139,739,97.33333587646484
CUB,ProtoNet,fixed,2024,140,740,80.0000011920929
CUB,WIPT,0.0,2024,140,740,80.0000011920929
CUB,Support-only Transformer,0.0,2024,140,740,81.33333325386047
CUB,ProtoNet,fixed,2024,141,741,94.66667175292969
CUB,WIPT,0.0,2024,141,741,93.33333373069763
CUB,Support-only Transformer,0.0,2024,141,741,89.3333375453949
CUB,ProtoNet,fixed,2024,142,742,98.66666793823242
CUB,WIPT,0.0,2024,142,742,98.66666793823242
CUB,Support-only Transformer,0.0,2024,142,742,98.66666793823242
CUB,ProtoNet,fixed,2024,143,743,97.33333587646484
CUB,WIPT,0.0,2024,143,743,98.66666793823242
CUB,Support-only Transformer,0.0,2024,143,743,97.33333587646484
CUB,ProtoNet,fixed,2024,144,744,94.66667175292969
CUB,WIPT,0.0,2024,144,744,96.00000381469727
CUB,Support-only Transformer,0.0,2024,144,744,96.00000381469727
CUB,ProtoNet,fixed,2024,145,745,98.66666793823242
CUB,WIPT,0.0,2024,145,745,98.66666793823242
CUB,Support-only Transformer,0.0,2024,145,745,98.66666793823242
CUB,ProtoNet,fixed,2024,146,746,98.66666793823242
CUB,WIPT,0.0,2024,146,746,98.66666793823242
CUB,Support-only Transformer,0.0,2024,146,746,97.33333587646484
CUB,ProtoNet,fixed,2024,147,747,80.0000011920929
CUB,WIPT,0.0,2024,147,747,81.33333325386047
CUB,Support-only Transformer,0.0,2024,147,747,80.0000011920929
CUB,ProtoNet,fixed,2024,148,748,97.33333587646484
CUB,WIPT,0.0,2024,148,748,96.00000381469727
CUB,Support-only Transformer,0.0,2024,148,748,92.00000166893005
CUB,ProtoNet,fixed,2024,149,749,81.33333325386047
CUB,WIPT,0.0,2024,149,749,84.00000333786011
CUB,Support-only Transformer,0.0,2024,149,749,86.66666746139526
CUB,ProtoNet,fixed,2024,150,750,89.3333375453949
CUB,WIPT,0.0,2024,150,750,92.00000166893005
CUB,Support-only Transformer,0.0,2024,150,750,96.00000381469727
CUB,ProtoNet,fixed,2024,151,751,97.33333587646484
CUB,WIPT,0.0,2024,151,751,97.33333587646484
CUB,Support-only Transformer,0.0,2024,151,751,97.33333587646484
CUB,ProtoNet,fixed,2024,152,752,97.33333587646484
CUB,WIPT,0.0,2024,152,752,98.66666793823242
CUB,Support-only Transformer,0.0,2024,152,752,97.33333587646484
CUB,ProtoNet,fixed,2024,153,753,85.33333539962769
CUB,WIPT,0.0,2024,153,753,82.66667127609253
CUB,Support-only Transformer,0.0,2024,153,753,84.00000333786011
CUB,ProtoNet,fixed,2024,154,754,81.33333325386047
CUB,WIPT,0.0,2024,154,754,81.33333325386047
CUB,Support-only Transformer,0.0,2024,154,754,82.66667127609253
CUB,ProtoNet,fixed,2024,155,755,93.33333373069763
CUB,WIPT,0.0,2024,155,755,97.33333587646484
CUB,Support-only Transformer,0.0,2024,155,755,96.00000381469727
CUB,ProtoNet,fixed,2024,156,756,92.00000166893005
CUB,WIPT,0.0,2024,156,756,96.00000381469727
CUB,Support-only Transformer,0.0,2024,156,756,96.00000381469727
CUB,ProtoNet,fixed,2024,157,757,98.66666793823242
CUB,WIPT,0.0,2024,157,757,100.0
CUB,Support-only Transformer,0.0,2024,157,757,100.0
CUB,ProtoNet,fixed,2024,158,758,94.66667175292969
CUB,WIPT,0.0,2024,158,758,96.00000381469727
CUB,Support-only Transformer,0.0,2024,158,758,98.66666793823242
CUB,ProtoNet,fixed,2024,159,759,87.99999952316284
CUB,WIPT,0.0,2024,159,759,87.99999952316284
CUB,Support-only Transformer,0.0,2024,159,759,87.99999952316284
CUB,ProtoNet,fixed,2024,160,760,89.3333375453949
CUB,WIPT,0.0,2024,160,760,94.66667175292969
CUB,Support-only Transformer,0.0,2024,160,760,96.00000381469727
CUB,ProtoNet,fixed,2024,161,761,98.66666793823242
CUB,WIPT,0.0,2024,161,761,98.66666793823242
CUB,Support-only Transformer,0.0,2024,161,761,98.66666793823242
CUB,ProtoNet,fixed,2024,162,762,97.33333587646484
CUB,WIPT,0.0,2024,162,762,98.66666793823242
CUB,Support-only Transformer,0.0,2024,162,762,98.66666793823242
CUB,ProtoNet,fixed,2024,163,763,94.66667175292969
CUB,WIPT,0.0,2024,163,763,94.66667175292969
CUB,Support-only Transformer,0.0,2024,163,763,96.00000381469727
CUB,ProtoNet,fixed,2024,164,764,87.99999952316284
CUB,WIPT,0.0,2024,164,764,86.66666746139526
CUB,Support-only Transformer,0.0,2024,164,764,85.33333539962769
CUB,ProtoNet,fixed,2024,165,765,92.00000166893005
CUB,WIPT,0.0,2024,165,765,92.00000166893005
CUB,Support-only Transformer,0.0,2024,165,765,86.66666746139526
CUB,ProtoNet,fixed,2024,166,766,100.0
CUB,WIPT,0.0,2024,166,766,98.66666793823242
CUB,Support-only Transformer,0.0,2024,166,766,98.66666793823242
CUB,ProtoNet,fixed,2024,167,767,100.0
CUB,WIPT,0.0,2024,167,767,100.0
CUB,Support-only Transformer,0.0,2024,167,767,97.33333587646484
CUB,ProtoNet,fixed,2024,168,768,93.33333373069763
CUB,WIPT,0.0,2024,168,768,93.33333373069763
CUB,Support-only Transformer,0.0,2024,168,768,94.66667175292969
CUB,ProtoNet,fixed,2024,169,769,100.0
CUB,WIPT,0.0,2024,169,769,100.0
CUB,Support-only Transformer,0.0,2024,169,769,100.0
CUB,ProtoNet,fixed,2024,170,770,98.66666793823242
CUB,WIPT,0.0,2024,170,770,98.66666793823242
CUB,Support-only Transformer,0.0,2024,170,770,98.66666793823242
CUB,ProtoNet,fixed,2024,171,771,100.0
CUB,WIPT,0.0,2024,171,771,100.0
CUB,Support-only Transformer,0.0,2024,171,771,97.33333587646484
CUB,ProtoNet,fixed,2024,172,772,89.3333375453949
CUB,WIPT,0.0,2024,172,772,94.66667175292969
CUB,Support-only Transformer,0.0,2024,172,772,92.00000166893005
CUB,ProtoNet,fixed,2024,173,773,100.0
CUB,WIPT,0.0,2024,173,773,100.0
CUB,Support-only Transformer,0.0,2024,173,773,100.0
CUB,ProtoNet,fixed,2024,174,774,98.66666793823242
CUB,WIPT,0.0,2024,174,774,98.66666793823242
CUB,Support-only Transformer,0.0,2024,174,774,97.33333587646484
CUB,ProtoNet,fixed,2024,175,775,94.66667175292969
CUB,WIPT,0.0,2024,175,775,93.33333373069763
CUB,Support-only Transformer,0.0,2024,175,775,94.66667175292969
CUB,ProtoNet,fixed,2024,176,776,94.66667175292969
CUB,WIPT,0.0,2024,176,776,94.66667175292969
CUB,Support-only Transformer,0.0,2024,176,776,94.66667175292969
CUB,ProtoNet,fixed,2024,177,777,87.99999952316284
CUB,WIPT,0.0,2024,177,777,90.66666960716248
CUB,Support-only Transformer,0.0,2024,177,777,96.00000381469727
CUB,ProtoNet,fixed,2024,178,778,98.66666793823242
CUB,WIPT,0.0,2024,178,778,100.0
CUB,Support-only Transformer,0.0,2024,178,778,97.33333587646484
CUB,ProtoNet,fixed,2024,179,779,81.33333325386047
CUB,WIPT,0.0,2024,179,779,81.33333325386047
CUB,Support-only Transformer,0.0,2024,179,779,81.33333325386047
CUB,ProtoNet,fixed,2024,180,780,100.0
CUB,WIPT,0.0,2024,180,780,100.0
CUB,Support-only Transformer,0.0,2024,180,780,98.66666793823242
CUB,ProtoNet,fixed,2024,181,781,98.66666793823242
CUB,WIPT,0.0,2024,181,781,98.66666793823242
CUB,Support-only Transformer,0.0,2024,181,781,98.66666793823242
CUB,ProtoNet,fixed,2024,182,782,93.33333373069763
CUB,WIPT,0.0,2024,182,782,94.66667175292969
CUB,Support-only Transformer,0.0,2024,182,782,93.33333373069763
CUB,ProtoNet,fixed,2024,183,783,100.0
CUB,WIPT,0.0,2024,183,783,100.0
CUB,Support-only Transformer,0.0,2024,183,783,98.66666793823242
CUB,ProtoNet,fixed,2024,184,784,100.0
CUB,WIPT,0.0,2024,184,784,100.0
CUB,Support-only Transformer,0.0,2024,184,784,100.0
CUB,ProtoNet,fixed,2024,185,785,98.66666793823242
CUB,WIPT,0.0,2024,185,785,98.66666793823242
CUB,Support-only Transformer,0.0,2024,185,785,97.33333587646484
CUB,ProtoNet,fixed,2024,186,786,93.33333373069763
CUB,WIPT,0.0,2024,186,786,92.00000166893005
CUB,Support-only Transformer,0.0,2024,186,786,87.99999952316284
CUB,ProtoNet,fixed,2024,187,787,100.0
CUB,WIPT,0.0,2024,187,787,100.0
CUB,Support-only Transformer,0.0,2024,187,787,100.0
CUB,ProtoNet,fixed,2024,188,788,90.66666960716248
CUB,WIPT,0.0,2024,188,788,89.3333375453949
CUB,Support-only Transformer,0.0,2024,188,788,90.66666960716248
CUB,ProtoNet,fixed,2024,189,789,92.00000166893005
CUB,WIPT,0.0,2024,189,789,93.33333373069763
CUB,Support-only Transformer,0.0,2024,189,789,92.00000166893005
CUB,ProtoNet,fixed,2024,190,790,98.66666793823242
CUB,WIPT,0.0,2024,190,790,98.66666793823242
CUB,Support-only Transformer,0.0,2024,190,790,98.66666793823242
CUB,ProtoNet,fixed,2024,191,791,100.0
CUB,WIPT,0.0,2024,191,791,100.0
CUB,Support-only Transformer,0.0,2024,191,791,98.66666793823242
CUB,ProtoNet,fixed,2024,192,792,98.66666793823242
CUB,WIPT,0.0,2024,192,792,98.66666793823242
CUB,Support-only Transformer,0.0,2024,192,792,98.66666793823242
CUB,ProtoNet,fixed,2024,193,793,87.99999952316284
CUB,WIPT,0.0,2024,193,793,96.00000381469727
CUB,Support-only Transformer,0.0,2024,193,793,94.66667175292969
CUB,ProtoNet,fixed,2024,194,794,98.66666793823242
CUB,WIPT,0.0,2024,194,794,98.66666793823242
CUB,Support-only Transformer,0.0,2024,194,794,97.33333587646484
CUB,ProtoNet,fixed,2024,195,795,97.33333587646484
CUB,WIPT,0.0,2024,195,795,97.33333587646484
CUB,Support-only Transformer,0.0,2024,195,795,98.66666793823242
CUB,ProtoNet,fixed,2024,196,796,96.00000381469727
CUB,WIPT,0.0,2024,196,796,94.66667175292969
CUB,Support-only Transformer,0.0,2024,196,796,97.33333587646484
CUB,ProtoNet,fixed,2024,197,797,100.0
CUB,WIPT,0.0,2024,197,797,100.0
CUB,Support-only Transformer,0.0,2024,197,797,98.66666793823242
CUB,ProtoNet,fixed,2024,198,798,98.66666793823242
CUB,WIPT,0.0,2024,198,798,97.33333587646484
CUB,Support-only Transformer,0.0,2024,198,798,98.66666793823242
CUB,ProtoNet,fixed,2024,199,799,86.66666746139526
CUB,WIPT,0.0,2024,199,799,90.66666960716248
CUB,Support-only Transformer,0.0,2024,199,799,87.99999952316284
CUB,ProtoNet,fixed,2024,200,800,96.00000381469727
CUB,WIPT,0.0,2024,200,800,94.66667175292969
CUB,Support-only Transformer,0.0,2024,200,800,93.33333373069763
CUB,ProtoNet,fixed,2024,201,801,97.33333587646484
CUB,WIPT,0.0,2024,201,801,97.33333587646484
CUB,Support-only Transformer,0.0,2024,201,801,98.66666793823242
CUB,ProtoNet,fixed,2024,202,802,100.0
CUB,WIPT,0.0,2024,202,802,98.66666793823242
CUB,Support-only Transformer,0.0,2024,202,802,98.66666793823242
CUB,ProtoNet,fixed,2024,203,803,81.33333325386047
CUB,WIPT,0.0,2024,203,803,81.33333325386047
CUB,Support-only Transformer,0.0,2024,203,803,82.66667127609253
CUB,ProtoNet,fixed,2024,204,804,96.00000381469727
CUB,WIPT,0.0,2024,204,804,97.33333587646484
CUB,Support-only Transformer,0.0,2024,204,804,98.66666793823242
CUB,ProtoNet,fixed,2024,205,805,96.00000381469727
CUB,WIPT,0.0,2024,205,805,96.00000381469727
CUB,Support-only Transformer,0.0,2024,205,805,94.66667175292969
CUB,ProtoNet,fixed,2024,206,806,98.66666793823242
CUB,WIPT,0.0,2024,206,806,98.66666793823242
CUB,Support-only Transformer,0.0,2024,206,806,96.00000381469727
CUB,ProtoNet,fixed,2024,207,807,92.00000166893005
CUB,WIPT,0.0,2024,207,807,92.00000166893005
CUB,Support-only Transformer,0.0,2024,207,807,89.3333375453949
CUB,ProtoNet,fixed,2024,208,808,96.00000381469727
CUB,WIPT,0.0,2024,208,808,96.00000381469727
CUB,Support-only Transformer,0.0,2024,208,808,98.66666793823242
CUB,ProtoNet,fixed,2024,209,809,100.0
CUB,WIPT,0.0,2024,209,809,100.0
CUB,Support-only Transformer,0.0,2024,209,809,100.0
CUB,ProtoNet,fixed,2024,210,810,96.00000381469727
CUB,WIPT,0.0,2024,210,810,94.66667175292969
CUB,Support-only Transformer,0.0,2024,210,810,93.33333373069763
CUB,ProtoNet,fixed,2024,211,811,100.0
CUB,WIPT,0.0,2024,211,811,100.0
CUB,Support-only Transformer,0.0,2024,211,811,100.0
CUB,ProtoNet,fixed,2024,212,812,85.33333539962769
CUB,WIPT,0.0,2024,212,812,82.66667127609253
CUB,Support-only Transformer,0.0,2024,212,812,82.66667127609253
CUB,ProtoNet,fixed,2024,213,813,94.66667175292969
CUB,WIPT,0.0,2024,213,813,96.00000381469727
CUB,Support-only Transformer,0.0,2024,213,813,93.33333373069763
CUB,ProtoNet,fixed,2024,214,814,98.66666793823242
CUB,WIPT,0.0,2024,214,814,97.33333587646484
CUB,Support-only Transformer,0.0,2024,214,814,96.00000381469727
CUB,ProtoNet,fixed,2024,215,815,100.0
CUB,WIPT,0.0,2024,215,815,100.0
CUB,Support-only Transformer,0.0,2024,215,815,100.0
CUB,ProtoNet,fixed,2024,216,816,80.0000011920929
CUB,WIPT,0.0,2024,216,816,80.0000011920929
CUB,Support-only Transformer,0.0,2024,216,816,80.0000011920929
CUB,ProtoNet,fixed,2024,217,817,93.33333373069763
CUB,WIPT,0.0,2024,217,817,94.66667175292969
CUB,Support-only Transformer,0.0,2024,217,817,94.66667175292969
CUB,ProtoNet,fixed,2024,218,818,97.33333587646484
CUB,WIPT,0.0,2024,218,818,97.33333587646484
CUB,Support-only Transformer,0.0,2024,218,818,97.33333587646484
CUB,ProtoNet,fixed,2024,219,819,96.00000381469727
CUB,WIPT,0.0,2024,219,819,94.66667175292969
CUB,Support-only Transformer,0.0,2024,219,819,97.33333587646484
CUB,ProtoNet,fixed,2024,220,820,100.0
CUB,WIPT,0.0,2024,220,820,98.66666793823242
CUB,Support-only Transformer,0.0,2024,220,820,98.66666793823242
CUB,ProtoNet,fixed,2024,221,821,97.33333587646484
CUB,WIPT,0.0,2024,221,821,96.00000381469727
CUB,Support-only Transformer,0.0,2024,221,821,96.00000381469727
CUB,ProtoNet,fixed,2024,222,822,98.66666793823242
CUB,WIPT,0.0,2024,222,822,98.66666793823242
CUB,Support-only Transformer,0.0,2024,222,822,98.66666793823242
CUB,ProtoNet,fixed,2024,223,823,84.00000333786011
CUB,WIPT,0.0,2024,223,823,85.33333539962769
CUB,Support-only Transformer,0.0,2024,223,823,82.66667127609253
CUB,ProtoNet,fixed,2024,224,824,89.3333375453949
CUB,WIPT,0.0,2024,224,824,82.66667127609253
CUB,Support-only Transformer,0.0,2024,224,824,82.66667127609253
CUB,ProtoNet,fixed,2024,225,825,61.33333444595337
CUB,WIPT,0.0,2024,225,825,56.00000023841858
CUB,Support-only Transformer,0.0,2024,225,825,52.000004053115845
CUB,ProtoNet,fixed,2024,226,826,87.99999952316284
CUB,WIPT,0.0,2024,226,826,87.99999952316284
CUB,Support-only Transformer,0.0,2024,226,826,86.66666746139526
CUB,ProtoNet,fixed,2024,227,827,100.0
CUB,WIPT,0.0,2024,227,827,100.0
CUB,Support-only Transformer,0.0,2024,227,827,100.0
CUB,ProtoNet,fixed,2024,228,828,93.33333373069763
CUB,WIPT,0.0,2024,228,828,93.33333373069763
CUB,Support-only Transformer,0.0,2024,228,828,93.33333373069763
CUB,ProtoNet,fixed,2024,229,829,77.33333706855774
CUB,WIPT,0.0,2024,229,829,75.99999904632568
CUB,Support-only Transformer,0.0,2024,229,829,73.33333492279053
CUB,ProtoNet,fixed,2024,230,830,89.3333375453949
CUB,WIPT,0.0,2024,230,830,93.33333373069763
CUB,Support-only Transformer,0.0,2024,230,830,85.33333539962769
CUB,ProtoNet,fixed,2024,231,831,97.33333587646484
CUB,WIPT,0.0,2024,231,831,96.00000381469727
CUB,Support-only Transformer,0.0,2024,231,831,97.33333587646484
CUB,ProtoNet,fixed,2024,232,832,98.66666793823242
CUB,WIPT,0.0,2024,232,832,97.33333587646484
CUB,Support-only Transformer,0.0,2024,232,832,94.66667175292969
CUB,ProtoNet,fixed,2024,233,833,98.66666793823242
CUB,WIPT,0.0,2024,233,833,98.66666793823242
CUB,Support-only Transformer,0.0,2024,233,833,92.00000166893005
CUB,ProtoNet,fixed,2024,234,834,92.00000166893005
CUB,WIPT,0.0,2024,234,834,96.00000381469727
CUB,Support-only Transformer,0.0,2024,234,834,93.33333373069763
CUB,ProtoNet,fixed,2024,235,835,97.33333587646484
CUB,WIPT,0.0,2024,235,835,97.33333587646484
CUB,Support-only Transformer,0.0,2024,235,835,98.66666793823242
CUB,ProtoNet,fixed,2024,236,836,94.66667175292969
CUB,WIPT,0.0,2024,236,836,98.66666793823242
CUB,Support-only Transformer,0.0,2024,236,836,98.66666793823242
CUB,ProtoNet,fixed,2024,237,837,97.33333587646484
CUB,WIPT,0.0,2024,237,837,97.33333587646484
CUB,Support-only Transformer,0.0,2024,237,837,97.33333587646484
CUB,ProtoNet,fixed,2024,238,838,86.66666746139526
CUB,WIPT,0.0,2024,238,838,86.66666746139526
CUB,Support-only Transformer,0.0,2024,238,838,85.33333539962769
CUB,ProtoNet,fixed,2024,239,839,90.66666960716248
CUB,WIPT,0.0,2024,239,839,92.00000166893005
CUB,Support-only Transformer,0.0,2024,239,839,92.00000166893005
CUB,ProtoNet,fixed,2024,240,840,89.3333375453949
CUB,WIPT,0.0,2024,240,840,97.33333587646484
CUB,Support-only Transformer,0.0,2024,240,840,94.66667175292969
CUB,ProtoNet,fixed,2024,241,841,97.33333587646484
CUB,WIPT,0.0,2024,241,841,96.00000381469727
CUB,Support-only Transformer,0.0,2024,241,841,98.66666793823242
CUB,ProtoNet,fixed,2024,242,842,85.33333539962769
CUB,WIPT,0.0,2024,242,842,85.33333539962769
CUB,Support-only Transformer,0.0,2024,242,842,86.66666746139526
CUB,ProtoNet,fixed,2024,243,843,100.0
CUB,WIPT,0.0,2024,243,843,100.0
CUB,Support-only Transformer,0.0,2024,243,843,100.0
CUB,ProtoNet,fixed,2024,244,844,75.99999904632568
CUB,WIPT,0.0,2024,244,844,74.6666669845581
CUB,Support-only Transformer,0.0,2024,244,844,80.0000011920929
CUB,ProtoNet,fixed,2024,245,845,97.33333587646484
CUB,WIPT,0.0,2024,245,845,98.66666793823242
CUB,Support-only Transformer,0.0,2024,245,845,98.66666793823242
CUB,ProtoNet,fixed,2024,246,846,82.66667127609253
CUB,WIPT,0.0,2024,246,846,85.33333539962769
CUB,Support-only Transformer,0.0,2024,246,846,84.00000333786011
CUB,ProtoNet,fixed,2024,247,847,84.00000333786011
CUB,WIPT,0.0,2024,247,847,86.66666746139526
CUB,Support-only Transformer,0.0,2024,247,847,80.0000011920929
CUB,ProtoNet,fixed,2024,248,848,97.33333587646484
CUB,WIPT,0.0,2024,248,848,98.66666793823242
CUB,Support-only Transformer,0.0,2024,248,848,100.0
CUB,ProtoNet,fixed,2024,249,849,97.33333587646484
CUB,WIPT,0.0,2024,249,849,97.33333587646484
CUB,Support-only Transformer,0.0,2024,249,849,97.33333587646484
CUB,ProtoNet,fixed,2024,250,850,80.0000011920929
CUB,WIPT,0.0,2024,250,850,84.00000333786011
CUB,Support-only Transformer,0.0,2024,250,850,84.00000333786011
CUB,ProtoNet,fixed,2024,251,851,100.0
CUB,WIPT,0.0,2024,251,851,100.0
CUB,Support-only Transformer,0.0,2024,251,851,100.0
CUB,ProtoNet,fixed,2024,252,852,98.66666793823242
CUB,WIPT,0.0,2024,252,852,97.33333587646484
CUB,Support-only Transformer,0.0,2024,252,852,98.66666793823242
CUB,ProtoNet,fixed,2024,253,853,80.0000011920929
CUB,WIPT,0.0,2024,253,853,84.00000333786011
CUB,Support-only Transformer,0.0,2024,253,853,85.33333539962769
CUB,ProtoNet,fixed,2024,254,854,97.33333587646484
CUB,WIPT,0.0,2024,254,854,96.00000381469727
CUB,Support-only Transformer,0.0,2024,254,854,94.66667175292969
CUB,ProtoNet,fixed,2024,255,855,97.33333587646484
CUB,WIPT,0.0,2024,255,855,97.33333587646484
CUB,Support-only Transformer,0.0,2024,255,855,97.33333587646484
CUB,ProtoNet,fixed,2024,256,856,92.00000166893005
CUB,WIPT,0.0,2024,256,856,89.3333375453949
CUB,Support-only Transformer,0.0,2024,256,856,89.3333375453949
CUB,ProtoNet,fixed,2024,257,857,84.00000333786011
CUB,WIPT,0.0,2024,257,857,81.33333325386047
CUB,Support-only Transformer,0.0,2024,257,857,82.66667127609253
CUB,ProtoNet,fixed,2024,258,858,97.33333587646484
CUB,WIPT,0.0,2024,258,858,97.33333587646484
CUB,Support-only Transformer,0.0,2024,258,858,98.66666793823242
CUB,ProtoNet,fixed,2024,259,859,100.0
CUB,WIPT,0.0,2024,259,859,100.0
CUB,Support-only Transformer,0.0,2024,259,859,100.0
CUB,ProtoNet,fixed,2024,260,860,84.00000333786011
CUB,WIPT,0.0,2024,260,860,94.66667175292969
CUB,Support-only Transformer,0.0,2024,260,860,92.00000166893005
CUB,ProtoNet,fixed,2024,261,861,98.66666793823242
CUB,WIPT,0.0,2024,261,861,97.33333587646484
CUB,Support-only Transformer,0.0,2024,261,861,97.33333587646484
CUB,ProtoNet,fixed,2024,262,862,94.66667175292969
CUB,WIPT,0.0,2024,262,862,94.66667175292969
CUB,Support-only Transformer,0.0,2024,262,862,94.66667175292969
CUB,ProtoNet,fixed,2024,263,863,97.33333587646484
CUB,WIPT,0.0,2024,263,863,97.33333587646484
CUB,Support-only Transformer,0.0,2024,263,863,96.00000381469727
CUB,ProtoNet,fixed,2024,264,864,100.0
CUB,WIPT,0.0,2024,264,864,100.0
CUB,Support-only Transformer,0.0,2024,264,864,100.0
CUB,ProtoNet,fixed,2024,265,865,96.00000381469727
CUB,WIPT,0.0,2024,265,865,96.00000381469727
CUB,Support-only Transformer,0.0,2024,265,865,96.00000381469727
CUB,ProtoNet,fixed,2024,266,866,82.66667127609253
CUB,WIPT,0.0,2024,266,866,82.66667127609253
CUB,Support-only Transformer,0.0,2024,266,866,84.00000333786011
CUB,ProtoNet,fixed,2024,267,867,86.66666746139526
CUB,WIPT,0.0,2024,267,867,85.33333539962769
CUB,Support-only Transformer,0.0,2024,267,867,77.33333706855774
CUB,ProtoNet,fixed,2024,268,868,100.0
CUB,WIPT,0.0,2024,268,868,100.0
CUB,Support-only Transformer,0.0,2024,268,868,100.0
CUB,ProtoNet,fixed,2024,269,869,97.33333587646484
CUB,WIPT,0.0,2024,269,869,96.00000381469727
CUB,Support-only Transformer,0.0,2024,269,869,100.0
CUB,ProtoNet,fixed,2024,270,870,100.0
CUB,WIPT,0.0,2024,270,870,100.0
CUB,Support-only Transformer,0.0,2024,270,870,100.0
CUB,ProtoNet,fixed,2024,271,871,100.0
CUB,WIPT,0.0,2024,271,871,100.0
CUB,Support-only Transformer,0.0,2024,271,871,100.0
CUB,ProtoNet,fixed,2024,272,872,100.0
CUB,WIPT,0.0,2024,272,872,98.66666793823242
CUB,Support-only Transformer,0.0,2024,272,872,98.66666793823242
CUB,ProtoNet,fixed,2024,273,873,90.66666960716248
CUB,WIPT,0.0,2024,273,873,90.66666960716248
CUB,Support-only Transformer,0.0,2024,273,873,90.66666960716248
CUB,ProtoNet,fixed,2024,274,874,100.0
CUB,WIPT,0.0,2024,274,874,100.0
CUB,Support-only Transformer,0.0,2024,274,874,100.0
CUB,ProtoNet,fixed,2024,275,875,92.00000166893005
CUB,WIPT,0.0,2024,275,875,94.66667175292969
CUB,Support-only Transformer,0.0,2024,275,875,92.00000166893005
CUB,ProtoNet,fixed,2024,276,876,78.66666913032532
CUB,WIPT,0.0,2024,276,876,82.66667127609253
CUB,Support-only Transformer,0.0,2024,276,876,78.66666913032532
CUB,ProtoNet,fixed,2024,277,877,78.66666913032532
CUB,WIPT,0.0,2024,277,877,78.66666913032532
CUB,Support-only Transformer,0.0,2024,277,877,78.66666913032532
CUB,ProtoNet,fixed,2024,278,878,98.66666793823242
CUB,WIPT,0.0,2024,278,878,96.00000381469727
CUB,Support-only Transformer,0.0,2024,278,878,98.66666793823242
CUB,ProtoNet,fixed,2024,279,879,98.66666793823242
CUB,WIPT,0.0,2024,279,879,98.66666793823242
CUB,Support-only Transformer,0.0,2024,279,879,97.33333587646484
CUB,ProtoNet,fixed,2024,280,880,87.99999952316284
CUB,WIPT,0.0,2024,280,880,89.3333375453949
CUB,Support-only Transformer,0.0,2024,280,880,86.66666746139526
CUB,ProtoNet,fixed,2024,281,881,93.33333373069763
CUB,WIPT,0.0,2024,281,881,93.33333373069763
CUB,Support-only Transformer,0.0,2024,281,881,92.00000166893005
CUB,ProtoNet,fixed,2024,282,882,80.0000011920929
CUB,WIPT,0.0,2024,282,882,82.66667127609253
CUB,Support-only Transformer,0.0,2024,282,882,92.00000166893005
CUB,ProtoNet,fixed,2024,283,883,97.33333587646484
CUB,WIPT,0.0,2024,283,883,96.00000381469727
CUB,Support-only Transformer,0.0,2024,283,883,94.66667175292969
CUB,ProtoNet,fixed,2024,284,884,94.66667175292969
CUB,WIPT,0.0,2024,284,884,94.66667175292969
CUB,Support-only Transformer,0.0,2024,284,884,94.66667175292969
CUB,ProtoNet,fixed,2024,285,885,96.00000381469727
CUB,WIPT,0.0,2024,285,885,96.00000381469727
CUB,Support-only Transformer,0.0,2024,285,885,96.00000381469727
CUB,ProtoNet,fixed,2024,286,886,93.33333373069763
CUB,WIPT,0.0,2024,286,886,96.00000381469727
CUB,Support-only Transformer,0.0,2024,286,886,93.33333373069763
CUB,ProtoNet,fixed,2024,287,887,96.00000381469727
CUB,WIPT,0.0,2024,287,887,94.66667175292969
CUB,Support-only Transformer,0.0,2024,287,887,96.00000381469727
CUB,ProtoNet,fixed,2024,288,888,100.0
CUB,WIPT,0.0,2024,288,888,100.0
CUB,Support-only Transformer,0.0,2024,288,888,100.0
CUB,ProtoNet,fixed,2024,289,889,98.66666793823242
CUB,WIPT,0.0,2024,289,889,98.66666793823242
CUB,Support-only Transformer,0.0,2024,289,889,96.00000381469727
CUB,ProtoNet,fixed,2024,290,890,89.3333375453949
CUB,WIPT,0.0,2024,290,890,89.3333375453949
CUB,Support-only Transformer,0.0,2024,290,890,92.00000166893005
CUB,ProtoNet,fixed,2024,291,891,72.00000286102295
CUB,WIPT,0.0,2024,291,891,78.66666913032532
CUB,Support-only Transformer,0.0,2024,291,891,80.0000011920929
CUB,ProtoNet,fixed,2024,292,892,97.33333587646484
CUB,WIPT,0.0,2024,292,892,98.66666793823242
CUB,Support-only Transformer,0.0,2024,292,892,98.66666793823242
CUB,ProtoNet,fixed,2024,293,893,92.00000166893005
CUB,WIPT,0.0,2024,293,893,87.99999952316284
CUB,Support-only Transformer,0.0,2024,293,893,80.0000011920929
CUB,ProtoNet,fixed,2024,294,894,77.33333706855774
CUB,WIPT,0.0,2024,294,894,77.33333706855774
CUB,Support-only Transformer,0.0,2024,294,894,75.99999904632568
CUB,ProtoNet,fixed,2024,295,895,100.0
CUB,WIPT,0.0,2024,295,895,100.0
CUB,Support-only Transformer,0.0,2024,295,895,98.66666793823242
CUB,ProtoNet,fixed,2024,296,896,61.33333444595337
CUB,WIPT,0.0,2024,296,896,66.66666865348816
CUB,Support-only Transformer,0.0,2024,296,896,70.66667079925537
CUB,ProtoNet,fixed,2024,297,897,89.3333375453949
CUB,WIPT,0.0,2024,297,897,86.66666746139526
CUB,Support-only Transformer,0.0,2024,297,897,93.33333373069763
CUB,ProtoNet,fixed,2024,298,898,98.66666793823242
CUB,WIPT,0.0,2024,298,898,98.66666793823242
CUB,Support-only Transformer,0.0,2024,298,898,98.66666793823242
CUB,ProtoNet,fixed,2024,299,899,98.66666793823242
CUB,WIPT,0.0,2024,299,899,98.66666793823242
CUB,Support-only Transformer,0.0,2024,299,899,97.33333587646484
CUB,ProtoNet,fixed,7,0,900,81.33333325386047
CUB,WIPT,0.0,7,0,900,80.0000011920929
CUB,Support-only Transformer,0.0,7,0,900,80.0000011920929
CUB,ProtoNet,fixed,7,1,901,89.3333375453949
CUB,WIPT,0.0,7,1,901,90.66666960716248
CUB,Support-only Transformer,0.0,7,1,901,94.66667175292969
CUB,ProtoNet,fixed,7,2,902,96.00000381469727
CUB,WIPT,0.0,7,2,902,96.00000381469727
CUB,Support-only Transformer,0.0,7,2,902,96.00000381469727
CUB,ProtoNet,fixed,7,3,903,96.00000381469727
CUB,WIPT,0.0,7,3,903,96.00000381469727
CUB,Support-only Transformer,0.0,7,3,903,97.33333587646484
CUB,ProtoNet,fixed,7,4,904,92.00000166893005
CUB,WIPT,0.0,7,4,904,92.00000166893005
CUB,Support-only Transformer,0.0,7,4,904,92.00000166893005
CUB,ProtoNet,fixed,7,5,905,97.33333587646484
CUB,WIPT,0.0,7,5,905,98.66666793823242
CUB,Support-only Transformer,0.0,7,5,905,98.66666793823242
CUB,ProtoNet,fixed,7,6,906,96.00000381469727
CUB,WIPT,0.0,7,6,906,96.00000381469727
CUB,Support-only Transformer,0.0,7,6,906,97.33333587646484
CUB,ProtoNet,fixed,7,7,907,78.66666913032532
CUB,WIPT,0.0,7,7,907,78.66666913032532
CUB,Support-only Transformer,0.0,7,7,907,85.33333539962769
CUB,ProtoNet,fixed,7,8,908,96.00000381469727
CUB,WIPT,0.0,7,8,908,96.00000381469727
CUB,Support-only Transformer,0.0,7,8,908,96.00000381469727
CUB,ProtoNet,fixed,7,9,909,100.0
CUB,WIPT,0.0,7,9,909,100.0
CUB,Support-only Transformer,0.0,7,9,909,100.0
CUB,ProtoNet,fixed,7,10,910,98.66666793823242
CUB,WIPT,0.0,7,10,910,98.66666793823242
CUB,Support-only Transformer,0.0,7,10,910,97.33333587646484
CUB,ProtoNet,fixed,7,11,911,94.66667175292969
CUB,WIPT,0.0,7,11,911,97.33333587646484
CUB,Support-only Transformer,0.0,7,11,911,97.33333587646484
CUB,ProtoNet,fixed,7,12,912,98.66666793823242
CUB,WIPT,0.0,7,12,912,98.66666793823242
CUB,Support-only Transformer,0.0,7,12,912,97.33333587646484
CUB,ProtoNet,fixed,7,13,913,97.33333587646484
CUB,WIPT,0.0,7,13,913,94.66667175292969
CUB,Support-only Transformer,0.0,7,13,913,97.33333587646484
CUB,ProtoNet,fixed,7,14,914,87.99999952316284
CUB,WIPT,0.0,7,14,914,89.3333375453949
CUB,Support-only Transformer,0.0,7,14,914,86.66666746139526
CUB,ProtoNet,fixed,7,15,915,94.66667175292969
CUB,WIPT,0.0,7,15,915,96.00000381469727
CUB,Support-only Transformer,0.0,7,15,915,97.33333587646484
CUB,ProtoNet,fixed,7,16,916,90.66666960716248
CUB,WIPT,0.0,7,16,916,93.33333373069763
CUB,Support-only Transformer,0.0,7,16,916,92.00000166893005
CUB,ProtoNet,fixed,7,17,917,96.00000381469727
CUB,WIPT,0.0,7,17,917,96.00000381469727
CUB,Support-only Transformer,0.0,7,17,917,96.00000381469727
CUB,ProtoNet,fixed,7,18,918,100.0
CUB,WIPT,0.0,7,18,918,100.0
CUB,Support-only Transformer,0.0,7,18,918,98.66666793823242
CUB,ProtoNet,fixed,7,19,919,100.0
CUB,WIPT,0.0,7,19,919,98.66666793823242
CUB,Support-only Transformer,0.0,7,19,919,98.66666793823242
CUB,ProtoNet,fixed,7,20,920,93.33333373069763
CUB,WIPT,0.0,7,20,920,93.33333373069763
CUB,Support-only Transformer,0.0,7,20,920,89.3333375453949
CUB,ProtoNet,fixed,7,21,921,82.66667127609253
CUB,WIPT,0.0,7,21,921,85.33333539962769
CUB,Support-only Transformer,0.0,7,21,921,84.00000333786011
CUB,ProtoNet,fixed,7,22,922,96.00000381469727
CUB,WIPT,0.0,7,22,922,98.66666793823242
CUB,Support-only Transformer,0.0,7,22,922,93.33333373069763
CUB,ProtoNet,fixed,7,23,923,100.0
CUB,WIPT,0.0,7,23,923,100.0
CUB,Support-only Transformer,0.0,7,23,923,100.0
CUB,ProtoNet,fixed,7,24,924,97.33333587646484
CUB,WIPT,0.0,7,24,924,97.33333587646484
CUB,Support-only Transformer,0.0,7,24,924,97.33333587646484
CUB,ProtoNet,fixed,7,25,925,96.00000381469727
CUB,WIPT,0.0,7,25,925,96.00000381469727
CUB,Support-only Transformer,0.0,7,25,925,97.33333587646484
CUB,ProtoNet,fixed,7,26,926,94.66667175292969
CUB,WIPT,0.0,7,26,926,94.66667175292969
CUB,Support-only Transformer,0.0,7,26,926,90.66666960716248
CUB,ProtoNet,fixed,7,27,927,92.00000166893005
CUB,WIPT,0.0,7,27,927,97.33333587646484
CUB,Support-only Transformer,0.0,7,27,927,86.66666746139526
CUB,ProtoNet,fixed,7,28,928,75.99999904632568
CUB,WIPT,0.0,7,28,928,74.6666669845581
CUB,Support-only Transformer,0.0,7,28,928,77.33333706855774
CUB,ProtoNet,fixed,7,29,929,61.33333444595337
CUB,WIPT,0.0,7,29,929,60.00000238418579
CUB,Support-only Transformer,0.0,7,29,929,62.66666650772095
CUB,ProtoNet,fixed,7,30,930,90.66666960716248
CUB,WIPT,0.0,7,30,930,90.66666960716248
CUB,Support-only Transformer,0.0,7,30,930,92.00000166893005
CUB,ProtoNet,fixed,7,31,931,97.33333587646484
CUB,WIPT,0.0,7,31,931,96.00000381469727
CUB,Support-only Transformer,0.0,7,31,931,93.33333373069763
CUB,ProtoNet,fixed,7,32,932,98.66666793823242
CUB,WIPT,0.0,7,32,932,98.66666793823242
CUB,Support-only Transformer,0.0,7,32,932,97.33333587646484
CUB,ProtoNet,fixed,7,33,933,100.0
CUB,WIPT,0.0,7,33,933,100.0
CUB,Support-only Transformer,0.0,7,33,933,100.0
CUB,ProtoNet,fixed,7,34,934,98.66666793823242
CUB,WIPT,0.0,7,34,934,98.66666793823242
CUB,Support-only Transformer,0.0,7,34,934,100.0
CUB,ProtoNet,fixed,7,35,935,100.0
CUB,WIPT,0.0,7,35,935,100.0
CUB,Support-only Transformer,0.0,7,35,935,100.0
CUB,ProtoNet,fixed,7,36,936,98.66666793823242
CUB,WIPT,0.0,7,36,936,98.66666793823242
CUB,Support-only Transformer,0.0,7,36,936,98.66666793823242
CUB,ProtoNet,fixed,7,37,937,96.00000381469727
CUB,WIPT,0.0,7,37,937,97.33333587646484
CUB,Support-only Transformer,0.0,7,37,937,96.00000381469727
CUB,ProtoNet,fixed,7,38,938,94.66667175292969
CUB,WIPT,0.0,7,38,938,94.66667175292969
CUB,Support-only Transformer,0.0,7,38,938,94.66667175292969
CUB,ProtoNet,fixed,7,39,939,75.99999904632568
CUB,WIPT,0.0,7,39,939,77.33333706855774
CUB,Support-only Transformer,0.0,7,39,939,78.66666913032532
CUB,ProtoNet,fixed,7,40,940,78.66666913032532
CUB,WIPT,0.0,7,40,940,78.66666913032532
CUB,Support-only Transformer,0.0,7,40,940,78.66666913032532
CUB,ProtoNet,fixed,7,41,941,100.0
CUB,WIPT,0.0,7,41,941,98.66666793823242
CUB,Support-only Transformer,0.0,7,41,941,100.0
CUB,ProtoNet,fixed,7,42,942,93.33333373069763
CUB,WIPT,0.0,7,42,942,93.33333373069763
CUB,Support-only Transformer,0.0,7,42,942,94.66667175292969
CUB,ProtoNet,fixed,7,43,943,93.33333373069763
CUB,WIPT,0.0,7,43,943,96.00000381469727
CUB,Support-only Transformer,0.0,7,43,943,94.66667175292969
CUB,ProtoNet,fixed,7,44,944,90.66666960716248
CUB,WIPT,0.0,7,44,944,90.66666960716248
CUB,Support-only Transformer,0.0,7,44,944,92.00000166893005
CUB,ProtoNet,fixed,7,45,945,100.0
CUB,WIPT,0.0,7,45,945,98.66666793823242
CUB,Support-only Transformer,0.0,7,45,945,98.66666793823242
CUB,ProtoNet,fixed,7,46,946,98.66666793823242
CUB,WIPT,0.0,7,46,946,98.66666793823242
CUB,Support-only Transformer,0.0,7,46,946,98.66666793823242
CUB,ProtoNet,fixed,7,47,947,100.0
CUB,WIPT,0.0,7,47,947,100.0
CUB,Support-only Transformer,0.0,7,47,947,100.0
CUB,ProtoNet,fixed,7,48,948,98.66666793823242
CUB,WIPT,0.0,7,48,948,100.0
CUB,Support-only Transformer,0.0,7,48,948,100.0
CUB,ProtoNet,fixed,7,49,949,89.3333375453949
CUB,WIPT,0.0,7,49,949,89.3333375453949
CUB,Support-only Transformer,0.0,7,49,949,90.66666960716248
CUB,ProtoNet,fixed,7,50,950,84.00000333786011
CUB,WIPT,0.0,7,50,950,84.00000333786011
CUB,Support-only Transformer,0.0,7,50,950,82.66667127609253
CUB,ProtoNet,fixed,7,51,951,98.66666793823242
CUB,WIPT,0.0,7,51,951,100.0
CUB,Support-only Transformer,0.0,7,51,951,100.0
CUB,ProtoNet,fixed,7,52,952,100.0
CUB,WIPT,0.0,7,52,952,100.0
CUB,Support-only Transformer,0.0,7,52,952,98.66666793823242
CUB,ProtoNet,fixed,7,53,953,82.66667127609253
CUB,WIPT,0.0,7,53,953,80.0000011920929
CUB,Support-only Transformer,0.0,7,53,953,78.66666913032532
CUB,ProtoNet,fixed,7,54,954,84.00000333786011
CUB,WIPT,0.0,7,54,954,81.33333325386047
CUB,Support-only Transformer,0.0,7,54,954,80.0000011920929
CUB,ProtoNet,fixed,7,55,955,90.66666960716248
CUB,WIPT,0.0,7,55,955,94.66667175292969
CUB,Support-only Transformer,0.0,7,55,955,90.66666960716248
CUB,ProtoNet,fixed,7,56,956,87.99999952316284
CUB,WIPT,0.0,7,56,956,87.99999952316284
CUB,Support-only Transformer,0.0,7,56,956,89.3333375453949
CUB,ProtoNet,fixed,7,57,957,90.66666960716248
CUB,WIPT,0.0,7,57,957,94.66667175292969
CUB,Support-only Transformer,0.0,7,57,957,84.00000333786011
CUB,ProtoNet,fixed,7,58,958,98.66666793823242
CUB,WIPT,0.0,7,58,958,98.66666793823242
CUB,Support-only Transformer,0.0,7,58,958,92.00000166893005
CUB,ProtoNet,fixed,7,59,959,100.0
CUB,WIPT,0.0,7,59,959,100.0
CUB,Support-only Transformer,0.0,7,59,959,100.0
CUB,ProtoNet,fixed,7,60,960,84.00000333786011
CUB,WIPT,0.0,7,60,960,84.00000333786011
CUB,Support-only Transformer,0.0,7,60,960,89.3333375453949
CUB,ProtoNet,fixed,7,61,961,92.00000166893005
CUB,WIPT,0.0,7,61,961,92.00000166893005
CUB,Support-only Transformer,0.0,7,61,961,94.66667175292969
CUB,ProtoNet,fixed,7,62,962,90.66666960716248
CUB,WIPT,0.0,7,62,962,93.33333373069763
CUB,Support-only Transformer,0.0,7,62,962,94.66667175292969
CUB,ProtoNet,fixed,7,63,963,98.66666793823242
CUB,WIPT,0.0,7,63,963,98.66666793823242
CUB,Support-only Transformer,0.0,7,63,963,97.33333587646484
CUB,ProtoNet,fixed,7,64,964,77.33333706855774
CUB,WIPT,0.0,7,64,964,90.66666960716248
CUB,Support-only Transformer,0.0,7,64,964,94.66667175292969
CUB,ProtoNet,fixed,7,65,965,94.66667175292969
CUB,WIPT,0.0,7,65,965,93.33333373069763
CUB,Support-only Transformer,0.0,7,65,965,94.66667175292969
CUB,ProtoNet,fixed,7,66,966,81.33333325386047
CUB,WIPT,0.0,7,66,966,86.66666746139526
CUB,Support-only Transformer,0.0,7,66,966,84.00000333786011
CUB,ProtoNet,fixed,7,67,967,97.33333587646484
CUB,WIPT,0.0,7,67,967,97.33333587646484
CUB,Support-only Transformer,0.0,7,67,967,98.66666793823242
CUB,ProtoNet,fixed,7,68,968,97.33333587646484
CUB,WIPT,0.0,7,68,968,94.66667175292969
CUB,Support-only Transformer,0.0,7,68,968,94.66667175292969
CUB,ProtoNet,fixed,7,69,969,94.66667175292969
CUB,WIPT,0.0,7,69,969,94.66667175292969
CUB,Support-only Transformer,0.0,7,69,969,93.33333373069763
CUB,ProtoNet,fixed,7,70,970,98.66666793823242
CUB,WIPT,0.0,7,70,970,100.0
CUB,Support-only Transformer,0.0,7,70,970,100.0
CUB,ProtoNet,fixed,7,71,971,97.33333587646484
CUB,WIPT,0.0,7,71,971,97.33333587646484
CUB,Support-only Transformer,0.0,7,71,971,94.66667175292969
CUB,ProtoNet,fixed,7,72,972,100.0
CUB,WIPT,0.0,7,72,972,100.0
CUB,Support-only Transformer,0.0,7,72,972,100.0
CUB,ProtoNet,fixed,7,73,973,86.66666746139526
CUB,WIPT,0.0,7,73,973,86.66666746139526
CUB,Support-only Transformer,0.0,7,73,973,87.99999952316284
CUB,ProtoNet,fixed,7,74,974,92.00000166893005
CUB,WIPT,0.0,7,74,974,92.00000166893005
CUB,Support-only Transformer,0.0,7,74,974,94.66667175292969
CUB,ProtoNet,fixed,7,75,975,94.66667175292969
CUB,WIPT,0.0,7,75,975,94.66667175292969
CUB,Support-only Transformer,0.0,7,75,975,97.33333587646484
CUB,ProtoNet,fixed,7,76,976,80.0000011920929
CUB,WIPT,0.0,7,76,976,81.33333325386047
CUB,Support-only Transformer,0.0,7,76,976,85.33333539962769
CUB,ProtoNet,fixed,7,77,977,100.0
CUB,WIPT,0.0,7,77,977,100.0
CUB,Support-only Transformer,0.0,7,77,977,98.66666793823242
CUB,ProtoNet,fixed,7,78,978,90.66666960716248
CUB,WIPT,0.0,7,78,978,90.66666960716248
CUB,Support-only Transformer,0.0,7,78,978,89.3333375453949
CUB,ProtoNet,fixed,7,79,979,94.66667175292969
CUB,WIPT,0.0,7,79,979,93.33333373069763
CUB,Support-only Transformer,0.0,7,79,979,94.66667175292969
CUB,ProtoNet,fixed,7,80,980,84.00000333786011
CUB,WIPT,0.0,7,80,980,85.33333539962769
CUB,Support-only Transformer,0.0,7,80,980,75.99999904632568
CUB,ProtoNet,fixed,7,81,981,98.66666793823242
CUB,WIPT,0.0,7,81,981,98.66666793823242
CUB,Support-only Transformer,0.0,7,81,981,97.33333587646484
CUB,ProtoNet,fixed,7,82,982,98.66666793823242
CUB,WIPT,0.0,7,82,982,98.66666793823242
CUB,Support-only Transformer,0.0,7,82,982,100.0
CUB,ProtoNet,fixed,7,83,983,94.66667175292969
CUB,WIPT,0.0,7,83,983,94.66667175292969
CUB,Support-only Transformer,0.0,7,83,983,93.33333373069763
CUB,ProtoNet,fixed,7,84,984,94.66667175292969
CUB,WIPT,0.0,7,84,984,93.33333373069763
CUB,Support-only Transformer,0.0,7,84,984,90.66666960716248
CUB,ProtoNet,fixed,7,85,985,84.00000333786011
CUB,WIPT,0.0,7,85,985,84.00000333786011
CUB,Support-only Transformer,0.0,7,85,985,81.33333325386047
CUB,ProtoNet,fixed,7,86,986,96.00000381469727
CUB,WIPT,0.0,7,86,986,97.33333587646484
CUB,Support-only Transformer,0.0,7,86,986,93.33333373069763
CUB,ProtoNet,fixed,7,87,987,94.66667175292969
CUB,WIPT,0.0,7,87,987,96.00000381469727
CUB,Support-only Transformer,0.0,7,87,987,94.66667175292969
CUB,ProtoNet,fixed,7,88,988,78.66666913032532
CUB,WIPT,0.0,7,88,988,85.33333539962769
CUB,Support-only Transformer,0.0,7,88,988,84.00000333786011
CUB,ProtoNet,fixed,7,89,989,100.0
CUB,WIPT,0.0,7,89,989,100.0
CUB,Support-only Transformer,0.0,7,89,989,98.66666793823242
CUB,ProtoNet,fixed,7,90,990,98.66666793823242
CUB,WIPT,0.0,7,90,990,98.66666793823242
CUB,Support-only Transformer,0.0,7,90,990,94.66667175292969
CUB,ProtoNet,fixed,7,91,991,93.33333373069763
CUB,WIPT,0.0,7,91,991,93.33333373069763
CUB,Support-only Transformer,0.0,7,91,991,87.99999952316284
CUB,ProtoNet,fixed,7,92,992,97.33333587646484
CUB,WIPT,0.0,7,92,992,98.66666793823242
CUB,Support-only Transformer,0.0,7,92,992,98.66666793823242
CUB,ProtoNet,fixed,7,93,993,98.66666793823242
CUB,WIPT,0.0,7,93,993,98.66666793823242
CUB,Support-only Transformer,0.0,7,93,993,98.66666793823242
CUB,ProtoNet,fixed,7,94,994,96.00000381469727
CUB,WIPT,0.0,7,94,994,96.00000381469727
CUB,Support-only Transformer,0.0,7,94,994,97.33333587646484
CUB,ProtoNet,fixed,7,95,995,96.00000381469727
CUB,WIPT,0.0,7,95,995,96.00000381469727
CUB,Support-only Transformer,0.0,7,95,995,97.33333587646484
CUB,ProtoNet,fixed,7,96,996,100.0
CUB,WIPT,0.0,7,96,996,100.0
CUB,Support-only Transformer,0.0,7,96,996,98.66666793823242
CUB,ProtoNet,fixed,7,97,997,93.33333373069763
CUB,WIPT,0.0,7,97,997,93.33333373069763
CUB,Support-only Transformer,0.0,7,97,997,96.00000381469727
CUB,ProtoNet,fixed,7,98,998,100.0
CUB,WIPT,0.0,7,98,998,98.66666793823242
CUB,Support-only Transformer,0.0,7,98,998,98.66666793823242
CUB,ProtoNet,fixed,7,99,999,97.33333587646484
CUB,WIPT,0.0,7,99,999,97.33333587646484
CUB,Support-only Transformer,0.0,7,99,999,98.66666793823242
CUB,ProtoNet,fixed,7,100,1000,92.00000166893005
CUB,WIPT,0.0,7,100,1000,85.33333539962769
CUB,Support-only Transformer,0.0,7,100,1000,87.99999952316284
CUB,ProtoNet,fixed,7,101,1001,81.33333325386047
CUB,WIPT,0.0,7,101,1001,81.33333325386047
CUB,Support-only Transformer,0.0,7,101,1001,82.66667127609253
CUB,ProtoNet,fixed,7,102,1002,85.33333539962769
CUB,WIPT,0.0,7,102,1002,84.00000333786011
CUB,Support-only Transformer,0.0,7,102,1002,92.00000166893005
CUB,ProtoNet,fixed,7,103,1003,86.66666746139526
CUB,WIPT,0.0,7,103,1003,85.33333539962769
CUB,Support-only Transformer,0.0,7,103,1003,89.3333375453949
CUB,ProtoNet,fixed,7,104,1004,94.66667175292969
CUB,WIPT,0.0,7,104,1004,93.33333373069763
CUB,Support-only Transformer,0.0,7,104,1004,94.66667175292969
CUB,ProtoNet,fixed,7,105,1005,98.66666793823242
CUB,WIPT,0.0,7,105,1005,98.66666793823242
CUB,Support-only Transformer,0.0,7,105,1005,100.0
CUB,ProtoNet,fixed,7,106,1006,98.66666793823242
CUB,WIPT,0.0,7,106,1006,100.0
CUB,Support-only Transformer,0.0,7,106,1006,100.0
CUB,ProtoNet,fixed,7,107,1007,85.33333539962769
CUB,WIPT,0.0,7,107,1007,85.33333539962769
CUB,Support-only Transformer,0.0,7,107,1007,87.99999952316284
CUB,ProtoNet,fixed,7,108,1008,97.33333587646484
CUB,WIPT,0.0,7,108,1008,96.00000381469727
CUB,Support-only Transformer,0.0,7,108,1008,97.33333587646484
CUB,ProtoNet,fixed,7,109,1009,96.00000381469727
CUB,WIPT,0.0,7,109,1009,98.66666793823242
CUB,Support-only Transformer,0.0,7,109,1009,97.33333587646484
CUB,ProtoNet,fixed,7,110,1010,94.66667175292969
CUB,WIPT,0.0,7,110,1010,98.66666793823242
CUB,Support-only Transformer,0.0,7,110,1010,98.66666793823242
CUB,ProtoNet,fixed,7,111,1011,92.00000166893005
CUB,WIPT,0.0,7,111,1011,92.00000166893005
CUB,Support-only Transformer,0.0,7,111,1011,94.66667175292969
CUB,ProtoNet,fixed,7,112,1012,93.33333373069763
CUB,WIPT,0.0,7,112,1012,96.00000381469727
CUB,Support-only Transformer,0.0,7,112,1012,94.66667175292969
CUB,ProtoNet,fixed,7,113,1013,98.66666793823242
CUB,WIPT,0.0,7,113,1013,97.33333587646484
CUB,Support-only Transformer,0.0,7,113,1013,97.33333587646484
CUB,ProtoNet,fixed,7,114,1014,96.00000381469727
CUB,WIPT,0.0,7,114,1014,97.33333587646484
CUB,Support-only Transformer,0.0,7,114,1014,94.66667175292969
CUB,ProtoNet,fixed,7,115,1015,94.66667175292969
CUB,WIPT,0.0,7,115,1015,94.66667175292969
CUB,Support-only Transformer,0.0,7,115,1015,93.33333373069763
CUB,ProtoNet,fixed,7,116,1016,100.0
CUB,WIPT,0.0,7,116,1016,96.00000381469727
CUB,Support-only Transformer,0.0,7,116,1016,96.00000381469727
CUB,ProtoNet,fixed,7,117,1017,90.66666960716248
CUB,WIPT,0.0,7,117,1017,89.3333375453949
CUB,Support-only Transformer,0.0,7,117,1017,90.66666960716248
CUB,ProtoNet,fixed,7,118,1018,85.33333539962769
CUB,WIPT,0.0,7,118,1018,85.33333539962769
CUB,Support-only Transformer,0.0,7,118,1018,87.99999952316284
CUB,ProtoNet,fixed,7,119,1019,93.33333373069763
CUB,WIPT,0.0,7,119,1019,93.33333373069763
CUB,Support-only Transformer,0.0,7,119,1019,90.66666960716248
CUB,ProtoNet,fixed,7,120,1020,87.99999952316284
CUB,WIPT,0.0,7,120,1020,85.33333539962769
CUB,Support-only Transformer,0.0,7,120,1020,82.66667127609253
CUB,ProtoNet,fixed,7,121,1021,93.33333373069763
CUB,WIPT,0.0,7,121,1021,94.66667175292969
CUB,Support-only Transformer,0.0,7,121,1021,92.00000166893005
CUB,ProtoNet,fixed,7,122,1022,97.33333587646484
CUB,WIPT,0.0,7,122,1022,97.33333587646484
CUB,Support-only Transformer,0.0,7,122,1022,97.33333587646484
CUB,ProtoNet,fixed,7,123,1023,96.00000381469727
CUB,WIPT,0.0,7,123,1023,97.33333587646484
CUB,Support-only Transformer,0.0,7,123,1023,97.33333587646484
CUB,ProtoNet,fixed,7,124,1024,92.00000166893005
CUB,WIPT,0.0,7,124,1024,92.00000166893005
CUB,Support-only Transformer,0.0,7,124,1024,92.00000166893005
CUB,ProtoNet,fixed,7,125,1025,100.0
CUB,WIPT,0.0,7,125,1025,97.33333587646484
CUB,Support-only Transformer,0.0,7,125,1025,97.33333587646484
CUB,ProtoNet,fixed,7,126,1026,87.99999952316284
CUB,WIPT,0.0,7,126,1026,93.33333373069763
CUB,Support-only Transformer,0.0,7,126,1026,93.33333373069763
CUB,ProtoNet,fixed,7,127,1027,98.66666793823242
CUB,WIPT,0.0,7,127,1027,98.66666793823242
CUB,Support-only Transformer,0.0,7,127,1027,98.66666793823242
CUB,ProtoNet,fixed,7,128,1028,100.0
CUB,WIPT,0.0,7,128,1028,100.0
CUB,Support-only Transformer,0.0,7,128,1028,100.0
CUB,ProtoNet,fixed,7,129,1029,98.66666793823242
CUB,WIPT,0.0,7,129,1029,98.66666793823242
CUB,Support-only Transformer,0.0,7,129,1029,97.33333587646484
CUB,ProtoNet,fixed,7,130,1030,98.66666793823242
CUB,WIPT,0.0,7,130,1030,100.0
CUB,Support-only Transformer,0.0,7,130,1030,100.0
CUB,ProtoNet,fixed,7,131,1031,86.66666746139526
CUB,WIPT,0.0,7,131,1031,87.99999952316284
CUB,Support-only Transformer,0.0,7,131,1031,90.66666960716248
CUB,ProtoNet,fixed,7,132,1032,98.66666793823242
CUB,WIPT,0.0,7,132,1032,98.66666793823242
CUB,Support-only Transformer,0.0,7,132,1032,97.33333587646484
CUB,ProtoNet,fixed,7,133,1033,94.66667175292969
CUB,WIPT,0.0,7,133,1033,97.33333587646484
CUB,Support-only Transformer,0.0,7,133,1033,98.66666793823242
CUB,ProtoNet,fixed,7,134,1034,100.0
CUB,WIPT,0.0,7,134,1034,100.0
CUB,Support-only Transformer,0.0,7,134,1034,100.0
CUB,ProtoNet,fixed,7,135,1035,97.33333587646484
CUB,WIPT,0.0,7,135,1035,100.0
CUB,Support-only Transformer,0.0,7,135,1035,100.0
CUB,ProtoNet,fixed,7,136,1036,97.33333587646484
CUB,WIPT,0.0,7,136,1036,100.0
CUB,Support-only Transformer,0.0,7,136,1036,100.0
CUB,ProtoNet,fixed,7,137,1037,85.33333539962769
CUB,WIPT,0.0,7,137,1037,89.3333375453949
CUB,Support-only Transformer,0.0,7,137,1037,85.33333539962769
CUB,ProtoNet,fixed,7,138,1038,80.0000011920929
CUB,WIPT,0.0,7,138,1038,80.0000011920929
CUB,Support-only Transformer,0.0,7,138,1038,80.0000011920929
CUB,ProtoNet,fixed,7,139,1039,100.0
CUB,WIPT,0.0,7,139,1039,100.0
CUB,Support-only Transformer,0.0,7,139,1039,100.0
CUB,ProtoNet,fixed,7,140,1040,100.0
CUB,WIPT,0.0,7,140,1040,100.0
CUB,Support-only Transformer,0.0,7,140,1040,100.0
CUB,ProtoNet,fixed,7,141,1041,98.66666793823242
CUB,WIPT,0.0,7,141,1041,98.66666793823242
CUB,Support-only Transformer,0.0,7,141,1041,98.66666793823242
CUB,ProtoNet,fixed,7,142,1042,80.0000011920929
CUB,WIPT,0.0,7,142,1042,84.00000333786011
CUB,Support-only Transformer,0.0,7,142,1042,85.33333539962769
CUB,ProtoNet,fixed,7,143,1043,97.33333587646484
CUB,WIPT,0.0,7,143,1043,97.33333587646484
CUB,Support-only Transformer,0.0,7,143,1043,96.00000381469727
CUB,ProtoNet,fixed,7,144,1044,78.66666913032532
CUB,WIPT,0.0,7,144,1044,80.0000011920929
CUB,Support-only Transformer,0.0,7,144,1044,78.66666913032532
CUB,ProtoNet,fixed,7,145,1045,94.66667175292969
CUB,WIPT,0.0,7,145,1045,93.33333373069763
CUB,Support-only Transformer,0.0,7,145,1045,93.33333373069763
CUB,ProtoNet,fixed,7,146,1046,93.33333373069763
CUB,WIPT,0.0,7,146,1046,96.00000381469727
CUB,Support-only Transformer,0.0,7,146,1046,90.66666960716248
CUB,ProtoNet,fixed,7,147,1047,100.0
CUB,WIPT,0.0,7,147,1047,98.66666793823242
CUB,Support-only Transformer,0.0,7,147,1047,100.0
CUB,ProtoNet,fixed,7,148,1048,97.33333587646484
CUB,WIPT,0.0,7,148,1048,97.33333587646484
CUB,Support-only Transformer,0.0,7,148,1048,97.33333587646484
CUB,ProtoNet,fixed,7,149,1049,87.99999952316284
CUB,WIPT,0.0,7,149,1049,89.3333375453949
CUB,Support-only Transformer,0.0,7,149,1049,89.3333375453949
CUB,ProtoNet,fixed,7,150,1050,85.33333539962769
CUB,WIPT,0.0,7,150,1050,86.66666746139526
CUB,Support-only Transformer,0.0,7,150,1050,85.33333539962769
CUB,ProtoNet,fixed,7,151,1051,93.33333373069763
CUB,WIPT,0.0,7,151,1051,92.00000166893005
CUB,Support-only Transformer,0.0,7,151,1051,86.66666746139526
CUB,ProtoNet,fixed,7,152,1052,94.66667175292969
CUB,WIPT,0.0,7,152,1052,94.66667175292969
CUB,Support-only Transformer,0.0,7,152,1052,92.00000166893005
CUB,ProtoNet,fixed,7,153,1053,100.0
CUB,WIPT,0.0,7,153,1053,100.0
CUB,Support-only Transformer,0.0,7,153,1053,100.0
CUB,ProtoNet,fixed,7,154,1054,100.0
CUB,WIPT,0.0,7,154,1054,100.0
CUB,Support-only Transformer,0.0,7,154,1054,100.0
CUB,ProtoNet,fixed,7,155,1055,96.00000381469727
CUB,WIPT,0.0,7,155,1055,94.66667175292969
CUB,Support-only Transformer,0.0,7,155,1055,96.00000381469727
CUB,ProtoNet,fixed,7,156,1056,62.66666650772095
CUB,WIPT,0.0,7,156,1056,66.66666865348816
CUB,Support-only Transformer,0.0,7,156,1056,63.999998569488525
CUB,ProtoNet,fixed,7,157,1057,98.66666793823242
CUB,WIPT,0.0,7,157,1057,98.66666793823242
CUB,Support-only Transformer,0.0,7,157,1057,98.66666793823242
CUB,ProtoNet,fixed,7,158,1058,96.00000381469727
CUB,WIPT,0.0,7,158,1058,96.00000381469727
CUB,Support-only Transformer,0.0,7,158,1058,96.00000381469727
CUB,ProtoNet,fixed,7,159,1059,82.66667127609253
CUB,WIPT,0.0,7,159,1059,81.33333325386047
CUB,Support-only Transformer,0.0,7,159,1059,84.00000333786011
CUB,ProtoNet,fixed,7,160,1060,82.66667127609253
CUB,WIPT,0.0,7,160,1060,84.00000333786011
CUB,Support-only Transformer,0.0,7,160,1060,80.0000011920929
CUB,ProtoNet,fixed,7,161,1061,100.0
CUB,WIPT,0.0,7,161,1061,98.66666793823242
CUB,Support-only Transformer,0.0,7,161,1061,98.66666793823242
CUB,ProtoNet,fixed,7,162,1062,74.6666669845581
CUB,WIPT,0.0,7,162,1062,74.6666669845581
CUB,Support-only Transformer,0.0,7,162,1062,72.00000286102295
CUB,ProtoNet,fixed,7,163,1063,98.66666793823242
CUB,WIPT,0.0,7,163,1063,97.33333587646484
CUB,Support-only Transformer,0.0,7,163,1063,92.00000166893005
CUB,ProtoNet,fixed,7,164,1064,94.66667175292969
CUB,WIPT,0.0,7,164,1064,96.00000381469727
CUB,Support-only Transformer,0.0,7,164,1064,96.00000381469727
CUB,ProtoNet,fixed,7,165,1065,98.66666793823242
CUB,WIPT,0.0,7,165,1065,98.66666793823242
CUB,Support-only Transformer,0.0,7,165,1065,98.66666793823242
CUB,ProtoNet,fixed,7,166,1066,97.33333587646484
CUB,WIPT,0.0,7,166,1066,97.33333587646484
CUB,Support-only Transformer,0.0,7,166,1066,97.33333587646484
CUB,ProtoNet,fixed,7,167,1067,94.66667175292969
CUB,WIPT,0.0,7,167,1067,94.66667175292969
CUB,Support-only Transformer,0.0,7,167,1067,94.66667175292969
CUB,ProtoNet,fixed,7,168,1068,98.66666793823242
CUB,WIPT,0.0,7,168,1068,97.33333587646484
CUB,Support-only Transformer,0.0,7,168,1068,98.66666793823242
CUB,ProtoNet,fixed,7,169,1069,93.33333373069763
CUB,WIPT,0.0,7,169,1069,94.66667175292969
CUB,Support-only Transformer,0.0,7,169,1069,93.33333373069763
CUB,ProtoNet,fixed,7,170,1070,98.66666793823242
CUB,WIPT,0.0,7,170,1070,97.33333587646484
CUB,Support-only Transformer,0.0,7,170,1070,97.33333587646484
CUB,ProtoNet,fixed,7,171,1071,97.33333587646484
CUB,WIPT,0.0,7,171,1071,97.33333587646484
CUB,Support-only Transformer,0.0,7,171,1071,97.33333587646484
CUB,ProtoNet,fixed,7,172,1072,81.33333325386047
CUB,WIPT,0.0,7,172,1072,86.66666746139526
CUB,Support-only Transformer,0.0,7,172,1072,84.00000333786011
CUB,ProtoNet,fixed,7,173,1073,93.33333373069763
CUB,WIPT,0.0,7,173,1073,90.66666960716248
CUB,Support-only Transformer,0.0,7,173,1073,94.66667175292969
CUB,ProtoNet,fixed,7,174,1074,94.66667175292969
CUB,WIPT,0.0,7,174,1074,97.33333587646484
CUB,Support-only Transformer,0.0,7,174,1074,98.66666793823242
CUB,ProtoNet,fixed,7,175,1075,90.66666960716248
CUB,WIPT,0.0,7,175,1075,94.66667175292969
CUB,Support-only Transformer,0.0,7,175,1075,93.33333373069763
CUB,ProtoNet,fixed,7,176,1076,80.0000011920929
CUB,WIPT,0.0,7,176,1076,80.0000011920929
CUB,Support-only Transformer,0.0,7,176,1076,84.00000333786011
CUB,ProtoNet,fixed,7,177,1077,100.0
CUB,WIPT,0.0,7,177,1077,100.0
CUB,Support-only Transformer,0.0,7,177,1077,98.66666793823242
CUB,ProtoNet,fixed,7,178,1078,100.0
CUB,WIPT,0.0,7,178,1078,100.0
CUB,Support-only Transformer,0.0,7,178,1078,100.0
CUB,ProtoNet,fixed,7,179,1079,100.0
CUB,WIPT,0.0,7,179,1079,100.0
CUB,Support-only Transformer,0.0,7,179,1079,98.66666793823242
CUB,ProtoNet,fixed,7,180,1080,97.33333587646484
CUB,WIPT,0.0,7,180,1080,98.66666793823242
CUB,Support-only Transformer,0.0,7,180,1080,97.33333587646484
CUB,ProtoNet,fixed,7,181,1081,80.0000011920929
CUB,WIPT,0.0,7,181,1081,85.33333539962769
CUB,Support-only Transformer,0.0,7,181,1081,84.00000333786011
CUB,ProtoNet,fixed,7,182,1082,97.33333587646484
CUB,WIPT,0.0,7,182,1082,98.66666793823242
CUB,Support-only Transformer,0.0,7,182,1082,98.66666793823242
CUB,ProtoNet,fixed,7,183,1083,98.66666793823242
CUB,WIPT,0.0,7,183,1083,98.66666793823242
CUB,Support-only Transformer,0.0,7,183,1083,98.66666793823242
CUB,ProtoNet,fixed,7,184,1084,92.00000166893005
CUB,WIPT,0.0,7,184,1084,94.66667175292969
CUB,Support-only Transformer,0.0,7,184,1084,94.66667175292969
CUB,ProtoNet,fixed,7,185,1085,87.99999952316284
CUB,WIPT,0.0,7,185,1085,90.66666960716248
CUB,Support-only Transformer,0.0,7,185,1085,94.66667175292969
CUB,ProtoNet,fixed,7,186,1086,96.00000381469727
CUB,WIPT,0.0,7,186,1086,94.66667175292969
CUB,Support-only Transformer,0.0,7,186,1086,92.00000166893005
CUB,ProtoNet,fixed,7,187,1087,100.0
CUB,WIPT,0.0,7,187,1087,98.66666793823242
CUB,Support-only Transformer,0.0,7,187,1087,98.66666793823242
CUB,ProtoNet,fixed,7,188,1088,98.66666793823242
CUB,WIPT,0.0,7,188,1088,100.0
CUB,Support-only Transformer,0.0,7,188,1088,100.0
CUB,ProtoNet,fixed,7,189,1089,93.33333373069763
CUB,WIPT,0.0,7,189,1089,94.66667175292969
CUB,Support-only Transformer,0.0,7,189,1089,93.33333373069763
CUB,ProtoNet,fixed,7,190,1090,80.0000011920929
CUB,WIPT,0.0,7,190,1090,86.66666746139526
CUB,Support-only Transformer,0.0,7,190,1090,89.3333375453949
CUB,ProtoNet,fixed,7,191,1091,93.33333373069763
CUB,WIPT,0.0,7,191,1091,96.00000381469727
CUB,Support-only Transformer,0.0,7,191,1091,94.66667175292969
CUB,ProtoNet,fixed,7,192,1092,93.33333373069763
CUB,WIPT,0.0,7,192,1092,93.33333373069763
CUB,Support-only Transformer,0.0,7,192,1092,92.00000166893005
CUB,ProtoNet,fixed,7,193,1093,96.00000381469727
CUB,WIPT,0.0,7,193,1093,96.00000381469727
CUB,Support-only Transformer,0.0,7,193,1093,94.66667175292969
CUB,ProtoNet,fixed,7,194,1094,80.0000011920929
CUB,WIPT,0.0,7,194,1094,82.66667127609253
CUB,Support-only Transformer,0.0,7,194,1094,85.33333539962769
CUB,ProtoNet,fixed,7,195,1095,96.00000381469727
CUB,WIPT,0.0,7,195,1095,96.00000381469727
CUB,Support-only Transformer,0.0,7,195,1095,96.00000381469727
CUB,ProtoNet,fixed,7,196,1096,96.00000381469727
CUB,WIPT,0.0,7,196,1096,96.00000381469727
CUB,Support-only Transformer,0.0,7,196,1096,90.66666960716248
CUB,ProtoNet,fixed,7,197,1097,96.00000381469727
CUB,WIPT,0.0,7,197,1097,96.00000381469727
CUB,Support-only Transformer,0.0,7,197,1097,96.00000381469727
CUB,ProtoNet,fixed,7,198,1098,96.00000381469727
CUB,WIPT,0.0,7,198,1098,89.3333375453949
CUB,Support-only Transformer,0.0,7,198,1098,90.66666960716248
CUB,ProtoNet,fixed,7,199,1099,98.66666793823242
CUB,WIPT,0.0,7,199,1099,98.66666793823242
CUB,Support-only Transformer,0.0,7,199,1099,97.33333587646484
CUB,ProtoNet,fixed,7,200,1100,90.66666960716248
CUB,WIPT,0.0,7,200,1100,92.00000166893005
CUB,Support-only Transformer,0.0,7,200,1100,93.33333373069763
CUB,ProtoNet,fixed,7,201,1101,77.33333706855774
CUB,WIPT,0.0,7,201,1101,85.33333539962769
CUB,Support-only Transformer,0.0,7,201,1101,89.3333375453949
CUB,ProtoNet,fixed,7,202,1102,98.66666793823242
CUB,WIPT,0.0,7,202,1102,98.66666793823242
CUB,Support-only Transformer,0.0,7,202,1102,100.0
CUB,ProtoNet,fixed,7,203,1103,96.00000381469727
CUB,WIPT,0.0,7,203,1103,97.33333587646484
CUB,Support-only Transformer,0.0,7,203,1103,97.33333587646484
CUB,ProtoNet,fixed,7,204,1104,97.33333587646484
CUB,WIPT,0.0,7,204,1104,93.33333373069763
CUB,Support-only Transformer,0.0,7,204,1104,96.00000381469727
CUB,ProtoNet,fixed,7,205,1105,96.00000381469727
CUB,WIPT,0.0,7,205,1105,97.33333587646484
CUB,Support-only Transformer,0.0,7,205,1105,96.00000381469727
CUB,ProtoNet,fixed,7,206,1106,73.33333492279053
CUB,WIPT,0.0,7,206,1106,74.6666669845581
CUB,Support-only Transformer,0.0,7,206,1106,74.6666669845581
CUB,ProtoNet,fixed,7,207,1107,80.0000011920929
CUB,WIPT,0.0,7,207,1107,78.66666913032532
CUB,Support-only Transformer,0.0,7,207,1107,77.33333706855774
CUB,ProtoNet,fixed,7,208,1108,97.33333587646484
CUB,WIPT,0.0,7,208,1108,96.00000381469727
CUB,Support-only Transformer,0.0,7,208,1108,94.66667175292969
CUB,ProtoNet,fixed,7,209,1109,90.66666960716248
CUB,WIPT,0.0,7,209,1109,90.66666960716248
CUB,Support-only Transformer,0.0,7,209,1109,96.00000381469727
CUB,ProtoNet,fixed,7,210,1110,89.3333375453949
CUB,WIPT,0.0,7,210,1110,87.99999952316284
CUB,Support-only Transformer,0.0,7,210,1110,81.33333325386047
CUB,ProtoNet,fixed,7,211,1111,78.66666913032532
CUB,WIPT,0.0,7,211,1111,78.66666913032532
CUB,Support-only Transformer,0.0,7,211,1111,78.66666913032532
CUB,ProtoNet,fixed,7,212,1112,93.33333373069763
CUB,WIPT,0.0,7,212,1112,94.66667175292969
CUB,Support-only Transformer,0.0,7,212,1112,92.00000166893005
CUB,ProtoNet,fixed,7,213,1113,97.33333587646484
CUB,WIPT,0.0,7,213,1113,97.33333587646484
CUB,Support-only Transformer,0.0,7,213,1113,96.00000381469727
CUB,ProtoNet,fixed,7,214,1114,100.0
CUB,WIPT,0.0,7,214,1114,100.0
CUB,Support-only Transformer,0.0,7,214,1114,100.0
CUB,ProtoNet,fixed,7,215,1115,100.0
CUB,WIPT,0.0,7,215,1115,100.0
CUB,Support-only Transformer,0.0,7,215,1115,100.0
CUB,ProtoNet,fixed,7,216,1116,97.33333587646484
CUB,WIPT,0.0,7,216,1116,96.00000381469727
CUB,Support-only Transformer,0.0,7,216,1116,96.00000381469727
CUB,ProtoNet,fixed,7,217,1117,98.66666793823242
CUB,WIPT,0.0,7,217,1117,100.0
CUB,Support-only Transformer,0.0,7,217,1117,96.00000381469727
CUB,ProtoNet,fixed,7,218,1118,98.66666793823242
CUB,WIPT,0.0,7,218,1118,98.66666793823242
CUB,Support-only Transformer,0.0,7,218,1118,98.66666793823242
CUB,ProtoNet,fixed,7,219,1119,90.66666960716248
CUB,WIPT,0.0,7,219,1119,90.66666960716248
CUB,Support-only Transformer,0.0,7,219,1119,82.66667127609253
CUB,ProtoNet,fixed,7,220,1120,100.0
CUB,WIPT,0.0,7,220,1120,98.66666793823242
CUB,Support-only Transformer,0.0,7,220,1120,98.66666793823242
CUB,ProtoNet,fixed,7,221,1121,74.6666669845581
CUB,WIPT,0.0,7,221,1121,78.66666913032532
CUB,Support-only Transformer,0.0,7,221,1121,82.66667127609253
CUB,ProtoNet,fixed,7,222,1122,81.33333325386047
CUB,WIPT,0.0,7,222,1122,78.66666913032532
CUB,Support-only Transformer,0.0,7,222,1122,80.0000011920929
CUB,ProtoNet,fixed,7,223,1123,100.0
CUB,WIPT,0.0,7,223,1123,100.0
CUB,Support-only Transformer,0.0,7,223,1123,100.0
CUB,ProtoNet,fixed,7,224,1124,97.33333587646484
CUB,WIPT,0.0,7,224,1124,98.66666793823242
CUB,Support-only Transformer,0.0,7,224,1124,98.66666793823242
CUB,ProtoNet,fixed,7,225,1125,84.00000333786011
CUB,WIPT,0.0,7,225,1125,81.33333325386047
CUB,Support-only Transformer,0.0,7,225,1125,80.0000011920929
CUB,ProtoNet,fixed,7,226,1126,85.33333539962769
CUB,WIPT,0.0,7,226,1126,82.66667127609253
CUB,Support-only Transformer,0.0,7,226,1126,87.99999952316284
CUB,ProtoNet,fixed,7,227,1127,94.66667175292969
CUB,WIPT,0.0,7,227,1127,94.66667175292969
CUB,Support-only Transformer,0.0,7,227,1127,96.00000381469727
CUB,ProtoNet,fixed,7,228,1128,97.33333587646484
CUB,WIPT,0.0,7,228,1128,98.66666793823242
CUB,Support-only Transformer,0.0,7,228,1128,97.33333587646484
CUB,ProtoNet,fixed,7,229,1129,93.33333373069763
CUB,WIPT,0.0,7,229,1129,93.33333373069763
CUB,Support-only Transformer,0.0,7,229,1129,96.00000381469727
CUB,ProtoNet,fixed,7,230,1130,86.66666746139526
CUB,WIPT,0.0,7,230,1130,87.99999952316284
CUB,Support-only Transformer,0.0,7,230,1130,97.33333587646484
CUB,ProtoNet,fixed,7,231,1131,98.66666793823242
CUB,WIPT,0.0,7,231,1131,98.66666793823242
CUB,Support-only Transformer,0.0,7,231,1131,98.66666793823242
CUB,ProtoNet,fixed,7,232,1132,80.0000011920929
CUB,WIPT,0.0,7,232,1132,80.0000011920929
CUB,Support-only Transformer,0.0,7,232,1132,78.66666913032532
CUB,ProtoNet,fixed,7,233,1133,80.0000011920929
CUB,WIPT,0.0,7,233,1133,81.33333325386047
CUB,Support-only Transformer,0.0,7,233,1133,82.66667127609253
CUB,ProtoNet,fixed,7,234,1134,86.66666746139526
CUB,WIPT,0.0,7,234,1134,89.3333375453949
CUB,Support-only Transformer,0.0,7,234,1134,90.66666960716248
CUB,ProtoNet,fixed,7,235,1135,97.33333587646484
CUB,WIPT,0.0,7,235,1135,97.33333587646484
CUB,Support-only Transformer,0.0,7,235,1135,97.33333587646484
CUB,ProtoNet,fixed,7,236,1136,90.66666960716248
CUB,WIPT,0.0,7,236,1136,94.66667175292969
CUB,Support-only Transformer,0.0,7,236,1136,96.00000381469727
CUB,ProtoNet,fixed,7,237,1137,90.66666960716248
CUB,WIPT,0.0,7,237,1137,90.66666960716248
CUB,Support-only Transformer,0.0,7,237,1137,90.66666960716248
CUB,ProtoNet,fixed,7,238,1138,100.0
CUB,WIPT,0.0,7,238,1138,100.0
CUB,Support-only Transformer,0.0,7,238,1138,98.66666793823242
CUB,ProtoNet,fixed,7,239,1139,84.00000333786011
CUB,WIPT,0.0,7,239,1139,85.33333539962769
CUB,Support-only Transformer,0.0,7,239,1139,89.3333375453949
CUB,ProtoNet,fixed,7,240,1140,100.0
CUB,WIPT,0.0,7,240,1140,100.0
CUB,Support-only Transformer,0.0,7,240,1140,100.0
CUB,ProtoNet,fixed,7,241,1141,93.33333373069763
CUB,WIPT,0.0,7,241,1141,92.00000166893005
CUB,Support-only Transformer,0.0,7,241,1141,94.66667175292969
CUB,ProtoNet,fixed,7,242,1142,100.0
CUB,WIPT,0.0,7,242,1142,100.0
CUB,Support-only Transformer,0.0,7,242,1142,100.0
CUB,ProtoNet,fixed,7,243,1143,98.66666793823242
CUB,WIPT,0.0,7,243,1143,98.66666793823242
CUB,Support-only Transformer,0.0,7,243,1143,100.0
CUB,ProtoNet,fixed,7,244,1144,90.66666960716248
CUB,WIPT,0.0,7,244,1144,92.00000166893005
CUB,Support-only Transformer,0.0,7,244,1144,96.00000381469727
CUB,ProtoNet,fixed,7,245,1145,81.33333325386047
CUB,WIPT,0.0,7,245,1145,81.33333325386047
CUB,Support-only Transformer,0.0,7,245,1145,81.33333325386047
CUB,ProtoNet,fixed,7,246,1146,90.66666960716248
CUB,WIPT,0.0,7,246,1146,93.33333373069763
CUB,Support-only Transformer,0.0,7,246,1146,90.66666960716248
CUB,ProtoNet,fixed,7,247,1147,100.0
CUB,WIPT,0.0,7,247,1147,100.0
CUB,Support-only Transformer,0.0,7,247,1147,100.0
CUB,ProtoNet,fixed,7,248,1148,96.00000381469727
CUB,WIPT,0.0,7,248,1148,96.00000381469727
CUB,Support-only Transformer,0.0,7,248,1148,100.0
CUB,ProtoNet,fixed,7,249,1149,96.00000381469727
CUB,WIPT,0.0,7,249,1149,93.33333373069763
CUB,Support-only Transformer,0.0,7,249,1149,92.00000166893005
CUB,ProtoNet,fixed,7,250,1150,94.66667175292969
CUB,WIPT,0.0,7,250,1150,94.66667175292969
CUB,Support-only Transformer,0.0,7,250,1150,96.00000381469727
CUB,ProtoNet,fixed,7,251,1151,96.00000381469727
CUB,WIPT,0.0,7,251,1151,97.33333587646484
CUB,Support-only Transformer,0.0,7,251,1151,94.66667175292969
CUB,ProtoNet,fixed,7,252,1152,100.0
CUB,WIPT,0.0,7,252,1152,100.0
CUB,Support-only Transformer,0.0,7,252,1152,100.0
CUB,ProtoNet,fixed,7,253,1153,81.33333325386047
CUB,WIPT,0.0,7,253,1153,81.33333325386047
CUB,Support-only Transformer,0.0,7,253,1153,85.33333539962769
CUB,ProtoNet,fixed,7,254,1154,98.66666793823242
CUB,WIPT,0.0,7,254,1154,98.66666793823242
CUB,Support-only Transformer,0.0,7,254,1154,98.66666793823242
CUB,ProtoNet,fixed,7,255,1155,77.33333706855774
CUB,WIPT,0.0,7,255,1155,84.00000333786011
CUB,Support-only Transformer,0.0,7,255,1155,85.33333539962769
CUB,ProtoNet,fixed,7,256,1156,94.66667175292969
CUB,WIPT,0.0,7,256,1156,94.66667175292969
CUB,Support-only Transformer,0.0,7,256,1156,96.00000381469727
CUB,ProtoNet,fixed,7,257,1157,92.00000166893005
CUB,WIPT,0.0,7,257,1157,96.00000381469727
CUB,Support-only Transformer,0.0,7,257,1157,96.00000381469727
CUB,ProtoNet,fixed,7,258,1158,94.66667175292969
CUB,WIPT,0.0,7,258,1158,94.66667175292969
CUB,Support-only Transformer,0.0,7,258,1158,97.33333587646484
CUB,ProtoNet,fixed,7,259,1159,98.66666793823242
CUB,WIPT,0.0,7,259,1159,96.00000381469727
CUB,Support-only Transformer,0.0,7,259,1159,94.66667175292969
CUB,ProtoNet,fixed,7,260,1160,97.33333587646484
CUB,WIPT,0.0,7,260,1160,94.66667175292969
CUB,Support-only Transformer,0.0,7,260,1160,96.00000381469727
CUB,ProtoNet,fixed,7,261,1161,82.66667127609253
CUB,WIPT,0.0,7,261,1161,82.66667127609253
CUB,Support-only Transformer,0.0,7,261,1161,84.00000333786011
CUB,ProtoNet,fixed,7,262,1162,97.33333587646484
CUB,WIPT,0.0,7,262,1162,98.66666793823242
CUB,Support-only Transformer,0.0,7,262,1162,100.0
CUB,ProtoNet,fixed,7,263,1163,97.33333587646484
CUB,WIPT,0.0,7,263,1163,97.33333587646484
CUB,Support-only Transformer,0.0,7,263,1163,96.00000381469727
CUB,ProtoNet,fixed,7,264,1164,82.66667127609253
CUB,WIPT,0.0,7,264,1164,82.66667127609253
CUB,Support-only Transformer,0.0,7,264,1164,85.33333539962769
CUB,ProtoNet,fixed,7,265,1165,98.66666793823242
CUB,WIPT,0.0,7,265,1165,98.66666793823242
CUB,Support-only Transformer,0.0,7,265,1165,98.66666793823242
CUB,ProtoNet,fixed,7,266,1166,93.33333373069763
CUB,WIPT,0.0,7,266,1166,97.33333587646484
CUB,Support-only Transformer,0.0,7,266,1166,97.33333587646484
CUB,ProtoNet,fixed,7,267,1167,84.00000333786011
CUB,WIPT,0.0,7,267,1167,85.33333539962769
CUB,Support-only Transformer,0.0,7,267,1167,80.0000011920929
CUB,ProtoNet,fixed,7,268,1168,100.0
CUB,WIPT,0.0,7,268,1168,100.0
CUB,Support-only Transformer,0.0,7,268,1168,98.66666793823242
CUB,ProtoNet,fixed,7,269,1169,97.33333587646484
CUB,WIPT,0.0,7,269,1169,97.33333587646484
CUB,Support-only Transformer,0.0,7,269,1169,97.33333587646484
CUB,ProtoNet,fixed,7,270,1170,96.00000381469727
CUB,WIPT,0.0,7,270,1170,96.00000381469727
CUB,Support-only Transformer,0.0,7,270,1170,96.00000381469727
CUB,ProtoNet,fixed,7,271,1171,94.66667175292969
CUB,WIPT,0.0,7,271,1171,96.00000381469727
CUB,Support-only Transformer,0.0,7,271,1171,92.00000166893005
CUB,ProtoNet,fixed,7,272,1172,98.66666793823242
CUB,WIPT,0.0,7,272,1172,98.66666793823242
CUB,Support-only Transformer,0.0,7,272,1172,98.66666793823242
CUB,ProtoNet,fixed,7,273,1173,97.33333587646484
CUB,WIPT,0.0,7,273,1173,96.00000381469727
CUB,Support-only Transformer,0.0,7,273,1173,96.00000381469727
CUB,ProtoNet,fixed,7,274,1174,75.99999904632568
CUB,WIPT,0.0,7,274,1174,78.66666913032532
CUB,Support-only Transformer,0.0,7,274,1174,90.66666960716248
CUB,ProtoNet,fixed,7,275,1175,90.66666960716248
CUB,WIPT,0.0,7,275,1175,90.66666960716248
CUB,Support-only Transformer,0.0,7,275,1175,92.00000166893005
CUB,ProtoNet,fixed,7,276,1176,74.6666669845581
CUB,WIPT,0.0,7,276,1176,74.6666669845581
CUB,Support-only Transformer,0.0,7,276,1176,66.66666865348816
CUB,ProtoNet,fixed,7,277,1177,97.33333587646484
CUB,WIPT,0.0,7,277,1177,97.33333587646484
CUB,Support-only Transformer,0.0,7,277,1177,98.66666793823242
CUB,ProtoNet,fixed,7,278,1178,94.66667175292969
CUB,WIPT,0.0,7,278,1178,94.66667175292969
CUB,Support-only Transformer,0.0,7,278,1178,94.66667175292969
CUB,ProtoNet,fixed,7,279,1179,90.66666960716248
CUB,WIPT,0.0,7,279,1179,90.66666960716248
CUB,Support-only Transformer,0.0,7,279,1179,89.3333375453949
CUB,ProtoNet,fixed,7,280,1180,98.66666793823242
CUB,WIPT,0.0,7,280,1180,98.66666793823242
CUB,Support-only Transformer,0.0,7,280,1180,98.66666793823242
CUB,ProtoNet,fixed,7,281,1181,94.66667175292969
CUB,WIPT,0.0,7,281,1181,92.00000166893005
CUB,Support-only Transformer,0.0,7,281,1181,94.66667175292969
CUB,ProtoNet,fixed,7,282,1182,98.66666793823242
CUB,WIPT,0.0,7,282,1182,97.33333587646484
CUB,Support-only Transformer,0.0,7,282,1182,97.33333587646484
CUB,ProtoNet,fixed,7,283,1183,100.0
CUB,WIPT,0.0,7,283,1183,100.0
CUB,Support-only Transformer,0.0,7,283,1183,100.0
CUB,ProtoNet,fixed,7,284,1184,86.66666746139526
CUB,WIPT,0.0,7,284,1184,87.99999952316284
CUB,Support-only Transformer,0.0,7,284,1184,92.00000166893005
CUB,ProtoNet,fixed,7,285,1185,98.66666793823242
CUB,WIPT,0.0,7,285,1185,100.0
CUB,Support-only Transformer,0.0,7,285,1185,100.0
CUB,ProtoNet,fixed,7,286,1186,100.0
CUB,WIPT,0.0,7,286,1186,100.0
CUB,Support-only Transformer,0.0,7,286,1186,100.0
CUB,ProtoNet,fixed,7,287,1187,87.99999952316284
CUB,WIPT,0.0,7,287,1187,90.66666960716248
CUB,Support-only Transformer,0.0,7,287,1187,89.3333375453949
CUB,ProtoNet,fixed,7,288,1188,98.66666793823242
CUB,WIPT,0.0,7,288,1188,98.66666793823242
CUB,Support-only Transformer,0.0,7,288,1188,100.0
CUB,ProtoNet,fixed,7,289,1189,100.0
CUB,WIPT,0.0,7,289,1189,100.0
CUB,Support-only Transformer,0.0,7,289,1189,98.66666793823242
CUB,ProtoNet,fixed,7,290,1190,78.66666913032532
CUB,WIPT,0.0,7,290,1190,80.0000011920929
CUB,Support-only Transformer,0.0,7,290,1190,81.33333325386047
CUB,ProtoNet,fixed,7,291,1191,100.0
CUB,WIPT,0.0,7,291,1191,100.0
CUB,Support-only Transformer,0.0,7,291,1191,100.0
CUB,ProtoNet,fixed,7,292,1192,98.66666793823242
CUB,WIPT,0.0,7,292,1192,98.66666793823242
CUB,Support-only Transformer,0.0,7,292,1192,98.66666793823242
CUB,ProtoNet,fixed,7,293,1193,85.33333539962769
CUB,WIPT,0.0,7,293,1193,85.33333539962769
CUB,Support-only Transformer,0.0,7,293,1193,85.33333539962769
CUB,ProtoNet,fixed,7,294,1194,96.00000381469727
CUB,WIPT,0.0,7,294,1194,97.33333587646484
CUB,Support-only Transformer,0.0,7,294,1194,93.33333373069763
CUB,ProtoNet,fixed,7,295,1195,96.00000381469727
CUB,WIPT,0.0,7,295,1195,97.33333587646484
CUB,Support-only Transformer,0.0,7,295,1195,94.66667175292969
CUB,ProtoNet,fixed,7,296,1196,97.33333587646484
CUB,WIPT,0.0,7,296,1196,94.66667175292969
CUB,Support-only Transformer,0.0,7,296,1196,90.66666960716248
CUB,ProtoNet,fixed,7,297,1197,98.66666793823242
CUB,WIPT,0.0,7,297,1197,98.66666793823242
CUB,Support-only Transformer,0.0,7,297,1197,98.66666793823242
CUB,ProtoNet,fixed,7,298,1198,98.66666793823242
CUB,WIPT,0.0,7,298,1198,100.0
CUB,Support-only Transformer,0.0,7,298,1198,100.0
CUB,ProtoNet,fixed,7,299,1199,97.33333587646484
CUB,WIPT,0.0,7,299,1199,97.33333587646484
CUB,Support-only Transformer,0.0,7,299,1199,96.00000381469727
CUB,ProtoNet,fixed,999,0,1200,82.66667127609253
CUB,WIPT,0.0,999,0,1200,81.33333325386047
CUB,Support-only Transformer,0.0,999,0,1200,75.99999904632568
CUB,ProtoNet,fixed,999,1,1201,97.33333587646484
CUB,WIPT,0.0,999,1,1201,97.33333587646484
CUB,Support-only Transformer,0.0,999,1,1201,96.00000381469727
CUB,ProtoNet,fixed,999,2,1202,98.66666793823242
CUB,WIPT,0.0,999,2,1202,98.66666793823242
CUB,Support-only Transformer,0.0,999,2,1202,98.66666793823242
CUB,ProtoNet,fixed,999,3,1203,98.66666793823242
CUB,WIPT,0.0,999,3,1203,98.66666793823242
CUB,Support-only Transformer,0.0,999,3,1203,98.66666793823242
CUB,ProtoNet,fixed,999,4,1204,96.00000381469727
CUB,WIPT,0.0,999,4,1204,97.33333587646484
CUB,Support-only Transformer,0.0,999,4,1204,100.0
CUB,ProtoNet,fixed,999,5,1205,93.33333373069763
CUB,WIPT,0.0,999,5,1205,94.66667175292969
CUB,Support-only Transformer,0.0,999,5,1205,93.33333373069763
CUB,ProtoNet,fixed,999,6,1206,78.66666913032532
CUB,WIPT,0.0,999,6,1206,80.0000011920929
CUB,Support-only Transformer,0.0,999,6,1206,86.66666746139526
CUB,ProtoNet,fixed,999,7,1207,97.33333587646484
CUB,WIPT,0.0,999,7,1207,97.33333587646484
CUB,Support-only Transformer,0.0,999,7,1207,96.00000381469727
CUB,ProtoNet,fixed,999,8,1208,82.66667127609253
CUB,WIPT,0.0,999,8,1208,87.99999952316284
CUB,Support-only Transformer,0.0,999,8,1208,94.66667175292969
CUB,ProtoNet,fixed,999,9,1209,100.0
CUB,WIPT,0.0,999,9,1209,98.66666793823242
CUB,Support-only Transformer,0.0,999,9,1209,98.66666793823242
CUB,ProtoNet,fixed,999,10,1210,98.66666793823242
CUB,WIPT,0.0,999,10,1210,98.66666793823242
CUB,Support-only Transformer,0.0,999,10,1210,98.66666793823242
CUB,ProtoNet,fixed,999,11,1211,96.00000381469727
CUB,WIPT,0.0,999,11,1211,96.00000381469727
CUB,Support-only Transformer,0.0,999,11,1211,98.66666793823242
CUB,ProtoNet,fixed,999,12,1212,80.0000011920929
CUB,WIPT,0.0,999,12,1212,80.0000011920929
CUB,Support-only Transformer,0.0,999,12,1212,78.66666913032532
CUB,ProtoNet,fixed,999,13,1213,100.0
CUB,WIPT,0.0,999,13,1213,100.0
CUB,Support-only Transformer,0.0,999,13,1213,100.0
CUB,ProtoNet,fixed,999,14,1214,92.00000166893005
CUB,WIPT,0.0,999,14,1214,92.00000166893005
CUB,Support-only Transformer,0.0,999,14,1214,89.3333375453949
CUB,ProtoNet,fixed,999,15,1215,98.66666793823242
CUB,WIPT,0.0,999,15,1215,98.66666793823242
CUB,Support-only Transformer,0.0,999,15,1215,98.66666793823242
CUB,ProtoNet,fixed,999,16,1216,98.66666793823242
CUB,WIPT,0.0,999,16,1216,97.33333587646484
CUB,Support-only Transformer,0.0,999,16,1216,98.66666793823242
CUB,ProtoNet,fixed,999,17,1217,97.33333587646484
CUB,WIPT,0.0,999,17,1217,97.33333587646484
CUB,Support-only Transformer,0.0,999,17,1217,98.66666793823242
CUB,ProtoNet,fixed,999,18,1218,100.0
CUB,WIPT,0.0,999,18,1218,100.0
CUB,Support-only Transformer,0.0,999,18,1218,100.0
CUB,ProtoNet,fixed,999,19,1219,94.66667175292969
CUB,WIPT,0.0,999,19,1219,93.33333373069763
CUB,Support-only Transformer,0.0,999,19,1219,94.66667175292969
CUB,ProtoNet,fixed,999,20,1220,89.3333375453949
CUB,WIPT,0.0,999,20,1220,89.3333375453949
CUB,Support-only Transformer,0.0,999,20,1220,96.00000381469727
CUB,ProtoNet,fixed,999,21,1221,94.66667175292969
CUB,WIPT,0.0,999,21,1221,92.00000166893005
CUB,Support-only Transformer,0.0,999,21,1221,82.66667127609253
CUB,ProtoNet,fixed,999,22,1222,100.0
CUB,WIPT,0.0,999,22,1222,100.0
CUB,Support-only Transformer,0.0,999,22,1222,100.0
CUB,ProtoNet,fixed,999,23,1223,98.66666793823242
CUB,WIPT,0.0,999,23,1223,98.66666793823242
CUB,Support-only Transformer,0.0,999,23,1223,98.66666793823242
CUB,ProtoNet,fixed,999,24,1224,98.66666793823242
CUB,WIPT,0.0,999,24,1224,98.66666793823242
CUB,Support-only Transformer,0.0,999,24,1224,97.33333587646484
CUB,ProtoNet,fixed,999,25,1225,97.33333587646484
CUB,WIPT,0.0,999,25,1225,96.00000381469727
CUB,Support-only Transformer,0.0,999,25,1225,96.00000381469727
CUB,ProtoNet,fixed,999,26,1226,85.33333539962769
CUB,WIPT,0.0,999,26,1226,86.66666746139526
CUB,Support-only Transformer,0.0,999,26,1226,89.3333375453949
CUB,ProtoNet,fixed,999,27,1227,93.33333373069763
CUB,WIPT,0.0,999,27,1227,96.00000381469727
CUB,Support-only Transformer,0.0,999,27,1227,96.00000381469727
CUB,ProtoNet,fixed,999,28,1228,74.6666669845581
CUB,WIPT,0.0,999,28,1228,80.0000011920929
CUB,Support-only Transformer,0.0,999,28,1228,75.99999904632568
CUB,ProtoNet,fixed,999,29,1229,97.33333587646484
CUB,WIPT,0.0,999,29,1229,98.66666793823242
CUB,Support-only Transformer,0.0,999,29,1229,98.66666793823242
CUB,ProtoNet,fixed,999,30,1230,100.0
CUB,WIPT,0.0,999,30,1230,100.0
CUB,Support-only Transformer,0.0,999,30,1230,100.0
CUB,ProtoNet,fixed,999,31,1231,96.00000381469727
CUB,WIPT,0.0,999,31,1231,96.00000381469727
CUB,Support-only Transformer,0.0,999,31,1231,96.00000381469727
CUB,ProtoNet,fixed,999,32,1232,98.66666793823242
CUB,WIPT,0.0,999,32,1232,98.66666793823242
CUB,Support-only Transformer,0.0,999,32,1232,98.66666793823242
CUB,ProtoNet,fixed,999,33,1233,100.0
CUB,WIPT,0.0,999,33,1233,100.0
CUB,Support-only Transformer,0.0,999,33,1233,98.66666793823242
CUB,ProtoNet,fixed,999,34,1234,100.0
CUB,WIPT,0.0,999,34,1234,100.0
CUB,Support-only Transformer,0.0,999,34,1234,100.0
CUB,ProtoNet,fixed,999,35,1235,92.00000166893005
CUB,WIPT,0.0,999,35,1235,92.00000166893005
CUB,Support-only Transformer,0.0,999,35,1235,94.66667175292969
CUB,ProtoNet,fixed,999,36,1236,94.66667175292969
CUB,WIPT,0.0,999,36,1236,94.66667175292969
CUB,Support-only Transformer,0.0,999,36,1236,94.66667175292969
CUB,ProtoNet,fixed,999,37,1237,98.66666793823242
CUB,WIPT,0.0,999,37,1237,98.66666793823242
CUB,Support-only Transformer,0.0,999,37,1237,98.66666793823242
CUB,ProtoNet,fixed,999,38,1238,98.66666793823242
CUB,WIPT,0.0,999,38,1238,97.33333587646484
CUB,Support-only Transformer,0.0,999,38,1238,97.33333587646484
CUB,ProtoNet,fixed,999,39,1239,90.66666960716248
CUB,WIPT,0.0,999,39,1239,89.3333375453949
CUB,Support-only Transformer,0.0,999,39,1239,97.33333587646484
CUB,ProtoNet,fixed,999,40,1240,97.33333587646484
CUB,WIPT,0.0,999,40,1240,94.66667175292969
CUB,Support-only Transformer,0.0,999,40,1240,96.00000381469727
CUB,ProtoNet,fixed,999,41,1241,97.33333587646484
CUB,WIPT,0.0,999,41,1241,97.33333587646484
CUB,Support-only Transformer,0.0,999,41,1241,98.66666793823242
CUB,ProtoNet,fixed,999,42,1242,93.33333373069763
CUB,WIPT,0.0,999,42,1242,100.0
CUB,Support-only Transformer,0.0,999,42,1242,100.0
CUB,ProtoNet,fixed,999,43,1243,97.33333587646484
CUB,WIPT,0.0,999,43,1243,98.66666793823242
CUB,Support-only Transformer,0.0,999,43,1243,93.33333373069763
CUB,ProtoNet,fixed,999,44,1244,89.3333375453949
CUB,WIPT,0.0,999,44,1244,89.3333375453949
CUB,Support-only Transformer,0.0,999,44,1244,89.3333375453949
CUB,ProtoNet,fixed,999,45,1245,98.66666793823242
CUB,WIPT,0.0,999,45,1245,98.66666793823242
CUB,Support-only Transformer,0.0,999,45,1245,97.33333587646484
CUB,ProtoNet,fixed,999,46,1246,93.33333373069763
CUB,WIPT,0.0,999,46,1246,94.66667175292969
CUB,Support-only Transformer,0.0,999,46,1246,94.66667175292969
CUB,ProtoNet,fixed,999,47,1247,90.66666960716248
CUB,WIPT,0.0,999,47,1247,90.66666960716248
CUB,Support-only Transformer,0.0,999,47,1247,90.66666960716248
CUB,ProtoNet,fixed,999,48,1248,94.66667175292969
CUB,WIPT,0.0,999,48,1248,94.66667175292969
CUB,Support-only Transformer,0.0,999,48,1248,93.33333373069763
CUB,ProtoNet,fixed,999,49,1249,98.66666793823242
CUB,WIPT,0.0,999,49,1249,100.0
CUB,Support-only Transformer,0.0,999,49,1249,98.66666793823242
CUB,ProtoNet,fixed,999,50,1250,97.33333587646484
CUB,WIPT,0.0,999,50,1250,98.66666793823242
CUB,Support-only Transformer,0.0,999,50,1250,100.0
CUB,ProtoNet,fixed,999,51,1251,86.66666746139526
CUB,WIPT,0.0,999,51,1251,85.33333539962769
CUB,Support-only Transformer,0.0,999,51,1251,82.66667127609253
CUB,ProtoNet,fixed,999,52,1252,96.00000381469727
CUB,WIPT,0.0,999,52,1252,92.00000166893005
CUB,Support-only Transformer,0.0,999,52,1252,94.66667175292969
CUB,ProtoNet,fixed,999,53,1253,94.66667175292969
CUB,WIPT,0.0,999,53,1253,97.33333587646484
CUB,Support-only Transformer,0.0,999,53,1253,98.66666793823242
CUB,ProtoNet,fixed,999,54,1254,98.66666793823242
CUB,WIPT,0.0,999,54,1254,98.66666793823242
CUB,Support-only Transformer,0.0,999,54,1254,97.33333587646484
CUB,ProtoNet,fixed,999,55,1255,87.99999952316284
CUB,WIPT,0.0,999,55,1255,93.33333373069763
CUB,Support-only Transformer,0.0,999,55,1255,92.00000166893005
CUB,ProtoNet,fixed,999,56,1256,80.0000011920929
CUB,WIPT,0.0,999,56,1256,80.0000011920929
CUB,Support-only Transformer,0.0,999,56,1256,81.33333325386047
CUB,ProtoNet,fixed,999,57,1257,84.00000333786011
CUB,WIPT,0.0,999,57,1257,82.66667127609253
CUB,Support-only Transformer,0.0,999,57,1257,82.66667127609253
CUB,ProtoNet,fixed,999,58,1258,100.0
CUB,WIPT,0.0,999,58,1258,100.0
CUB,Support-only Transformer,0.0,999,58,1258,100.0
CUB,ProtoNet,fixed,999,59,1259,86.66666746139526
CUB,WIPT,0.0,999,59,1259,89.3333375453949
CUB,Support-only Transformer,0.0,999,59,1259,87.99999952316284
CUB,ProtoNet,fixed,999,60,1260,98.66666793823242
CUB,WIPT,0.0,999,60,1260,97.33333587646484
CUB,Support-only Transformer,0.0,999,60,1260,96.00000381469727
CUB,ProtoNet,fixed,999,61,1261,98.66666793823242
CUB,WIPT,0.0,999,61,1261,98.66666793823242
CUB,Support-only Transformer,0.0,999,61,1261,98.66666793823242
CUB,ProtoNet,fixed,999,62,1262,98.66666793823242
CUB,WIPT,0.0,999,62,1262,97.33333587646484
CUB,Support-only Transformer,0.0,999,62,1262,93.33333373069763
CUB,ProtoNet,fixed,999,63,1263,98.66666793823242
CUB,WIPT,0.0,999,63,1263,98.66666793823242
CUB,Support-only Transformer,0.0,999,63,1263,98.66666793823242
CUB,ProtoNet,fixed,999,64,1264,97.33333587646484
CUB,WIPT,0.0,999,64,1264,93.33333373069763
CUB,Support-only Transformer,0.0,999,64,1264,93.33333373069763
CUB,ProtoNet,fixed,999,65,1265,97.33333587646484
CUB,WIPT,0.0,999,65,1265,97.33333587646484
CUB,Support-only Transformer,0.0,999,65,1265,94.66667175292969
CUB,ProtoNet,fixed,999,66,1266,98.66666793823242
CUB,WIPT,0.0,999,66,1266,98.66666793823242
CUB,Support-only Transformer,0.0,999,66,1266,100.0
CUB,ProtoNet,fixed,999,67,1267,97.33333587646484
CUB,WIPT,0.0,999,67,1267,97.33333587646484
CUB,Support-only Transformer,0.0,999,67,1267,97.33333587646484
CUB,ProtoNet,fixed,999,68,1268,98.66666793823242
CUB,WIPT,0.0,999,68,1268,98.66666793823242
CUB,Support-only Transformer,0.0,999,68,1268,98.66666793823242
CUB,ProtoNet,fixed,999,69,1269,97.33333587646484
CUB,WIPT,0.0,999,69,1269,97.33333587646484
CUB,Support-only Transformer,0.0,999,69,1269,98.66666793823242
CUB,ProtoNet,fixed,999,70,1270,94.66667175292969
CUB,WIPT,0.0,999,70,1270,96.00000381469727
CUB,Support-only Transformer,0.0,999,70,1270,86.66666746139526
CUB,ProtoNet,fixed,999,71,1271,87.99999952316284
CUB,WIPT,0.0,999,71,1271,89.3333375453949
CUB,Support-only Transformer,0.0,999,71,1271,84.00000333786011
CUB,ProtoNet,fixed,999,72,1272,98.66666793823242
CUB,WIPT,0.0,999,72,1272,98.66666793823242
CUB,Support-only Transformer,0.0,999,72,1272,98.66666793823242
CUB,ProtoNet,fixed,999,73,1273,98.66666793823242
CUB,WIPT,0.0,999,73,1273,97.33333587646484
CUB,Support-only Transformer,0.0,999,73,1273,97.33333587646484
CUB,ProtoNet,fixed,999,74,1274,100.0
CUB,WIPT,0.0,999,74,1274,100.0
CUB,Support-only Transformer,0.0,999,74,1274,100.0
CUB,ProtoNet,fixed,999,75,1275,72.00000286102295
CUB,WIPT,0.0,999,75,1275,73.33333492279053
CUB,Support-only Transformer,0.0,999,75,1275,73.33333492279053
CUB,ProtoNet,fixed,999,76,1276,89.3333375453949
CUB,WIPT,0.0,999,76,1276,93.33333373069763
CUB,Support-only Transformer,0.0,999,76,1276,93.33333373069763
CUB,ProtoNet,fixed,999,77,1277,97.33333587646484
CUB,WIPT,0.0,999,77,1277,98.66666793823242
CUB,Support-only Transformer,0.0,999,77,1277,97.33333587646484
CUB,ProtoNet,fixed,999,78,1278,93.33333373069763
CUB,WIPT,0.0,999,78,1278,92.00000166893005
CUB,Support-only Transformer,0.0,999,78,1278,93.33333373069763
CUB,ProtoNet,fixed,999,79,1279,96.00000381469727
CUB,WIPT,0.0,999,79,1279,97.33333587646484
CUB,Support-only Transformer,0.0,999,79,1279,89.3333375453949
CUB,ProtoNet,fixed,999,80,1280,100.0
CUB,WIPT,0.0,999,80,1280,100.0
CUB,Support-only Transformer,0.0,999,80,1280,100.0
CUB,ProtoNet,fixed,999,81,1281,85.33333539962769
CUB,WIPT,0.0,999,81,1281,87.99999952316284
CUB,Support-only Transformer,0.0,999,81,1281,89.3333375453949
CUB,ProtoNet,fixed,999,82,1282,86.66666746139526
CUB,WIPT,0.0,999,82,1282,93.33333373069763
CUB,Support-only Transformer,0.0,999,82,1282,92.00000166893005
CUB,ProtoNet,fixed,999,83,1283,94.66667175292969
CUB,WIPT,0.0,999,83,1283,96.00000381469727
CUB,Support-only Transformer,0.0,999,83,1283,94.66667175292969
CUB,ProtoNet,fixed,999,84,1284,94.66667175292969
CUB,WIPT,0.0,999,84,1284,94.66667175292969
CUB,Support-only Transformer,0.0,999,84,1284,96.00000381469727
CUB,ProtoNet,fixed,999,85,1285,94.66667175292969
CUB,WIPT,0.0,999,85,1285,94.66667175292969
CUB,Support-only Transformer,0.0,999,85,1285,96.00000381469727
CUB,ProtoNet,fixed,999,86,1286,93.33333373069763
CUB,WIPT,0.0,999,86,1286,96.00000381469727
CUB,Support-only Transformer,0.0,999,86,1286,97.33333587646484
CUB,ProtoNet,fixed,999,87,1287,98.66666793823242
CUB,WIPT,0.0,999,87,1287,97.33333587646484
CUB,Support-only Transformer,0.0,999,87,1287,97.33333587646484
CUB,ProtoNet,fixed,999,88,1288,98.66666793823242
CUB,WIPT,0.0,999,88,1288,98.66666793823242
CUB,Support-only Transformer,0.0,999,88,1288,100.0
CUB,ProtoNet,fixed,999,89,1289,94.66667175292969
CUB,WIPT,0.0,999,89,1289,94.66667175292969
CUB,Support-only Transformer,0.0,999,89,1289,96.00000381469727
CUB,ProtoNet,fixed,999,90,1290,81.33333325386047
CUB,WIPT,0.0,999,90,1290,81.33333325386047
CUB,Support-only Transformer,0.0,999,90,1290,81.33333325386047
CUB,ProtoNet,fixed,999,91,1291,100.0
CUB,WIPT,0.0,999,91,1291,97.33333587646484
CUB,Support-only Transformer,0.0,999,91,1291,97.33333587646484
CUB,ProtoNet,fixed,999,92,1292,100.0
CUB,WIPT,0.0,999,92,1292,100.0
CUB,Support-only Transformer,0.0,999,92,1292,100.0
CUB,ProtoNet,fixed,999,93,1293,82.66667127609253
CUB,WIPT,0.0,999,93,1293,81.33333325386047
CUB,Support-only Transformer,0.0,999,93,1293,86.66666746139526
CUB,ProtoNet,fixed,999,94,1294,98.66666793823242
CUB,WIPT,0.0,999,94,1294,100.0
CUB,Support-only Transformer,0.0,999,94,1294,100.0
CUB,ProtoNet,fixed,999,95,1295,82.66667127609253
CUB,WIPT,0.0,999,95,1295,80.0000011920929
CUB,Support-only Transformer,0.0,999,95,1295,81.33333325386047
CUB,ProtoNet,fixed,999,96,1296,97.33333587646484
CUB,WIPT,0.0,999,96,1296,97.33333587646484
CUB,Support-only Transformer,0.0,999,96,1296,97.33333587646484
CUB,ProtoNet,fixed,999,97,1297,84.00000333786011
CUB,WIPT,0.0,999,97,1297,87.99999952316284
CUB,Support-only Transformer,0.0,999,97,1297,81.33333325386047
CUB,ProtoNet,fixed,999,98,1298,96.00000381469727
CUB,WIPT,0.0,999,98,1298,96.00000381469727
CUB,Support-only Transformer,0.0,999,98,1298,97.33333587646484
CUB,ProtoNet,fixed,999,99,1299,94.66667175292969
CUB,WIPT,0.0,999,99,1299,96.00000381469727
CUB,Support-only Transformer,0.0,999,99,1299,94.66667175292969
CUB,ProtoNet,fixed,999,100,1300,86.66666746139526
CUB,WIPT,0.0,999,100,1300,84.00000333786011
CUB,Support-only Transformer,0.0,999,100,1300,89.3333375453949
CUB,ProtoNet,fixed,999,101,1301,94.66667175292969
CUB,WIPT,0.0,999,101,1301,94.66667175292969
CUB,Support-only Transformer,0.0,999,101,1301,92.00000166893005
CUB,ProtoNet,fixed,999,102,1302,100.0
CUB,WIPT,0.0,999,102,1302,100.0
CUB,Support-only Transformer,0.0,999,102,1302,97.33333587646484
CUB,ProtoNet,fixed,999,103,1303,98.66666793823242
CUB,WIPT,0.0,999,103,1303,100.0
CUB,Support-only Transformer,0.0,999,103,1303,96.00000381469727
CUB,ProtoNet,fixed,999,104,1304,97.33333587646484
CUB,WIPT,0.0,999,104,1304,97.33333587646484
CUB,Support-only Transformer,0.0,999,104,1304,96.00000381469727
CUB,ProtoNet,fixed,999,105,1305,90.66666960716248
CUB,WIPT,0.0,999,105,1305,90.66666960716248
CUB,Support-only Transformer,0.0,999,105,1305,92.00000166893005
CUB,ProtoNet,fixed,999,106,1306,100.0
CUB,WIPT,0.0,999,106,1306,98.66666793823242
CUB,Support-only Transformer,0.0,999,106,1306,98.66666793823242
CUB,ProtoNet,fixed,999,107,1307,97.33333587646484
CUB,WIPT,0.0,999,107,1307,97.33333587646484
CUB,Support-only Transformer,0.0,999,107,1307,97.33333587646484
CUB,ProtoNet,fixed,999,108,1308,85.33333539962769
CUB,WIPT,0.0,999,108,1308,85.33333539962769
CUB,Support-only Transformer,0.0,999,108,1308,81.33333325386047
CUB,ProtoNet,fixed,999,109,1309,85.33333539962769
CUB,WIPT,0.0,999,109,1309,85.33333539962769
CUB,Support-only Transformer,0.0,999,109,1309,86.66666746139526
CUB,ProtoNet,fixed,999,110,1310,97.33333587646484
CUB,WIPT,0.0,999,110,1310,97.33333587646484
CUB,Support-only Transformer,0.0,999,110,1310,97.33333587646484
CUB,ProtoNet,fixed,999,111,1311,85.33333539962769
CUB,WIPT,0.0,999,111,1311,89.3333375453949
CUB,Support-only Transformer,0.0,999,111,1311,89.3333375453949
CUB,ProtoNet,fixed,999,112,1312,98.66666793823242
CUB,WIPT,0.0,999,112,1312,98.66666793823242
CUB,Support-only Transformer,0.0,999,112,1312,98.66666793823242
CUB,ProtoNet,fixed,999,113,1313,94.66667175292969
CUB,WIPT,0.0,999,113,1313,93.33333373069763
CUB,Support-only Transformer,0.0,999,113,1313,97.33333587646484
CUB,ProtoNet,fixed,999,114,1314,97.33333587646484
CUB,WIPT,0.0,999,114,1314,97.33333587646484
CUB,Support-only Transformer,0.0,999,114,1314,97.33333587646484
CUB,ProtoNet,fixed,999,115,1315,94.66667175292969
CUB,WIPT,0.0,999,115,1315,94.66667175292969
CUB,Support-only Transformer,0.0,999,115,1315,94.66667175292969
CUB,ProtoNet,fixed,999,116,1316,97.33333587646484
CUB,WIPT,0.0,999,116,1316,96.00000381469727
CUB,Support-only Transformer,0.0,999,116,1316,98.66666793823242
CUB,ProtoNet,fixed,999,117,1317,87.99999952316284
CUB,WIPT,0.0,999,117,1317,89.3333375453949
CUB,Support-only Transformer,0.0,999,117,1317,87.99999952316284
CUB,ProtoNet,fixed,999,118,1318,92.00000166893005
CUB,WIPT,0.0,999,118,1318,92.00000166893005
CUB,Support-only Transformer,0.0,999,118,1318,90.66666960716248
CUB,ProtoNet,fixed,999,119,1319,93.33333373069763
CUB,WIPT,0.0,999,119,1319,92.00000166893005
CUB,Support-only Transformer,0.0,999,119,1319,93.33333373069763
CUB,ProtoNet,fixed,999,120,1320,98.66666793823242
CUB,WIPT,0.0,999,120,1320,98.66666793823242
CUB,Support-only Transformer,0.0,999,120,1320,100.0
CUB,ProtoNet,fixed,999,121,1321,94.66667175292969
CUB,WIPT,0.0,999,121,1321,94.66667175292969
CUB,Support-only Transformer,0.0,999,121,1321,92.00000166893005
CUB,ProtoNet,fixed,999,122,1322,84.00000333786011
CUB,WIPT,0.0,999,122,1322,84.00000333786011
CUB,Support-only Transformer,0.0,999,122,1322,82.66667127609253
CUB,ProtoNet,fixed,999,123,1323,94.66667175292969
CUB,WIPT,0.0,999,123,1323,97.33333587646484
CUB,Support-only Transformer,0.0,999,123,1323,98.66666793823242
CUB,ProtoNet,fixed,999,124,1324,98.66666793823242
CUB,WIPT,0.0,999,124,1324,98.66666793823242
CUB,Support-only Transformer,0.0,999,124,1324,100.0
CUB,ProtoNet,fixed,999,125,1325,90.66666960716248
CUB,WIPT,0.0,999,125,1325,94.66667175292969
CUB,Support-only Transformer,0.0,999,125,1325,96.00000381469727
CUB,ProtoNet,fixed,999,126,1326,97.33333587646484
CUB,WIPT,0.0,999,126,1326,97.33333587646484
CUB,Support-only Transformer,0.0,999,126,1326,98.66666793823242
CUB,ProtoNet,fixed,999,127,1327,85.33333539962769
CUB,WIPT,0.0,999,127,1327,87.99999952316284
CUB,Support-only Transformer,0.0,999,127,1327,85.33333539962769
CUB,ProtoNet,fixed,999,128,1328,90.66666960716248
CUB,WIPT,0.0,999,128,1328,92.00000166893005
CUB,Support-only Transformer,0.0,999,128,1328,92.00000166893005
CUB,ProtoNet,fixed,999,129,1329,96.00000381469727
CUB,WIPT,0.0,999,129,1329,97.33333587646484
CUB,Support-only Transformer,0.0,999,129,1329,97.33333587646484
CUB,ProtoNet,fixed,999,130,1330,97.33333587646484
CUB,WIPT,0.0,999,130,1330,96.00000381469727
CUB,Support-only Transformer,0.0,999,130,1330,94.66667175292969
CUB,ProtoNet,fixed,999,131,1331,98.66666793823242
CUB,WIPT,0.0,999,131,1331,98.66666793823242
CUB,Support-only Transformer,0.0,999,131,1331,100.0
CUB,ProtoNet,fixed,999,132,1332,98.66666793823242
CUB,WIPT,0.0,999,132,1332,98.66666793823242
CUB,Support-only Transformer,0.0,999,132,1332,100.0
CUB,ProtoNet,fixed,999,133,1333,98.66666793823242
CUB,WIPT,0.0,999,133,1333,98.66666793823242
CUB,Support-only Transformer,0.0,999,133,1333,98.66666793823242
CUB,ProtoNet,fixed,999,134,1334,92.00000166893005
CUB,WIPT,0.0,999,134,1334,92.00000166893005
CUB,Support-only Transformer,0.0,999,134,1334,97.33333587646484
CUB,ProtoNet,fixed,999,135,1335,93.33333373069763
CUB,WIPT,0.0,999,135,1335,98.66666793823242
CUB,Support-only Transformer,0.0,999,135,1335,98.66666793823242
CUB,ProtoNet,fixed,999,136,1336,98.66666793823242
CUB,WIPT,0.0,999,136,1336,96.00000381469727
CUB,Support-only Transformer,0.0,999,136,1336,98.66666793823242
CUB,ProtoNet,fixed,999,137,1337,98.66666793823242
CUB,WIPT,0.0,999,137,1337,98.66666793823242
CUB,Support-only Transformer,0.0,999,137,1337,98.66666793823242
CUB,ProtoNet,fixed,999,138,1338,96.00000381469727
CUB,WIPT,0.0,999,138,1338,98.66666793823242
CUB,Support-only Transformer,0.0,999,138,1338,98.66666793823242
CUB,ProtoNet,fixed,999,139,1339,96.00000381469727
CUB,WIPT,0.0,999,139,1339,94.66667175292969
CUB,Support-only Transformer,0.0,999,139,1339,97.33333587646484
CUB,ProtoNet,fixed,999,140,1340,98.66666793823242
CUB,WIPT,0.0,999,140,1340,98.66666793823242
CUB,Support-only Transformer,0.0,999,140,1340,100.0
CUB,ProtoNet,fixed,999,141,1341,98.66666793823242
CUB,WIPT,0.0,999,141,1341,97.33333587646484
CUB,Support-only Transformer,0.0,999,141,1341,98.66666793823242
CUB,ProtoNet,fixed,999,142,1342,97.33333587646484
CUB,WIPT,0.0,999,142,1342,97.33333587646484
CUB,Support-only Transformer,0.0,999,142,1342,100.0
CUB,ProtoNet,fixed,999,143,1343,98.66666793823242
CUB,WIPT,0.0,999,143,1343,97.33333587646484
CUB,Support-only Transformer,0.0,999,143,1343,98.66666793823242
CUB,ProtoNet,fixed,999,144,1344,96.00000381469727
CUB,WIPT,0.0,999,144,1344,96.00000381469727
CUB,Support-only Transformer,0.0,999,144,1344,96.00000381469727
CUB,ProtoNet,fixed,999,145,1345,98.66666793823242
CUB,WIPT,0.0,999,145,1345,100.0
CUB,Support-only Transformer,0.0,999,145,1345,94.66667175292969
CUB,ProtoNet,fixed,999,146,1346,97.33333587646484
CUB,WIPT,0.0,999,146,1346,98.66666793823242
CUB,Support-only Transformer,0.0,999,146,1346,97.33333587646484
CUB,ProtoNet,fixed,999,147,1347,96.00000381469727
CUB,WIPT,0.0,999,147,1347,96.00000381469727
CUB,Support-only Transformer,0.0,999,147,1347,94.66667175292969
CUB,ProtoNet,fixed,999,148,1348,82.66667127609253
CUB,WIPT,0.0,999,148,1348,85.33333539962769
CUB,Support-only Transformer,0.0,999,148,1348,92.00000166893005
CUB,ProtoNet,fixed,999,149,1349,97.33333587646484
CUB,WIPT,0.0,999,149,1349,100.0
CUB,Support-only Transformer,0.0,999,149,1349,97.33333587646484
CUB,ProtoNet,fixed,999,150,1350,96.00000381469727
CUB,WIPT,0.0,999,150,1350,94.66667175292969
CUB,Support-only Transformer,0.0,999,150,1350,94.66667175292969
CUB,ProtoNet,fixed,999,151,1351,72.00000286102295
CUB,WIPT,0.0,999,151,1351,74.6666669845581
CUB,Support-only Transformer,0.0,999,151,1351,74.6666669845581
CUB,ProtoNet,fixed,999,152,1352,97.33333587646484
CUB,WIPT,0.0,999,152,1352,97.33333587646484
CUB,Support-only Transformer,0.0,999,152,1352,97.33333587646484
CUB,ProtoNet,fixed,999,153,1353,98.66666793823242
CUB,WIPT,0.0,999,153,1353,98.66666793823242
CUB,Support-only Transformer,0.0,999,153,1353,98.66666793823242
CUB,ProtoNet,fixed,999,154,1354,84.00000333786011
CUB,WIPT,0.0,999,154,1354,82.66667127609253
CUB,Support-only Transformer,0.0,999,154,1354,89.3333375453949
CUB,ProtoNet,fixed,999,155,1355,94.66667175292969
CUB,WIPT,0.0,999,155,1355,97.33333587646484
CUB,Support-only Transformer,0.0,999,155,1355,96.00000381469727
CUB,ProtoNet,fixed,999,156,1356,78.66666913032532
CUB,WIPT,0.0,999,156,1356,80.0000011920929
CUB,Support-only Transformer,0.0,999,156,1356,80.0000011920929
CUB,ProtoNet,fixed,999,157,1357,92.00000166893005
CUB,WIPT,0.0,999,157,1357,87.99999952316284
CUB,Support-only Transformer,0.0,999,157,1357,93.33333373069763
CUB,ProtoNet,fixed,999,158,1358,96.00000381469727
CUB,WIPT,0.0,999,158,1358,97.33333587646484
CUB,Support-only Transformer,0.0,999,158,1358,94.66667175292969
CUB,ProtoNet,fixed,999,159,1359,98.66666793823242
CUB,WIPT,0.0,999,159,1359,97.33333587646484
CUB,Support-only Transformer,0.0,999,159,1359,100.0
CUB,ProtoNet,fixed,999,160,1360,97.33333587646484
CUB,WIPT,0.0,999,160,1360,97.33333587646484
CUB,Support-only Transformer,0.0,999,160,1360,97.33333587646484
CUB,ProtoNet,fixed,999,161,1361,87.99999952316284
CUB,WIPT,0.0,999,161,1361,89.3333375453949
CUB,Support-only Transformer,0.0,999,161,1361,89.3333375453949
CUB,ProtoNet,fixed,999,162,1362,100.0
CUB,WIPT,0.0,999,162,1362,100.0
CUB,Support-only Transformer,0.0,999,162,1362,100.0
CUB,ProtoNet,fixed,999,163,1363,85.33333539962769
CUB,WIPT,0.0,999,163,1363,89.3333375453949
CUB,Support-only Transformer,0.0,999,163,1363,87.99999952316284
CUB,ProtoNet,fixed,999,164,1364,100.0
CUB,WIPT,0.0,999,164,1364,100.0
CUB,Support-only Transformer,0.0,999,164,1364,100.0
CUB,ProtoNet,fixed,999,165,1365,94.66667175292969
CUB,WIPT,0.0,999,165,1365,93.33333373069763
CUB,Support-only Transformer,0.0,999,165,1365,94.66667175292969
CUB,ProtoNet,fixed,999,166,1366,98.66666793823242
CUB,WIPT,0.0,999,166,1366,98.66666793823242
CUB,Support-only Transformer,0.0,999,166,1366,98.66666793823242
CUB,ProtoNet,fixed,999,167,1367,100.0
CUB,WIPT,0.0,999,167,1367,100.0
CUB,Support-only Transformer,0.0,999,167,1367,100.0
CUB,ProtoNet,fixed,999,168,1368,98.66666793823242
CUB,WIPT,0.0,999,168,1368,100.0
CUB,Support-only Transformer,0.0,999,168,1368,97.33333587646484
CUB,ProtoNet,fixed,999,169,1369,81.33333325386047
CUB,WIPT,0.0,999,169,1369,82.66667127609253
CUB,Support-only Transformer,0.0,999,169,1369,82.66667127609253
CUB,ProtoNet,fixed,999,170,1370,96.00000381469727
CUB,WIPT,0.0,999,170,1370,97.33333587646484
CUB,Support-only Transformer,0.0,999,170,1370,97.33333587646484
CUB,ProtoNet,fixed,999,171,1371,100.0
CUB,WIPT,0.0,999,171,1371,98.66666793823242
CUB,Support-only Transformer,0.0,999,171,1371,97.33333587646484
CUB,ProtoNet,fixed,999,172,1372,78.66666913032532
CUB,WIPT,0.0,999,172,1372,80.0000011920929
CUB,Support-only Transformer,0.0,999,172,1372,75.99999904632568
CUB,ProtoNet,fixed,999,173,1373,94.66667175292969
CUB,WIPT,0.0,999,173,1373,94.66667175292969
CUB,Support-only Transformer,0.0,999,173,1373,96.00000381469727
CUB,ProtoNet,fixed,999,174,1374,92.00000166893005
CUB,WIPT,0.0,999,174,1374,94.66667175292969
CUB,Support-only Transformer,0.0,999,174,1374,90.66666960716248
CUB,ProtoNet,fixed,999,175,1375,93.33333373069763
CUB,WIPT,0.0,999,175,1375,87.99999952316284
CUB,Support-only Transformer,0.0,999,175,1375,94.66667175292969
CUB,ProtoNet,fixed,999,176,1376,98.66666793823242
CUB,WIPT,0.0,999,176,1376,98.66666793823242
CUB,Support-only Transformer,0.0,999,176,1376,98.66666793823242
CUB,ProtoNet,fixed,999,177,1377,98.66666793823242
CUB,WIPT,0.0,999,177,1377,100.0
CUB,Support-only Transformer,0.0,999,177,1377,100.0
CUB,ProtoNet,fixed,999,178,1378,90.66666960716248
CUB,WIPT,0.0,999,178,1378,93.33333373069763
CUB,Support-only Transformer,0.0,999,178,1378,89.3333375453949
CUB,ProtoNet,fixed,999,179,1379,96.00000381469727
CUB,WIPT,0.0,999,179,1379,97.33333587646484
CUB,Support-only Transformer,0.0,999,179,1379,97.33333587646484
CUB,ProtoNet,fixed,999,180,1380,100.0
CUB,WIPT,0.0,999,180,1380,100.0
CUB,Support-only Transformer,0.0,999,180,1380,100.0
CUB,ProtoNet,fixed,999,181,1381,89.3333375453949
CUB,WIPT,0.0,999,181,1381,89.3333375453949
CUB,Support-only Transformer,0.0,999,181,1381,92.00000166893005
CUB,ProtoNet,fixed,999,182,1382,90.66666960716248
CUB,WIPT,0.0,999,182,1382,90.66666960716248
CUB,Support-only Transformer,0.0,999,182,1382,90.66666960716248
CUB,ProtoNet,fixed,999,183,1383,98.66666793823242
CUB,WIPT,0.0,999,183,1383,98.66666793823242
CUB,Support-only Transformer,0.0,999,183,1383,98.66666793823242
CUB,ProtoNet,fixed,999,184,1384,94.66667175292969
CUB,WIPT,0.0,999,184,1384,94.66667175292969
CUB,Support-only Transformer,0.0,999,184,1384,93.33333373069763
CUB,ProtoNet,fixed,999,185,1385,97.33333587646484
CUB,WIPT,0.0,999,185,1385,98.66666793823242
CUB,Support-only Transformer,0.0,999,185,1385,94.66667175292969
CUB,ProtoNet,fixed,999,186,1386,97.33333587646484
CUB,WIPT,0.0,999,186,1386,97.33333587646484
CUB,Support-only Transformer,0.0,999,186,1386,97.33333587646484
CUB,ProtoNet,fixed,999,187,1387,92.00000166893005
CUB,WIPT,0.0,999,187,1387,94.66667175292969
CUB,Support-only Transformer,0.0,999,187,1387,94.66667175292969
CUB,ProtoNet,fixed,999,188,1388,94.66667175292969
CUB,WIPT,0.0,999,188,1388,94.66667175292969
CUB,Support-only Transformer,0.0,999,188,1388,94.66667175292969
CUB,ProtoNet,fixed,999,189,1389,100.0
CUB,WIPT,0.0,999,189,1389,98.66666793823242
CUB,Support-only Transformer,0.0,999,189,1389,100.0
CUB,ProtoNet,fixed,999,190,1390,89.3333375453949
CUB,WIPT,0.0,999,190,1390,86.66666746139526
CUB,Support-only Transformer,0.0,999,190,1390,86.66666746139526
CUB,ProtoNet,fixed,999,191,1391,92.00000166893005
CUB,WIPT,0.0,999,191,1391,92.00000166893005
CUB,Support-only Transformer,0.0,999,191,1391,97.33333587646484
CUB,ProtoNet,fixed,999,192,1392,89.3333375453949
CUB,WIPT,0.0,999,192,1392,94.66667175292969
CUB,Support-only Transformer,0.0,999,192,1392,96.00000381469727
CUB,ProtoNet,fixed,999,193,1393,98.66666793823242
CUB,WIPT,0.0,999,193,1393,98.66666793823242
CUB,Support-only Transformer,0.0,999,193,1393,97.33333587646484
CUB,ProtoNet,fixed,999,194,1394,98.66666793823242
CUB,WIPT,0.0,999,194,1394,98.66666793823242
CUB,Support-only Transformer,0.0,999,194,1394,98.66666793823242
CUB,ProtoNet,fixed,999,195,1395,92.00000166893005
CUB,WIPT,0.0,999,195,1395,89.3333375453949
CUB,Support-only Transformer,0.0,999,195,1395,93.33333373069763
CUB,ProtoNet,fixed,999,196,1396,96.00000381469727
CUB,WIPT,0.0,999,196,1396,94.66667175292969
CUB,Support-only Transformer,0.0,999,196,1396,94.66667175292969
CUB,ProtoNet,fixed,999,197,1397,94.66667175292969
CUB,WIPT,0.0,999,197,1397,97.33333587646484
CUB,Support-only Transformer,0.0,999,197,1397,96.00000381469727
CUB,ProtoNet,fixed,999,198,1398,100.0
CUB,WIPT,0.0,999,198,1398,100.0
CUB,Support-only Transformer,0.0,999,198,1398,98.66666793823242
CUB,ProtoNet,fixed,999,199,1399,74.6666669845581
CUB,WIPT,0.0,999,199,1399,73.33333492279053
CUB,Support-only Transformer,0.0,999,199,1399,82.66667127609253
CUB,ProtoNet,fixed,999,200,1400,85.33333539962769
CUB,WIPT,0.0,999,200,1400,82.66667127609253
CUB,Support-only Transformer,0.0,999,200,1400,86.66666746139526
CUB,ProtoNet,fixed,999,201,1401,89.3333375453949
CUB,WIPT,0.0,999,201,1401,94.66667175292969
CUB,Support-only Transformer,0.0,999,201,1401,96.00000381469727
CUB,ProtoNet,fixed,999,202,1402,78.66666913032532
CUB,WIPT,0.0,999,202,1402,73.33333492279053
CUB,Support-only Transformer,0.0,999,202,1402,73.33333492279053
CUB,ProtoNet,fixed,999,203,1403,100.0
CUB,WIPT,0.0,999,203,1403,100.0
CUB,Support-only Transformer,0.0,999,203,1403,100.0
CUB,ProtoNet,fixed,999,204,1404,98.66666793823242
CUB,WIPT,0.0,999,204,1404,94.66667175292969
CUB,Support-only Transformer,0.0,999,204,1404,96.00000381469727
CUB,ProtoNet,fixed,999,205,1405,97.33333587646484
CUB,WIPT,0.0,999,205,1405,100.0
CUB,Support-only Transformer,0.0,999,205,1405,97.33333587646484
CUB,ProtoNet,fixed,999,206,1406,100.0
CUB,WIPT,0.0,999,206,1406,100.0
CUB,Support-only Transformer,0.0,999,206,1406,98.66666793823242
CUB,ProtoNet,fixed,999,207,1407,100.0
CUB,WIPT,0.0,999,207,1407,100.0
CUB,Support-only Transformer,0.0,999,207,1407,100.0
CUB,ProtoNet,fixed,999,208,1408,77.33333706855774
CUB,WIPT,0.0,999,208,1408,80.0000011920929
CUB,Support-only Transformer,0.0,999,208,1408,85.33333539962769
CUB,ProtoNet,fixed,999,209,1409,100.0
CUB,WIPT,0.0,999,209,1409,100.0
CUB,Support-only Transformer,0.0,999,209,1409,100.0
CUB,ProtoNet,fixed,999,210,1410,92.00000166893005
CUB,WIPT,0.0,999,210,1410,92.00000166893005
CUB,Support-only Transformer,0.0,999,210,1410,90.66666960716248
CUB,ProtoNet,fixed,999,211,1411,93.33333373069763
CUB,WIPT,0.0,999,211,1411,94.66667175292969
CUB,Support-only Transformer,0.0,999,211,1411,97.33333587646484
CUB,ProtoNet,fixed,999,212,1412,97.33333587646484
CUB,WIPT,0.0,999,212,1412,96.00000381469727
CUB,Support-only Transformer,0.0,999,212,1412,96.00000381469727
CUB,ProtoNet,fixed,999,213,1413,97.33333587646484
CUB,WIPT,0.0,999,213,1413,97.33333587646484
CUB,Support-only Transformer,0.0,999,213,1413,98.66666793823242
CUB,ProtoNet,fixed,999,214,1414,84.00000333786011
CUB,WIPT,0.0,999,214,1414,90.66666960716248
CUB,Support-only Transformer,0.0,999,214,1414,94.66667175292969
CUB,ProtoNet,fixed,999,215,1415,97.33333587646484
CUB,WIPT,0.0,999,215,1415,97.33333587646484
CUB,Support-only Transformer,0.0,999,215,1415,97.33333587646484
CUB,ProtoNet,fixed,999,216,1416,98.66666793823242
CUB,WIPT,0.0,999,216,1416,97.33333587646484
CUB,Support-only Transformer,0.0,999,216,1416,97.33333587646484
CUB,ProtoNet,fixed,999,217,1417,85.33333539962769
CUB,WIPT,0.0,999,217,1417,84.00000333786011
CUB,Support-only Transformer,0.0,999,217,1417,87.99999952316284
CUB,ProtoNet,fixed,999,218,1418,90.66666960716248
CUB,WIPT,0.0,999,218,1418,92.00000166893005
CUB,Support-only Transformer,0.0,999,218,1418,93.33333373069763
CUB,ProtoNet,fixed,999,219,1419,93.33333373069763
CUB,WIPT,0.0,999,219,1419,94.66667175292969
CUB,Support-only Transformer,0.0,999,219,1419,94.66667175292969
CUB,ProtoNet,fixed,999,220,1420,97.33333587646484
CUB,WIPT,0.0,999,220,1420,97.33333587646484
CUB,Support-only Transformer,0.0,999,220,1420,97.33333587646484
CUB,ProtoNet,fixed,999,221,1421,100.0
CUB,WIPT,0.0,999,221,1421,100.0
CUB,Support-only Transformer,0.0,999,221,1421,100.0
CUB,ProtoNet,fixed,999,222,1422,89.3333375453949
CUB,WIPT,0.0,999,222,1422,93.33333373069763
CUB,Support-only Transformer,0.0,999,222,1422,86.66666746139526
CUB,ProtoNet,fixed,999,223,1423,98.66666793823242
CUB,WIPT,0.0,999,223,1423,98.66666793823242
CUB,Support-only Transformer,0.0,999,223,1423,98.66666793823242
CUB,ProtoNet,fixed,999,224,1424,96.00000381469727
CUB,WIPT,0.0,999,224,1424,98.66666793823242
CUB,Support-only Transformer,0.0,999,224,1424,97.33333587646484
CUB,ProtoNet,fixed,999,225,1425,94.66667175292969
CUB,WIPT,0.0,999,225,1425,92.00000166893005
CUB,Support-only Transformer,0.0,999,225,1425,93.33333373069763
CUB,ProtoNet,fixed,999,226,1426,97.33333587646484
CUB,WIPT,0.0,999,226,1426,94.66667175292969
CUB,Support-only Transformer,0.0,999,226,1426,97.33333587646484
CUB,ProtoNet,fixed,999,227,1427,92.00000166893005
CUB,WIPT,0.0,999,227,1427,90.66666960716248
CUB,Support-only Transformer,0.0,999,227,1427,90.66666960716248
CUB,ProtoNet,fixed,999,228,1428,92.00000166893005
CUB,WIPT,0.0,999,228,1428,94.66667175292969
CUB,Support-only Transformer,0.0,999,228,1428,96.00000381469727
CUB,ProtoNet,fixed,999,229,1429,97.33333587646484
CUB,WIPT,0.0,999,229,1429,96.00000381469727
CUB,Support-only Transformer,0.0,999,229,1429,97.33333587646484
CUB,ProtoNet,fixed,999,230,1430,94.66667175292969
CUB,WIPT,0.0,999,230,1430,94.66667175292969
CUB,Support-only Transformer,0.0,999,230,1430,94.66667175292969
CUB,ProtoNet,fixed,999,231,1431,98.66666793823242
CUB,WIPT,0.0,999,231,1431,98.66666793823242
CUB,Support-only Transformer,0.0,999,231,1431,98.66666793823242
CUB,ProtoNet,fixed,999,232,1432,86.66666746139526
CUB,WIPT,0.0,999,232,1432,89.3333375453949
CUB,Support-only Transformer,0.0,999,232,1432,86.66666746139526
CUB,ProtoNet,fixed,999,233,1433,78.66666913032532
CUB,WIPT,0.0,999,233,1433,78.66666913032532
CUB,Support-only Transformer,0.0,999,233,1433,77.33333706855774
CUB,ProtoNet,fixed,999,234,1434,96.00000381469727
CUB,WIPT,0.0,999,234,1434,94.66667175292969
CUB,Support-only Transformer,0.0,999,234,1434,97.33333587646484
CUB,ProtoNet,fixed,999,235,1435,98.66666793823242
CUB,WIPT,0.0,999,235,1435,98.66666793823242
CUB,Support-only Transformer,0.0,999,235,1435,98.66666793823242
CUB,ProtoNet,fixed,999,236,1436,96.00000381469727
CUB,WIPT,0.0,999,236,1436,96.00000381469727
CUB,Support-only Transformer,0.0,999,236,1436,92.00000166893005
CUB,ProtoNet,fixed,999,237,1437,93.33333373069763
CUB,WIPT,0.0,999,237,1437,94.66667175292969
CUB,Support-only Transformer,0.0,999,237,1437,93.33333373069763
CUB,ProtoNet,fixed,999,238,1438,100.0
CUB,WIPT,0.0,999,238,1438,100.0
CUB,Support-only Transformer,0.0,999,238,1438,100.0
CUB,ProtoNet,fixed,999,239,1439,85.33333539962769
CUB,WIPT,0.0,999,239,1439,85.33333539962769
CUB,Support-only Transformer,0.0,999,239,1439,84.00000333786011
CUB,ProtoNet,fixed,999,240,1440,97.33333587646484
CUB,WIPT,0.0,999,240,1440,97.33333587646484
CUB,Support-only Transformer,0.0,999,240,1440,97.33333587646484
CUB,ProtoNet,fixed,999,241,1441,98.66666793823242
CUB,WIPT,0.0,999,241,1441,97.33333587646484
CUB,Support-only Transformer,0.0,999,241,1441,98.66666793823242
CUB,ProtoNet,fixed,999,242,1442,100.0
CUB,WIPT,0.0,999,242,1442,100.0
CUB,Support-only Transformer,0.0,999,242,1442,100.0
CUB,ProtoNet,fixed,999,243,1443,89.3333375453949
CUB,WIPT,0.0,999,243,1443,89.3333375453949
CUB,Support-only Transformer,0.0,999,243,1443,85.33333539962769
CUB,ProtoNet,fixed,999,244,1444,74.6666669845581
CUB,WIPT,0.0,999,244,1444,74.6666669845581
CUB,Support-only Transformer,0.0,999,244,1444,75.99999904632568
CUB,ProtoNet,fixed,999,245,1445,100.0
CUB,WIPT,0.0,999,245,1445,100.0
CUB,Support-only Transformer,0.0,999,245,1445,100.0
CUB,ProtoNet,fixed,999,246,1446,61.33333444595337
CUB,WIPT,0.0,999,246,1446,63.999998569488525
CUB,Support-only Transformer,0.0,999,246,1446,62.66666650772095
CUB,ProtoNet,fixed,999,247,1447,97.33333587646484
CUB,WIPT,0.0,999,247,1447,97.33333587646484
CUB,Support-only Transformer,0.0,999,247,1447,97.33333587646484
CUB,ProtoNet,fixed,999,248,1448,98.66666793823242
CUB,WIPT,0.0,999,248,1448,98.66666793823242
CUB,Support-only Transformer,0.0,999,248,1448,100.0
CUB,ProtoNet,fixed,999,249,1449,98.66666793823242
CUB,WIPT,0.0,999,249,1449,98.66666793823242
CUB,Support-only Transformer,0.0,999,249,1449,98.66666793823242
CUB,ProtoNet,fixed,999,250,1450,92.00000166893005
CUB,WIPT,0.0,999,250,1450,93.33333373069763
CUB,Support-only Transformer,0.0,999,250,1450,92.00000166893005
CUB,ProtoNet,fixed,999,251,1451,100.0
CUB,WIPT,0.0,999,251,1451,96.00000381469727
CUB,Support-only Transformer,0.0,999,251,1451,100.0
CUB,ProtoNet,fixed,999,252,1452,100.0
CUB,WIPT,0.0,999,252,1452,100.0
CUB,Support-only Transformer,0.0,999,252,1452,98.66666793823242
CUB,ProtoNet,fixed,999,253,1453,100.0
CUB,WIPT,0.0,999,253,1453,100.0
CUB,Support-only Transformer,0.0,999,253,1453,97.33333587646484
CUB,ProtoNet,fixed,999,254,1454,98.66666793823242
CUB,WIPT,0.0,999,254,1454,98.66666793823242
CUB,Support-only Transformer,0.0,999,254,1454,96.00000381469727
CUB,ProtoNet,fixed,999,255,1455,98.66666793823242
CUB,WIPT,0.0,999,255,1455,100.0
CUB,Support-only Transformer,0.0,999,255,1455,100.0
CUB,ProtoNet,fixed,999,256,1456,96.00000381469727
CUB,WIPT,0.0,999,256,1456,97.33333587646484
CUB,Support-only Transformer,0.0,999,256,1456,96.00000381469727
CUB,ProtoNet,fixed,999,257,1457,98.66666793823242
CUB,WIPT,0.0,999,257,1457,98.66666793823242
CUB,Support-only Transformer,0.0,999,257,1457,96.00000381469727
CUB,ProtoNet,fixed,999,258,1458,93.33333373069763
CUB,WIPT,0.0,999,258,1458,94.66667175292969
CUB,Support-only Transformer,0.0,999,258,1458,89.3333375453949
CUB,ProtoNet,fixed,999,259,1459,89.3333375453949
CUB,WIPT,0.0,999,259,1459,93.33333373069763
CUB,Support-only Transformer,0.0,999,259,1459,90.66666960716248
CUB,ProtoNet,fixed,999,260,1460,97.33333587646484
CUB,WIPT,0.0,999,260,1460,96.00000381469727
CUB,Support-only Transformer,0.0,999,260,1460,96.00000381469727
CUB,ProtoNet,fixed,999,261,1461,100.0
CUB,WIPT,0.0,999,261,1461,100.0
CUB,Support-only Transformer,0.0,999,261,1461,98.66666793823242
CUB,ProtoNet,fixed,999,262,1462,93.33333373069763
CUB,WIPT,0.0,999,262,1462,92.00000166893005
CUB,Support-only Transformer,0.0,999,262,1462,96.00000381469727
CUB,ProtoNet,fixed,999,263,1463,80.0000011920929
CUB,WIPT,0.0,999,263,1463,84.00000333786011
CUB,Support-only Transformer,0.0,999,263,1463,84.00000333786011
CUB,ProtoNet,fixed,999,264,1464,97.33333587646484
CUB,WIPT,0.0,999,264,1464,97.33333587646484
CUB,Support-only Transformer,0.0,999,264,1464,100.0
CUB,ProtoNet,fixed,999,265,1465,94.66667175292969
CUB,WIPT,0.0,999,265,1465,93.33333373069763
CUB,Support-only Transformer,0.0,999,265,1465,93.33333373069763
CUB,ProtoNet,fixed,999,266,1466,93.33333373069763
CUB,WIPT,0.0,999,266,1466,92.00000166893005
CUB,Support-only Transformer,0.0,999,266,1466,93.33333373069763
CUB,ProtoNet,fixed,999,267,1467,89.3333375453949
CUB,WIPT,0.0,999,267,1467,89.3333375453949
CUB,Support-only Transformer,0.0,999,267,1467,89.3333375453949
CUB,ProtoNet,fixed,999,268,1468,96.00000381469727
CUB,WIPT,0.0,999,268,1468,98.66666793823242
CUB,Support-only Transformer,0.0,999,268,1468,98.66666793823242
CUB,ProtoNet,fixed,999,269,1469,94.66667175292969
CUB,WIPT,0.0,999,269,1469,94.66667175292969
CUB,Support-only Transformer,0.0,999,269,1469,93.33333373069763
CUB,ProtoNet,fixed,999,270,1470,87.99999952316284
CUB,WIPT,0.0,999,270,1470,87.99999952316284
CUB,Support-only Transformer,0.0,999,270,1470,84.00000333786011
CUB,ProtoNet,fixed,999,271,1471,97.33333587646484
CUB,WIPT,0.0,999,271,1471,97.33333587646484
CUB,Support-only Transformer,0.0,999,271,1471,97.33333587646484
CUB,ProtoNet,fixed,999,272,1472,81.33333325386047
CUB,WIPT,0.0,999,272,1472,78.66666913032532
CUB,Support-only Transformer,0.0,999,272,1472,81.33333325386047
CUB,ProtoNet,fixed,999,273,1473,93.33333373069763
CUB,WIPT,0.0,999,273,1473,92.00000166893005
CUB,Support-only Transformer,0.0,999,273,1473,92.00000166893005
CUB,ProtoNet,fixed,999,274,1474,100.0
CUB,WIPT,0.0,999,274,1474,100.0
CUB,Support-only Transformer,0.0,999,274,1474,100.0
CUB,ProtoNet,fixed,999,275,1475,96.00000381469727
CUB,WIPT,0.0,999,275,1475,94.66667175292969
CUB,Support-only Transformer,0.0,999,275,1475,94.66667175292969
CUB,ProtoNet,fixed,999,276,1476,98.66666793823242
CUB,WIPT,0.0,999,276,1476,98.66666793823242
CUB,Support-only Transformer,0.0,999,276,1476,98.66666793823242
CUB,ProtoNet,fixed,999,277,1477,94.66667175292969
CUB,WIPT,0.0,999,277,1477,93.33333373069763
CUB,Support-only Transformer,0.0,999,277,1477,94.66667175292969
CUB,ProtoNet,fixed,999,278,1478,100.0
CUB,WIPT,0.0,999,278,1478,100.0
CUB,Support-only Transformer,0.0,999,278,1478,100.0
CUB,ProtoNet,fixed,999,279,1479,84.00000333786011
CUB,WIPT,0.0,999,279,1479,89.3333375453949
CUB,Support-only Transformer,0.0,999,279,1479,89.3333375453949
CUB,ProtoNet,fixed,999,280,1480,93.33333373069763
CUB,WIPT,0.0,999,280,1480,93.33333373069763
CUB,Support-only Transformer,0.0,999,280,1480,92.00000166893005
CUB,ProtoNet,fixed,999,281,1481,90.66666960716248
CUB,WIPT,0.0,999,281,1481,89.3333375453949
CUB,Support-only Transformer,0.0,999,281,1481,86.66666746139526
CUB,ProtoNet,fixed,999,282,1482,94.66667175292969
CUB,WIPT,0.0,999,282,1482,94.66667175292969
CUB,Support-only Transformer,0.0,999,282,1482,98.66666793823242
CUB,ProtoNet,fixed,999,283,1483,96.00000381469727
CUB,WIPT,0.0,999,283,1483,96.00000381469727
CUB,Support-only Transformer,0.0,999,283,1483,94.66667175292969
CUB,ProtoNet,fixed,999,284,1484,96.00000381469727
CUB,WIPT,0.0,999,284,1484,96.00000381469727
CUB,Support-only Transformer,0.0,999,284,1484,96.00000381469727
CUB,ProtoNet,fixed,999,285,1485,98.66666793823242
CUB,WIPT,0.0,999,285,1485,98.66666793823242
CUB,Support-only Transformer,0.0,999,285,1485,98.66666793823242
CUB,ProtoNet,fixed,999,286,1486,100.0
CUB,WIPT,0.0,999,286,1486,100.0
CUB,Support-only Transformer,0.0,999,286,1486,100.0
CUB,ProtoNet,fixed,999,287,1487,98.66666793823242
CUB,WIPT,0.0,999,287,1487,98.66666793823242
CUB,Support-only Transformer,0.0,999,287,1487,94.66667175292969
CUB,ProtoNet,fixed,999,288,1488,94.66667175292969
CUB,WIPT,0.0,999,288,1488,94.66667175292969
CUB,Support-only Transformer,0.0,999,288,1488,93.33333373069763
CUB,ProtoNet,fixed,999,289,1489,78.66666913032532
CUB,WIPT,0.0,999,289,1489,82.66667127609253
CUB,Support-only Transformer,0.0,999,289,1489,85.33333539962769
CUB,ProtoNet,fixed,999,290,1490,100.0
CUB,WIPT,0.0,999,290,1490,98.66666793823242
CUB,Support-only Transformer,0.0,999,290,1490,100.0
CUB,ProtoNet,fixed,999,291,1491,98.66666793823242
CUB,WIPT,0.0,999,291,1491,98.66666793823242
CUB,Support-only Transformer,0.0,999,291,1491,97.33333587646484
CUB,ProtoNet,fixed,999,292,1492,97.33333587646484
CUB,WIPT,0.0,999,292,1492,97.33333587646484
CUB,Support-only Transformer,0.0,999,292,1492,97.33333587646484
CUB,ProtoNet,fixed,999,293,1493,98.66666793823242
CUB,WIPT,0.0,999,293,1493,98.66666793823242
CUB,Support-only Transformer,0.0,999,293,1493,97.33333587646484
CUB,ProtoNet,fixed,999,294,1494,100.0
CUB,WIPT,0.0,999,294,1494,100.0
CUB,Support-only Transformer,0.0,999,294,1494,100.0
CUB,ProtoNet,fixed,999,295,1495,82.66667127609253
CUB,WIPT,0.0,999,295,1495,84.00000333786011
CUB,Support-only Transformer,0.0,999,295,1495,86.66666746139526
CUB,ProtoNet,fixed,999,296,1496,94.66667175292969
CUB,WIPT,0.0,999,296,1496,97.33333587646484
CUB,Support-only Transformer,0.0,999,296,1496,93.33333373069763
CUB,ProtoNet,fixed,999,297,1497,98.66666793823242
CUB,WIPT,0.0,999,297,1497,98.66666793823242
CUB,Support-only Transformer,0.0,999,297,1497,98.66666793823242
CUB,ProtoNet,fixed,999,298,1498,87.99999952316284
CUB,WIPT,0.0,999,298,1498,86.66666746139526
CUB,Support-only Transformer,0.0,999,298,1498,86.66666746139526
CUB,ProtoNet,fixed,999,299,1499,93.33333373069763
CUB,WIPT,0.0,999,299,1499,93.33333373069763
CUB,Support-only Transformer,0.0,999,299,1499,93.33333373069763
EuroSAT,ProtoNet,fixed,42,0,0,78.66666913032532
EuroSAT,WIPT,0.0,42,0,0,85.33333539962769
EuroSAT,Support-only Transformer,0.0,42,0,0,73.33333492279053
EuroSAT,ProtoNet,fixed,42,1,1,48.00000190734863
EuroSAT,WIPT,0.0,42,1,1,53.33333611488342
EuroSAT,Support-only Transformer,0.0,42,1,1,48.00000190734863
EuroSAT,ProtoNet,fixed,42,2,2,60.00000238418579
EuroSAT,WIPT,0.0,42,2,2,57.33333230018616
EuroSAT,Support-only Transformer,0.0,42,2,2,50.66666603088379
EuroSAT,ProtoNet,fixed,42,3,3,72.00000286102295
EuroSAT,WIPT,0.0,42,3,3,75.99999904632568
EuroSAT,Support-only Transformer,0.0,42,3,3,70.66667079925537
EuroSAT,ProtoNet,fixed,42,4,4,66.66666865348816
EuroSAT,WIPT,0.0,42,4,4,63.999998569488525
EuroSAT,Support-only Transformer,0.0,42,4,4,65.33333659172058
EuroSAT,ProtoNet,fixed,42,5,5,50.66666603088379
EuroSAT,WIPT,0.0,42,5,5,52.000004053115845
EuroSAT,Support-only Transformer,0.0,42,5,5,53.33333611488342
EuroSAT,ProtoNet,fixed,42,6,6,43.99999976158142
EuroSAT,WIPT,0.0,42,6,6,38.66666853427887
EuroSAT,Support-only Transformer,0.0,42,6,6,40.00000059604645
EuroSAT,ProtoNet,fixed,42,7,7,68.00000071525574
EuroSAT,WIPT,0.0,42,7,7,69.33333277702332
EuroSAT,Support-only Transformer,0.0,42,7,7,62.66666650772095
EuroSAT,ProtoNet,fixed,42,8,8,58.66667032241821
EuroSAT,WIPT,0.0,42,8,8,66.66666865348816
EuroSAT,Support-only Transformer,0.0,42,8,8,72.00000286102295
EuroSAT,ProtoNet,fixed,42,9,9,48.00000190734863
EuroSAT,WIPT,0.0,42,9,9,49.33333396911621
EuroSAT,Support-only Transformer,0.0,42,9,9,45.33333480358124
EuroSAT,ProtoNet,fixed,42,10,10,66.66666865348816
EuroSAT,WIPT,0.0,42,10,10,54.666668176651
EuroSAT,Support-only Transformer,0.0,42,10,10,57.33333230018616
EuroSAT,ProtoNet,fixed,42,11,11,72.00000286102295
EuroSAT,WIPT,0.0,42,11,11,75.99999904632568
EuroSAT,Support-only Transformer,0.0,42,11,11,75.99999904632568
EuroSAT,ProtoNet,fixed,42,12,12,60.00000238418579
EuroSAT,WIPT,0.0,42,12,12,60.00000238418579
EuroSAT,Support-only Transformer,0.0,42,12,12,58.66667032241821
EuroSAT,ProtoNet,fixed,42,13,13,58.66667032241821
EuroSAT,WIPT,0.0,42,13,13,58.66667032241821
EuroSAT,Support-only Transformer,0.0,42,13,13,60.00000238418579
EuroSAT,ProtoNet,fixed,42,14,14,80.0000011920929
EuroSAT,WIPT,0.0,42,14,14,80.0000011920929
EuroSAT,Support-only Transformer,0.0,42,14,14,77.33333706855774
EuroSAT,ProtoNet,fixed,42,15,15,60.00000238418579
EuroSAT,WIPT,0.0,42,15,15,66.66666865348816
EuroSAT,Support-only Transformer,0.0,42,15,15,65.33333659172058
EuroSAT,ProtoNet,fixed,42,16,16,29.333335161209106
EuroSAT,WIPT,0.0,42,16,16,33.33333432674408
EuroSAT,Support-only Transformer,0.0,42,16,16,33.33333432674408
EuroSAT,ProtoNet,fixed,42,17,17,41.333335638046265
EuroSAT,WIPT,0.0,42,17,17,48.00000190734863
EuroSAT,Support-only Transformer,0.0,42,17,17,60.00000238418579
EuroSAT,ProtoNet,fixed,42,18,18,75.99999904632568
EuroSAT,WIPT,0.0,42,18,18,84.00000333786011
EuroSAT,Support-only Transformer,0.0,42,18,18,80.0000011920929
EuroSAT,ProtoNet,fixed,42,19,19,62.66666650772095
EuroSAT,WIPT,0.0,42,19,19,61.33333444595337
EuroSAT,Support-only Transformer,0.0,42,19,19,60.00000238418579
EuroSAT,ProtoNet,fixed,42,20,20,62.66666650772095
EuroSAT,WIPT,0.0,42,20,20,68.00000071525574
EuroSAT,Support-only Transformer,0.0,42,20,20,62.66666650772095
EuroSAT,ProtoNet,fixed,42,21,21,73.33333492279053
EuroSAT,WIPT,0.0,42,21,21,75.99999904632568
EuroSAT,Support-only Transformer,0.0,42,21,21,70.66667079925537
EuroSAT,ProtoNet,fixed,42,22,22,62.66666650772095
EuroSAT,WIPT,0.0,42,22,22,57.33333230018616
EuroSAT,Support-only Transformer,0.0,42,22,22,49.33333396911621
EuroSAT,ProtoNet,fixed,42,23,23,56.00000023841858
EuroSAT,WIPT,0.0,42,23,23,54.666668176651
EuroSAT,Support-only Transformer,0.0,42,23,23,57.33333230018616
EuroSAT,ProtoNet,fixed,42,24,24,73.33333492279053
EuroSAT,WIPT,0.0,42,24,24,72.00000286102295
EuroSAT,Support-only Transformer,0.0,42,24,24,68.00000071525574
EuroSAT,ProtoNet,fixed,42,25,25,82.66667127609253
EuroSAT,WIPT,0.0,42,25,25,77.33333706855774
EuroSAT,Support-only Transformer,0.0,42,25,25,74.6666669845581
EuroSAT,ProtoNet,fixed,42,26,26,62.66666650772095
EuroSAT,WIPT,0.0,42,26,26,61.33333444595337
EuroSAT,Support-only Transformer,0.0,42,26,26,58.66667032241821
EuroSAT,ProtoNet,fixed,42,27,27,62.66666650772095
EuroSAT,WIPT,0.0,42,27,27,63.999998569488525
EuroSAT,Support-only Transformer,0.0,42,27,27,50.66666603088379
EuroSAT,ProtoNet,fixed,42,28,28,62.66666650772095
EuroSAT,WIPT,0.0,42,28,28,61.33333444595337
EuroSAT,Support-only Transformer,0.0,42,28,28,56.00000023841858
EuroSAT,ProtoNet,fixed,42,29,29,58.66667032241821
EuroSAT,WIPT,0.0,42,29,29,60.00000238418579
EuroSAT,Support-only Transformer,0.0,42,29,29,53.33333611488342
EuroSAT,ProtoNet,fixed,42,30,30,65.33333659172058
EuroSAT,WIPT,0.0,42,30,30,66.66666865348816
EuroSAT,Support-only Transformer,0.0,42,30,30,63.999998569488525
EuroSAT,ProtoNet,fixed,42,31,31,63.999998569488525
EuroSAT,WIPT,0.0,42,31,31,61.33333444595337
EuroSAT,Support-only Transformer,0.0,42,31,31,60.00000238418579
EuroSAT,ProtoNet,fixed,42,32,32,57.33333230018616
EuroSAT,WIPT,0.0,42,32,32,58.66667032241821
EuroSAT,Support-only Transformer,0.0,42,32,32,62.66666650772095
EuroSAT,ProtoNet,fixed,42,33,33,66.66666865348816
EuroSAT,WIPT,0.0,42,33,33,68.00000071525574
EuroSAT,Support-only Transformer,0.0,42,33,33,58.66667032241821
EuroSAT,ProtoNet,fixed,42,34,34,41.333335638046265
EuroSAT,WIPT,0.0,42,34,34,45.33333480358124
EuroSAT,Support-only Transformer,0.0,42,34,34,43.99999976158142
EuroSAT,ProtoNet,fixed,42,35,35,66.66666865348816
EuroSAT,WIPT,0.0,42,35,35,61.33333444595337
EuroSAT,Support-only Transformer,0.0,42,35,35,61.33333444595337
EuroSAT,ProtoNet,fixed,42,36,36,84.00000333786011
EuroSAT,WIPT,0.0,42,36,36,78.66666913032532
EuroSAT,Support-only Transformer,0.0,42,36,36,73.33333492279053
EuroSAT,ProtoNet,fixed,42,37,37,57.33333230018616
EuroSAT,WIPT,0.0,42,37,37,57.33333230018616
EuroSAT,Support-only Transformer,0.0,42,37,37,53.33333611488342
EuroSAT,ProtoNet,fixed,42,38,38,50.66666603088379
EuroSAT,WIPT,0.0,42,38,38,53.33333611488342
EuroSAT,Support-only Transformer,0.0,42,38,38,53.33333611488342
EuroSAT,ProtoNet,fixed,42,39,39,42.66666769981384
EuroSAT,WIPT,0.0,42,39,39,38.66666853427887
EuroSAT,Support-only Transformer,0.0,42,39,39,33.33333432674408
EuroSAT,ProtoNet,fixed,42,40,40,65.33333659172058
EuroSAT,WIPT,0.0,42,40,40,68.00000071525574
EuroSAT,Support-only Transformer,0.0,42,40,40,66.66666865348816
EuroSAT,ProtoNet,fixed,42,41,41,65.33333659172058
EuroSAT,WIPT,0.0,42,41,41,63.999998569488525
EuroSAT,Support-only Transformer,0.0,42,41,41,52.000004053115845
EuroSAT,ProtoNet,fixed,42,42,42,62.66666650772095
EuroSAT,WIPT,0.0,42,42,42,66.66666865348816
EuroSAT,Support-only Transformer,0.0,42,42,42,63.999998569488525
EuroSAT,ProtoNet,fixed,42,43,43,53.33333611488342
EuroSAT,WIPT,0.0,42,43,43,62.66666650772095
EuroSAT,Support-only Transformer,0.0,42,43,43,52.000004053115845
EuroSAT,ProtoNet,fixed,42,44,44,53.33333611488342
EuroSAT,WIPT,0.0,42,44,44,60.00000238418579
EuroSAT,Support-only Transformer,0.0,42,44,44,58.66667032241821
EuroSAT,ProtoNet,fixed,42,45,45,68.00000071525574
EuroSAT,WIPT,0.0,42,45,45,69.33333277702332
EuroSAT,Support-only Transformer,0.0,42,45,45,66.66666865348816
EuroSAT,ProtoNet,fixed,42,46,46,69.33333277702332
EuroSAT,WIPT,0.0,42,46,46,72.00000286102295
EuroSAT,Support-only Transformer,0.0,42,46,46,73.33333492279053
EuroSAT,ProtoNet,fixed,42,47,47,49.33333396911621
EuroSAT,WIPT,0.0,42,47,47,52.000004053115845
EuroSAT,Support-only Transformer,0.0,42,47,47,52.000004053115845
EuroSAT,ProtoNet,fixed,42,48,48,45.33333480358124
EuroSAT,WIPT,0.0,42,48,48,37.33333349227905
EuroSAT,Support-only Transformer,0.0,42,48,48,38.66666853427887
EuroSAT,ProtoNet,fixed,42,49,49,66.66666865348816
EuroSAT,WIPT,0.0,42,49,49,69.33333277702332
EuroSAT,Support-only Transformer,0.0,42,49,49,58.66667032241821
EuroSAT,ProtoNet,fixed,42,50,50,63.999998569488525
EuroSAT,WIPT,0.0,42,50,50,54.666668176651
EuroSAT,Support-only Transformer,0.0,42,50,50,41.333335638046265
EuroSAT,ProtoNet,fixed,42,51,51,49.33333396911621
EuroSAT,WIPT,0.0,42,51,51,56.00000023841858
EuroSAT,Support-only Transformer,0.0,42,51,51,52.000004053115845
EuroSAT,ProtoNet,fixed,42,52,52,81.33333325386047
EuroSAT,WIPT,0.0,42,52,52,82.66667127609253
EuroSAT,Support-only Transformer,0.0,42,52,52,77.33333706855774
EuroSAT,ProtoNet,fixed,42,53,53,73.33333492279053
EuroSAT,WIPT,0.0,42,53,53,75.99999904632568
EuroSAT,Support-only Transformer,0.0,42,53,53,75.99999904632568
EuroSAT,ProtoNet,fixed,42,54,54,57.33333230018616
EuroSAT,WIPT,0.0,42,54,54,61.33333444595337
EuroSAT,Support-only Transformer,0.0,42,54,54,57.33333230018616
EuroSAT,ProtoNet,fixed,42,55,55,69.33333277702332
EuroSAT,WIPT,0.0,42,55,55,62.66666650772095
EuroSAT,Support-only Transformer,0.0,42,55,55,57.33333230018616
EuroSAT,ProtoNet,fixed,42,56,56,57.33333230018616
EuroSAT,WIPT,0.0,42,56,56,58.66667032241821
EuroSAT,Support-only Transformer,0.0,42,56,56,58.66667032241821
EuroSAT,ProtoNet,fixed,42,57,57,68.00000071525574
EuroSAT,WIPT,0.0,42,57,57,74.6666669845581
EuroSAT,Support-only Transformer,0.0,42,57,57,60.00000238418579
EuroSAT,ProtoNet,fixed,42,58,58,70.66667079925537
EuroSAT,WIPT,0.0,42,58,58,69.33333277702332
EuroSAT,Support-only Transformer,0.0,42,58,58,72.00000286102295
EuroSAT,ProtoNet,fixed,42,59,59,68.00000071525574
EuroSAT,WIPT,0.0,42,59,59,69.33333277702332
EuroSAT,Support-only Transformer,0.0,42,59,59,73.33333492279053
EuroSAT,ProtoNet,fixed,42,60,60,65.33333659172058
EuroSAT,WIPT,0.0,42,60,60,66.66666865348816
EuroSAT,Support-only Transformer,0.0,42,60,60,65.33333659172058
EuroSAT,ProtoNet,fixed,42,61,61,77.33333706855774
EuroSAT,WIPT,0.0,42,61,61,68.00000071525574
EuroSAT,Support-only Transformer,0.0,42,61,61,75.99999904632568
EuroSAT,ProtoNet,fixed,42,62,62,62.66666650772095
EuroSAT,WIPT,0.0,42,62,62,66.66666865348816
EuroSAT,Support-only Transformer,0.0,42,62,62,61.33333444595337
EuroSAT,ProtoNet,fixed,42,63,63,61.33333444595337
EuroSAT,WIPT,0.0,42,63,63,60.00000238418579
EuroSAT,Support-only Transformer,0.0,42,63,63,57.33333230018616
EuroSAT,ProtoNet,fixed,42,64,64,50.66666603088379
EuroSAT,WIPT,0.0,42,64,64,52.000004053115845
EuroSAT,Support-only Transformer,0.0,42,64,64,65.33333659172058
EuroSAT,ProtoNet,fixed,42,65,65,45.33333480358124
EuroSAT,WIPT,0.0,42,65,65,46.666666865348816
EuroSAT,Support-only Transformer,0.0,42,65,65,45.33333480358124
EuroSAT,ProtoNet,fixed,42,66,66,68.00000071525574
EuroSAT,WIPT,0.0,42,66,66,73.33333492279053
EuroSAT,Support-only Transformer,0.0,42,66,66,63.999998569488525
EuroSAT,ProtoNet,fixed,42,67,67,72.00000286102295
EuroSAT,WIPT,0.0,42,67,67,65.33333659172058
EuroSAT,Support-only Transformer,0.0,42,67,67,53.33333611488342
EuroSAT,ProtoNet,fixed,42,68,68,63.999998569488525
EuroSAT,WIPT,0.0,42,68,68,60.00000238418579
EuroSAT,Support-only Transformer,0.0,42,68,68,52.000004053115845
EuroSAT,ProtoNet,fixed,42,69,69,49.33333396911621
EuroSAT,WIPT,0.0,42,69,69,54.666668176651
EuroSAT,Support-only Transformer,0.0,42,69,69,46.666666865348816
EuroSAT,ProtoNet,fixed,42,70,70,61.33333444595337
EuroSAT,WIPT,0.0,42,70,70,60.00000238418579
EuroSAT,Support-only Transformer,0.0,42,70,70,65.33333659172058
EuroSAT,ProtoNet,fixed,42,71,71,57.33333230018616
EuroSAT,WIPT,0.0,42,71,71,53.33333611488342
EuroSAT,Support-only Transformer,0.0,42,71,71,56.00000023841858
EuroSAT,ProtoNet,fixed,42,72,72,74.6666669845581
EuroSAT,WIPT,0.0,42,72,72,75.99999904632568
EuroSAT,Support-only Transformer,0.0,42,72,72,80.0000011920929
EuroSAT,ProtoNet,fixed,42,73,73,57.33333230018616
EuroSAT,WIPT,0.0,42,73,73,54.666668176651
EuroSAT,Support-only Transformer,0.0,42,73,73,50.66666603088379
EuroSAT,ProtoNet,fixed,42,74,74,49.33333396911621
EuroSAT,WIPT,0.0,42,74,74,60.00000238418579
EuroSAT,Support-only Transformer,0.0,42,74,74,62.66666650772095
EuroSAT,ProtoNet,fixed,42,75,75,68.00000071525574
EuroSAT,WIPT,0.0,42,75,75,70.66667079925537
EuroSAT,Support-only Transformer,0.0,42,75,75,63.999998569488525
EuroSAT,ProtoNet,fixed,42,76,76,68.00000071525574
EuroSAT,WIPT,0.0,42,76,76,66.66666865348816
EuroSAT,Support-only Transformer,0.0,42,76,76,66.66666865348816
EuroSAT,ProtoNet,fixed,42,77,77,65.33333659172058
EuroSAT,WIPT,0.0,42,77,77,65.33333659172058
EuroSAT,Support-only Transformer,0.0,42,77,77,65.33333659172058
EuroSAT,ProtoNet,fixed,42,78,78,63.999998569488525
EuroSAT,WIPT,0.0,42,78,78,61.33333444595337
EuroSAT,Support-only Transformer,0.0,42,78,78,53.33333611488342
EuroSAT,ProtoNet,fixed,42,79,79,63.999998569488525
EuroSAT,WIPT,0.0,42,79,79,65.33333659172058
EuroSAT,Support-only Transformer,0.0,42,79,79,56.00000023841858
EuroSAT,ProtoNet,fixed,42,80,80,65.33333659172058
EuroSAT,WIPT,0.0,42,80,80,57.33333230018616
EuroSAT,Support-only Transformer,0.0,42,80,80,63.999998569488525
EuroSAT,ProtoNet,fixed,42,81,81,54.666668176651
EuroSAT,WIPT,0.0,42,81,81,57.33333230018616
EuroSAT,Support-only Transformer,0.0,42,81,81,41.333335638046265
EuroSAT,ProtoNet,fixed,42,82,82,70.66667079925537
EuroSAT,WIPT,0.0,42,82,82,74.6666669845581
EuroSAT,Support-only Transformer,0.0,42,82,82,69.33333277702332
EuroSAT,ProtoNet,fixed,42,83,83,81.33333325386047
EuroSAT,WIPT,0.0,42,83,83,86.66666746139526
EuroSAT,Support-only Transformer,0.0,42,83,83,78.66666913032532
EuroSAT,ProtoNet,fixed,42,84,84,43.99999976158142
EuroSAT,WIPT,0.0,42,84,84,56.00000023841858
EuroSAT,Support-only Transformer,0.0,42,84,84,53.33333611488342
EuroSAT,ProtoNet,fixed,42,85,85,37.33333349227905
EuroSAT,WIPT,0.0,42,85,85,52.000004053115845
EuroSAT,Support-only Transformer,0.0,42,85,85,50.66666603088379
EuroSAT,ProtoNet,fixed,42,86,86,66.66666865348816
EuroSAT,WIPT,0.0,42,86,86,60.00000238418579
EuroSAT,Support-only Transformer,0.0,42,86,86,65.33333659172058
EuroSAT,ProtoNet,fixed,42,87,87,50.66666603088379
EuroSAT,WIPT,0.0,42,87,87,50.66666603088379
EuroSAT,Support-only Transformer,0.0,42,87,87,42.66666769981384
EuroSAT,ProtoNet,fixed,42,88,88,50.66666603088379
EuroSAT,WIPT,0.0,42,88,88,53.33333611488342
EuroSAT,Support-only Transformer,0.0,42,88,88,57.33333230018616
EuroSAT,ProtoNet,fixed,42,89,89,58.66667032241821
EuroSAT,WIPT,0.0,42,89,89,56.00000023841858
EuroSAT,Support-only Transformer,0.0,42,89,89,61.33333444595337
EuroSAT,ProtoNet,fixed,42,90,90,85.33333539962769
EuroSAT,WIPT,0.0,42,90,90,77.33333706855774
EuroSAT,Support-only Transformer,0.0,42,90,90,66.66666865348816
EuroSAT,ProtoNet,fixed,42,91,91,62.66666650772095
EuroSAT,WIPT,0.0,42,91,91,68.00000071525574
EuroSAT,Support-only Transformer,0.0,42,91,91,80.0000011920929
EuroSAT,ProtoNet,fixed,42,92,92,49.33333396911621
EuroSAT,WIPT,0.0,42,92,92,50.66666603088379
EuroSAT,Support-only Transformer,0.0,42,92,92,54.666668176651
EuroSAT,ProtoNet,fixed,42,93,93,53.33333611488342
EuroSAT,WIPT,0.0,42,93,93,66.66666865348816
EuroSAT,Support-only Transformer,0.0,42,93,93,75.99999904632568
EuroSAT,ProtoNet,fixed,42,94,94,66.66666865348816
EuroSAT,WIPT,0.0,42,94,94,69.33333277702332
EuroSAT,Support-only Transformer,0.0,42,94,94,69.33333277702332
EuroSAT,ProtoNet,fixed,42,95,95,60.00000238418579
EuroSAT,WIPT,0.0,42,95,95,56.00000023841858
EuroSAT,Support-only Transformer,0.0,42,95,95,43.99999976158142
EuroSAT,ProtoNet,fixed,42,96,96,50.66666603088379
EuroSAT,WIPT,0.0,42,96,96,58.66667032241821
EuroSAT,Support-only Transformer,0.0,42,96,96,56.00000023841858
EuroSAT,ProtoNet,fixed,42,97,97,69.33333277702332
EuroSAT,WIPT,0.0,42,97,97,74.6666669845581
EuroSAT,Support-only Transformer,0.0,42,97,97,70.66667079925537
EuroSAT,ProtoNet,fixed,42,98,98,69.33333277702332
EuroSAT,WIPT,0.0,42,98,98,86.66666746139526
EuroSAT,Support-only Transformer,0.0,42,98,98,81.33333325386047
EuroSAT,ProtoNet,fixed,42,99,99,49.33333396911621
EuroSAT,WIPT,0.0,42,99,99,49.33333396911621
EuroSAT,Support-only Transformer,0.0,42,99,99,50.66666603088379
EuroSAT,ProtoNet,fixed,42,100,100,50.66666603088379
EuroSAT,WIPT,0.0,42,100,100,50.66666603088379
EuroSAT,Support-only Transformer,0.0,42,100,100,50.66666603088379
EuroSAT,ProtoNet,fixed,42,101,101,80.0000011920929
EuroSAT,WIPT,0.0,42,101,101,80.0000011920929
EuroSAT,Support-only Transformer,0.0,42,101,101,75.99999904632568
EuroSAT,ProtoNet,fixed,42,102,102,46.666666865348816
EuroSAT,WIPT,0.0,42,102,102,48.00000190734863
EuroSAT,Support-only Transformer,0.0,42,102,102,50.66666603088379
EuroSAT,ProtoNet,fixed,42,103,103,60.00000238418579
EuroSAT,WIPT,0.0,42,103,103,52.000004053115845
EuroSAT,Support-only Transformer,0.0,42,103,103,53.33333611488342
EuroSAT,ProtoNet,fixed,42,104,104,49.33333396911621
EuroSAT,WIPT,0.0,42,104,104,63.999998569488525
EuroSAT,Support-only Transformer,0.0,42,104,104,72.00000286102295
EuroSAT,ProtoNet,fixed,42,105,105,56.00000023841858
EuroSAT,WIPT,0.0,42,105,105,57.33333230018616
EuroSAT,Support-only Transformer,0.0,42,105,105,53.33333611488342
EuroSAT,ProtoNet,fixed,42,106,106,54.666668176651
EuroSAT,WIPT,0.0,42,106,106,61.33333444595337
EuroSAT,Support-only Transformer,0.0,42,106,106,65.33333659172058
EuroSAT,ProtoNet,fixed,42,107,107,53.33333611488342
EuroSAT,WIPT,0.0,42,107,107,58.66667032241821
EuroSAT,Support-only Transformer,0.0,42,107,107,57.33333230018616
EuroSAT,ProtoNet,fixed,42,108,108,78.66666913032532
EuroSAT,WIPT,0.0,42,108,108,86.66666746139526
EuroSAT,Support-only Transformer,0.0,42,108,108,87.99999952316284
EuroSAT,ProtoNet,fixed,42,109,109,56.00000023841858
EuroSAT,WIPT,0.0,42,109,109,60.00000238418579
EuroSAT,Support-only Transformer,0.0,42,109,109,54.666668176651
EuroSAT,ProtoNet,fixed,42,110,110,40.00000059604645
EuroSAT,WIPT,0.0,42,110,110,37.33333349227905
EuroSAT,Support-only Transformer,0.0,42,110,110,31.999999284744263
EuroSAT,ProtoNet,fixed,42,111,111,72.00000286102295
EuroSAT,WIPT,0.0,42,111,111,68.00000071525574
EuroSAT,Support-only Transformer,0.0,42,111,111,66.66666865348816
EuroSAT,ProtoNet,fixed,42,112,112,58.66667032241821
EuroSAT,WIPT,0.0,42,112,112,58.66667032241821
EuroSAT,Support-only Transformer,0.0,42,112,112,60.00000238418579
EuroSAT,ProtoNet,fixed,42,113,113,69.33333277702332
EuroSAT,WIPT,0.0,42,113,113,70.66667079925537
EuroSAT,Support-only Transformer,0.0,42,113,113,73.33333492279053
EuroSAT,ProtoNet,fixed,42,114,114,60.00000238418579
EuroSAT,WIPT,0.0,42,114,114,62.66666650772095
EuroSAT,Support-only Transformer,0.0,42,114,114,52.000004053115845
EuroSAT,ProtoNet,fixed,42,115,115,57.33333230018616
EuroSAT,WIPT,0.0,42,115,115,57.33333230018616
EuroSAT,Support-only Transformer,0.0,42,115,115,53.33333611488342
EuroSAT,ProtoNet,fixed,42,116,116,74.6666669845581
EuroSAT,WIPT,0.0,42,116,116,70.66667079925537
EuroSAT,Support-only Transformer,0.0,42,116,116,54.666668176651
EuroSAT,ProtoNet,fixed,42,117,117,63.999998569488525
EuroSAT,WIPT,0.0,42,117,117,65.33333659172058
EuroSAT,Support-only Transformer,0.0,42,117,117,63.999998569488525
EuroSAT,ProtoNet,fixed,42,118,118,49.33333396911621
EuroSAT,WIPT,0.0,42,118,118,65.33333659172058
EuroSAT,Support-only Transformer,0.0,42,118,118,66.66666865348816
EuroSAT,ProtoNet,fixed,42,119,119,62.66666650772095
EuroSAT,WIPT,0.0,42,119,119,66.66666865348816
EuroSAT,Support-only Transformer,0.0,42,119,119,53.33333611488342
EuroSAT,ProtoNet,fixed,42,120,120,63.999998569488525
EuroSAT,WIPT,0.0,42,120,120,72.00000286102295
EuroSAT,Support-only Transformer,0.0,42,120,120,62.66666650772095
EuroSAT,ProtoNet,fixed,42,121,121,43.99999976158142
EuroSAT,WIPT,0.0,42,121,121,43.99999976158142
EuroSAT,Support-only Transformer,0.0,42,121,121,50.66666603088379
EuroSAT,ProtoNet,fixed,42,122,122,63.999998569488525
EuroSAT,WIPT,0.0,42,122,122,66.66666865348816
EuroSAT,Support-only Transformer,0.0,42,122,122,68.00000071525574
EuroSAT,ProtoNet,fixed,42,123,123,72.00000286102295
EuroSAT,WIPT,0.0,42,123,123,78.66666913032532
EuroSAT,Support-only Transformer,0.0,42,123,123,81.33333325386047
EuroSAT,ProtoNet,fixed,42,124,124,45.33333480358124
EuroSAT,WIPT,0.0,42,124,124,41.333335638046265
EuroSAT,Support-only Transformer,0.0,42,124,124,41.333335638046265
EuroSAT,ProtoNet,fixed,42,125,125,63.999998569488525
EuroSAT,WIPT,0.0,42,125,125,65.33333659172058
EuroSAT,Support-only Transformer,0.0,42,125,125,63.999998569488525
EuroSAT,ProtoNet,fixed,42,126,126,52.000004053115845
EuroSAT,WIPT,0.0,42,126,126,63.999998569488525
EuroSAT,Support-only Transformer,0.0,42,126,126,72.00000286102295
EuroSAT,ProtoNet,fixed,42,127,127,62.66666650772095
EuroSAT,WIPT,0.0,42,127,127,69.33333277702332
EuroSAT,Support-only Transformer,0.0,42,127,127,56.00000023841858
EuroSAT,ProtoNet,fixed,42,128,128,58.66667032241821
EuroSAT,WIPT,0.0,42,128,128,62.66666650772095
EuroSAT,Support-only Transformer,0.0,42,128,128,62.66666650772095
EuroSAT,ProtoNet,fixed,42,129,129,68.00000071525574
EuroSAT,WIPT,0.0,42,129,129,61.33333444595337
EuroSAT,Support-only Transformer,0.0,42,129,129,62.66666650772095
EuroSAT,ProtoNet,fixed,42,130,130,78.66666913032532
EuroSAT,WIPT,0.0,42,130,130,69.33333277702332
EuroSAT,Support-only Transformer,0.0,42,130,130,72.00000286102295
EuroSAT,ProtoNet,fixed,42,131,131,54.666668176651
EuroSAT,WIPT,0.0,42,131,131,56.00000023841858
EuroSAT,Support-only Transformer,0.0,42,131,131,60.00000238418579
EuroSAT,ProtoNet,fixed,42,132,132,68.00000071525574
EuroSAT,WIPT,0.0,42,132,132,62.66666650772095
EuroSAT,Support-only Transformer,0.0,42,132,132,65.33333659172058
EuroSAT,ProtoNet,fixed,42,133,133,66.66666865348816
EuroSAT,WIPT,0.0,42,133,133,57.33333230018616
EuroSAT,Support-only Transformer,0.0,42,133,133,54.666668176651
EuroSAT,ProtoNet,fixed,42,134,134,68.00000071525574
EuroSAT,WIPT,0.0,42,134,134,62.66666650772095
EuroSAT,Support-only Transformer,0.0,42,134,134,58.66667032241821
EuroSAT,ProtoNet,fixed,42,135,135,41.333335638046265
EuroSAT,WIPT,0.0,42,135,135,41.333335638046265
EuroSAT,Support-only Transformer,0.0,42,135,135,46.666666865348816
EuroSAT,ProtoNet,fixed,42,136,136,58.66667032241821
EuroSAT,WIPT,0.0,42,136,136,62.66666650772095
EuroSAT,Support-only Transformer,0.0,42,136,136,63.999998569488525
EuroSAT,ProtoNet,fixed,42,137,137,68.00000071525574
EuroSAT,WIPT,0.0,42,137,137,73.33333492279053
EuroSAT,Support-only Transformer,0.0,42,137,137,69.33333277702332
EuroSAT,ProtoNet,fixed,42,138,138,73.33333492279053
EuroSAT,WIPT,0.0,42,138,138,74.6666669845581
EuroSAT,Support-only Transformer,0.0,42,138,138,74.6666669845581
EuroSAT,ProtoNet,fixed,42,139,139,61.33333444595337
EuroSAT,WIPT,0.0,42,139,139,63.999998569488525
EuroSAT,Support-only Transformer,0.0,42,139,139,61.33333444595337
EuroSAT,ProtoNet,fixed,42,140,140,49.33333396911621
EuroSAT,WIPT,0.0,42,140,140,50.66666603088379
EuroSAT,Support-only Transformer,0.0,42,140,140,54.666668176651
EuroSAT,ProtoNet,fixed,42,141,141,48.00000190734863
EuroSAT,WIPT,0.0,42,141,141,50.66666603088379
EuroSAT,Support-only Transformer,0.0,42,141,141,53.33333611488342
EuroSAT,ProtoNet,fixed,42,142,142,74.6666669845581
EuroSAT,WIPT,0.0,42,142,142,77.33333706855774
EuroSAT,Support-only Transformer,0.0,42,142,142,80.0000011920929
EuroSAT,ProtoNet,fixed,42,143,143,75.99999904632568
EuroSAT,WIPT,0.0,42,143,143,78.66666913032532
EuroSAT,Support-only Transformer,0.0,42,143,143,74.6666669845581
EuroSAT,ProtoNet,fixed,42,144,144,57.33333230018616
EuroSAT,WIPT,0.0,42,144,144,54.666668176651
EuroSAT,Support-only Transformer,0.0,42,144,144,49.33333396911621
EuroSAT,ProtoNet,fixed,42,145,145,53.33333611488342
EuroSAT,WIPT,0.0,42,145,145,60.00000238418579
EuroSAT,Support-only Transformer,0.0,42,145,145,50.66666603088379
EuroSAT,ProtoNet,fixed,42,146,146,49.33333396911621
EuroSAT,WIPT,0.0,42,146,146,60.00000238418579
EuroSAT,Support-only Transformer,0.0,42,146,146,53.33333611488342
EuroSAT,ProtoNet,fixed,42,147,147,52.000004053115845
EuroSAT,WIPT,0.0,42,147,147,60.00000238418579
EuroSAT,Support-only Transformer,0.0,42,147,147,58.66667032241821
EuroSAT,ProtoNet,fixed,42,148,148,68.00000071525574
EuroSAT,WIPT,0.0,42,148,148,69.33333277702332
EuroSAT,Support-only Transformer,0.0,42,148,148,69.33333277702332
EuroSAT,ProtoNet,fixed,42,149,149,45.33333480358124
EuroSAT,WIPT,0.0,42,149,149,48.00000190734863
EuroSAT,Support-only Transformer,0.0,42,149,149,56.00000023841858
EuroSAT,ProtoNet,fixed,42,150,150,75.99999904632568
EuroSAT,WIPT,0.0,42,150,150,73.33333492279053
EuroSAT,Support-only Transformer,0.0,42,150,150,72.00000286102295
EuroSAT,ProtoNet,fixed,42,151,151,63.999998569488525
EuroSAT,WIPT,0.0,42,151,151,63.999998569488525
EuroSAT,Support-only Transformer,0.0,42,151,151,60.00000238418579
EuroSAT,ProtoNet,fixed,42,152,152,68.00000071525574
EuroSAT,WIPT,0.0,42,152,152,68.00000071525574
EuroSAT,Support-only Transformer,0.0,42,152,152,60.00000238418579
EuroSAT,ProtoNet,fixed,42,153,153,66.66666865348816
EuroSAT,WIPT,0.0,42,153,153,63.999998569488525
EuroSAT,Support-only Transformer,0.0,42,153,153,61.33333444595337
EuroSAT,ProtoNet,fixed,42,154,154,40.00000059604645
EuroSAT,WIPT,0.0,42,154,154,49.33333396911621
EuroSAT,Support-only Transformer,0.0,42,154,154,53.33333611488342
EuroSAT,ProtoNet,fixed,42,155,155,48.00000190734863
EuroSAT,WIPT,0.0,42,155,155,46.666666865348816
EuroSAT,Support-only Transformer,0.0,42,155,155,46.666666865348816
EuroSAT,ProtoNet,fixed,42,156,156,73.33333492279053
EuroSAT,WIPT,0.0,42,156,156,73.33333492279053
EuroSAT,Support-only Transformer,0.0,42,156,156,69.33333277702332
EuroSAT,ProtoNet,fixed,42,157,157,77.33333706855774
EuroSAT,WIPT,0.0,42,157,157,73.33333492279053
EuroSAT,Support-only Transformer,0.0,42,157,157,70.66667079925537
EuroSAT,ProtoNet,fixed,42,158,158,56.00000023841858
EuroSAT,WIPT,0.0,42,158,158,66.66666865348816
EuroSAT,Support-only Transformer,0.0,42,158,158,63.999998569488525
EuroSAT,ProtoNet,fixed,42,159,159,52.000004053115845
EuroSAT,WIPT,0.0,42,159,159,52.000004053115845
EuroSAT,Support-only Transformer,0.0,42,159,159,57.33333230018616
EuroSAT,ProtoNet,fixed,42,160,160,70.66667079925537
EuroSAT,WIPT,0.0,42,160,160,60.00000238418579
EuroSAT,Support-only Transformer,0.0,42,160,160,62.66666650772095
EuroSAT,ProtoNet,fixed,42,161,161,53.33333611488342
EuroSAT,WIPT,0.0,42,161,161,52.000004053115845
EuroSAT,Support-only Transformer,0.0,42,161,161,58.66667032241821
EuroSAT,ProtoNet,fixed,42,162,162,57.33333230018616
EuroSAT,WIPT,0.0,42,162,162,63.999998569488525
EuroSAT,Support-only Transformer,0.0,42,162,162,53.33333611488342
EuroSAT,ProtoNet,fixed,42,163,163,50.66666603088379
EuroSAT,WIPT,0.0,42,163,163,52.000004053115845
EuroSAT,Support-only Transformer,0.0,42,163,163,56.00000023841858
EuroSAT,ProtoNet,fixed,42,164,164,60.00000238418579
EuroSAT,WIPT,0.0,42,164,164,66.66666865348816
EuroSAT,Support-only Transformer,0.0,42,164,164,65.33333659172058
EuroSAT,ProtoNet,fixed,42,165,165,72.00000286102295
EuroSAT,WIPT,0.0,42,165,165,69.33333277702332
EuroSAT,Support-only Transformer,0.0,42,165,165,73.33333492279053
EuroSAT,ProtoNet,fixed,42,166,166,62.66666650772095
EuroSAT,WIPT,0.0,42,166,166,61.33333444595337
EuroSAT,Support-only Transformer,0.0,42,166,166,60.00000238418579
EuroSAT,ProtoNet,fixed,42,167,167,63.999998569488525
EuroSAT,WIPT,0.0,42,167,167,65.33333659172058
EuroSAT,Support-only Transformer,0.0,42,167,167,70.66667079925537
EuroSAT,ProtoNet,fixed,42,168,168,60.00000238418579
EuroSAT,WIPT,0.0,42,168,168,63.999998569488525
EuroSAT,Support-only Transformer,0.0,42,168,168,61.33333444595337
EuroSAT,ProtoNet,fixed,42,169,169,66.66666865348816
EuroSAT,WIPT,0.0,42,169,169,65.33333659172058
EuroSAT,Support-only Transformer,0.0,42,169,169,65.33333659172058
EuroSAT,ProtoNet,fixed,42,170,170,53.33333611488342
EuroSAT,WIPT,0.0,42,170,170,66.66666865348816
EuroSAT,Support-only Transformer,0.0,42,170,170,69.33333277702332
EuroSAT,ProtoNet,fixed,42,171,171,78.66666913032532
EuroSAT,WIPT,0.0,42,171,171,73.33333492279053
EuroSAT,Support-only Transformer,0.0,42,171,171,68.00000071525574
EuroSAT,ProtoNet,fixed,42,172,172,72.00000286102295
EuroSAT,WIPT,0.0,42,172,172,70.66667079925537
EuroSAT,Support-only Transformer,0.0,42,172,172,73.33333492279053
EuroSAT,ProtoNet,fixed,42,173,173,46.666666865348816
EuroSAT,WIPT,0.0,42,173,173,53.33333611488342
EuroSAT,Support-only Transformer,0.0,42,173,173,56.00000023841858
EuroSAT,ProtoNet,fixed,42,174,174,57.33333230018616
EuroSAT,WIPT,0.0,42,174,174,69.33333277702332
EuroSAT,Support-only Transformer,0.0,42,174,174,58.66667032241821
EuroSAT,ProtoNet,fixed,42,175,175,42.66666769981384
EuroSAT,WIPT,0.0,42,175,175,46.666666865348816
EuroSAT,Support-only Transformer,0.0,42,175,175,49.33333396911621
EuroSAT,ProtoNet,fixed,42,176,176,48.00000190734863
EuroSAT,WIPT,0.0,42,176,176,48.00000190734863
EuroSAT,Support-only Transformer,0.0,42,176,176,42.66666769981384
EuroSAT,ProtoNet,fixed,42,177,177,52.000004053115845
EuroSAT,WIPT,0.0,42,177,177,56.00000023841858
EuroSAT,Support-only Transformer,0.0,42,177,177,60.00000238418579
EuroSAT,ProtoNet,fixed,42,178,178,62.66666650772095
EuroSAT,WIPT,0.0,42,178,178,56.00000023841858
EuroSAT,Support-only Transformer,0.0,42,178,178,56.00000023841858
EuroSAT,ProtoNet,fixed,42,179,179,54.666668176651
EuroSAT,WIPT,0.0,42,179,179,60.00000238418579
EuroSAT,Support-only Transformer,0.0,42,179,179,58.66667032241821
EuroSAT,ProtoNet,fixed,42,180,180,65.33333659172058
EuroSAT,WIPT,0.0,42,180,180,65.33333659172058
EuroSAT,Support-only Transformer,0.0,42,180,180,65.33333659172058
EuroSAT,ProtoNet,fixed,42,181,181,53.33333611488342
EuroSAT,WIPT,0.0,42,181,181,62.66666650772095
EuroSAT,Support-only Transformer,0.0,42,181,181,61.33333444595337
EuroSAT,ProtoNet,fixed,42,182,182,69.33333277702332
EuroSAT,WIPT,0.0,42,182,182,70.66667079925537
EuroSAT,Support-only Transformer,0.0,42,182,182,72.00000286102295
EuroSAT,ProtoNet,fixed,42,183,183,60.00000238418579
EuroSAT,WIPT,0.0,42,183,183,70.66667079925537
EuroSAT,Support-only Transformer,0.0,42,183,183,68.00000071525574
EuroSAT,ProtoNet,fixed,42,184,184,49.33333396911621
EuroSAT,WIPT,0.0,42,184,184,52.000004053115845
EuroSAT,Support-only Transformer,0.0,42,184,184,46.666666865348816
EuroSAT,ProtoNet,fixed,42,185,185,85.33333539962769
EuroSAT,WIPT,0.0,42,185,185,85.33333539962769
EuroSAT,Support-only Transformer,0.0,42,185,185,86.66666746139526
EuroSAT,ProtoNet,fixed,42,186,186,54.666668176651
EuroSAT,WIPT,0.0,42,186,186,58.66667032241821
EuroSAT,Support-only Transformer,0.0,42,186,186,60.00000238418579
EuroSAT,ProtoNet,fixed,42,187,187,63.999998569488525
EuroSAT,WIPT,0.0,42,187,187,69.33333277702332
EuroSAT,Support-only Transformer,0.0,42,187,187,66.66666865348816
EuroSAT,ProtoNet,fixed,42,188,188,73.33333492279053
EuroSAT,WIPT,0.0,42,188,188,82.66667127609253
EuroSAT,Support-only Transformer,0.0,42,188,188,80.0000011920929
EuroSAT,ProtoNet,fixed,42,189,189,56.00000023841858
EuroSAT,WIPT,0.0,42,189,189,68.00000071525574
EuroSAT,Support-only Transformer,0.0,42,189,189,73.33333492279053
EuroSAT,ProtoNet,fixed,42,190,190,61.33333444595337
EuroSAT,WIPT,0.0,42,190,190,57.33333230018616
EuroSAT,Support-only Transformer,0.0,42,190,190,53.33333611488342
EuroSAT,ProtoNet,fixed,42,191,191,60.00000238418579
EuroSAT,WIPT,0.0,42,191,191,62.66666650772095
EuroSAT,Support-only Transformer,0.0,42,191,191,61.33333444595337
EuroSAT,ProtoNet,fixed,42,192,192,70.66667079925537
EuroSAT,WIPT,0.0,42,192,192,75.99999904632568
EuroSAT,Support-only Transformer,0.0,42,192,192,68.00000071525574
EuroSAT,ProtoNet,fixed,42,193,193,70.66667079925537
EuroSAT,WIPT,0.0,42,193,193,61.33333444595337
EuroSAT,Support-only Transformer,0.0,42,193,193,61.33333444595337
EuroSAT,ProtoNet,fixed,42,194,194,58.66667032241821
EuroSAT,WIPT,0.0,42,194,194,57.33333230018616
EuroSAT,Support-only Transformer,0.0,42,194,194,54.666668176651
EuroSAT,ProtoNet,fixed,42,195,195,49.33333396911621
EuroSAT,WIPT,0.0,42,195,195,45.33333480358124
EuroSAT,Support-only Transformer,0.0,42,195,195,36.000001430511475
EuroSAT,ProtoNet,fixed,42,196,196,62.66666650772095
EuroSAT,WIPT,0.0,42,196,196,62.66666650772095
EuroSAT,Support-only Transformer,0.0,42,196,196,69.33333277702332
EuroSAT,ProtoNet,fixed,42,197,197,80.0000011920929
EuroSAT,WIPT,0.0,42,197,197,75.99999904632568
EuroSAT,Support-only Transformer,0.0,42,197,197,69.33333277702332
EuroSAT,ProtoNet,fixed,42,198,198,53.33333611488342
EuroSAT,WIPT,0.0,42,198,198,48.00000190734863
EuroSAT,Support-only Transformer,0.0,42,198,198,50.66666603088379
EuroSAT,ProtoNet,fixed,42,199,199,65.33333659172058
EuroSAT,WIPT,0.0,42,199,199,62.66666650772095
EuroSAT,Support-only Transformer,0.0,42,199,199,58.66667032241821
EuroSAT,ProtoNet,fixed,42,200,200,49.33333396911621
EuroSAT,WIPT,0.0,42,200,200,54.666668176651
EuroSAT,Support-only Transformer,0.0,42,200,200,62.66666650772095
EuroSAT,ProtoNet,fixed,42,201,201,50.66666603088379
EuroSAT,WIPT,0.0,42,201,201,63.999998569488525
EuroSAT,Support-only Transformer,0.0,42,201,201,65.33333659172058
EuroSAT,ProtoNet,fixed,42,202,202,58.66667032241821
EuroSAT,WIPT,0.0,42,202,202,65.33333659172058
EuroSAT,Support-only Transformer,0.0,42,202,202,50.66666603088379
EuroSAT,ProtoNet,fixed,42,203,203,53.33333611488342
EuroSAT,WIPT,0.0,42,203,203,56.00000023841858
EuroSAT,Support-only Transformer,0.0,42,203,203,62.66666650772095
EuroSAT,ProtoNet,fixed,42,204,204,69.33333277702332
EuroSAT,WIPT,0.0,42,204,204,69.33333277702332
EuroSAT,Support-only Transformer,0.0,42,204,204,66.66666865348816
EuroSAT,ProtoNet,fixed,42,205,205,63.999998569488525
EuroSAT,WIPT,0.0,42,205,205,65.33333659172058
EuroSAT,Support-only Transformer,0.0,42,205,205,60.00000238418579
EuroSAT,ProtoNet,fixed,42,206,206,80.0000011920929
EuroSAT,WIPT,0.0,42,206,206,80.0000011920929
EuroSAT,Support-only Transformer,0.0,42,206,206,75.99999904632568
EuroSAT,ProtoNet,fixed,42,207,207,46.666666865348816
EuroSAT,WIPT,0.0,42,207,207,43.99999976158142
EuroSAT,Support-only Transformer,0.0,42,207,207,49.33333396911621
EuroSAT,ProtoNet,fixed,42,208,208,48.00000190734863
EuroSAT,WIPT,0.0,42,208,208,60.00000238418579
EuroSAT,Support-only Transformer,0.0,42,208,208,56.00000023841858
EuroSAT,ProtoNet,fixed,42,209,209,72.00000286102295
EuroSAT,WIPT,0.0,42,209,209,63.999998569488525
EuroSAT,Support-only Transformer,0.0,42,209,209,62.66666650772095
EuroSAT,ProtoNet,fixed,42,210,210,62.66666650772095
EuroSAT,WIPT,0.0,42,210,210,61.33333444595337
EuroSAT,Support-only Transformer,0.0,42,210,210,54.666668176651
EuroSAT,ProtoNet,fixed,42,211,211,66.66666865348816
EuroSAT,WIPT,0.0,42,211,211,68.00000071525574
EuroSAT,Support-only Transformer,0.0,42,211,211,65.33333659172058
EuroSAT,ProtoNet,fixed,42,212,212,43.99999976158142
EuroSAT,WIPT,0.0,42,212,212,52.000004053115845
EuroSAT,Support-only Transformer,0.0,42,212,212,62.66666650772095
EuroSAT,ProtoNet,fixed,42,213,213,63.999998569488525
EuroSAT,WIPT,0.0,42,213,213,62.66666650772095
EuroSAT,Support-only Transformer,0.0,42,213,213,57.33333230018616
EuroSAT,ProtoNet,fixed,42,214,214,68.00000071525574
EuroSAT,WIPT,0.0,42,214,214,70.66667079925537
EuroSAT,Support-only Transformer,0.0,42,214,214,61.33333444595337
EuroSAT,ProtoNet,fixed,42,215,215,72.00000286102295
EuroSAT,WIPT,0.0,42,215,215,53.33333611488342
EuroSAT,Support-only Transformer,0.0,42,215,215,50.66666603088379
EuroSAT,ProtoNet,fixed,42,216,216,56.00000023841858
EuroSAT,WIPT,0.0,42,216,216,60.00000238418579
EuroSAT,Support-only Transformer,0.0,42,216,216,63.999998569488525
EuroSAT,ProtoNet,fixed,42,217,217,46.666666865348816
EuroSAT,WIPT,0.0,42,217,217,45.33333480358124
EuroSAT,Support-only Transformer,0.0,42,217,217,53.33333611488342
EuroSAT,ProtoNet,fixed,42,218,218,45.33333480358124
EuroSAT,WIPT,0.0,42,218,218,48.00000190734863
EuroSAT,Support-only Transformer,0.0,42,218,218,45.33333480358124
EuroSAT,ProtoNet,fixed,42,219,219,46.666666865348816
EuroSAT,WIPT,0.0,42,219,219,49.33333396911621
EuroSAT,Support-only Transformer,0.0,42,219,219,45.33333480358124
EuroSAT,ProtoNet,fixed,42,220,220,62.66666650772095
EuroSAT,WIPT,0.0,42,220,220,66.66666865348816
EuroSAT,Support-only Transformer,0.0,42,220,220,53.33333611488342
EuroSAT,ProtoNet,fixed,42,221,221,78.66666913032532
EuroSAT,WIPT,0.0,42,221,221,78.66666913032532
EuroSAT,Support-only Transformer,0.0,42,221,221,74.6666669845581
EuroSAT,ProtoNet,fixed,42,222,222,62.66666650772095
EuroSAT,WIPT,0.0,42,222,222,66.66666865348816
EuroSAT,Support-only Transformer,0.0,42,222,222,60.00000238418579
EuroSAT,ProtoNet,fixed,42,223,223,72.00000286102295
EuroSAT,WIPT,0.0,42,223,223,70.66667079925537
EuroSAT,Support-only Transformer,0.0,42,223,223,72.00000286102295
EuroSAT,ProtoNet,fixed,42,224,224,70.66667079925537
EuroSAT,WIPT,0.0,42,224,224,62.66666650772095
EuroSAT,Support-only Transformer,0.0,42,224,224,56.00000023841858
EuroSAT,ProtoNet,fixed,42,225,225,60.00000238418579
EuroSAT,WIPT,0.0,42,225,225,61.33333444595337
EuroSAT,Support-only Transformer,0.0,42,225,225,60.00000238418579
EuroSAT,ProtoNet,fixed,42,226,226,50.66666603088379
EuroSAT,WIPT,0.0,42,226,226,60.00000238418579
EuroSAT,Support-only Transformer,0.0,42,226,226,62.66666650772095
EuroSAT,ProtoNet,fixed,42,227,227,70.66667079925537
EuroSAT,WIPT,0.0,42,227,227,74.6666669845581
EuroSAT,Support-only Transformer,0.0,42,227,227,77.33333706855774
EuroSAT,ProtoNet,fixed,42,228,228,75.99999904632568
EuroSAT,WIPT,0.0,42,228,228,73.33333492279053
EuroSAT,Support-only Transformer,0.0,42,228,228,61.33333444595337
EuroSAT,ProtoNet,fixed,42,229,229,61.33333444595337
EuroSAT,WIPT,0.0,42,229,229,62.66666650772095
EuroSAT,Support-only Transformer,0.0,42,229,229,57.33333230018616
EuroSAT,ProtoNet,fixed,42,230,230,45.33333480358124
EuroSAT,WIPT,0.0,42,230,230,66.66666865348816
EuroSAT,Support-only Transformer,0.0,42,230,230,62.66666650772095
EuroSAT,ProtoNet,fixed,42,231,231,62.66666650772095
EuroSAT,WIPT,0.0,42,231,231,65.33333659172058
EuroSAT,Support-only Transformer,0.0,42,231,231,66.66666865348816
EuroSAT,ProtoNet,fixed,42,232,232,77.33333706855774
EuroSAT,WIPT,0.0,42,232,232,74.6666669845581
EuroSAT,Support-only Transformer,0.0,42,232,232,63.999998569488525
EuroSAT,ProtoNet,fixed,42,233,233,66.66666865348816
EuroSAT,WIPT,0.0,42,233,233,69.33333277702332
EuroSAT,Support-only Transformer,0.0,42,233,233,66.66666865348816
EuroSAT,ProtoNet,fixed,42,234,234,72.00000286102295
EuroSAT,WIPT,0.0,42,234,234,74.6666669845581
EuroSAT,Support-only Transformer,0.0,42,234,234,62.66666650772095
EuroSAT,ProtoNet,fixed,42,235,235,56.00000023841858
EuroSAT,WIPT,0.0,42,235,235,57.33333230018616
EuroSAT,Support-only Transformer,0.0,42,235,235,60.00000238418579
EuroSAT,ProtoNet,fixed,42,236,236,75.99999904632568
EuroSAT,WIPT,0.0,42,236,236,81.33333325386047
EuroSAT,Support-only Transformer,0.0,42,236,236,87.99999952316284
EuroSAT,ProtoNet,fixed,42,237,237,72.00000286102295
EuroSAT,WIPT,0.0,42,237,237,72.00000286102295
EuroSAT,Support-only Transformer,0.0,42,237,237,66.66666865348816
EuroSAT,ProtoNet,fixed,42,238,238,52.000004053115845
EuroSAT,WIPT,0.0,42,238,238,52.000004053115845
EuroSAT,Support-only Transformer,0.0,42,238,238,50.66666603088379
EuroSAT,ProtoNet,fixed,42,239,239,41.333335638046265
EuroSAT,WIPT,0.0,42,239,239,38.66666853427887
EuroSAT,Support-only Transformer,0.0,42,239,239,36.000001430511475
EuroSAT,ProtoNet,fixed,42,240,240,58.66667032241821
EuroSAT,WIPT,0.0,42,240,240,65.33333659172058
EuroSAT,Support-only Transformer,0.0,42,240,240,75.99999904632568
EuroSAT,ProtoNet,fixed,42,241,241,48.00000190734863
EuroSAT,WIPT,0.0,42,241,241,52.000004053115845
EuroSAT,Support-only Transformer,0.0,42,241,241,53.33333611488342
EuroSAT,ProtoNet,fixed,42,242,242,57.33333230018616
EuroSAT,WIPT,0.0,42,242,242,66.66666865348816
EuroSAT,Support-only Transformer,0.0,42,242,242,68.00000071525574
EuroSAT,ProtoNet,fixed,42,243,243,42.66666769981384
EuroSAT,WIPT,0.0,42,243,243,37.33333349227905
EuroSAT,Support-only Transformer,0.0,42,243,243,25.333333015441895
EuroSAT,ProtoNet,fixed,42,244,244,57.33333230018616
EuroSAT,WIPT,0.0,42,244,244,58.66667032241821
EuroSAT,Support-only Transformer,0.0,42,244,244,54.666668176651
EuroSAT,ProtoNet,fixed,42,245,245,43.99999976158142
EuroSAT,WIPT,0.0,42,245,245,48.00000190734863
EuroSAT,Support-only Transformer,0.0,42,245,245,42.66666769981384
EuroSAT,ProtoNet,fixed,42,246,246,73.33333492279053
EuroSAT,WIPT,0.0,42,246,246,75.99999904632568
EuroSAT,Support-only Transformer,0.0,42,246,246,70.66667079925537
EuroSAT,ProtoNet,fixed,42,247,247,57.33333230018616
EuroSAT,WIPT,0.0,42,247,247,62.66666650772095
EuroSAT,Support-only Transformer,0.0,42,247,247,68.00000071525574
EuroSAT,ProtoNet,fixed,42,248,248,62.66666650772095
EuroSAT,WIPT,0.0,42,248,248,62.66666650772095
EuroSAT,Support-only Transformer,0.0,42,248,248,65.33333659172058
EuroSAT,ProtoNet,fixed,42,249,249,73.33333492279053
EuroSAT,WIPT,0.0,42,249,249,75.99999904632568
EuroSAT,Support-only Transformer,0.0,42,249,249,81.33333325386047
EuroSAT,ProtoNet,fixed,42,250,250,50.66666603088379
EuroSAT,WIPT,0.0,42,250,250,53.33333611488342
EuroSAT,Support-only Transformer,0.0,42,250,250,52.000004053115845
EuroSAT,ProtoNet,fixed,42,251,251,61.33333444595337
EuroSAT,WIPT,0.0,42,251,251,58.66667032241821
EuroSAT,Support-only Transformer,0.0,42,251,251,61.33333444595337
EuroSAT,ProtoNet,fixed,42,252,252,77.33333706855774
EuroSAT,WIPT,0.0,42,252,252,80.0000011920929
EuroSAT,Support-only Transformer,0.0,42,252,252,74.6666669845581
EuroSAT,ProtoNet,fixed,42,253,253,46.666666865348816
EuroSAT,WIPT,0.0,42,253,253,52.000004053115845
EuroSAT,Support-only Transformer,0.0,42,253,253,52.000004053115845
EuroSAT,ProtoNet,fixed,42,254,254,62.66666650772095
EuroSAT,WIPT,0.0,42,254,254,62.66666650772095
EuroSAT,Support-only Transformer,0.0,42,254,254,66.66666865348816
EuroSAT,ProtoNet,fixed,42,255,255,72.00000286102295
EuroSAT,WIPT,0.0,42,255,255,72.00000286102295
EuroSAT,Support-only Transformer,0.0,42,255,255,69.33333277702332
EuroSAT,ProtoNet,fixed,42,256,256,69.33333277702332
EuroSAT,WIPT,0.0,42,256,256,68.00000071525574
EuroSAT,Support-only Transformer,0.0,42,256,256,56.00000023841858
EuroSAT,ProtoNet,fixed,42,257,257,58.66667032241821
EuroSAT,WIPT,0.0,42,257,257,61.33333444595337
EuroSAT,Support-only Transformer,0.0,42,257,257,70.66667079925537
EuroSAT,ProtoNet,fixed,42,258,258,60.00000238418579
EuroSAT,WIPT,0.0,42,258,258,68.00000071525574
EuroSAT,Support-only Transformer,0.0,42,258,258,65.33333659172058
EuroSAT,ProtoNet,fixed,42,259,259,48.00000190734863
EuroSAT,WIPT,0.0,42,259,259,56.00000023841858
EuroSAT,Support-only Transformer,0.0,42,259,259,45.33333480358124
EuroSAT,ProtoNet,fixed,42,260,260,61.33333444595337
EuroSAT,WIPT,0.0,42,260,260,66.66666865348816
EuroSAT,Support-only Transformer,0.0,42,260,260,61.33333444595337
EuroSAT,ProtoNet,fixed,42,261,261,49.33333396911621
EuroSAT,WIPT,0.0,42,261,261,52.000004053115845
EuroSAT,Support-only Transformer,0.0,42,261,261,63.999998569488525
EuroSAT,ProtoNet,fixed,42,262,262,60.00000238418579
EuroSAT,WIPT,0.0,42,262,262,58.66667032241821
EuroSAT,Support-only Transformer,0.0,42,262,262,54.666668176651
EuroSAT,ProtoNet,fixed,42,263,263,62.66666650772095
EuroSAT,WIPT,0.0,42,263,263,61.33333444595337
EuroSAT,Support-only Transformer,0.0,42,263,263,54.666668176651
EuroSAT,ProtoNet,fixed,42,264,264,56.00000023841858
EuroSAT,WIPT,0.0,42,264,264,68.00000071525574
EuroSAT,Support-only Transformer,0.0,42,264,264,66.66666865348816
EuroSAT,ProtoNet,fixed,42,265,265,52.000004053115845
EuroSAT,WIPT,0.0,42,265,265,53.33333611488342
EuroSAT,Support-only Transformer,0.0,42,265,265,49.33333396911621
EuroSAT,ProtoNet,fixed,42,266,266,60.00000238418579
EuroSAT,WIPT,0.0,42,266,266,53.33333611488342
EuroSAT,Support-only Transformer,0.0,42,266,266,50.66666603088379
EuroSAT,ProtoNet,fixed,42,267,267,52.000004053115845
EuroSAT,WIPT,0.0,42,267,267,60.00000238418579
EuroSAT,Support-only Transformer,0.0,42,267,267,54.666668176651
EuroSAT,ProtoNet,fixed,42,268,268,53.33333611488342
EuroSAT,WIPT,0.0,42,268,268,63.999998569488525
EuroSAT,Support-only Transformer,0.0,42,268,268,66.66666865348816
EuroSAT,ProtoNet,fixed,42,269,269,53.33333611488342
EuroSAT,WIPT,0.0,42,269,269,48.00000190734863
EuroSAT,Support-only Transformer,0.0,42,269,269,49.33333396911621
EuroSAT,ProtoNet,fixed,42,270,270,80.0000011920929
EuroSAT,WIPT,0.0,42,270,270,80.0000011920929
EuroSAT,Support-only Transformer,0.0,42,270,270,75.99999904632568
EuroSAT,ProtoNet,fixed,42,271,271,72.00000286102295
EuroSAT,WIPT,0.0,42,271,271,63.999998569488525
EuroSAT,Support-only Transformer,0.0,42,271,271,58.66667032241821
EuroSAT,ProtoNet,fixed,42,272,272,57.33333230018616
EuroSAT,WIPT,0.0,42,272,272,56.00000023841858
EuroSAT,Support-only Transformer,0.0,42,272,272,54.666668176651
EuroSAT,ProtoNet,fixed,42,273,273,31.999999284744263
EuroSAT,WIPT,0.0,42,273,273,34.66666638851166
EuroSAT,Support-only Transformer,0.0,42,273,273,40.00000059604645
EuroSAT,ProtoNet,fixed,42,274,274,57.33333230018616
EuroSAT,WIPT,0.0,42,274,274,60.00000238418579
EuroSAT,Support-only Transformer,0.0,42,274,274,62.66666650772095
EuroSAT,ProtoNet,fixed,42,275,275,58.66667032241821
EuroSAT,WIPT,0.0,42,275,275,63.999998569488525
EuroSAT,Support-only Transformer,0.0,42,275,275,61.33333444595337
EuroSAT,ProtoNet,fixed,42,276,276,68.00000071525574
EuroSAT,WIPT,0.0,42,276,276,75.99999904632568
EuroSAT,Support-only Transformer,0.0,42,276,276,75.99999904632568
EuroSAT,ProtoNet,fixed,42,277,277,45.33333480358124
EuroSAT,WIPT,0.0,42,277,277,56.00000023841858
EuroSAT,Support-only Transformer,0.0,42,277,277,53.33333611488342
EuroSAT,ProtoNet,fixed,42,278,278,50.66666603088379
EuroSAT,WIPT,0.0,42,278,278,62.66666650772095
EuroSAT,Support-only Transformer,0.0,42,278,278,62.66666650772095
EuroSAT,ProtoNet,fixed,42,279,279,68.00000071525574
EuroSAT,WIPT,0.0,42,279,279,58.66667032241821
EuroSAT,Support-only Transformer,0.0,42,279,279,56.00000023841858
EuroSAT,ProtoNet,fixed,42,280,280,54.666668176651
EuroSAT,WIPT,0.0,42,280,280,58.66667032241821
EuroSAT,Support-only Transformer,0.0,42,280,280,69.33333277702332
EuroSAT,ProtoNet,fixed,42,281,281,63.999998569488525
EuroSAT,WIPT,0.0,42,281,281,58.66667032241821
EuroSAT,Support-only Transformer,0.0,42,281,281,60.00000238418579
EuroSAT,ProtoNet,fixed,42,282,282,70.66667079925537
EuroSAT,WIPT,0.0,42,282,282,70.66667079925537
EuroSAT,Support-only Transformer,0.0,42,282,282,65.33333659172058
EuroSAT,ProtoNet,fixed,42,283,283,63.999998569488525
EuroSAT,WIPT,0.0,42,283,283,69.33333277702332
EuroSAT,Support-only Transformer,0.0,42,283,283,62.66666650772095
EuroSAT,ProtoNet,fixed,42,284,284,69.33333277702332
EuroSAT,WIPT,0.0,42,284,284,73.33333492279053
EuroSAT,Support-only Transformer,0.0,42,284,284,74.6666669845581
EuroSAT,ProtoNet,fixed,42,285,285,77.33333706855774
EuroSAT,WIPT,0.0,42,285,285,74.6666669845581
EuroSAT,Support-only Transformer,0.0,42,285,285,63.999998569488525
EuroSAT,ProtoNet,fixed,42,286,286,61.33333444595337
EuroSAT,WIPT,0.0,42,286,286,65.33333659172058
EuroSAT,Support-only Transformer,0.0,42,286,286,74.6666669845581
EuroSAT,ProtoNet,fixed,42,287,287,52.000004053115845
EuroSAT,WIPT,0.0,42,287,287,45.33333480358124
EuroSAT,Support-only Transformer,0.0,42,287,287,46.666666865348816
EuroSAT,ProtoNet,fixed,42,288,288,68.00000071525574
EuroSAT,WIPT,0.0,42,288,288,75.99999904632568
EuroSAT,Support-only Transformer,0.0,42,288,288,70.66667079925537
EuroSAT,ProtoNet,fixed,42,289,289,63.999998569488525
EuroSAT,WIPT,0.0,42,289,289,50.66666603088379
EuroSAT,Support-only Transformer,0.0,42,289,289,48.00000190734863
EuroSAT,ProtoNet,fixed,42,290,290,70.66667079925537
EuroSAT,WIPT,0.0,42,290,290,73.33333492279053
EuroSAT,Support-only Transformer,0.0,42,290,290,68.00000071525574
EuroSAT,ProtoNet,fixed,42,291,291,56.00000023841858
EuroSAT,WIPT,0.0,42,291,291,57.33333230018616
EuroSAT,Support-only Transformer,0.0,42,291,291,56.00000023841858
EuroSAT,ProtoNet,fixed,42,292,292,57.33333230018616
EuroSAT,WIPT,0.0,42,292,292,65.33333659172058
EuroSAT,Support-only Transformer,0.0,42,292,292,65.33333659172058
EuroSAT,ProtoNet,fixed,42,293,293,54.666668176651
EuroSAT,WIPT,0.0,42,293,293,56.00000023841858
EuroSAT,Support-only Transformer,0.0,42,293,293,48.00000190734863
EuroSAT,ProtoNet,fixed,42,294,294,69.33333277702332
EuroSAT,WIPT,0.0,42,294,294,69.33333277702332
EuroSAT,Support-only Transformer,0.0,42,294,294,57.33333230018616
EuroSAT,ProtoNet,fixed,42,295,295,50.66666603088379
EuroSAT,WIPT,0.0,42,295,295,54.666668176651
EuroSAT,Support-only Transformer,0.0,42,295,295,56.00000023841858
EuroSAT,ProtoNet,fixed,42,296,296,82.66667127609253
EuroSAT,WIPT,0.0,42,296,296,80.0000011920929
EuroSAT,Support-only Transformer,0.0,42,296,296,72.00000286102295
EuroSAT,ProtoNet,fixed,42,297,297,58.66667032241821
EuroSAT,WIPT,0.0,42,297,297,60.00000238418579
EuroSAT,Support-only Transformer,0.0,42,297,297,62.66666650772095
EuroSAT,ProtoNet,fixed,42,298,298,61.33333444595337
EuroSAT,WIPT,0.0,42,298,298,69.33333277702332
EuroSAT,Support-only Transformer,0.0,42,298,298,70.66667079925537
EuroSAT,ProtoNet,fixed,42,299,299,60.00000238418579
EuroSAT,WIPT,0.0,42,299,299,52.000004053115845
EuroSAT,Support-only Transformer,0.0,42,299,299,42.66666769981384
EuroSAT,ProtoNet,fixed,123,0,300,60.00000238418579
EuroSAT,WIPT,0.0,123,0,300,60.00000238418579
EuroSAT,Support-only Transformer,0.0,123,0,300,56.00000023841858
EuroSAT,ProtoNet,fixed,123,1,301,58.66667032241821
EuroSAT,WIPT,0.0,123,1,301,52.000004053115845
EuroSAT,Support-only Transformer,0.0,123,1,301,45.33333480358124
EuroSAT,ProtoNet,fixed,123,2,302,69.33333277702332
EuroSAT,WIPT,0.0,123,2,302,68.00000071525574
EuroSAT,Support-only Transformer,0.0,123,2,302,68.00000071525574
EuroSAT,ProtoNet,fixed,123,3,303,53.33333611488342
EuroSAT,WIPT,0.0,123,3,303,56.00000023841858
EuroSAT,Support-only Transformer,0.0,123,3,303,57.33333230018616
EuroSAT,ProtoNet,fixed,123,4,304,50.66666603088379
EuroSAT,WIPT,0.0,123,4,304,57.33333230018616
EuroSAT,Support-only Transformer,0.0,123,4,304,53.33333611488342
EuroSAT,ProtoNet,fixed,123,5,305,77.33333706855774
EuroSAT,WIPT,0.0,123,5,305,73.33333492279053
EuroSAT,Support-only Transformer,0.0,123,5,305,78.66666913032532
EuroSAT,ProtoNet,fixed,123,6,306,49.33333396911621
EuroSAT,WIPT,0.0,123,6,306,54.666668176651
EuroSAT,Support-only Transformer,0.0,123,6,306,48.00000190734863
EuroSAT,ProtoNet,fixed,123,7,307,43.99999976158142
EuroSAT,WIPT,0.0,123,7,307,50.66666603088379
EuroSAT,Support-only Transformer,0.0,123,7,307,60.00000238418579
EuroSAT,ProtoNet,fixed,123,8,308,65.33333659172058
EuroSAT,WIPT,0.0,123,8,308,62.66666650772095
EuroSAT,Support-only Transformer,0.0,123,8,308,62.66666650772095
EuroSAT,ProtoNet,fixed,123,9,309,70.66667079925537
EuroSAT,WIPT,0.0,123,9,309,74.6666669845581
EuroSAT,Support-only Transformer,0.0,123,9,309,72.00000286102295
EuroSAT,ProtoNet,fixed,123,10,310,57.33333230018616
EuroSAT,WIPT,0.0,123,10,310,68.00000071525574
EuroSAT,Support-only Transformer,0.0,123,10,310,72.00000286102295
EuroSAT,ProtoNet,fixed,123,11,311,46.666666865348816
EuroSAT,WIPT,0.0,123,11,311,46.666666865348816
EuroSAT,Support-only Transformer,0.0,123,11,311,49.33333396911621
EuroSAT,ProtoNet,fixed,123,12,312,49.33333396911621
EuroSAT,WIPT,0.0,123,12,312,50.66666603088379
EuroSAT,Support-only Transformer,0.0,123,12,312,43.99999976158142
EuroSAT,ProtoNet,fixed,123,13,313,65.33333659172058
EuroSAT,WIPT,0.0,123,13,313,60.00000238418579
EuroSAT,Support-only Transformer,0.0,123,13,313,56.00000023841858
EuroSAT,ProtoNet,fixed,123,14,314,61.33333444595337
EuroSAT,WIPT,0.0,123,14,314,54.666668176651
EuroSAT,Support-only Transformer,0.0,123,14,314,52.000004053115845
EuroSAT,ProtoNet,fixed,123,15,315,66.66666865348816
EuroSAT,WIPT,0.0,123,15,315,70.66667079925537
EuroSAT,Support-only Transformer,0.0,123,15,315,73.33333492279053
EuroSAT,ProtoNet,fixed,123,16,316,65.33333659172058
EuroSAT,WIPT,0.0,123,16,316,73.33333492279053
EuroSAT,Support-only Transformer,0.0,123,16,316,74.6666669845581
EuroSAT,ProtoNet,fixed,123,17,317,65.33333659172058
EuroSAT,WIPT,0.0,123,17,317,63.999998569488525
EuroSAT,Support-only Transformer,0.0,123,17,317,63.999998569488525
EuroSAT,ProtoNet,fixed,123,18,318,48.00000190734863
EuroSAT,WIPT,0.0,123,18,318,56.00000023841858
EuroSAT,Support-only Transformer,0.0,123,18,318,50.66666603088379
EuroSAT,ProtoNet,fixed,123,19,319,53.33333611488342
EuroSAT,WIPT,0.0,123,19,319,58.66667032241821
EuroSAT,Support-only Transformer,0.0,123,19,319,53.33333611488342
EuroSAT,ProtoNet,fixed,123,20,320,73.33333492279053
EuroSAT,WIPT,0.0,123,20,320,62.66666650772095
EuroSAT,Support-only Transformer,0.0,123,20,320,56.00000023841858
EuroSAT,ProtoNet,fixed,123,21,321,50.66666603088379
EuroSAT,WIPT,0.0,123,21,321,53.33333611488342
EuroSAT,Support-only Transformer,0.0,123,21,321,52.000004053115845
EuroSAT,ProtoNet,fixed,123,22,322,58.66667032241821
EuroSAT,WIPT,0.0,123,22,322,62.66666650772095
EuroSAT,Support-only Transformer,0.0,123,22,322,57.33333230018616
EuroSAT,ProtoNet,fixed,123,23,323,74.6666669845581
EuroSAT,WIPT,0.0,123,23,323,70.66667079925537
EuroSAT,Support-only Transformer,0.0,123,23,323,63.999998569488525
EuroSAT,ProtoNet,fixed,123,24,324,50.66666603088379
EuroSAT,WIPT,0.0,123,24,324,54.666668176651
EuroSAT,Support-only Transformer,0.0,123,24,324,56.00000023841858
EuroSAT,ProtoNet,fixed,123,25,325,74.6666669845581
EuroSAT,WIPT,0.0,123,25,325,77.33333706855774
EuroSAT,Support-only Transformer,0.0,123,25,325,73.33333492279053
EuroSAT,ProtoNet,fixed,123,26,326,66.66666865348816
EuroSAT,WIPT,0.0,123,26,326,77.33333706855774
EuroSAT,Support-only Transformer,0.0,123,26,326,80.0000011920929
EuroSAT,ProtoNet,fixed,123,27,327,54.666668176651
EuroSAT,WIPT,0.0,123,27,327,46.666666865348816
EuroSAT,Support-only Transformer,0.0,123,27,327,43.99999976158142
EuroSAT,ProtoNet,fixed,123,28,328,54.666668176651
EuroSAT,WIPT,0.0,123,28,328,56.00000023841858
EuroSAT,Support-only Transformer,0.0,123,28,328,54.666668176651
EuroSAT,ProtoNet,fixed,123,29,329,72.00000286102295
EuroSAT,WIPT,0.0,123,29,329,72.00000286102295
EuroSAT,Support-only Transformer,0.0,123,29,329,74.6666669845581
EuroSAT,ProtoNet,fixed,123,30,330,60.00000238418579
EuroSAT,WIPT,0.0,123,30,330,70.66667079925537
EuroSAT,Support-only Transformer,0.0,123,30,330,82.66667127609253
EuroSAT,ProtoNet,fixed,123,31,331,72.00000286102295
EuroSAT,WIPT,0.0,123,31,331,75.99999904632568
EuroSAT,Support-only Transformer,0.0,123,31,331,81.33333325386047
EuroSAT,ProtoNet,fixed,123,32,332,70.66667079925537
EuroSAT,WIPT,0.0,123,32,332,73.33333492279053
EuroSAT,Support-only Transformer,0.0,123,32,332,57.33333230018616
EuroSAT,ProtoNet,fixed,123,33,333,73.33333492279053
EuroSAT,WIPT,0.0,123,33,333,73.33333492279053
EuroSAT,Support-only Transformer,0.0,123,33,333,74.6666669845581
EuroSAT,ProtoNet,fixed,123,34,334,54.666668176651
EuroSAT,WIPT,0.0,123,34,334,60.00000238418579
EuroSAT,Support-only Transformer,0.0,123,34,334,61.33333444595337
EuroSAT,ProtoNet,fixed,123,35,335,58.66667032241821
EuroSAT,WIPT,0.0,123,35,335,63.999998569488525
EuroSAT,Support-only Transformer,0.0,123,35,335,60.00000238418579
EuroSAT,ProtoNet,fixed,123,36,336,56.00000023841858
EuroSAT,WIPT,0.0,123,36,336,65.33333659172058
EuroSAT,Support-only Transformer,0.0,123,36,336,69.33333277702332
EuroSAT,ProtoNet,fixed,123,37,337,78.66666913032532
EuroSAT,WIPT,0.0,123,37,337,80.0000011920929
EuroSAT,Support-only Transformer,0.0,123,37,337,77.33333706855774
EuroSAT,ProtoNet,fixed,123,38,338,56.00000023841858
EuroSAT,WIPT,0.0,123,38,338,58.66667032241821
EuroSAT,Support-only Transformer,0.0,123,38,338,52.000004053115845
EuroSAT,ProtoNet,fixed,123,39,339,61.33333444595337
EuroSAT,WIPT,0.0,123,39,339,62.66666650772095
EuroSAT,Support-only Transformer,0.0,123,39,339,58.66667032241821
EuroSAT,ProtoNet,fixed,123,40,340,69.33333277702332
EuroSAT,WIPT,0.0,123,40,340,74.6666669845581
EuroSAT,Support-only Transformer,0.0,123,40,340,75.99999904632568
EuroSAT,ProtoNet,fixed,123,41,341,74.6666669845581
EuroSAT,WIPT,0.0,123,41,341,75.99999904632568
EuroSAT,Support-only Transformer,0.0,123,41,341,77.33333706855774
EuroSAT,ProtoNet,fixed,123,42,342,93.33333373069763
EuroSAT,WIPT,0.0,123,42,342,87.99999952316284
EuroSAT,Support-only Transformer,0.0,123,42,342,85.33333539962769
EuroSAT,ProtoNet,fixed,123,43,343,70.66667079925537
EuroSAT,WIPT,0.0,123,43,343,68.00000071525574
EuroSAT,Support-only Transformer,0.0,123,43,343,61.33333444595337
EuroSAT,ProtoNet,fixed,123,44,344,60.00000238418579
EuroSAT,WIPT,0.0,123,44,344,60.00000238418579
EuroSAT,Support-only Transformer,0.0,123,44,344,54.666668176651
EuroSAT,ProtoNet,fixed,123,45,345,81.33333325386047
EuroSAT,WIPT,0.0,123,45,345,84.00000333786011
EuroSAT,Support-only Transformer,0.0,123,45,345,85.33333539962769
EuroSAT,ProtoNet,fixed,123,46,346,41.333335638046265
EuroSAT,WIPT,0.0,123,46,346,40.00000059604645
EuroSAT,Support-only Transformer,0.0,123,46,346,41.333335638046265
EuroSAT,ProtoNet,fixed,123,47,347,69.33333277702332
EuroSAT,WIPT,0.0,123,47,347,77.33333706855774
EuroSAT,Support-only Transformer,0.0,123,47,347,81.33333325386047
EuroSAT,ProtoNet,fixed,123,48,348,50.66666603088379
EuroSAT,WIPT,0.0,123,48,348,49.33333396911621
EuroSAT,Support-only Transformer,0.0,123,48,348,54.666668176651
EuroSAT,ProtoNet,fixed,123,49,349,65.33333659172058
EuroSAT,WIPT,0.0,123,49,349,73.33333492279053
EuroSAT,Support-only Transformer,0.0,123,49,349,78.66666913032532
EuroSAT,ProtoNet,fixed,123,50,350,63.999998569488525
EuroSAT,WIPT,0.0,123,50,350,66.66666865348816
EuroSAT,Support-only Transformer,0.0,123,50,350,63.999998569488525
EuroSAT,ProtoNet,fixed,123,51,351,77.33333706855774
EuroSAT,WIPT,0.0,123,51,351,80.0000011920929
EuroSAT,Support-only Transformer,0.0,123,51,351,75.99999904632568
EuroSAT,ProtoNet,fixed,123,52,352,62.66666650772095
EuroSAT,WIPT,0.0,123,52,352,57.33333230018616
EuroSAT,Support-only Transformer,0.0,123,52,352,46.666666865348816
EuroSAT,ProtoNet,fixed,123,53,353,68.00000071525574
EuroSAT,WIPT,0.0,123,53,353,73.33333492279053
EuroSAT,Support-only Transformer,0.0,123,53,353,70.66667079925537
EuroSAT,ProtoNet,fixed,123,54,354,60.00000238418579
EuroSAT,WIPT,0.0,123,54,354,63.999998569488525
EuroSAT,Support-only Transformer,0.0,123,54,354,56.00000023841858
EuroSAT,ProtoNet,fixed,123,55,355,61.33333444595337
EuroSAT,WIPT,0.0,123,55,355,66.66666865348816
EuroSAT,Support-only Transformer,0.0,123,55,355,70.66667079925537
EuroSAT,ProtoNet,fixed,123,56,356,42.66666769981384
EuroSAT,WIPT,0.0,123,56,356,46.666666865348816
EuroSAT,Support-only Transformer,0.0,123,56,356,43.99999976158142
EuroSAT,ProtoNet,fixed,123,57,357,43.99999976158142
EuroSAT,WIPT,0.0,123,57,357,50.66666603088379
EuroSAT,Support-only Transformer,0.0,123,57,357,42.66666769981384
EuroSAT,ProtoNet,fixed,123,58,358,74.6666669845581
EuroSAT,WIPT,0.0,123,58,358,82.66667127609253
EuroSAT,Support-only Transformer,0.0,123,58,358,82.66667127609253
EuroSAT,ProtoNet,fixed,123,59,359,53.33333611488342
EuroSAT,WIPT,0.0,123,59,359,61.33333444595337
EuroSAT,Support-only Transformer,0.0,123,59,359,63.999998569488525
EuroSAT,ProtoNet,fixed,123,60,360,50.66666603088379
EuroSAT,WIPT,0.0,123,60,360,52.000004053115845
EuroSAT,Support-only Transformer,0.0,123,60,360,50.66666603088379
EuroSAT,ProtoNet,fixed,123,61,361,75.99999904632568
EuroSAT,WIPT,0.0,123,61,361,68.00000071525574
EuroSAT,Support-only Transformer,0.0,123,61,361,68.00000071525574
EuroSAT,ProtoNet,fixed,123,62,362,62.66666650772095
EuroSAT,WIPT,0.0,123,62,362,72.00000286102295
EuroSAT,Support-only Transformer,0.0,123,62,362,66.66666865348816
EuroSAT,ProtoNet,fixed,123,63,363,60.00000238418579
EuroSAT,WIPT,0.0,123,63,363,57.33333230018616
EuroSAT,Support-only Transformer,0.0,123,63,363,60.00000238418579
EuroSAT,ProtoNet,fixed,123,64,364,70.66667079925537
EuroSAT,WIPT,0.0,123,64,364,68.00000071525574
EuroSAT,Support-only Transformer,0.0,123,64,364,69.33333277702332
EuroSAT,ProtoNet,fixed,123,65,365,66.66666865348816
EuroSAT,WIPT,0.0,123,65,365,66.66666865348816
EuroSAT,Support-only Transformer,0.0,123,65,365,66.66666865348816
EuroSAT,ProtoNet,fixed,123,66,366,58.66667032241821
EuroSAT,WIPT,0.0,123,66,366,58.66667032241821
EuroSAT,Support-only Transformer,0.0,123,66,366,56.00000023841858
EuroSAT,ProtoNet,fixed,123,67,367,57.33333230018616
EuroSAT,WIPT,0.0,123,67,367,58.66667032241821
EuroSAT,Support-only Transformer,0.0,123,67,367,54.666668176651
EuroSAT,ProtoNet,fixed,123,68,368,52.000004053115845
EuroSAT,WIPT,0.0,123,68,368,54.666668176651
EuroSAT,Support-only Transformer,0.0,123,68,368,41.333335638046265
EuroSAT,ProtoNet,fixed,123,69,369,69.33333277702332
EuroSAT,WIPT,0.0,123,69,369,70.66667079925537
EuroSAT,Support-only Transformer,0.0,123,69,369,70.66667079925537
EuroSAT,ProtoNet,fixed,123,70,370,49.33333396911621
EuroSAT,WIPT,0.0,123,70,370,77.33333706855774
EuroSAT,Support-only Transformer,0.0,123,70,370,60.00000238418579
EuroSAT,ProtoNet,fixed,123,71,371,66.66666865348816
EuroSAT,WIPT,0.0,123,71,371,68.00000071525574
EuroSAT,Support-only Transformer,0.0,123,71,371,63.999998569488525
EuroSAT,ProtoNet,fixed,123,72,372,54.666668176651
EuroSAT,WIPT,0.0,123,72,372,50.66666603088379
EuroSAT,Support-only Transformer,0.0,123,72,372,52.000004053115845
EuroSAT,ProtoNet,fixed,123,73,373,68.00000071525574
EuroSAT,WIPT,0.0,123,73,373,70.66667079925537
EuroSAT,Support-only Transformer,0.0,123,73,373,75.99999904632568
EuroSAT,ProtoNet,fixed,123,74,374,61.33333444595337
EuroSAT,WIPT,0.0,123,74,374,75.99999904632568
EuroSAT,Support-only Transformer,0.0,123,74,374,74.6666669845581
EuroSAT,ProtoNet,fixed,123,75,375,58.66667032241821
EuroSAT,WIPT,0.0,123,75,375,61.33333444595337
EuroSAT,Support-only Transformer,0.0,123,75,375,61.33333444595337
EuroSAT,ProtoNet,fixed,123,76,376,72.00000286102295
EuroSAT,WIPT,0.0,123,76,376,87.99999952316284
EuroSAT,Support-only Transformer,0.0,123,76,376,74.6666669845581
EuroSAT,ProtoNet,fixed,123,77,377,66.66666865348816
EuroSAT,WIPT,0.0,123,77,377,69.33333277702332
EuroSAT,Support-only Transformer,0.0,123,77,377,68.00000071525574
EuroSAT,ProtoNet,fixed,123,78,378,57.33333230018616
EuroSAT,WIPT,0.0,123,78,378,66.66666865348816
EuroSAT,Support-only Transformer,0.0,123,78,378,63.999998569488525
EuroSAT,ProtoNet,fixed,123,79,379,57.33333230018616
EuroSAT,WIPT,0.0,123,79,379,68.00000071525574
EuroSAT,Support-only Transformer,0.0,123,79,379,61.33333444595337
EuroSAT,ProtoNet,fixed,123,80,380,52.000004053115845
EuroSAT,WIPT,0.0,123,80,380,57.33333230018616
EuroSAT,Support-only Transformer,0.0,123,80,380,60.00000238418579
EuroSAT,ProtoNet,fixed,123,81,381,73.33333492279053
EuroSAT,WIPT,0.0,123,81,381,62.66666650772095
EuroSAT,Support-only Transformer,0.0,123,81,381,65.33333659172058
EuroSAT,ProtoNet,fixed,123,82,382,38.66666853427887
EuroSAT,WIPT,0.0,123,82,382,45.33333480358124
EuroSAT,Support-only Transformer,0.0,123,82,382,43.99999976158142
EuroSAT,ProtoNet,fixed,123,83,383,62.66666650772095
EuroSAT,WIPT,0.0,123,83,383,73.33333492279053
EuroSAT,Support-only Transformer,0.0,123,83,383,72.00000286102295
EuroSAT,ProtoNet,fixed,123,84,384,80.0000011920929
EuroSAT,WIPT,0.0,123,84,384,77.33333706855774
EuroSAT,Support-only Transformer,0.0,123,84,384,78.66666913032532
EuroSAT,ProtoNet,fixed,123,85,385,60.00000238418579
EuroSAT,WIPT,0.0,123,85,385,66.66666865348816
EuroSAT,Support-only Transformer,0.0,123,85,385,62.66666650772095
EuroSAT,ProtoNet,fixed,123,86,386,82.66667127609253
EuroSAT,WIPT,0.0,123,86,386,81.33333325386047
EuroSAT,Support-only Transformer,0.0,123,86,386,75.99999904632568
EuroSAT,ProtoNet,fixed,123,87,387,74.6666669845581
EuroSAT,WIPT,0.0,123,87,387,68.00000071525574
EuroSAT,Support-only Transformer,0.0,123,87,387,54.666668176651
EuroSAT,ProtoNet,fixed,123,88,388,52.000004053115845
EuroSAT,WIPT,0.0,123,88,388,58.66667032241821
EuroSAT,Support-only Transformer,0.0,123,88,388,57.33333230018616
EuroSAT,ProtoNet,fixed,123,89,389,84.00000333786011
EuroSAT,WIPT,0.0,123,89,389,86.66666746139526
EuroSAT,Support-only Transformer,0.0,123,89,389,89.3333375453949
EuroSAT,ProtoNet,fixed,123,90,390,69.33333277702332
EuroSAT,WIPT,0.0,123,90,390,69.33333277702332
EuroSAT,Support-only Transformer,0.0,123,90,390,70.66667079925537
EuroSAT,ProtoNet,fixed,123,91,391,75.99999904632568
EuroSAT,WIPT,0.0,123,91,391,74.6666669845581
EuroSAT,Support-only Transformer,0.0,123,91,391,65.33333659172058
EuroSAT,ProtoNet,fixed,123,92,392,43.99999976158142
EuroSAT,WIPT,0.0,123,92,392,50.66666603088379
EuroSAT,Support-only Transformer,0.0,123,92,392,49.33333396911621
EuroSAT,ProtoNet,fixed,123,93,393,72.00000286102295
EuroSAT,WIPT,0.0,123,93,393,74.6666669845581
EuroSAT,Support-only Transformer,0.0,123,93,393,58.66667032241821
EuroSAT,ProtoNet,fixed,123,94,394,74.6666669845581
EuroSAT,WIPT,0.0,123,94,394,72.00000286102295
EuroSAT,Support-only Transformer,0.0,123,94,394,65.33333659172058
EuroSAT,ProtoNet,fixed,123,95,395,52.000004053115845
EuroSAT,WIPT,0.0,123,95,395,49.33333396911621
EuroSAT,Support-only Transformer,0.0,123,95,395,45.33333480358124
EuroSAT,ProtoNet,fixed,123,96,396,63.999998569488525
EuroSAT,WIPT,0.0,123,96,396,68.00000071525574
EuroSAT,Support-only Transformer,0.0,123,96,396,62.66666650772095
EuroSAT,ProtoNet,fixed,123,97,397,52.000004053115845
EuroSAT,WIPT,0.0,123,97,397,43.99999976158142
EuroSAT,Support-only Transformer,0.0,123,97,397,40.00000059604645
EuroSAT,ProtoNet,fixed,123,98,398,48.00000190734863
EuroSAT,WIPT,0.0,123,98,398,52.000004053115845
EuroSAT,Support-only Transformer,0.0,123,98,398,50.66666603088379
EuroSAT,ProtoNet,fixed,123,99,399,38.66666853427887
EuroSAT,WIPT,0.0,123,99,399,40.00000059604645
EuroSAT,Support-only Transformer,0.0,123,99,399,38.66666853427887
EuroSAT,ProtoNet,fixed,123,100,400,56.00000023841858
EuroSAT,WIPT,0.0,123,100,400,66.66666865348816
EuroSAT,Support-only Transformer,0.0,123,100,400,65.33333659172058
EuroSAT,ProtoNet,fixed,123,101,401,60.00000238418579
EuroSAT,WIPT,0.0,123,101,401,62.66666650772095
EuroSAT,Support-only Transformer,0.0,123,101,401,52.000004053115845
EuroSAT,ProtoNet,fixed,123,102,402,77.33333706855774
EuroSAT,WIPT,0.0,123,102,402,69.33333277702332
EuroSAT,Support-only Transformer,0.0,123,102,402,65.33333659172058
EuroSAT,ProtoNet,fixed,123,103,403,54.666668176651
EuroSAT,WIPT,0.0,123,103,403,48.00000190734863
EuroSAT,Support-only Transformer,0.0,123,103,403,49.33333396911621
EuroSAT,ProtoNet,fixed,123,104,404,56.00000023841858
EuroSAT,WIPT,0.0,123,104,404,56.00000023841858
EuroSAT,Support-only Transformer,0.0,123,104,404,53.33333611488342
EuroSAT,ProtoNet,fixed,123,105,405,68.00000071525574
EuroSAT,WIPT,0.0,123,105,405,57.33333230018616
EuroSAT,Support-only Transformer,0.0,123,105,405,54.666668176651
EuroSAT,ProtoNet,fixed,123,106,406,66.66666865348816
EuroSAT,WIPT,0.0,123,106,406,65.33333659172058
EuroSAT,Support-only Transformer,0.0,123,106,406,66.66666865348816
EuroSAT,ProtoNet,fixed,123,107,407,63.999998569488525
EuroSAT,WIPT,0.0,123,107,407,58.66667032241821
EuroSAT,Support-only Transformer,0.0,123,107,407,57.33333230018616
EuroSAT,ProtoNet,fixed,123,108,408,73.33333492279053
EuroSAT,WIPT,0.0,123,108,408,81.33333325386047
EuroSAT,Support-only Transformer,0.0,123,108,408,80.0000011920929
EuroSAT,ProtoNet,fixed,123,109,409,73.33333492279053
EuroSAT,WIPT,0.0,123,109,409,74.6666669845581
EuroSAT,Support-only Transformer,0.0,123,109,409,70.66667079925537
EuroSAT,ProtoNet,fixed,123,110,410,65.33333659172058
EuroSAT,WIPT,0.0,123,110,410,66.66666865348816
EuroSAT,Support-only Transformer,0.0,123,110,410,61.33333444595337
EuroSAT,ProtoNet,fixed,123,111,411,66.66666865348816
EuroSAT,WIPT,0.0,123,111,411,65.33333659172058
EuroSAT,Support-only Transformer,0.0,123,111,411,65.33333659172058
EuroSAT,ProtoNet,fixed,123,112,412,63.999998569488525
EuroSAT,WIPT,0.0,123,112,412,57.33333230018616
EuroSAT,Support-only Transformer,0.0,123,112,412,50.66666603088379
EuroSAT,ProtoNet,fixed,123,113,413,73.33333492279053
EuroSAT,WIPT,0.0,123,113,413,68.00000071525574
EuroSAT,Support-only Transformer,0.0,123,113,413,63.999998569488525
EuroSAT,ProtoNet,fixed,123,114,414,78.66666913032532
EuroSAT,WIPT,0.0,123,114,414,74.6666669845581
EuroSAT,Support-only Transformer,0.0,123,114,414,75.99999904632568
EuroSAT,ProtoNet,fixed,123,115,415,68.00000071525574
EuroSAT,WIPT,0.0,123,115,415,73.33333492279053
EuroSAT,Support-only Transformer,0.0,123,115,415,86.66666746139526
EuroSAT,ProtoNet,fixed,123,116,416,61.33333444595337
EuroSAT,WIPT,0.0,123,116,416,65.33333659172058
EuroSAT,Support-only Transformer,0.0,123,116,416,60.00000238418579
EuroSAT,ProtoNet,fixed,123,117,417,75.99999904632568
EuroSAT,WIPT,0.0,123,117,417,74.6666669845581
EuroSAT,Support-only Transformer,0.0,123,117,417,69.33333277702332
EuroSAT,ProtoNet,fixed,123,118,418,52.000004053115845
EuroSAT,WIPT,0.0,123,118,418,52.000004053115845
EuroSAT,Support-only Transformer,0.0,123,118,418,61.33333444595337
EuroSAT,ProtoNet,fixed,123,119,419,52.000004053115845
EuroSAT,WIPT,0.0,123,119,419,56.00000023841858
EuroSAT,Support-only Transformer,0.0,123,119,419,52.000004053115845
EuroSAT,ProtoNet,fixed,123,120,420,54.666668176651
EuroSAT,WIPT,0.0,123,120,420,66.66666865348816
EuroSAT,Support-only Transformer,0.0,123,120,420,75.99999904632568
EuroSAT,ProtoNet,fixed,123,121,421,65.33333659172058
EuroSAT,WIPT,0.0,123,121,421,63.999998569488525
EuroSAT,Support-only Transformer,0.0,123,121,421,61.33333444595337
EuroSAT,ProtoNet,fixed,123,122,422,52.000004053115845
EuroSAT,WIPT,0.0,123,122,422,48.00000190734863
EuroSAT,Support-only Transformer,0.0,123,122,422,49.33333396911621
EuroSAT,ProtoNet,fixed,123,123,423,50.66666603088379
EuroSAT,WIPT,0.0,123,123,423,53.33333611488342
EuroSAT,Support-only Transformer,0.0,123,123,423,57.33333230018616
EuroSAT,ProtoNet,fixed,123,124,424,56.00000023841858
EuroSAT,WIPT,0.0,123,124,424,57.33333230018616
EuroSAT,Support-only Transformer,0.0,123,124,424,61.33333444595337
EuroSAT,ProtoNet,fixed,123,125,425,75.99999904632568
EuroSAT,WIPT,0.0,123,125,425,80.0000011920929
EuroSAT,Support-only Transformer,0.0,123,125,425,86.66666746139526
EuroSAT,ProtoNet,fixed,123,126,426,68.00000071525574
EuroSAT,WIPT,0.0,123,126,426,63.999998569488525
EuroSAT,Support-only Transformer,0.0,123,126,426,60.00000238418579
EuroSAT,ProtoNet,fixed,123,127,427,56.00000023841858
EuroSAT,WIPT,0.0,123,127,427,60.00000238418579
EuroSAT,Support-only Transformer,0.0,123,127,427,57.33333230018616
EuroSAT,ProtoNet,fixed,123,128,428,58.66667032241821
EuroSAT,WIPT,0.0,123,128,428,65.33333659172058
EuroSAT,Support-only Transformer,0.0,123,128,428,56.00000023841858
EuroSAT,ProtoNet,fixed,123,129,429,56.00000023841858
EuroSAT,WIPT,0.0,123,129,429,57.33333230018616
EuroSAT,Support-only Transformer,0.0,123,129,429,62.66666650772095
EuroSAT,ProtoNet,fixed,123,130,430,36.000001430511475
EuroSAT,WIPT,0.0,123,130,430,40.00000059604645
EuroSAT,Support-only Transformer,0.0,123,130,430,49.33333396911621
EuroSAT,ProtoNet,fixed,123,131,431,52.000004053115845
EuroSAT,WIPT,0.0,123,131,431,56.00000023841858
EuroSAT,Support-only Transformer,0.0,123,131,431,53.33333611488342
EuroSAT,ProtoNet,fixed,123,132,432,62.66666650772095
EuroSAT,WIPT,0.0,123,132,432,61.33333444595337
EuroSAT,Support-only Transformer,0.0,123,132,432,63.999998569488525
EuroSAT,ProtoNet,fixed,123,133,433,52.000004053115845
EuroSAT,WIPT,0.0,123,133,433,57.33333230018616
EuroSAT,Support-only Transformer,0.0,123,133,433,60.00000238418579
EuroSAT,ProtoNet,fixed,123,134,434,68.00000071525574
EuroSAT,WIPT,0.0,123,134,434,73.33333492279053
EuroSAT,Support-only Transformer,0.0,123,134,434,50.66666603088379
EuroSAT,ProtoNet,fixed,123,135,435,72.00000286102295
EuroSAT,WIPT,0.0,123,135,435,72.00000286102295
EuroSAT,Support-only Transformer,0.0,123,135,435,70.66667079925537
EuroSAT,ProtoNet,fixed,123,136,436,60.00000238418579
EuroSAT,WIPT,0.0,123,136,436,63.999998569488525
EuroSAT,Support-only Transformer,0.0,123,136,436,50.66666603088379
EuroSAT,ProtoNet,fixed,123,137,437,52.000004053115845
EuroSAT,WIPT,0.0,123,137,437,53.33333611488342
EuroSAT,Support-only Transformer,0.0,123,137,437,48.00000190734863
EuroSAT,ProtoNet,fixed,123,138,438,66.66666865348816
EuroSAT,WIPT,0.0,123,138,438,68.00000071525574
EuroSAT,Support-only Transformer,0.0,123,138,438,68.00000071525574
EuroSAT,ProtoNet,fixed,123,139,439,70.66667079925537
EuroSAT,WIPT,0.0,123,139,439,63.999998569488525
EuroSAT,Support-only Transformer,0.0,123,139,439,56.00000023841858
EuroSAT,ProtoNet,fixed,123,140,440,62.66666650772095
EuroSAT,WIPT,0.0,123,140,440,61.33333444595337
EuroSAT,Support-only Transformer,0.0,123,140,440,57.33333230018616
EuroSAT,ProtoNet,fixed,123,141,441,45.33333480358124
EuroSAT,WIPT,0.0,123,141,441,60.00000238418579
EuroSAT,Support-only Transformer,0.0,123,141,441,61.33333444595337
EuroSAT,ProtoNet,fixed,123,142,442,58.66667032241821
EuroSAT,WIPT,0.0,123,142,442,77.33333706855774
EuroSAT,Support-only Transformer,0.0,123,142,442,72.00000286102295
EuroSAT,ProtoNet,fixed,123,143,443,45.33333480358124
EuroSAT,WIPT,0.0,123,143,443,49.33333396911621
EuroSAT,Support-only Transformer,0.0,123,143,443,60.00000238418579
EuroSAT,ProtoNet,fixed,123,144,444,66.66666865348816
EuroSAT,WIPT,0.0,123,144,444,68.00000071525574
EuroSAT,Support-only Transformer,0.0,123,144,444,54.666668176651
EuroSAT,ProtoNet,fixed,123,145,445,73.33333492279053
EuroSAT,WIPT,0.0,123,145,445,80.0000011920929
EuroSAT,Support-only Transformer,0.0,123,145,445,72.00000286102295
EuroSAT,ProtoNet,fixed,123,146,446,56.00000023841858
EuroSAT,WIPT,0.0,123,146,446,48.00000190734863
EuroSAT,Support-only Transformer,0.0,123,146,446,45.33333480358124
EuroSAT,ProtoNet,fixed,123,147,447,69.33333277702332
EuroSAT,WIPT,0.0,123,147,447,78.66666913032532
EuroSAT,Support-only Transformer,0.0,123,147,447,72.00000286102295
EuroSAT,ProtoNet,fixed,123,148,448,57.33333230018616
EuroSAT,WIPT,0.0,123,148,448,66.66666865348816
EuroSAT,Support-only Transformer,0.0,123,148,448,80.0000011920929
EuroSAT,ProtoNet,fixed,123,149,449,60.00000238418579
EuroSAT,WIPT,0.0,123,149,449,56.00000023841858
EuroSAT,Support-only Transformer,0.0,123,149,449,56.00000023841858
EuroSAT,ProtoNet,fixed,123,150,450,50.66666603088379
EuroSAT,WIPT,0.0,123,150,450,48.00000190734863
EuroSAT,Support-only Transformer,0.0,123,150,450,50.66666603088379
EuroSAT,ProtoNet,fixed,123,151,451,37.33333349227905
EuroSAT,WIPT,0.0,123,151,451,50.66666603088379
EuroSAT,Support-only Transformer,0.0,123,151,451,45.33333480358124
EuroSAT,ProtoNet,fixed,123,152,452,57.33333230018616
EuroSAT,WIPT,0.0,123,152,452,60.00000238418579
EuroSAT,Support-only Transformer,0.0,123,152,452,63.999998569488525
EuroSAT,ProtoNet,fixed,123,153,453,65.33333659172058
EuroSAT,WIPT,0.0,123,153,453,68.00000071525574
EuroSAT,Support-only Transformer,0.0,123,153,453,62.66666650772095
EuroSAT,ProtoNet,fixed,123,154,454,66.66666865348816
EuroSAT,WIPT,0.0,123,154,454,68.00000071525574
EuroSAT,Support-only Transformer,0.0,123,154,454,69.33333277702332
EuroSAT,ProtoNet,fixed,123,155,455,62.66666650772095
EuroSAT,WIPT,0.0,123,155,455,69.33333277702332
EuroSAT,Support-only Transformer,0.0,123,155,455,70.66667079925537
EuroSAT,ProtoNet,fixed,123,156,456,56.00000023841858
EuroSAT,WIPT,0.0,123,156,456,56.00000023841858
EuroSAT,Support-only Transformer,0.0,123,156,456,56.00000023841858
EuroSAT,ProtoNet,fixed,123,157,457,68.00000071525574
EuroSAT,WIPT,0.0,123,157,457,66.66666865348816
EuroSAT,Support-only Transformer,0.0,123,157,457,72.00000286102295
EuroSAT,ProtoNet,fixed,123,158,458,61.33333444595337
EuroSAT,WIPT,0.0,123,158,458,58.66667032241821
EuroSAT,Support-only Transformer,0.0,123,158,458,52.000004053115845
EuroSAT,ProtoNet,fixed,123,159,459,75.99999904632568
EuroSAT,WIPT,0.0,123,159,459,74.6666669845581
EuroSAT,Support-only Transformer,0.0,123,159,459,57.33333230018616
EuroSAT,ProtoNet,fixed,123,160,460,66.66666865348816
EuroSAT,WIPT,0.0,123,160,460,66.66666865348816
EuroSAT,Support-only Transformer,0.0,123,160,460,63.999998569488525
EuroSAT,ProtoNet,fixed,123,161,461,60.00000238418579
EuroSAT,WIPT,0.0,123,161,461,69.33333277702332
EuroSAT,Support-only Transformer,0.0,123,161,461,70.66667079925537
EuroSAT,ProtoNet,fixed,123,162,462,48.00000190734863
EuroSAT,WIPT,0.0,123,162,462,42.66666769981384
EuroSAT,Support-only Transformer,0.0,123,162,462,38.66666853427887
EuroSAT,ProtoNet,fixed,123,163,463,74.6666669845581
EuroSAT,WIPT,0.0,123,163,463,81.33333325386047
EuroSAT,Support-only Transformer,0.0,123,163,463,78.66666913032532
EuroSAT,ProtoNet,fixed,123,164,464,69.33333277702332
EuroSAT,WIPT,0.0,123,164,464,70.66667079925537
EuroSAT,Support-only Transformer,0.0,123,164,464,60.00000238418579
EuroSAT,ProtoNet,fixed,123,165,465,54.666668176651
EuroSAT,WIPT,0.0,123,165,465,53.33333611488342
EuroSAT,Support-only Transformer,0.0,123,165,465,50.66666603088379
EuroSAT,ProtoNet,fixed,123,166,466,61.33333444595337
EuroSAT,WIPT,0.0,123,166,466,60.00000238418579
EuroSAT,Support-only Transformer,0.0,123,166,466,63.999998569488525
EuroSAT,ProtoNet,fixed,123,167,467,43.99999976158142
EuroSAT,WIPT,0.0,123,167,467,57.33333230018616
EuroSAT,Support-only Transformer,0.0,123,167,467,57.33333230018616
EuroSAT,ProtoNet,fixed,123,168,468,72.00000286102295
EuroSAT,WIPT,0.0,123,168,468,68.00000071525574
EuroSAT,Support-only Transformer,0.0,123,168,468,65.33333659172058
EuroSAT,ProtoNet,fixed,123,169,469,80.0000011920929
EuroSAT,WIPT,0.0,123,169,469,72.00000286102295
EuroSAT,Support-only Transformer,0.0,123,169,469,60.00000238418579
EuroSAT,ProtoNet,fixed,123,170,470,58.66667032241821
EuroSAT,WIPT,0.0,123,170,470,58.66667032241821
EuroSAT,Support-only Transformer,0.0,123,170,470,56.00000023841858
EuroSAT,ProtoNet,fixed,123,171,471,58.66667032241821
EuroSAT,WIPT,0.0,123,171,471,57.33333230018616
EuroSAT,Support-only Transformer,0.0,123,171,471,57.33333230018616
EuroSAT,ProtoNet,fixed,123,172,472,50.66666603088379
EuroSAT,WIPT,0.0,123,172,472,52.000004053115845
EuroSAT,Support-only Transformer,0.0,123,172,472,48.00000190734863
EuroSAT,ProtoNet,fixed,123,173,473,53.33333611488342
EuroSAT,WIPT,0.0,123,173,473,54.666668176651
EuroSAT,Support-only Transformer,0.0,123,173,473,56.00000023841858
EuroSAT,ProtoNet,fixed,123,174,474,49.33333396911621
EuroSAT,WIPT,0.0,123,174,474,58.66667032241821
EuroSAT,Support-only Transformer,0.0,123,174,474,56.00000023841858
EuroSAT,ProtoNet,fixed,123,175,475,37.33333349227905
EuroSAT,WIPT,0.0,123,175,475,49.33333396911621
EuroSAT,Support-only Transformer,0.0,123,175,475,43.99999976158142
EuroSAT,ProtoNet,fixed,123,176,476,65.33333659172058
EuroSAT,WIPT,0.0,123,176,476,60.00000238418579
EuroSAT,Support-only Transformer,0.0,123,176,476,60.00000238418579
EuroSAT,ProtoNet,fixed,123,177,477,62.66666650772095
EuroSAT,WIPT,0.0,123,177,477,66.66666865348816
EuroSAT,Support-only Transformer,0.0,123,177,477,63.999998569488525
EuroSAT,ProtoNet,fixed,123,178,478,66.66666865348816
EuroSAT,WIPT,0.0,123,178,478,63.999998569488525
EuroSAT,Support-only Transformer,0.0,123,178,478,58.66667032241821
EuroSAT,ProtoNet,fixed,123,179,479,62.66666650772095
EuroSAT,WIPT,0.0,123,179,479,65.33333659172058
EuroSAT,Support-only Transformer,0.0,123,179,479,69.33333277702332
EuroSAT,ProtoNet,fixed,123,180,480,53.33333611488342
EuroSAT,WIPT,0.0,123,180,480,52.000004053115845
EuroSAT,Support-only Transformer,0.0,123,180,480,46.666666865348816
EuroSAT,ProtoNet,fixed,123,181,481,57.33333230018616
EuroSAT,WIPT,0.0,123,181,481,63.999998569488525
EuroSAT,Support-only Transformer,0.0,123,181,481,57.33333230018616
EuroSAT,ProtoNet,fixed,123,182,482,56.00000023841858
EuroSAT,WIPT,0.0,123,182,482,57.33333230018616
EuroSAT,Support-only Transformer,0.0,123,182,482,52.000004053115845
EuroSAT,ProtoNet,fixed,123,183,483,54.666668176651
EuroSAT,WIPT,0.0,123,183,483,45.33333480358124
EuroSAT,Support-only Transformer,0.0,123,183,483,43.99999976158142
EuroSAT,ProtoNet,fixed,123,184,484,56.00000023841858
EuroSAT,WIPT,0.0,123,184,484,49.33333396911621
EuroSAT,Support-only Transformer,0.0,123,184,484,41.333335638046265
EuroSAT,ProtoNet,fixed,123,185,485,60.00000238418579
EuroSAT,WIPT,0.0,123,185,485,61.33333444595337
EuroSAT,Support-only Transformer,0.0,123,185,485,63.999998569488525
EuroSAT,ProtoNet,fixed,123,186,486,70.66667079925537
EuroSAT,WIPT,0.0,123,186,486,82.66667127609253
EuroSAT,Support-only Transformer,0.0,123,186,486,74.6666669845581
EuroSAT,ProtoNet,fixed,123,187,487,46.666666865348816
EuroSAT,WIPT,0.0,123,187,487,53.33333611488342
EuroSAT,Support-only Transformer,0.0,123,187,487,54.666668176651
EuroSAT,ProtoNet,fixed,123,188,488,75.99999904632568
EuroSAT,WIPT,0.0,123,188,488,78.66666913032532
EuroSAT,Support-only Transformer,0.0,123,188,488,74.6666669845581
EuroSAT,ProtoNet,fixed,123,189,489,37.33333349227905
EuroSAT,WIPT,0.0,123,189,489,37.33333349227905
EuroSAT,Support-only Transformer,0.0,123,189,489,36.000001430511475
EuroSAT,ProtoNet,fixed,123,190,490,72.00000286102295
EuroSAT,WIPT,0.0,123,190,490,73.33333492279053
EuroSAT,Support-only Transformer,0.0,123,190,490,69.33333277702332
EuroSAT,ProtoNet,fixed,123,191,491,68.00000071525574
EuroSAT,WIPT,0.0,123,191,491,65.33333659172058
EuroSAT,Support-only Transformer,0.0,123,191,491,63.999998569488525
EuroSAT,ProtoNet,fixed,123,192,492,46.666666865348816
EuroSAT,WIPT,0.0,123,192,492,49.33333396911621
EuroSAT,Support-only Transformer,0.0,123,192,492,43.99999976158142
EuroSAT,ProtoNet,fixed,123,193,493,61.33333444595337
EuroSAT,WIPT,0.0,123,193,493,60.00000238418579
EuroSAT,Support-only Transformer,0.0,123,193,493,49.33333396911621
EuroSAT,ProtoNet,fixed,123,194,494,58.66667032241821
EuroSAT,WIPT,0.0,123,194,494,61.33333444595337
EuroSAT,Support-only Transformer,0.0,123,194,494,53.33333611488342
EuroSAT,ProtoNet,fixed,123,195,495,72.00000286102295
EuroSAT,WIPT,0.0,123,195,495,73.33333492279053
EuroSAT,Support-only Transformer,0.0,123,195,495,62.66666650772095
EuroSAT,ProtoNet,fixed,123,196,496,49.33333396911621
EuroSAT,WIPT,0.0,123,196,496,48.00000190734863
EuroSAT,Support-only Transformer,0.0,123,196,496,49.33333396911621
EuroSAT,ProtoNet,fixed,123,197,497,66.66666865348816
EuroSAT,WIPT,0.0,123,197,497,69.33333277702332
EuroSAT,Support-only Transformer,0.0,123,197,497,66.66666865348816
EuroSAT,ProtoNet,fixed,123,198,498,52.000004053115845
EuroSAT,WIPT,0.0,123,198,498,46.666666865348816
EuroSAT,Support-only Transformer,0.0,123,198,498,42.66666769981384
EuroSAT,ProtoNet,fixed,123,199,499,62.66666650772095
EuroSAT,WIPT,0.0,123,199,499,68.00000071525574
EuroSAT,Support-only Transformer,0.0,123,199,499,63.999998569488525
EuroSAT,ProtoNet,fixed,123,200,500,53.33333611488342
EuroSAT,WIPT,0.0,123,200,500,58.66667032241821
EuroSAT,Support-only Transformer,0.0,123,200,500,63.999998569488525
EuroSAT,ProtoNet,fixed,123,201,501,58.66667032241821
EuroSAT,WIPT,0.0,123,201,501,65.33333659172058
EuroSAT,Support-only Transformer,0.0,123,201,501,62.66666650772095
EuroSAT,ProtoNet,fixed,123,202,502,78.66666913032532
EuroSAT,WIPT,0.0,123,202,502,72.00000286102295
EuroSAT,Support-only Transformer,0.0,123,202,502,65.33333659172058
EuroSAT,ProtoNet,fixed,123,203,503,72.00000286102295
EuroSAT,WIPT,0.0,123,203,503,69.33333277702332
EuroSAT,Support-only Transformer,0.0,123,203,503,70.66667079925537
EuroSAT,ProtoNet,fixed,123,204,504,78.66666913032532
EuroSAT,WIPT,0.0,123,204,504,72.00000286102295
EuroSAT,Support-only Transformer,0.0,123,204,504,62.66666650772095
EuroSAT,ProtoNet,fixed,123,205,505,62.66666650772095
EuroSAT,WIPT,0.0,123,205,505,58.66667032241821
EuroSAT,Support-only Transformer,0.0,123,205,505,61.33333444595337
EuroSAT,ProtoNet,fixed,123,206,506,63.999998569488525
EuroSAT,WIPT,0.0,123,206,506,77.33333706855774
EuroSAT,Support-only Transformer,0.0,123,206,506,77.33333706855774
EuroSAT,ProtoNet,fixed,123,207,507,66.66666865348816
EuroSAT,WIPT,0.0,123,207,507,69.33333277702332
EuroSAT,Support-only Transformer,0.0,123,207,507,69.33333277702332
EuroSAT,ProtoNet,fixed,123,208,508,73.33333492279053
EuroSAT,WIPT,0.0,123,208,508,70.66667079925537
EuroSAT,Support-only Transformer,0.0,123,208,508,65.33333659172058
EuroSAT,ProtoNet,fixed,123,209,509,60.00000238418579
EuroSAT,WIPT,0.0,123,209,509,65.33333659172058
EuroSAT,Support-only Transformer,0.0,123,209,509,58.66667032241821
EuroSAT,ProtoNet,fixed,123,210,510,63.999998569488525
EuroSAT,WIPT,0.0,123,210,510,65.33333659172058
EuroSAT,Support-only Transformer,0.0,123,210,510,46.666666865348816
EuroSAT,ProtoNet,fixed,123,211,511,65.33333659172058
EuroSAT,WIPT,0.0,123,211,511,60.00000238418579
EuroSAT,Support-only Transformer,0.0,123,211,511,62.66666650772095
EuroSAT,ProtoNet,fixed,123,212,512,69.33333277702332
EuroSAT,WIPT,0.0,123,212,512,63.999998569488525
EuroSAT,Support-only Transformer,0.0,123,212,512,58.66667032241821
EuroSAT,ProtoNet,fixed,123,213,513,66.66666865348816
EuroSAT,WIPT,0.0,123,213,513,69.33333277702332
EuroSAT,Support-only Transformer,0.0,123,213,513,68.00000071525574
EuroSAT,ProtoNet,fixed,123,214,514,66.66666865348816
EuroSAT,WIPT,0.0,123,214,514,70.66667079925537
EuroSAT,Support-only Transformer,0.0,123,214,514,65.33333659172058
EuroSAT,ProtoNet,fixed,123,215,515,73.33333492279053
EuroSAT,WIPT,0.0,123,215,515,72.00000286102295
EuroSAT,Support-only Transformer,0.0,123,215,515,72.00000286102295
EuroSAT,ProtoNet,fixed,123,216,516,61.33333444595337
EuroSAT,WIPT,0.0,123,216,516,70.66667079925537
EuroSAT,Support-only Transformer,0.0,123,216,516,62.66666650772095
EuroSAT,ProtoNet,fixed,123,217,517,81.33333325386047
EuroSAT,WIPT,0.0,123,217,517,82.66667127609253
EuroSAT,Support-only Transformer,0.0,123,217,517,77.33333706855774
EuroSAT,ProtoNet,fixed,123,218,518,57.33333230018616
EuroSAT,WIPT,0.0,123,218,518,52.000004053115845
EuroSAT,Support-only Transformer,0.0,123,218,518,53.33333611488342
EuroSAT,ProtoNet,fixed,123,219,519,70.66667079925537
EuroSAT,WIPT,0.0,123,219,519,63.999998569488525
EuroSAT,Support-only Transformer,0.0,123,219,519,69.33333277702332
EuroSAT,ProtoNet,fixed,123,220,520,52.000004053115845
EuroSAT,WIPT,0.0,123,220,520,61.33333444595337
EuroSAT,Support-only Transformer,0.0,123,220,520,66.66666865348816
EuroSAT,ProtoNet,fixed,123,221,521,70.66667079925537
EuroSAT,WIPT,0.0,123,221,521,70.66667079925537
EuroSAT,Support-only Transformer,0.0,123,221,521,57.33333230018616
EuroSAT,ProtoNet,fixed,123,222,522,63.999998569488525
EuroSAT,WIPT,0.0,123,222,522,53.33333611488342
EuroSAT,Support-only Transformer,0.0,123,222,522,53.33333611488342
EuroSAT,ProtoNet,fixed,123,223,523,69.33333277702332
EuroSAT,WIPT,0.0,123,223,523,65.33333659172058
EuroSAT,Support-only Transformer,0.0,123,223,523,66.66666865348816
EuroSAT,ProtoNet,fixed,123,224,524,63.999998569488525
EuroSAT,WIPT,0.0,123,224,524,62.66666650772095
EuroSAT,Support-only Transformer,0.0,123,224,524,52.000004053115845
EuroSAT,ProtoNet,fixed,123,225,525,69.33333277702332
EuroSAT,WIPT,0.0,123,225,525,66.66666865348816
EuroSAT,Support-only Transformer,0.0,123,225,525,63.999998569488525
EuroSAT,ProtoNet,fixed,123,226,526,54.666668176651
EuroSAT,WIPT,0.0,123,226,526,57.33333230018616
EuroSAT,Support-only Transformer,0.0,123,226,526,56.00000023841858
EuroSAT,ProtoNet,fixed,123,227,527,58.66667032241821
EuroSAT,WIPT,0.0,123,227,527,56.00000023841858
EuroSAT,Support-only Transformer,0.0,123,227,527,46.666666865348816
EuroSAT,ProtoNet,fixed,123,228,528,62.66666650772095
EuroSAT,WIPT,0.0,123,228,528,61.33333444595337
EuroSAT,Support-only Transformer,0.0,123,228,528,54.666668176651
EuroSAT,ProtoNet,fixed,123,229,529,60.00000238418579
EuroSAT,WIPT,0.0,123,229,529,62.66666650772095
EuroSAT,Support-only Transformer,0.0,123,229,529,66.66666865348816
EuroSAT,ProtoNet,fixed,123,230,530,72.00000286102295
EuroSAT,WIPT,0.0,123,230,530,80.0000011920929
EuroSAT,Support-only Transformer,0.0,123,230,530,77.33333706855774
EuroSAT,ProtoNet,fixed,123,231,531,54.666668176651
EuroSAT,WIPT,0.0,123,231,531,61.33333444595337
EuroSAT,Support-only Transformer,0.0,123,231,531,61.33333444595337
EuroSAT,ProtoNet,fixed,123,232,532,61.33333444595337
EuroSAT,WIPT,0.0,123,232,532,48.00000190734863
EuroSAT,Support-only Transformer,0.0,123,232,532,45.33333480358124
EuroSAT,ProtoNet,fixed,123,233,533,66.66666865348816
EuroSAT,WIPT,0.0,123,233,533,68.00000071525574
EuroSAT,Support-only Transformer,0.0,123,233,533,65.33333659172058
EuroSAT,ProtoNet,fixed,123,234,534,52.000004053115845
EuroSAT,WIPT,0.0,123,234,534,63.999998569488525
EuroSAT,Support-only Transformer,0.0,123,234,534,66.66666865348816
EuroSAT,ProtoNet,fixed,123,235,535,61.33333444595337
EuroSAT,WIPT,0.0,123,235,535,63.999998569488525
EuroSAT,Support-only Transformer,0.0,123,235,535,66.66666865348816
EuroSAT,ProtoNet,fixed,123,236,536,46.666666865348816
EuroSAT,WIPT,0.0,123,236,536,56.00000023841858
EuroSAT,Support-only Transformer,0.0,123,236,536,58.66667032241821
EuroSAT,ProtoNet,fixed,123,237,537,80.0000011920929
EuroSAT,WIPT,0.0,123,237,537,80.0000011920929
EuroSAT,Support-only Transformer,0.0,123,237,537,69.33333277702332
EuroSAT,ProtoNet,fixed,123,238,538,68.00000071525574
EuroSAT,WIPT,0.0,123,238,538,57.33333230018616
EuroSAT,Support-only Transformer,0.0,123,238,538,58.66667032241821
EuroSAT,ProtoNet,fixed,123,239,539,48.00000190734863
EuroSAT,WIPT,0.0,123,239,539,54.666668176651
EuroSAT,Support-only Transformer,0.0,123,239,539,54.666668176651
EuroSAT,ProtoNet,fixed,123,240,540,54.666668176651
EuroSAT,WIPT,0.0,123,240,540,57.33333230018616
EuroSAT,Support-only Transformer,0.0,123,240,540,56.00000023841858
EuroSAT,ProtoNet,fixed,123,241,541,61.33333444595337
EuroSAT,WIPT,0.0,123,241,541,61.33333444595337
EuroSAT,Support-only Transformer,0.0,123,241,541,56.00000023841858
EuroSAT,ProtoNet,fixed,123,242,542,31.999999284744263
EuroSAT,WIPT,0.0,123,242,542,41.333335638046265
EuroSAT,Support-only Transformer,0.0,123,242,542,46.666666865348816
EuroSAT,ProtoNet,fixed,123,243,543,69.33333277702332
EuroSAT,WIPT,0.0,123,243,543,70.66667079925537
EuroSAT,Support-only Transformer,0.0,123,243,543,77.33333706855774
EuroSAT,ProtoNet,fixed,123,244,544,81.33333325386047
EuroSAT,WIPT,0.0,123,244,544,89.3333375453949
EuroSAT,Support-only Transformer,0.0,123,244,544,84.00000333786011
EuroSAT,ProtoNet,fixed,123,245,545,72.00000286102295
EuroSAT,WIPT,0.0,123,245,545,68.00000071525574
EuroSAT,Support-only Transformer,0.0,123,245,545,65.33333659172058
EuroSAT,ProtoNet,fixed,123,246,546,80.0000011920929
EuroSAT,WIPT,0.0,123,246,546,74.6666669845581
EuroSAT,Support-only Transformer,0.0,123,246,546,73.33333492279053
EuroSAT,ProtoNet,fixed,123,247,547,60.00000238418579
EuroSAT,WIPT,0.0,123,247,547,50.66666603088379
EuroSAT,Support-only Transformer,0.0,123,247,547,49.33333396911621
EuroSAT,ProtoNet,fixed,123,248,548,74.6666669845581
EuroSAT,WIPT,0.0,123,248,548,77.33333706855774
EuroSAT,Support-only Transformer,0.0,123,248,548,74.6666669845581
EuroSAT,ProtoNet,fixed,123,249,549,69.33333277702332
EuroSAT,WIPT,0.0,123,249,549,65.33333659172058
EuroSAT,Support-only Transformer,0.0,123,249,549,66.66666865348816
EuroSAT,ProtoNet,fixed,123,250,550,58.66667032241821
EuroSAT,WIPT,0.0,123,250,550,62.66666650772095
EuroSAT,Support-only Transformer,0.0,123,250,550,66.66666865348816
EuroSAT,ProtoNet,fixed,123,251,551,54.666668176651
EuroSAT,WIPT,0.0,123,251,551,62.66666650772095
EuroSAT,Support-only Transformer,0.0,123,251,551,62.66666650772095
EuroSAT,ProtoNet,fixed,123,252,552,60.00000238418579
EuroSAT,WIPT,0.0,123,252,552,68.00000071525574
EuroSAT,Support-only Transformer,0.0,123,252,552,61.33333444595337
EuroSAT,ProtoNet,fixed,123,253,553,66.66666865348816
EuroSAT,WIPT,0.0,123,253,553,69.33333277702332
EuroSAT,Support-only Transformer,0.0,123,253,553,72.00000286102295
EuroSAT,ProtoNet,fixed,123,254,554,54.666668176651
EuroSAT,WIPT,0.0,123,254,554,48.00000190734863
EuroSAT,Support-only Transformer,0.0,123,254,554,50.66666603088379
EuroSAT,ProtoNet,fixed,123,255,555,57.33333230018616
EuroSAT,WIPT,0.0,123,255,555,52.000004053115845
EuroSAT,Support-only Transformer,0.0,123,255,555,52.000004053115845
EuroSAT,ProtoNet,fixed,123,256,556,61.33333444595337
EuroSAT,WIPT,0.0,123,256,556,62.66666650772095
EuroSAT,Support-only Transformer,0.0,123,256,556,52.000004053115845
EuroSAT,ProtoNet,fixed,123,257,557,73.33333492279053
EuroSAT,WIPT,0.0,123,257,557,73.33333492279053
EuroSAT,Support-only Transformer,0.0,123,257,557,66.66666865348816
EuroSAT,ProtoNet,fixed,123,258,558,69.33333277702332
EuroSAT,WIPT,0.0,123,258,558,70.66667079925537
EuroSAT,Support-only Transformer,0.0,123,258,558,62.66666650772095
EuroSAT,ProtoNet,fixed,123,259,559,68.00000071525574
EuroSAT,WIPT,0.0,123,259,559,68.00000071525574
EuroSAT,Support-only Transformer,0.0,123,259,559,66.66666865348816
EuroSAT,ProtoNet,fixed,123,260,560,62.66666650772095
EuroSAT,WIPT,0.0,123,260,560,69.33333277702332
EuroSAT,Support-only Transformer,0.0,123,260,560,70.66667079925537
EuroSAT,ProtoNet,fixed,123,261,561,50.66666603088379
EuroSAT,WIPT,0.0,123,261,561,50.66666603088379
EuroSAT,Support-only Transformer,0.0,123,261,561,41.333335638046265
EuroSAT,ProtoNet,fixed,123,262,562,62.66666650772095
EuroSAT,WIPT,0.0,123,262,562,62.66666650772095
EuroSAT,Support-only Transformer,0.0,123,262,562,68.00000071525574
EuroSAT,ProtoNet,fixed,123,263,563,75.99999904632568
EuroSAT,WIPT,0.0,123,263,563,78.66666913032532
EuroSAT,Support-only Transformer,0.0,123,263,563,78.66666913032532
EuroSAT,ProtoNet,fixed,123,264,564,52.000004053115845
EuroSAT,WIPT,0.0,123,264,564,54.666668176651
EuroSAT,Support-only Transformer,0.0,123,264,564,41.333335638046265
EuroSAT,ProtoNet,fixed,123,265,565,54.666668176651
EuroSAT,WIPT,0.0,123,265,565,56.00000023841858
EuroSAT,Support-only Transformer,0.0,123,265,565,52.000004053115845
EuroSAT,ProtoNet,fixed,123,266,566,63.999998569488525
EuroSAT,WIPT,0.0,123,266,566,63.999998569488525
EuroSAT,Support-only Transformer,0.0,123,266,566,57.33333230018616
EuroSAT,ProtoNet,fixed,123,267,567,58.66667032241821
EuroSAT,WIPT,0.0,123,267,567,60.00000238418579
EuroSAT,Support-only Transformer,0.0,123,267,567,61.33333444595337
EuroSAT,ProtoNet,fixed,123,268,568,65.33333659172058
EuroSAT,WIPT,0.0,123,268,568,72.00000286102295
EuroSAT,Support-only Transformer,0.0,123,268,568,62.66666650772095
EuroSAT,ProtoNet,fixed,123,269,569,72.00000286102295
EuroSAT,WIPT,0.0,123,269,569,74.6666669845581
EuroSAT,Support-only Transformer,0.0,123,269,569,70.66667079925537
EuroSAT,ProtoNet,fixed,123,270,570,70.66667079925537
EuroSAT,WIPT,0.0,123,270,570,78.66666913032532
EuroSAT,Support-only Transformer,0.0,123,270,570,86.66666746139526
EuroSAT,ProtoNet,fixed,123,271,571,58.66667032241821
EuroSAT,WIPT,0.0,123,271,571,62.66666650772095
EuroSAT,Support-only Transformer,0.0,123,271,571,61.33333444595337
EuroSAT,ProtoNet,fixed,123,272,572,62.66666650772095
EuroSAT,WIPT,0.0,123,272,572,52.000004053115845
EuroSAT,Support-only Transformer,0.0,123,272,572,49.33333396911621
EuroSAT,ProtoNet,fixed,123,273,573,50.66666603088379
EuroSAT,WIPT,0.0,123,273,573,56.00000023841858
EuroSAT,Support-only Transformer,0.0,123,273,573,54.666668176651
EuroSAT,ProtoNet,fixed,123,274,574,66.66666865348816
EuroSAT,WIPT,0.0,123,274,574,62.66666650772095
EuroSAT,Support-only Transformer,0.0,123,274,574,62.66666650772095
EuroSAT,ProtoNet,fixed,123,275,575,57.33333230018616
EuroSAT,WIPT,0.0,123,275,575,57.33333230018616
EuroSAT,Support-only Transformer,0.0,123,275,575,63.999998569488525
EuroSAT,ProtoNet,fixed,123,276,576,66.66666865348816
EuroSAT,WIPT,0.0,123,276,576,65.33333659172058
EuroSAT,Support-only Transformer,0.0,123,276,576,68.00000071525574
EuroSAT,ProtoNet,fixed,123,277,577,60.00000238418579
EuroSAT,WIPT,0.0,123,277,577,57.33333230018616
EuroSAT,Support-only Transformer,0.0,123,277,577,60.00000238418579
EuroSAT,ProtoNet,fixed,123,278,578,62.66666650772095
EuroSAT,WIPT,0.0,123,278,578,66.66666865348816
EuroSAT,Support-only Transformer,0.0,123,278,578,70.66667079925537
EuroSAT,ProtoNet,fixed,123,279,579,69.33333277702332
EuroSAT,WIPT,0.0,123,279,579,73.33333492279053
EuroSAT,Support-only Transformer,0.0,123,279,579,74.6666669845581
EuroSAT,ProtoNet,fixed,123,280,580,70.66667079925537
EuroSAT,WIPT,0.0,123,280,580,72.00000286102295
EuroSAT,Support-only Transformer,0.0,123,280,580,73.33333492279053
EuroSAT,ProtoNet,fixed,123,281,581,70.66667079925537
EuroSAT,WIPT,0.0,123,281,581,69.33333277702332
EuroSAT,Support-only Transformer,0.0,123,281,581,60.00000238418579
EuroSAT,ProtoNet,fixed,123,282,582,53.33333611488342
EuroSAT,WIPT,0.0,123,282,582,52.000004053115845
EuroSAT,Support-only Transformer,0.0,123,282,582,53.33333611488342
EuroSAT,ProtoNet,fixed,123,283,583,69.33333277702332
EuroSAT,WIPT,0.0,123,283,583,68.00000071525574
EuroSAT,Support-only Transformer,0.0,123,283,583,66.66666865348816
EuroSAT,ProtoNet,fixed,123,284,584,48.00000190734863
EuroSAT,WIPT,0.0,123,284,584,60.00000238418579
EuroSAT,Support-only Transformer,0.0,123,284,584,54.666668176651
EuroSAT,ProtoNet,fixed,123,285,585,75.99999904632568
EuroSAT,WIPT,0.0,123,285,585,74.6666669845581
EuroSAT,Support-only Transformer,0.0,123,285,585,74.6666669845581
EuroSAT,ProtoNet,fixed,123,286,586,58.66667032241821
EuroSAT,WIPT,0.0,123,286,586,54.666668176651
EuroSAT,Support-only Transformer,0.0,123,286,586,48.00000190734863
EuroSAT,ProtoNet,fixed,123,287,587,61.33333444595337
EuroSAT,WIPT,0.0,123,287,587,66.66666865348816
EuroSAT,Support-only Transformer,0.0,123,287,587,70.66667079925537
EuroSAT,ProtoNet,fixed,123,288,588,52.000004053115845
EuroSAT,WIPT,0.0,123,288,588,60.00000238418579
EuroSAT,Support-only Transformer,0.0,123,288,588,60.00000238418579
EuroSAT,ProtoNet,fixed,123,289,589,75.99999904632568
EuroSAT,WIPT,0.0,123,289,589,70.66667079925537
EuroSAT,Support-only Transformer,0.0,123,289,589,74.6666669845581
EuroSAT,ProtoNet,fixed,123,290,590,63.999998569488525
EuroSAT,WIPT,0.0,123,290,590,66.66666865348816
EuroSAT,Support-only Transformer,0.0,123,290,590,75.99999904632568
EuroSAT,ProtoNet,fixed,123,291,591,54.666668176651
EuroSAT,WIPT,0.0,123,291,591,53.33333611488342
EuroSAT,Support-only Transformer,0.0,123,291,591,50.66666603088379
EuroSAT,ProtoNet,fixed,123,292,592,62.66666650772095
EuroSAT,WIPT,0.0,123,292,592,56.00000023841858
EuroSAT,Support-only Transformer,0.0,123,292,592,48.00000190734863
EuroSAT,ProtoNet,fixed,123,293,593,61.33333444595337
EuroSAT,WIPT,0.0,123,293,593,65.33333659172058
EuroSAT,Support-only Transformer,0.0,123,293,593,65.33333659172058
EuroSAT,ProtoNet,fixed,123,294,594,31.999999284744263
EuroSAT,WIPT,0.0,123,294,594,34.66666638851166
EuroSAT,Support-only Transformer,0.0,123,294,594,30.666667222976685
EuroSAT,ProtoNet,fixed,123,295,595,50.66666603088379
EuroSAT,WIPT,0.0,123,295,595,49.33333396911621
EuroSAT,Support-only Transformer,0.0,123,295,595,54.666668176651
EuroSAT,ProtoNet,fixed,123,296,596,81.33333325386047
EuroSAT,WIPT,0.0,123,296,596,81.33333325386047
EuroSAT,Support-only Transformer,0.0,123,296,596,78.66666913032532
EuroSAT,ProtoNet,fixed,123,297,597,69.33333277702332
EuroSAT,WIPT,0.0,123,297,597,73.33333492279053
EuroSAT,Support-only Transformer,0.0,123,297,597,63.999998569488525
EuroSAT,ProtoNet,fixed,123,298,598,74.6666669845581
EuroSAT,WIPT,0.0,123,298,598,78.66666913032532
EuroSAT,Support-only Transformer,0.0,123,298,598,84.00000333786011
EuroSAT,ProtoNet,fixed,123,299,599,68.00000071525574
EuroSAT,WIPT,0.0,123,299,599,78.66666913032532
EuroSAT,Support-only Transformer,0.0,123,299,599,77.33333706855774
EuroSAT,ProtoNet,fixed,2024,0,600,52.000004053115845
EuroSAT,WIPT,0.0,2024,0,600,49.33333396911621
EuroSAT,Support-only Transformer,0.0,2024,0,600,49.33333396911621
EuroSAT,ProtoNet,fixed,2024,1,601,61.33333444595337
EuroSAT,WIPT,0.0,2024,1,601,65.33333659172058
EuroSAT,Support-only Transformer,0.0,2024,1,601,58.66667032241821
EuroSAT,ProtoNet,fixed,2024,2,602,60.00000238418579
EuroSAT,WIPT,0.0,2024,2,602,60.00000238418579
EuroSAT,Support-only Transformer,0.0,2024,2,602,61.33333444595337
EuroSAT,ProtoNet,fixed,2024,3,603,52.000004053115845
EuroSAT,WIPT,0.0,2024,3,603,46.666666865348816
EuroSAT,Support-only Transformer,0.0,2024,3,603,43.99999976158142
EuroSAT,ProtoNet,fixed,2024,4,604,63.999998569488525
EuroSAT,WIPT,0.0,2024,4,604,61.33333444595337
EuroSAT,Support-only Transformer,0.0,2024,4,604,58.66667032241821
EuroSAT,ProtoNet,fixed,2024,5,605,82.66667127609253
EuroSAT,WIPT,0.0,2024,5,605,84.00000333786011
EuroSAT,Support-only Transformer,0.0,2024,5,605,78.66666913032532
EuroSAT,ProtoNet,fixed,2024,6,606,77.33333706855774
EuroSAT,WIPT,0.0,2024,6,606,70.66667079925537
EuroSAT,Support-only Transformer,0.0,2024,6,606,74.6666669845581
EuroSAT,ProtoNet,fixed,2024,7,607,50.66666603088379
EuroSAT,WIPT,0.0,2024,7,607,49.33333396911621
EuroSAT,Support-only Transformer,0.0,2024,7,607,50.66666603088379
EuroSAT,ProtoNet,fixed,2024,8,608,60.00000238418579
EuroSAT,WIPT,0.0,2024,8,608,65.33333659172058
EuroSAT,Support-only Transformer,0.0,2024,8,608,58.66667032241821
EuroSAT,ProtoNet,fixed,2024,9,609,62.66666650772095
EuroSAT,WIPT,0.0,2024,9,609,68.00000071525574
EuroSAT,Support-only Transformer,0.0,2024,9,609,58.66667032241821
EuroSAT,ProtoNet,fixed,2024,10,610,65.33333659172058
EuroSAT,WIPT,0.0,2024,10,610,63.999998569488525
EuroSAT,Support-only Transformer,0.0,2024,10,610,56.00000023841858
EuroSAT,ProtoNet,fixed,2024,11,611,70.66667079925537
EuroSAT,WIPT,0.0,2024,11,611,74.6666669845581
EuroSAT,Support-only Transformer,0.0,2024,11,611,65.33333659172058
EuroSAT,ProtoNet,fixed,2024,12,612,53.33333611488342
EuroSAT,WIPT,0.0,2024,12,612,54.666668176651
EuroSAT,Support-only Transformer,0.0,2024,12,612,49.33333396911621
EuroSAT,ProtoNet,fixed,2024,13,613,68.00000071525574
EuroSAT,WIPT,0.0,2024,13,613,73.33333492279053
EuroSAT,Support-only Transformer,0.0,2024,13,613,73.33333492279053
EuroSAT,ProtoNet,fixed,2024,14,614,65.33333659172058
EuroSAT,WIPT,0.0,2024,14,614,68.00000071525574
EuroSAT,Support-only Transformer,0.0,2024,14,614,60.00000238418579
EuroSAT,ProtoNet,fixed,2024,15,615,66.66666865348816
EuroSAT,WIPT,0.0,2024,15,615,70.66667079925537
EuroSAT,Support-only Transformer,0.0,2024,15,615,70.66667079925537
EuroSAT,ProtoNet,fixed,2024,16,616,62.66666650772095
EuroSAT,WIPT,0.0,2024,16,616,61.33333444595337
EuroSAT,Support-only Transformer,0.0,2024,16,616,58.66667032241821
EuroSAT,ProtoNet,fixed,2024,17,617,65.33333659172058
EuroSAT,WIPT,0.0,2024,17,617,69.33333277702332
EuroSAT,Support-only Transformer,0.0,2024,17,617,68.00000071525574
EuroSAT,ProtoNet,fixed,2024,18,618,60.00000238418579
EuroSAT,WIPT,0.0,2024,18,618,57.33333230018616
EuroSAT,Support-only Transformer,0.0,2024,18,618,52.000004053115845
EuroSAT,ProtoNet,fixed,2024,19,619,73.33333492279053
EuroSAT,WIPT,0.0,2024,19,619,74.6666669845581
EuroSAT,Support-only Transformer,0.0,2024,19,619,77.33333706855774
EuroSAT,ProtoNet,fixed,2024,20,620,65.33333659172058
EuroSAT,WIPT,0.0,2024,20,620,72.00000286102295
EuroSAT,Support-only Transformer,0.0,2024,20,620,73.33333492279053
EuroSAT,ProtoNet,fixed,2024,21,621,72.00000286102295
EuroSAT,WIPT,0.0,2024,21,621,68.00000071525574
EuroSAT,Support-only Transformer,0.0,2024,21,621,63.999998569488525
EuroSAT,ProtoNet,fixed,2024,22,622,74.6666669845581
EuroSAT,WIPT,0.0,2024,22,622,77.33333706855774
EuroSAT,Support-only Transformer,0.0,2024,22,622,73.33333492279053
EuroSAT,ProtoNet,fixed,2024,23,623,56.00000023841858
EuroSAT,WIPT,0.0,2024,23,623,56.00000023841858
EuroSAT,Support-only Transformer,0.0,2024,23,623,61.33333444595337
EuroSAT,ProtoNet,fixed,2024,24,624,52.000004053115845
EuroSAT,WIPT,0.0,2024,24,624,57.33333230018616
EuroSAT,Support-only Transformer,0.0,2024,24,624,57.33333230018616
EuroSAT,ProtoNet,fixed,2024,25,625,57.33333230018616
EuroSAT,WIPT,0.0,2024,25,625,57.33333230018616
EuroSAT,Support-only Transformer,0.0,2024,25,625,58.66667032241821
EuroSAT,ProtoNet,fixed,2024,26,626,63.999998569488525
EuroSAT,WIPT,0.0,2024,26,626,65.33333659172058
EuroSAT,Support-only Transformer,0.0,2024,26,626,65.33333659172058
EuroSAT,ProtoNet,fixed,2024,27,627,63.999998569488525
EuroSAT,WIPT,0.0,2024,27,627,66.66666865348816
EuroSAT,Support-only Transformer,0.0,2024,27,627,70.66667079925537
EuroSAT,ProtoNet,fixed,2024,28,628,73.33333492279053
EuroSAT,WIPT,0.0,2024,28,628,65.33333659172058
EuroSAT,Support-only Transformer,0.0,2024,28,628,57.33333230018616
EuroSAT,ProtoNet,fixed,2024,29,629,68.00000071525574
EuroSAT,WIPT,0.0,2024,29,629,75.99999904632568
EuroSAT,Support-only Transformer,0.0,2024,29,629,78.66666913032532
EuroSAT,ProtoNet,fixed,2024,30,630,52.000004053115845
EuroSAT,WIPT,0.0,2024,30,630,56.00000023841858
EuroSAT,Support-only Transformer,0.0,2024,30,630,57.33333230018616
EuroSAT,ProtoNet,fixed,2024,31,631,63.999998569488525
EuroSAT,WIPT,0.0,2024,31,631,68.00000071525574
EuroSAT,Support-only Transformer,0.0,2024,31,631,65.33333659172058
EuroSAT,ProtoNet,fixed,2024,32,632,60.00000238418579
EuroSAT,WIPT,0.0,2024,32,632,62.66666650772095
EuroSAT,Support-only Transformer,0.0,2024,32,632,58.66667032241821
EuroSAT,ProtoNet,fixed,2024,33,633,52.000004053115845
EuroSAT,WIPT,0.0,2024,33,633,52.000004053115845
EuroSAT,Support-only Transformer,0.0,2024,33,633,52.000004053115845
EuroSAT,ProtoNet,fixed,2024,34,634,53.33333611488342
EuroSAT,WIPT,0.0,2024,34,634,60.00000238418579
EuroSAT,Support-only Transformer,0.0,2024,34,634,66.66666865348816
EuroSAT,ProtoNet,fixed,2024,35,635,72.00000286102295
EuroSAT,WIPT,0.0,2024,35,635,77.33333706855774
EuroSAT,Support-only Transformer,0.0,2024,35,635,78.66666913032532
EuroSAT,ProtoNet,fixed,2024,36,636,60.00000238418579
EuroSAT,WIPT,0.0,2024,36,636,62.66666650772095
EuroSAT,Support-only Transformer,0.0,2024,36,636,63.999998569488525
EuroSAT,ProtoNet,fixed,2024,37,637,48.00000190734863
EuroSAT,WIPT,0.0,2024,37,637,45.33333480358124
EuroSAT,Support-only Transformer,0.0,2024,37,637,46.666666865348816
EuroSAT,ProtoNet,fixed,2024,38,638,66.66666865348816
EuroSAT,WIPT,0.0,2024,38,638,69.33333277702332
EuroSAT,Support-only Transformer,0.0,2024,38,638,68.00000071525574
EuroSAT,ProtoNet,fixed,2024,39,639,68.00000071525574
EuroSAT,WIPT,0.0,2024,39,639,68.00000071525574
EuroSAT,Support-only Transformer,0.0,2024,39,639,61.33333444595337
EuroSAT,ProtoNet,fixed,2024,40,640,66.66666865348816
EuroSAT,WIPT,0.0,2024,40,640,60.00000238418579
EuroSAT,Support-only Transformer,0.0,2024,40,640,62.66666650772095
EuroSAT,ProtoNet,fixed,2024,41,641,61.33333444595337
EuroSAT,WIPT,0.0,2024,41,641,72.00000286102295
EuroSAT,Support-only Transformer,0.0,2024,41,641,75.99999904632568
EuroSAT,ProtoNet,fixed,2024,42,642,56.00000023841858
EuroSAT,WIPT,0.0,2024,42,642,57.33333230018616
EuroSAT,Support-only Transformer,0.0,2024,42,642,54.666668176651
EuroSAT,ProtoNet,fixed,2024,43,643,45.33333480358124
EuroSAT,WIPT,0.0,2024,43,643,46.666666865348816
EuroSAT,Support-only Transformer,0.0,2024,43,643,41.333335638046265
EuroSAT,ProtoNet,fixed,2024,44,644,62.66666650772095
EuroSAT,WIPT,0.0,2024,44,644,65.33333659172058
EuroSAT,Support-only Transformer,0.0,2024,44,644,63.999998569488525
EuroSAT,ProtoNet,fixed,2024,45,645,68.00000071525574
EuroSAT,WIPT,0.0,2024,45,645,78.66666913032532
EuroSAT,Support-only Transformer,0.0,2024,45,645,80.0000011920929
EuroSAT,ProtoNet,fixed,2024,46,646,53.33333611488342
EuroSAT,WIPT,0.0,2024,46,646,61.33333444595337
EuroSAT,Support-only Transformer,0.0,2024,46,646,66.66666865348816
EuroSAT,ProtoNet,fixed,2024,47,647,65.33333659172058
EuroSAT,WIPT,0.0,2024,47,647,66.66666865348816
EuroSAT,Support-only Transformer,0.0,2024,47,647,58.66667032241821
EuroSAT,ProtoNet,fixed,2024,48,648,60.00000238418579
EuroSAT,WIPT,0.0,2024,48,648,62.66666650772095
EuroSAT,Support-only Transformer,0.0,2024,48,648,60.00000238418579
EuroSAT,ProtoNet,fixed,2024,49,649,52.000004053115845
EuroSAT,WIPT,0.0,2024,49,649,61.33333444595337
EuroSAT,Support-only Transformer,0.0,2024,49,649,54.666668176651
EuroSAT,ProtoNet,fixed,2024,50,650,62.66666650772095
EuroSAT,WIPT,0.0,2024,50,650,66.66666865348816
EuroSAT,Support-only Transformer,0.0,2024,50,650,72.00000286102295
EuroSAT,ProtoNet,fixed,2024,51,651,72.00000286102295
EuroSAT,WIPT,0.0,2024,51,651,74.6666669845581
EuroSAT,Support-only Transformer,0.0,2024,51,651,73.33333492279053
EuroSAT,ProtoNet,fixed,2024,52,652,49.33333396911621
EuroSAT,WIPT,0.0,2024,52,652,60.00000238418579
EuroSAT,Support-only Transformer,0.0,2024,52,652,66.66666865348816
EuroSAT,ProtoNet,fixed,2024,53,653,68.00000071525574
EuroSAT,WIPT,0.0,2024,53,653,75.99999904632568
EuroSAT,Support-only Transformer,0.0,2024,53,653,65.33333659172058
EuroSAT,ProtoNet,fixed,2024,54,654,53.33333611488342
EuroSAT,WIPT,0.0,2024,54,654,61.33333444595337
EuroSAT,Support-only Transformer,0.0,2024,54,654,65.33333659172058
EuroSAT,ProtoNet,fixed,2024,55,655,65.33333659172058
EuroSAT,WIPT,0.0,2024,55,655,75.99999904632568
EuroSAT,Support-only Transformer,0.0,2024,55,655,68.00000071525574
EuroSAT,ProtoNet,fixed,2024,56,656,68.00000071525574
EuroSAT,WIPT,0.0,2024,56,656,68.00000071525574
EuroSAT,Support-only Transformer,0.0,2024,56,656,66.66666865348816
EuroSAT,ProtoNet,fixed,2024,57,657,63.999998569488525
EuroSAT,WIPT,0.0,2024,57,657,61.33333444595337
EuroSAT,Support-only Transformer,0.0,2024,57,657,54.666668176651
EuroSAT,ProtoNet,fixed,2024,58,658,75.99999904632568
EuroSAT,WIPT,0.0,2024,58,658,74.6666669845581
EuroSAT,Support-only Transformer,0.0,2024,58,658,66.66666865348816
EuroSAT,ProtoNet,fixed,2024,59,659,58.66667032241821
EuroSAT,WIPT,0.0,2024,59,659,58.66667032241821
EuroSAT,Support-only Transformer,0.0,2024,59,659,57.33333230018616
EuroSAT,ProtoNet,fixed,2024,60,660,50.66666603088379
EuroSAT,WIPT,0.0,2024,60,660,52.000004053115845
EuroSAT,Support-only Transformer,0.0,2024,60,660,54.666668176651
EuroSAT,ProtoNet,fixed,2024,61,661,84.00000333786011
EuroSAT,WIPT,0.0,2024,61,661,82.66667127609253
EuroSAT,Support-only Transformer,0.0,2024,61,661,85.33333539962769
EuroSAT,ProtoNet,fixed,2024,62,662,52.000004053115845
EuroSAT,WIPT,0.0,2024,62,662,48.00000190734863
EuroSAT,Support-only Transformer,0.0,2024,62,662,45.33333480358124
EuroSAT,ProtoNet,fixed,2024,63,663,63.999998569488525
EuroSAT,WIPT,0.0,2024,63,663,65.33333659172058
EuroSAT,Support-only Transformer,0.0,2024,63,663,68.00000071525574
EuroSAT,ProtoNet,fixed,2024,64,664,70.66667079925537
EuroSAT,WIPT,0.0,2024,64,664,73.33333492279053
EuroSAT,Support-only Transformer,0.0,2024,64,664,73.33333492279053
EuroSAT,ProtoNet,fixed,2024,65,665,56.00000023841858
EuroSAT,WIPT,0.0,2024,65,665,60.00000238418579
EuroSAT,Support-only Transformer,0.0,2024,65,665,65.33333659172058
EuroSAT,ProtoNet,fixed,2024,66,666,70.66667079925537
EuroSAT,WIPT,0.0,2024,66,666,73.33333492279053
EuroSAT,Support-only Transformer,0.0,2024,66,666,69.33333277702332
EuroSAT,ProtoNet,fixed,2024,67,667,66.66666865348816
EuroSAT,WIPT,0.0,2024,67,667,73.33333492279053
EuroSAT,Support-only Transformer,0.0,2024,67,667,75.99999904632568
EuroSAT,ProtoNet,fixed,2024,68,668,69.33333277702332
EuroSAT,WIPT,0.0,2024,68,668,74.6666669845581
EuroSAT,Support-only Transformer,0.0,2024,68,668,69.33333277702332
EuroSAT,ProtoNet,fixed,2024,69,669,63.999998569488525
EuroSAT,WIPT,0.0,2024,69,669,61.33333444595337
EuroSAT,Support-only Transformer,0.0,2024,69,669,56.00000023841858
EuroSAT,ProtoNet,fixed,2024,70,670,60.00000238418579
EuroSAT,WIPT,0.0,2024,70,670,66.66666865348816
EuroSAT,Support-only Transformer,0.0,2024,70,670,70.66667079925537
EuroSAT,ProtoNet,fixed,2024,71,671,43.99999976158142
EuroSAT,WIPT,0.0,2024,71,671,54.666668176651
EuroSAT,Support-only Transformer,0.0,2024,71,671,63.999998569488525
EuroSAT,ProtoNet,fixed,2024,72,672,63.999998569488525
EuroSAT,WIPT,0.0,2024,72,672,73.33333492279053
EuroSAT,Support-only Transformer,0.0,2024,72,672,72.00000286102295
EuroSAT,ProtoNet,fixed,2024,73,673,65.33333659172058
EuroSAT,WIPT,0.0,2024,73,673,69.33333277702332
EuroSAT,Support-only Transformer,0.0,2024,73,673,66.66666865348816
EuroSAT,ProtoNet,fixed,2024,74,674,54.666668176651
EuroSAT,WIPT,0.0,2024,74,674,56.00000023841858
EuroSAT,Support-only Transformer,0.0,2024,74,674,57.33333230018616
EuroSAT,ProtoNet,fixed,2024,75,675,73.33333492279053
EuroSAT,WIPT,0.0,2024,75,675,74.6666669845581
EuroSAT,Support-only Transformer,0.0,2024,75,675,74.6666669845581
EuroSAT,ProtoNet,fixed,2024,76,676,68.00000071525574
EuroSAT,WIPT,0.0,2024,76,676,82.66667127609253
EuroSAT,Support-only Transformer,0.0,2024,76,676,77.33333706855774
EuroSAT,ProtoNet,fixed,2024,77,677,49.33333396911621
EuroSAT,WIPT,0.0,2024,77,677,60.00000238418579
EuroSAT,Support-only Transformer,0.0,2024,77,677,58.66667032241821
EuroSAT,ProtoNet,fixed,2024,78,678,61.33333444595337
EuroSAT,WIPT,0.0,2024,78,678,68.00000071525574
EuroSAT,Support-only Transformer,0.0,2024,78,678,66.66666865348816
EuroSAT,ProtoNet,fixed,2024,79,679,53.33333611488342
EuroSAT,WIPT,0.0,2024,79,679,48.00000190734863
EuroSAT,Support-only Transformer,0.0,2024,79,679,46.666666865348816
EuroSAT,ProtoNet,fixed,2024,80,680,65.33333659172058
EuroSAT,WIPT,0.0,2024,80,680,63.999998569488525
EuroSAT,Support-only Transformer,0.0,2024,80,680,60.00000238418579
EuroSAT,ProtoNet,fixed,2024,81,681,53.33333611488342
EuroSAT,WIPT,0.0,2024,81,681,58.66667032241821
EuroSAT,Support-only Transformer,0.0,2024,81,681,56.00000023841858
EuroSAT,ProtoNet,fixed,2024,82,682,63.999998569488525
EuroSAT,WIPT,0.0,2024,82,682,80.0000011920929
EuroSAT,Support-only Transformer,0.0,2024,82,682,73.33333492279053
EuroSAT,ProtoNet,fixed,2024,83,683,72.00000286102295
EuroSAT,WIPT,0.0,2024,83,683,69.33333277702332
EuroSAT,Support-only Transformer,0.0,2024,83,683,69.33333277702332
EuroSAT,ProtoNet,fixed,2024,84,684,72.00000286102295
EuroSAT,WIPT,0.0,2024,84,684,80.0000011920929
EuroSAT,Support-only Transformer,0.0,2024,84,684,73.33333492279053
EuroSAT,ProtoNet,fixed,2024,85,685,53.33333611488342
EuroSAT,WIPT,0.0,2024,85,685,57.33333230018616
EuroSAT,Support-only Transformer,0.0,2024,85,685,50.66666603088379
EuroSAT,ProtoNet,fixed,2024,86,686,61.33333444595337
EuroSAT,WIPT,0.0,2024,86,686,61.33333444595337
EuroSAT,Support-only Transformer,0.0,2024,86,686,61.33333444595337
EuroSAT,ProtoNet,fixed,2024,87,687,62.66666650772095
EuroSAT,WIPT,0.0,2024,87,687,54.666668176651
EuroSAT,Support-only Transformer,0.0,2024,87,687,56.00000023841858
EuroSAT,ProtoNet,fixed,2024,88,688,57.33333230018616
EuroSAT,WIPT,0.0,2024,88,688,57.33333230018616
EuroSAT,Support-only Transformer,0.0,2024,88,688,60.00000238418579
EuroSAT,ProtoNet,fixed,2024,89,689,49.33333396911621
EuroSAT,WIPT,0.0,2024,89,689,52.000004053115845
EuroSAT,Support-only Transformer,0.0,2024,89,689,57.33333230018616
EuroSAT,ProtoNet,fixed,2024,90,690,40.00000059604645
EuroSAT,WIPT,0.0,2024,90,690,40.00000059604645
EuroSAT,Support-only Transformer,0.0,2024,90,690,31.999999284744263
EuroSAT,ProtoNet,fixed,2024,91,691,50.66666603088379
EuroSAT,WIPT,0.0,2024,91,691,49.33333396911621
EuroSAT,Support-only Transformer,0.0,2024,91,691,46.666666865348816
EuroSAT,ProtoNet,fixed,2024,92,692,56.00000023841858
EuroSAT,WIPT,0.0,2024,92,692,53.33333611488342
EuroSAT,Support-only Transformer,0.0,2024,92,692,60.00000238418579
EuroSAT,ProtoNet,fixed,2024,93,693,68.00000071525574
EuroSAT,WIPT,0.0,2024,93,693,66.66666865348816
EuroSAT,Support-only Transformer,0.0,2024,93,693,49.33333396911621
EuroSAT,ProtoNet,fixed,2024,94,694,49.33333396911621
EuroSAT,WIPT,0.0,2024,94,694,45.33333480358124
EuroSAT,Support-only Transformer,0.0,2024,94,694,48.00000190734863
EuroSAT,ProtoNet,fixed,2024,95,695,53.33333611488342
EuroSAT,WIPT,0.0,2024,95,695,50.66666603088379
EuroSAT,Support-only Transformer,0.0,2024,95,695,54.666668176651
EuroSAT,ProtoNet,fixed,2024,96,696,53.33333611488342
EuroSAT,WIPT,0.0,2024,96,696,58.66667032241821
EuroSAT,Support-only Transformer,0.0,2024,96,696,58.66667032241821
EuroSAT,ProtoNet,fixed,2024,97,697,77.33333706855774
EuroSAT,WIPT,0.0,2024,97,697,73.33333492279053
EuroSAT,Support-only Transformer,0.0,2024,97,697,65.33333659172058
EuroSAT,ProtoNet,fixed,2024,98,698,84.00000333786011
EuroSAT,WIPT,0.0,2024,98,698,72.00000286102295
EuroSAT,Support-only Transformer,0.0,2024,98,698,60.00000238418579
EuroSAT,ProtoNet,fixed,2024,99,699,62.66666650772095
EuroSAT,WIPT,0.0,2024,99,699,63.999998569488525
EuroSAT,Support-only Transformer,0.0,2024,99,699,62.66666650772095
EuroSAT,ProtoNet,fixed,2024,100,700,66.66666865348816
EuroSAT,WIPT,0.0,2024,100,700,57.33333230018616
EuroSAT,Support-only Transformer,0.0,2024,100,700,50.66666603088379
EuroSAT,ProtoNet,fixed,2024,101,701,52.000004053115845
EuroSAT,WIPT,0.0,2024,101,701,56.00000023841858
EuroSAT,Support-only Transformer,0.0,2024,101,701,45.33333480358124
EuroSAT,ProtoNet,fixed,2024,102,702,66.66666865348816
EuroSAT,WIPT,0.0,2024,102,702,78.66666913032532
EuroSAT,Support-only Transformer,0.0,2024,102,702,69.33333277702332
EuroSAT,ProtoNet,fixed,2024,103,703,75.99999904632568
EuroSAT,WIPT,0.0,2024,103,703,77.33333706855774
EuroSAT,Support-only Transformer,0.0,2024,103,703,66.66666865348816
EuroSAT,ProtoNet,fixed,2024,104,704,60.00000238418579
EuroSAT,WIPT,0.0,2024,104,704,70.66667079925537
EuroSAT,Support-only Transformer,0.0,2024,104,704,75.99999904632568
EuroSAT,ProtoNet,fixed,2024,105,705,62.66666650772095
EuroSAT,WIPT,0.0,2024,105,705,65.33333659172058
EuroSAT,Support-only Transformer,0.0,2024,105,705,61.33333444595337
EuroSAT,ProtoNet,fixed,2024,106,706,68.00000071525574
EuroSAT,WIPT,0.0,2024,106,706,65.33333659172058
EuroSAT,Support-only Transformer,0.0,2024,106,706,58.66667032241821
EuroSAT,ProtoNet,fixed,2024,107,707,45.33333480358124
EuroSAT,WIPT,0.0,2024,107,707,49.33333396911621
EuroSAT,Support-only Transformer,0.0,2024,107,707,42.66666769981384
EuroSAT,ProtoNet,fixed,2024,108,708,80.0000011920929
EuroSAT,WIPT,0.0,2024,108,708,77.33333706855774
EuroSAT,Support-only Transformer,0.0,2024,108,708,69.33333277702332
EuroSAT,ProtoNet,fixed,2024,109,709,68.00000071525574
EuroSAT,WIPT,0.0,2024,109,709,74.6666669845581
EuroSAT,Support-only Transformer,0.0,2024,109,709,68.00000071525574
EuroSAT,ProtoNet,fixed,2024,110,710,42.66666769981384
EuroSAT,WIPT,0.0,2024,110,710,49.33333396911621
EuroSAT,Support-only Transformer,0.0,2024,110,710,54.666668176651
EuroSAT,ProtoNet,fixed,2024,111,711,74.6666669845581
EuroSAT,WIPT,0.0,2024,111,711,81.33333325386047
EuroSAT,Support-only Transformer,0.0,2024,111,711,72.00000286102295
EuroSAT,ProtoNet,fixed,2024,112,712,62.66666650772095
EuroSAT,WIPT,0.0,2024,112,712,58.66667032241821
EuroSAT,Support-only Transformer,0.0,2024,112,712,58.66667032241821
EuroSAT,ProtoNet,fixed,2024,113,713,40.00000059604645
EuroSAT,WIPT,0.0,2024,113,713,34.66666638851166
EuroSAT,Support-only Transformer,0.0,2024,113,713,45.33333480358124
EuroSAT,ProtoNet,fixed,2024,114,714,80.0000011920929
EuroSAT,WIPT,0.0,2024,114,714,77.33333706855774
EuroSAT,Support-only Transformer,0.0,2024,114,714,78.66666913032532
EuroSAT,ProtoNet,fixed,2024,115,715,54.666668176651
EuroSAT,WIPT,0.0,2024,115,715,63.999998569488525
EuroSAT,Support-only Transformer,0.0,2024,115,715,61.33333444595337
EuroSAT,ProtoNet,fixed,2024,116,716,66.66666865348816
EuroSAT,WIPT,0.0,2024,116,716,62.66666650772095
EuroSAT,Support-only Transformer,0.0,2024,116,716,56.00000023841858
EuroSAT,ProtoNet,fixed,2024,117,717,46.666666865348816
EuroSAT,WIPT,0.0,2024,117,717,54.666668176651
EuroSAT,Support-only Transformer,0.0,2024,117,717,58.66667032241821
EuroSAT,ProtoNet,fixed,2024,118,718,46.666666865348816
EuroSAT,WIPT,0.0,2024,118,718,54.666668176651
EuroSAT,Support-only Transformer,0.0,2024,118,718,43.99999976158142
EuroSAT,ProtoNet,fixed,2024,119,719,62.66666650772095
EuroSAT,WIPT,0.0,2024,119,719,48.00000190734863
EuroSAT,Support-only Transformer,0.0,2024,119,719,50.66666603088379
EuroSAT,ProtoNet,fixed,2024,120,720,68.00000071525574
EuroSAT,WIPT,0.0,2024,120,720,60.00000238418579
EuroSAT,Support-only Transformer,0.0,2024,120,720,63.999998569488525
EuroSAT,ProtoNet,fixed,2024,121,721,50.66666603088379
EuroSAT,WIPT,0.0,2024,121,721,50.66666603088379
EuroSAT,Support-only Transformer,0.0,2024,121,721,38.66666853427887
EuroSAT,ProtoNet,fixed,2024,122,722,62.66666650772095
EuroSAT,WIPT,0.0,2024,122,722,68.00000071525574
EuroSAT,Support-only Transformer,0.0,2024,122,722,63.999998569488525
EuroSAT,ProtoNet,fixed,2024,123,723,74.6666669845581
EuroSAT,WIPT,0.0,2024,123,723,75.99999904632568
EuroSAT,Support-only Transformer,0.0,2024,123,723,73.33333492279053
EuroSAT,ProtoNet,fixed,2024,124,724,70.66667079925537
EuroSAT,WIPT,0.0,2024,124,724,65.33333659172058
EuroSAT,Support-only Transformer,0.0,2024,124,724,54.666668176651
EuroSAT,ProtoNet,fixed,2024,125,725,74.6666669845581
EuroSAT,WIPT,0.0,2024,125,725,72.00000286102295
EuroSAT,Support-only Transformer,0.0,2024,125,725,60.00000238418579
EuroSAT,ProtoNet,fixed,2024,126,726,41.333335638046265
EuroSAT,WIPT,0.0,2024,126,726,56.00000023841858
EuroSAT,Support-only Transformer,0.0,2024,126,726,68.00000071525574
EuroSAT,ProtoNet,fixed,2024,127,727,46.666666865348816
EuroSAT,WIPT,0.0,2024,127,727,43.99999976158142
EuroSAT,Support-only Transformer,0.0,2024,127,727,40.00000059604645
EuroSAT,ProtoNet,fixed,2024,128,728,82.66667127609253
EuroSAT,WIPT,0.0,2024,128,728,77.33333706855774
EuroSAT,Support-only Transformer,0.0,2024,128,728,60.00000238418579
EuroSAT,ProtoNet,fixed,2024,129,729,61.33333444595337
EuroSAT,WIPT,0.0,2024,129,729,57.33333230018616
EuroSAT,Support-only Transformer,0.0,2024,129,729,65.33333659172058
EuroSAT,ProtoNet,fixed,2024,130,730,53.33333611488342
EuroSAT,WIPT,0.0,2024,130,730,60.00000238418579
EuroSAT,Support-only Transformer,0.0,2024,130,730,60.00000238418579
EuroSAT,ProtoNet,fixed,2024,131,731,57.33333230018616
EuroSAT,WIPT,0.0,2024,131,731,56.00000023841858
EuroSAT,Support-only Transformer,0.0,2024,131,731,45.33333480358124
EuroSAT,ProtoNet,fixed,2024,132,732,46.666666865348816
EuroSAT,WIPT,0.0,2024,132,732,48.00000190734863
EuroSAT,Support-only Transformer,0.0,2024,132,732,45.33333480358124
EuroSAT,ProtoNet,fixed,2024,133,733,62.66666650772095
EuroSAT,WIPT,0.0,2024,133,733,60.00000238418579
EuroSAT,Support-only Transformer,0.0,2024,133,733,49.33333396911621
EuroSAT,ProtoNet,fixed,2024,134,734,60.00000238418579
EuroSAT,WIPT,0.0,2024,134,734,66.66666865348816
EuroSAT,Support-only Transformer,0.0,2024,134,734,78.66666913032532
EuroSAT,ProtoNet,fixed,2024,135,735,57.33333230018616
EuroSAT,WIPT,0.0,2024,135,735,61.33333444595337
EuroSAT,Support-only Transformer,0.0,2024,135,735,50.66666603088379
EuroSAT,ProtoNet,fixed,2024,136,736,63.999998569488525
EuroSAT,WIPT,0.0,2024,136,736,68.00000071525574
EuroSAT,Support-only Transformer,0.0,2024,136,736,69.33333277702332
EuroSAT,ProtoNet,fixed,2024,137,737,46.666666865348816
EuroSAT,WIPT,0.0,2024,137,737,50.66666603088379
EuroSAT,Support-only Transformer,0.0,2024,137,737,54.666668176651
EuroSAT,ProtoNet,fixed,2024,138,738,62.66666650772095
EuroSAT,WIPT,0.0,2024,138,738,62.66666650772095
EuroSAT,Support-only Transformer,0.0,2024,138,738,63.999998569488525
EuroSAT,ProtoNet,fixed,2024,139,739,57.33333230018616
EuroSAT,WIPT,0.0,2024,139,739,58.66667032241821
EuroSAT,Support-only Transformer,0.0,2024,139,739,57.33333230018616
EuroSAT,ProtoNet,fixed,2024,140,740,68.00000071525574
EuroSAT,WIPT,0.0,2024,140,740,77.33333706855774
EuroSAT,Support-only Transformer,0.0,2024,140,740,75.99999904632568
EuroSAT,ProtoNet,fixed,2024,141,741,58.66667032241821
EuroSAT,WIPT,0.0,2024,141,741,48.00000190734863
EuroSAT,Support-only Transformer,0.0,2024,141,741,40.00000059604645
EuroSAT,ProtoNet,fixed,2024,142,742,70.66667079925537
EuroSAT,WIPT,0.0,2024,142,742,65.33333659172058
EuroSAT,Support-only Transformer,0.0,2024,142,742,66.66666865348816
EuroSAT,ProtoNet,fixed,2024,143,743,48.00000190734863
EuroSAT,WIPT,0.0,2024,143,743,50.66666603088379
EuroSAT,Support-only Transformer,0.0,2024,143,743,56.00000023841858
EuroSAT,ProtoNet,fixed,2024,144,744,78.66666913032532
EuroSAT,WIPT,0.0,2024,144,744,73.33333492279053
EuroSAT,Support-only Transformer,0.0,2024,144,744,72.00000286102295
EuroSAT,ProtoNet,fixed,2024,145,745,63.999998569488525
EuroSAT,WIPT,0.0,2024,145,745,63.999998569488525
EuroSAT,Support-only Transformer,0.0,2024,145,745,52.000004053115845
EuroSAT,ProtoNet,fixed,2024,146,746,63.999998569488525
EuroSAT,WIPT,0.0,2024,146,746,74.6666669845581
EuroSAT,Support-only Transformer,0.0,2024,146,746,72.00000286102295
EuroSAT,ProtoNet,fixed,2024,147,747,66.66666865348816
EuroSAT,WIPT,0.0,2024,147,747,66.66666865348816
EuroSAT,Support-only Transformer,0.0,2024,147,747,61.33333444595337
EuroSAT,ProtoNet,fixed,2024,148,748,78.66666913032532
EuroSAT,WIPT,0.0,2024,148,748,80.0000011920929
EuroSAT,Support-only Transformer,0.0,2024,148,748,84.00000333786011
EuroSAT,ProtoNet,fixed,2024,149,749,69.33333277702332
EuroSAT,WIPT,0.0,2024,149,749,69.33333277702332
EuroSAT,Support-only Transformer,0.0,2024,149,749,68.00000071525574
EuroSAT,ProtoNet,fixed,2024,150,750,56.00000023841858
EuroSAT,WIPT,0.0,2024,150,750,56.00000023841858
EuroSAT,Support-only Transformer,0.0,2024,150,750,56.00000023841858
EuroSAT,ProtoNet,fixed,2024,151,751,66.66666865348816
EuroSAT,WIPT,0.0,2024,151,751,66.66666865348816
EuroSAT,Support-only Transformer,0.0,2024,151,751,56.00000023841858
EuroSAT,ProtoNet,fixed,2024,152,752,65.33333659172058
EuroSAT,WIPT,0.0,2024,152,752,65.33333659172058
EuroSAT,Support-only Transformer,0.0,2024,152,752,66.66666865348816
EuroSAT,ProtoNet,fixed,2024,153,753,58.66667032241821
EuroSAT,WIPT,0.0,2024,153,753,60.00000238418579
EuroSAT,Support-only Transformer,0.0,2024,153,753,69.33333277702332
EuroSAT,ProtoNet,fixed,2024,154,754,69.33333277702332
EuroSAT,WIPT,0.0,2024,154,754,65.33333659172058
EuroSAT,Support-only Transformer,0.0,2024,154,754,68.00000071525574
EuroSAT,ProtoNet,fixed,2024,155,755,52.000004053115845
EuroSAT,WIPT,0.0,2024,155,755,52.000004053115845
EuroSAT,Support-only Transformer,0.0,2024,155,755,49.33333396911621
EuroSAT,ProtoNet,fixed,2024,156,756,53.33333611488342
EuroSAT,WIPT,0.0,2024,156,756,56.00000023841858
EuroSAT,Support-only Transformer,0.0,2024,156,756,52.000004053115845
EuroSAT,ProtoNet,fixed,2024,157,757,63.999998569488525
EuroSAT,WIPT,0.0,2024,157,757,63.999998569488525
EuroSAT,Support-only Transformer,0.0,2024,157,757,72.00000286102295
EuroSAT,ProtoNet,fixed,2024,158,758,63.999998569488525
EuroSAT,WIPT,0.0,2024,158,758,57.33333230018616
EuroSAT,Support-only Transformer,0.0,2024,158,758,49.33333396911621
EuroSAT,ProtoNet,fixed,2024,159,759,82.66667127609253
EuroSAT,WIPT,0.0,2024,159,759,82.66667127609253
EuroSAT,Support-only Transformer,0.0,2024,159,759,84.00000333786011
EuroSAT,ProtoNet,fixed,2024,160,760,69.33333277702332
EuroSAT,WIPT,0.0,2024,160,760,69.33333277702332
EuroSAT,Support-only Transformer,0.0,2024,160,760,60.00000238418579
EuroSAT,ProtoNet,fixed,2024,161,761,81.33333325386047
EuroSAT,WIPT,0.0,2024,161,761,82.66667127609253
EuroSAT,Support-only Transformer,0.0,2024,161,761,77.33333706855774
EuroSAT,ProtoNet,fixed,2024,162,762,56.00000023841858
EuroSAT,WIPT,0.0,2024,162,762,52.000004053115845
EuroSAT,Support-only Transformer,0.0,2024,162,762,43.99999976158142
EuroSAT,ProtoNet,fixed,2024,163,763,73.33333492279053
EuroSAT,WIPT,0.0,2024,163,763,72.00000286102295
EuroSAT,Support-only Transformer,0.0,2024,163,763,69.33333277702332
EuroSAT,ProtoNet,fixed,2024,164,764,58.66667032241821
EuroSAT,WIPT,0.0,2024,164,764,53.33333611488342
EuroSAT,Support-only Transformer,0.0,2024,164,764,52.000004053115845
EuroSAT,ProtoNet,fixed,2024,165,765,56.00000023841858
EuroSAT,WIPT,0.0,2024,165,765,56.00000023841858
EuroSAT,Support-only Transformer,0.0,2024,165,765,53.33333611488342
EuroSAT,ProtoNet,fixed,2024,166,766,58.66667032241821
EuroSAT,WIPT,0.0,2024,166,766,68.00000071525574
EuroSAT,Support-only Transformer,0.0,2024,166,766,60.00000238418579
EuroSAT,ProtoNet,fixed,2024,167,767,43.99999976158142
EuroSAT,WIPT,0.0,2024,167,767,56.00000023841858
EuroSAT,Support-only Transformer,0.0,2024,167,767,57.33333230018616
EuroSAT,ProtoNet,fixed,2024,168,768,63.999998569488525
EuroSAT,WIPT,0.0,2024,168,768,66.66666865348816
EuroSAT,Support-only Transformer,0.0,2024,168,768,69.33333277702332
EuroSAT,ProtoNet,fixed,2024,169,769,70.66667079925537
EuroSAT,WIPT,0.0,2024,169,769,74.6666669845581
EuroSAT,Support-only Transformer,0.0,2024,169,769,65.33333659172058
EuroSAT,ProtoNet,fixed,2024,170,770,69.33333277702332
EuroSAT,WIPT,0.0,2024,170,770,70.66667079925537
EuroSAT,Support-only Transformer,0.0,2024,170,770,65.33333659172058
EuroSAT,ProtoNet,fixed,2024,171,771,60.00000238418579
EuroSAT,WIPT,0.0,2024,171,771,63.999998569488525
EuroSAT,Support-only Transformer,0.0,2024,171,771,66.66666865348816
EuroSAT,ProtoNet,fixed,2024,172,772,80.0000011920929
EuroSAT,WIPT,0.0,2024,172,772,80.0000011920929
EuroSAT,Support-only Transformer,0.0,2024,172,772,73.33333492279053
EuroSAT,ProtoNet,fixed,2024,173,773,60.00000238418579
EuroSAT,WIPT,0.0,2024,173,773,66.66666865348816
EuroSAT,Support-only Transformer,0.0,2024,173,773,69.33333277702332
EuroSAT,ProtoNet,fixed,2024,174,774,58.66667032241821
EuroSAT,WIPT,0.0,2024,174,774,66.66666865348816
EuroSAT,Support-only Transformer,0.0,2024,174,774,63.999998569488525
EuroSAT,ProtoNet,fixed,2024,175,775,54.666668176651
EuroSAT,WIPT,0.0,2024,175,775,53.33333611488342
EuroSAT,Support-only Transformer,0.0,2024,175,775,53.33333611488342
EuroSAT,ProtoNet,fixed,2024,176,776,61.33333444595337
EuroSAT,WIPT,0.0,2024,176,776,54.666668176651
EuroSAT,Support-only Transformer,0.0,2024,176,776,57.33333230018616
EuroSAT,ProtoNet,fixed,2024,177,777,72.00000286102295
EuroSAT,WIPT,0.0,2024,177,777,80.0000011920929
EuroSAT,Support-only Transformer,0.0,2024,177,777,78.66666913032532
EuroSAT,ProtoNet,fixed,2024,178,778,73.33333492279053
EuroSAT,WIPT,0.0,2024,178,778,75.99999904632568
EuroSAT,Support-only Transformer,0.0,2024,178,778,80.0000011920929
EuroSAT,ProtoNet,fixed,2024,179,779,61.33333444595337
EuroSAT,WIPT,0.0,2024,179,779,61.33333444595337
EuroSAT,Support-only Transformer,0.0,2024,179,779,62.66666650772095
EuroSAT,ProtoNet,fixed,2024,180,780,69.33333277702332
EuroSAT,WIPT,0.0,2024,180,780,66.66666865348816
EuroSAT,Support-only Transformer,0.0,2024,180,780,58.66667032241821
EuroSAT,ProtoNet,fixed,2024,181,781,81.33333325386047
EuroSAT,WIPT,0.0,2024,181,781,84.00000333786011
EuroSAT,Support-only Transformer,0.0,2024,181,781,86.66666746139526
EuroSAT,ProtoNet,fixed,2024,182,782,53.33333611488342
EuroSAT,WIPT,0.0,2024,182,782,62.66666650772095
EuroSAT,Support-only Transformer,0.0,2024,182,782,48.00000190734863
EuroSAT,ProtoNet,fixed,2024,183,783,63.999998569488525
EuroSAT,WIPT,0.0,2024,183,783,68.00000071525574
EuroSAT,Support-only Transformer,0.0,2024,183,783,61.33333444595337
EuroSAT,ProtoNet,fixed,2024,184,784,70.66667079925537
EuroSAT,WIPT,0.0,2024,184,784,70.66667079925537
EuroSAT,Support-only Transformer,0.0,2024,184,784,66.66666865348816
EuroSAT,ProtoNet,fixed,2024,185,785,74.6666669845581
EuroSAT,WIPT,0.0,2024,185,785,72.00000286102295
EuroSAT,Support-only Transformer,0.0,2024,185,785,61.33333444595337
EuroSAT,ProtoNet,fixed,2024,186,786,70.66667079925537
EuroSAT,WIPT,0.0,2024,186,786,58.66667032241821
EuroSAT,Support-only Transformer,0.0,2024,186,786,45.33333480358124
EuroSAT,ProtoNet,fixed,2024,187,787,66.66666865348816
EuroSAT,WIPT,0.0,2024,187,787,69.33333277702332
EuroSAT,Support-only Transformer,0.0,2024,187,787,73.33333492279053
EuroSAT,ProtoNet,fixed,2024,188,788,62.66666650772095
EuroSAT,WIPT,0.0,2024,188,788,58.66667032241821
EuroSAT,Support-only Transformer,0.0,2024,188,788,60.00000238418579
EuroSAT,ProtoNet,fixed,2024,189,789,63.999998569488525
EuroSAT,WIPT,0.0,2024,189,789,72.00000286102295
EuroSAT,Support-only Transformer,0.0,2024,189,789,70.66667079925537
EuroSAT,ProtoNet,fixed,2024,190,790,66.66666865348816
EuroSAT,WIPT,0.0,2024,190,790,65.33333659172058
EuroSAT,Support-only Transformer,0.0,2024,190,790,61.33333444595337
EuroSAT,ProtoNet,fixed,2024,191,791,69.33333277702332
EuroSAT,WIPT,0.0,2024,191,791,63.999998569488525
EuroSAT,Support-only Transformer,0.0,2024,191,791,57.33333230018616
EuroSAT,ProtoNet,fixed,2024,192,792,61.33333444595337
EuroSAT,WIPT,0.0,2024,192,792,53.33333611488342
EuroSAT,Support-only Transformer,0.0,2024,192,792,50.66666603088379
EuroSAT,ProtoNet,fixed,2024,193,793,77.33333706855774
EuroSAT,WIPT,0.0,2024,193,793,77.33333706855774
EuroSAT,Support-only Transformer,0.0,2024,193,793,75.99999904632568
EuroSAT,ProtoNet,fixed,2024,194,794,48.00000190734863
EuroSAT,WIPT,0.0,2024,194,794,48.00000190734863
EuroSAT,Support-only Transformer,0.0,2024,194,794,40.00000059604645
EuroSAT,ProtoNet,fixed,2024,195,795,54.666668176651
EuroSAT,WIPT,0.0,2024,195,795,58.66667032241821
EuroSAT,Support-only Transformer,0.0,2024,195,795,70.66667079925537
EuroSAT,ProtoNet,fixed,2024,196,796,53.33333611488342
EuroSAT,WIPT,0.0,2024,196,796,52.000004053115845
EuroSAT,Support-only Transformer,0.0,2024,196,796,49.33333396911621
EuroSAT,ProtoNet,fixed,2024,197,797,72.00000286102295
EuroSAT,WIPT,0.0,2024,197,797,78.66666913032532
EuroSAT,Support-only Transformer,0.0,2024,197,797,77.33333706855774
EuroSAT,ProtoNet,fixed,2024,198,798,63.999998569488525
EuroSAT,WIPT,0.0,2024,198,798,65.33333659172058
EuroSAT,Support-only Transformer,0.0,2024,198,798,65.33333659172058
EuroSAT,ProtoNet,fixed,2024,199,799,50.66666603088379
EuroSAT,WIPT,0.0,2024,199,799,45.33333480358124
EuroSAT,Support-only Transformer,0.0,2024,199,799,46.666666865348816
EuroSAT,ProtoNet,fixed,2024,200,800,48.00000190734863
EuroSAT,WIPT,0.0,2024,200,800,53.33333611488342
EuroSAT,Support-only Transformer,0.0,2024,200,800,58.66667032241821
EuroSAT,ProtoNet,fixed,2024,201,801,81.33333325386047
EuroSAT,WIPT,0.0,2024,201,801,75.99999904632568
EuroSAT,Support-only Transformer,0.0,2024,201,801,75.99999904632568
EuroSAT,ProtoNet,fixed,2024,202,802,77.33333706855774
EuroSAT,WIPT,0.0,2024,202,802,66.66666865348816
EuroSAT,Support-only Transformer,0.0,2024,202,802,60.00000238418579
EuroSAT,ProtoNet,fixed,2024,203,803,63.999998569488525
EuroSAT,WIPT,0.0,2024,203,803,61.33333444595337
EuroSAT,Support-only Transformer,0.0,2024,203,803,57.33333230018616
EuroSAT,ProtoNet,fixed,2024,204,804,58.66667032241821
EuroSAT,WIPT,0.0,2024,204,804,65.33333659172058
EuroSAT,Support-only Transformer,0.0,2024,204,804,72.00000286102295
EuroSAT,ProtoNet,fixed,2024,205,805,75.99999904632568
EuroSAT,WIPT,0.0,2024,205,805,73.33333492279053
EuroSAT,Support-only Transformer,0.0,2024,205,805,69.33333277702332
EuroSAT,ProtoNet,fixed,2024,206,806,68.00000071525574
EuroSAT,WIPT,0.0,2024,206,806,70.66667079925537
EuroSAT,Support-only Transformer,0.0,2024,206,806,66.66666865348816
EuroSAT,ProtoNet,fixed,2024,207,807,72.00000286102295
EuroSAT,WIPT,0.0,2024,207,807,70.66667079925537
EuroSAT,Support-only Transformer,0.0,2024,207,807,69.33333277702332
EuroSAT,ProtoNet,fixed,2024,208,808,50.66666603088379
EuroSAT,WIPT,0.0,2024,208,808,54.666668176651
EuroSAT,Support-only Transformer,0.0,2024,208,808,60.00000238418579
EuroSAT,ProtoNet,fixed,2024,209,809,73.33333492279053
EuroSAT,WIPT,0.0,2024,209,809,78.66666913032532
EuroSAT,Support-only Transformer,0.0,2024,209,809,74.6666669845581
EuroSAT,ProtoNet,fixed,2024,210,810,65.33333659172058
EuroSAT,WIPT,0.0,2024,210,810,62.66666650772095
EuroSAT,Support-only Transformer,0.0,2024,210,810,65.33333659172058
EuroSAT,ProtoNet,fixed,2024,211,811,69.33333277702332
EuroSAT,WIPT,0.0,2024,211,811,60.00000238418579
EuroSAT,Support-only Transformer,0.0,2024,211,811,62.66666650772095
EuroSAT,ProtoNet,fixed,2024,212,812,45.33333480358124
EuroSAT,WIPT,0.0,2024,212,812,42.66666769981384
EuroSAT,Support-only Transformer,0.0,2024,212,812,43.99999976158142
EuroSAT,ProtoNet,fixed,2024,213,813,63.999998569488525
EuroSAT,WIPT,0.0,2024,213,813,68.00000071525574
EuroSAT,Support-only Transformer,0.0,2024,213,813,66.66666865348816
EuroSAT,ProtoNet,fixed,2024,214,814,65.33333659172058
EuroSAT,WIPT,0.0,2024,214,814,63.999998569488525
EuroSAT,Support-only Transformer,0.0,2024,214,814,61.33333444595337
EuroSAT,ProtoNet,fixed,2024,215,815,78.66666913032532
EuroSAT,WIPT,0.0,2024,215,815,74.6666669845581
EuroSAT,Support-only Transformer,0.0,2024,215,815,65.33333659172058
EuroSAT,ProtoNet,fixed,2024,216,816,66.66666865348816
EuroSAT,WIPT,0.0,2024,216,816,69.33333277702332
EuroSAT,Support-only Transformer,0.0,2024,216,816,68.00000071525574
EuroSAT,ProtoNet,fixed,2024,217,817,65.33333659172058
EuroSAT,WIPT,0.0,2024,217,817,65.33333659172058
EuroSAT,Support-only Transformer,0.0,2024,217,817,60.00000238418579
EuroSAT,ProtoNet,fixed,2024,218,818,84.00000333786011
EuroSAT,WIPT,0.0,2024,218,818,80.0000011920929
EuroSAT,Support-only Transformer,0.0,2024,218,818,81.33333325386047
EuroSAT,ProtoNet,fixed,2024,219,819,57.33333230018616
EuroSAT,WIPT,0.0,2024,219,819,53.33333611488342
EuroSAT,Support-only Transformer,0.0,2024,219,819,53.33333611488342
EuroSAT,ProtoNet,fixed,2024,220,820,37.33333349227905
EuroSAT,WIPT,0.0,2024,220,820,52.000004053115845
EuroSAT,Support-only Transformer,0.0,2024,220,820,53.33333611488342
EuroSAT,ProtoNet,fixed,2024,221,821,74.6666669845581
EuroSAT,WIPT,0.0,2024,221,821,70.66667079925537
EuroSAT,Support-only Transformer,0.0,2024,221,821,58.66667032241821
EuroSAT,ProtoNet,fixed,2024,222,822,54.666668176651
EuroSAT,WIPT,0.0,2024,222,822,54.666668176651
EuroSAT,Support-only Transformer,0.0,2024,222,822,50.66666603088379
EuroSAT,ProtoNet,fixed,2024,223,823,63.999998569488525
EuroSAT,WIPT,0.0,2024,223,823,65.33333659172058
EuroSAT,Support-only Transformer,0.0,2024,223,823,69.33333277702332
EuroSAT,ProtoNet,fixed,2024,224,824,54.666668176651
EuroSAT,WIPT,0.0,2024,224,824,62.66666650772095
EuroSAT,Support-only Transformer,0.0,2024,224,824,65.33333659172058
EuroSAT,ProtoNet,fixed,2024,225,825,69.33333277702332
EuroSAT,WIPT,0.0,2024,225,825,72.00000286102295
EuroSAT,Support-only Transformer,0.0,2024,225,825,68.00000071525574
EuroSAT,ProtoNet,fixed,2024,226,826,58.66667032241821
EuroSAT,WIPT,0.0,2024,226,826,62.66666650772095
EuroSAT,Support-only Transformer,0.0,2024,226,826,68.00000071525574
EuroSAT,ProtoNet,fixed,2024,227,827,82.66667127609253
EuroSAT,WIPT,0.0,2024,227,827,82.66667127609253
EuroSAT,Support-only Transformer,0.0,2024,227,827,80.0000011920929
EuroSAT,ProtoNet,fixed,2024,228,828,74.6666669845581
EuroSAT,WIPT,0.0,2024,228,828,80.0000011920929
EuroSAT,Support-only Transformer,0.0,2024,228,828,63.999998569488525
EuroSAT,ProtoNet,fixed,2024,229,829,56.00000023841858
EuroSAT,WIPT,0.0,2024,229,829,57.33333230018616
EuroSAT,Support-only Transformer,0.0,2024,229,829,52.000004053115845
EuroSAT,ProtoNet,fixed,2024,230,830,58.66667032241821
EuroSAT,WIPT,0.0,2024,230,830,63.999998569488525
EuroSAT,Support-only Transformer,0.0,2024,230,830,49.33333396911621
EuroSAT,ProtoNet,fixed,2024,231,831,56.00000023841858
EuroSAT,WIPT,0.0,2024,231,831,58.66667032241821
EuroSAT,Support-only Transformer,0.0,2024,231,831,61.33333444595337
EuroSAT,ProtoNet,fixed,2024,232,832,48.00000190734863
EuroSAT,WIPT,0.0,2024,232,832,46.666666865348816
EuroSAT,Support-only Transformer,0.0,2024,232,832,43.99999976158142
EuroSAT,ProtoNet,fixed,2024,233,833,43.99999976158142
EuroSAT,WIPT,0.0,2024,233,833,50.66666603088379
EuroSAT,Support-only Transformer,0.0,2024,233,833,53.33333611488342
EuroSAT,ProtoNet,fixed,2024,234,834,54.666668176651
EuroSAT,WIPT,0.0,2024,234,834,52.000004053115845
EuroSAT,Support-only Transformer,0.0,2024,234,834,40.00000059604645
EuroSAT,ProtoNet,fixed,2024,235,835,77.33333706855774
EuroSAT,WIPT,0.0,2024,235,835,78.66666913032532
EuroSAT,Support-only Transformer,0.0,2024,235,835,78.66666913032532
EuroSAT,ProtoNet,fixed,2024,236,836,61.33333444595337
EuroSAT,WIPT,0.0,2024,236,836,52.000004053115845
EuroSAT,Support-only Transformer,0.0,2024,236,836,54.666668176651
EuroSAT,ProtoNet,fixed,2024,237,837,66.66666865348816
EuroSAT,WIPT,0.0,2024,237,837,58.66667032241821
EuroSAT,Support-only Transformer,0.0,2024,237,837,54.666668176651
EuroSAT,ProtoNet,fixed,2024,238,838,72.00000286102295
EuroSAT,WIPT,0.0,2024,238,838,72.00000286102295
EuroSAT,Support-only Transformer,0.0,2024,238,838,72.00000286102295
EuroSAT,ProtoNet,fixed,2024,239,839,54.666668176651
EuroSAT,WIPT,0.0,2024,239,839,56.00000023841858
EuroSAT,Support-only Transformer,0.0,2024,239,839,49.33333396911621
EuroSAT,ProtoNet,fixed,2024,240,840,74.6666669845581
EuroSAT,WIPT,0.0,2024,240,840,68.00000071525574
EuroSAT,Support-only Transformer,0.0,2024,240,840,66.66666865348816
EuroSAT,ProtoNet,fixed,2024,241,841,74.6666669845581
EuroSAT,WIPT,0.0,2024,241,841,74.6666669845581
EuroSAT,Support-only Transformer,0.0,2024,241,841,69.33333277702332
EuroSAT,ProtoNet,fixed,2024,242,842,65.33333659172058
EuroSAT,WIPT,0.0,2024,242,842,61.33333444595337
EuroSAT,Support-only Transformer,0.0,2024,242,842,62.66666650772095
EuroSAT,ProtoNet,fixed,2024,243,843,65.33333659172058
EuroSAT,WIPT,0.0,2024,243,843,70.66667079925537
EuroSAT,Support-only Transformer,0.0,2024,243,843,73.33333492279053
EuroSAT,ProtoNet,fixed,2024,244,844,46.666666865348816
EuroSAT,WIPT,0.0,2024,244,844,53.33333611488342
EuroSAT,Support-only Transformer,0.0,2024,244,844,57.33333230018616
EuroSAT,ProtoNet,fixed,2024,245,845,58.66667032241821
EuroSAT,WIPT,0.0,2024,245,845,53.33333611488342
EuroSAT,Support-only Transformer,0.0,2024,245,845,52.000004053115845
EuroSAT,ProtoNet,fixed,2024,246,846,84.00000333786011
EuroSAT,WIPT,0.0,2024,246,846,84.00000333786011
EuroSAT,Support-only Transformer,0.0,2024,246,846,75.99999904632568
EuroSAT,ProtoNet,fixed,2024,247,847,68.00000071525574
EuroSAT,WIPT,0.0,2024,247,847,75.99999904632568
EuroSAT,Support-only Transformer,0.0,2024,247,847,80.0000011920929
EuroSAT,ProtoNet,fixed,2024,248,848,58.66667032241821
EuroSAT,WIPT,0.0,2024,248,848,60.00000238418579
EuroSAT,Support-only Transformer,0.0,2024,248,848,61.33333444595337
EuroSAT,ProtoNet,fixed,2024,249,849,80.0000011920929
EuroSAT,WIPT,0.0,2024,249,849,81.33333325386047
EuroSAT,Support-only Transformer,0.0,2024,249,849,78.66666913032532
EuroSAT,ProtoNet,fixed,2024,250,850,72.00000286102295
EuroSAT,WIPT,0.0,2024,250,850,74.6666669845581
EuroSAT,Support-only Transformer,0.0,2024,250,850,75.99999904632568
EuroSAT,ProtoNet,fixed,2024,251,851,66.66666865348816
EuroSAT,WIPT,0.0,2024,251,851,65.33333659172058
EuroSAT,Support-only Transformer,0.0,2024,251,851,63.999998569488525
EuroSAT,ProtoNet,fixed,2024,252,852,66.66666865348816
EuroSAT,WIPT,0.0,2024,252,852,61.33333444595337
EuroSAT,Support-only Transformer,0.0,2024,252,852,61.33333444595337
EuroSAT,ProtoNet,fixed,2024,253,853,52.000004053115845
EuroSAT,WIPT,0.0,2024,253,853,57.33333230018616
EuroSAT,Support-only Transformer,0.0,2024,253,853,50.66666603088379
EuroSAT,ProtoNet,fixed,2024,254,854,45.33333480358124
EuroSAT,WIPT,0.0,2024,254,854,57.33333230018616
EuroSAT,Support-only Transformer,0.0,2024,254,854,63.999998569488525
EuroSAT,ProtoNet,fixed,2024,255,855,73.33333492279053
EuroSAT,WIPT,0.0,2024,255,855,69.33333277702332
EuroSAT,Support-only Transformer,0.0,2024,255,855,70.66667079925537
EuroSAT,ProtoNet,fixed,2024,256,856,52.000004053115845
EuroSAT,WIPT,0.0,2024,256,856,50.66666603088379
EuroSAT,Support-only Transformer,0.0,2024,256,856,48.00000190734863
EuroSAT,ProtoNet,fixed,2024,257,857,70.66667079925537
EuroSAT,WIPT,0.0,2024,257,857,70.66667079925537
EuroSAT,Support-only Transformer,0.0,2024,257,857,73.33333492279053
EuroSAT,ProtoNet,fixed,2024,258,858,72.00000286102295
EuroSAT,WIPT,0.0,2024,258,858,70.66667079925537
EuroSAT,Support-only Transformer,0.0,2024,258,858,75.99999904632568
EuroSAT,ProtoNet,fixed,2024,259,859,56.00000023841858
EuroSAT,WIPT,0.0,2024,259,859,52.000004053115845
EuroSAT,Support-only Transformer,0.0,2024,259,859,49.33333396911621
EuroSAT,ProtoNet,fixed,2024,260,860,72.00000286102295
EuroSAT,WIPT,0.0,2024,260,860,70.66667079925537
EuroSAT,Support-only Transformer,0.0,2024,260,860,50.66666603088379
EuroSAT,ProtoNet,fixed,2024,261,861,65.33333659172058
EuroSAT,WIPT,0.0,2024,261,861,57.33333230018616
EuroSAT,Support-only Transformer,0.0,2024,261,861,48.00000190734863
EuroSAT,ProtoNet,fixed,2024,262,862,75.99999904632568
EuroSAT,WIPT,0.0,2024,262,862,78.66666913032532
EuroSAT,Support-only Transformer,0.0,2024,262,862,70.66667079925537
EuroSAT,ProtoNet,fixed,2024,263,863,54.666668176651
EuroSAT,WIPT,0.0,2024,263,863,56.00000023841858
EuroSAT,Support-only Transformer,0.0,2024,263,863,52.000004053115845
EuroSAT,ProtoNet,fixed,2024,264,864,63.999998569488525
EuroSAT,WIPT,0.0,2024,264,864,66.66666865348816
EuroSAT,Support-only Transformer,0.0,2024,264,864,70.66667079925537
EuroSAT,ProtoNet,fixed,2024,265,865,56.00000023841858
EuroSAT,WIPT,0.0,2024,265,865,57.33333230018616
EuroSAT,Support-only Transformer,0.0,2024,265,865,60.00000238418579
EuroSAT,ProtoNet,fixed,2024,266,866,54.666668176651
EuroSAT,WIPT,0.0,2024,266,866,53.33333611488342
EuroSAT,Support-only Transformer,0.0,2024,266,866,50.66666603088379
EuroSAT,ProtoNet,fixed,2024,267,867,77.33333706855774
EuroSAT,WIPT,0.0,2024,267,867,73.33333492279053
EuroSAT,Support-only Transformer,0.0,2024,267,867,72.00000286102295
EuroSAT,ProtoNet,fixed,2024,268,868,57.33333230018616
EuroSAT,WIPT,0.0,2024,268,868,56.00000023841858
EuroSAT,Support-only Transformer,0.0,2024,268,868,52.000004053115845
EuroSAT,ProtoNet,fixed,2024,269,869,61.33333444595337
EuroSAT,WIPT,0.0,2024,269,869,65.33333659172058
EuroSAT,Support-only Transformer,0.0,2024,269,869,62.66666650772095
EuroSAT,ProtoNet,fixed,2024,270,870,70.66667079925537
EuroSAT,WIPT,0.0,2024,270,870,73.33333492279053
EuroSAT,Support-only Transformer,0.0,2024,270,870,66.66666865348816
EuroSAT,ProtoNet,fixed,2024,271,871,53.33333611488342
EuroSAT,WIPT,0.0,2024,271,871,54.666668176651
EuroSAT,Support-only Transformer,0.0,2024,271,871,52.000004053115845
EuroSAT,ProtoNet,fixed,2024,272,872,82.66667127609253
EuroSAT,WIPT,0.0,2024,272,872,81.33333325386047
EuroSAT,Support-only Transformer,0.0,2024,272,872,60.00000238418579
EuroSAT,ProtoNet,fixed,2024,273,873,75.99999904632568
EuroSAT,WIPT,0.0,2024,273,873,73.33333492279053
EuroSAT,Support-only Transformer,0.0,2024,273,873,63.999998569488525
EuroSAT,ProtoNet,fixed,2024,274,874,46.666666865348816
EuroSAT,WIPT,0.0,2024,274,874,50.66666603088379
EuroSAT,Support-only Transformer,0.0,2024,274,874,49.33333396911621
EuroSAT,ProtoNet,fixed,2024,275,875,49.33333396911621
EuroSAT,WIPT,0.0,2024,275,875,54.666668176651
EuroSAT,Support-only Transformer,0.0,2024,275,875,62.66666650772095
EuroSAT,ProtoNet,fixed,2024,276,876,57.33333230018616
EuroSAT,WIPT,0.0,2024,276,876,57.33333230018616
EuroSAT,Support-only Transformer,0.0,2024,276,876,52.000004053115845
EuroSAT,ProtoNet,fixed,2024,277,877,54.666668176651
EuroSAT,WIPT,0.0,2024,277,877,56.00000023841858
EuroSAT,Support-only Transformer,0.0,2024,277,877,53.33333611488342
EuroSAT,ProtoNet,fixed,2024,278,878,73.33333492279053
EuroSAT,WIPT,0.0,2024,278,878,75.99999904632568
EuroSAT,Support-only Transformer,0.0,2024,278,878,78.66666913032532
EuroSAT,ProtoNet,fixed,2024,279,879,60.00000238418579
EuroSAT,WIPT,0.0,2024,279,879,66.66666865348816
EuroSAT,Support-only Transformer,0.0,2024,279,879,69.33333277702332
EuroSAT,ProtoNet,fixed,2024,280,880,81.33333325386047
EuroSAT,WIPT,0.0,2024,280,880,75.99999904632568
EuroSAT,Support-only Transformer,0.0,2024,280,880,62.66666650772095
EuroSAT,ProtoNet,fixed,2024,281,881,73.33333492279053
EuroSAT,WIPT,0.0,2024,281,881,70.66667079925537
EuroSAT,Support-only Transformer,0.0,2024,281,881,63.999998569488525
EuroSAT,ProtoNet,fixed,2024,282,882,82.66667127609253
EuroSAT,WIPT,0.0,2024,282,882,72.00000286102295
EuroSAT,Support-only Transformer,0.0,2024,282,882,60.00000238418579
EuroSAT,ProtoNet,fixed,2024,283,883,57.33333230018616
EuroSAT,WIPT,0.0,2024,283,883,72.00000286102295
EuroSAT,Support-only Transformer,0.0,2024,283,883,68.00000071525574
EuroSAT,ProtoNet,fixed,2024,284,884,62.66666650772095
EuroSAT,WIPT,0.0,2024,284,884,62.66666650772095
EuroSAT,Support-only Transformer,0.0,2024,284,884,62.66666650772095
EuroSAT,ProtoNet,fixed,2024,285,885,43.99999976158142
EuroSAT,WIPT,0.0,2024,285,885,48.00000190734863
EuroSAT,Support-only Transformer,0.0,2024,285,885,54.666668176651
EuroSAT,ProtoNet,fixed,2024,286,886,72.00000286102295
EuroSAT,WIPT,0.0,2024,286,886,70.66667079925537
EuroSAT,Support-only Transformer,0.0,2024,286,886,66.66666865348816
EuroSAT,ProtoNet,fixed,2024,287,887,89.3333375453949
EuroSAT,WIPT,0.0,2024,287,887,93.33333373069763
EuroSAT,Support-only Transformer,0.0,2024,287,887,82.66667127609253
EuroSAT,ProtoNet,fixed,2024,288,888,58.66667032241821
EuroSAT,WIPT,0.0,2024,288,888,60.00000238418579
EuroSAT,Support-only Transformer,0.0,2024,288,888,61.33333444595337
EuroSAT,ProtoNet,fixed,2024,289,889,49.33333396911621
EuroSAT,WIPT,0.0,2024,289,889,50.66666603088379
EuroSAT,Support-only Transformer,0.0,2024,289,889,50.66666603088379
EuroSAT,ProtoNet,fixed,2024,290,890,50.66666603088379
EuroSAT,WIPT,0.0,2024,290,890,58.66667032241821
EuroSAT,Support-only Transformer,0.0,2024,290,890,54.666668176651
EuroSAT,ProtoNet,fixed,2024,291,891,56.00000023841858
EuroSAT,WIPT,0.0,2024,291,891,58.66667032241821
EuroSAT,Support-only Transformer,0.0,2024,291,891,65.33333659172058
EuroSAT,ProtoNet,fixed,2024,292,892,50.66666603088379
EuroSAT,WIPT,0.0,2024,292,892,52.000004053115845
EuroSAT,Support-only Transformer,0.0,2024,292,892,57.33333230018616
EuroSAT,ProtoNet,fixed,2024,293,893,52.000004053115845
EuroSAT,WIPT,0.0,2024,293,893,46.666666865348816
EuroSAT,Support-only Transformer,0.0,2024,293,893,42.66666769981384
EuroSAT,ProtoNet,fixed,2024,294,894,52.000004053115845
EuroSAT,WIPT,0.0,2024,294,894,54.666668176651
EuroSAT,Support-only Transformer,0.0,2024,294,894,52.000004053115845
EuroSAT,ProtoNet,fixed,2024,295,895,72.00000286102295
EuroSAT,WIPT,0.0,2024,295,895,72.00000286102295
EuroSAT,Support-only Transformer,0.0,2024,295,895,68.00000071525574
EuroSAT,ProtoNet,fixed,2024,296,896,60.00000238418579
EuroSAT,WIPT,0.0,2024,296,896,66.66666865348816
EuroSAT,Support-only Transformer,0.0,2024,296,896,72.00000286102295
EuroSAT,ProtoNet,fixed,2024,297,897,52.000004053115845
EuroSAT,WIPT,0.0,2024,297,897,53.33333611488342
EuroSAT,Support-only Transformer,0.0,2024,297,897,46.666666865348816
EuroSAT,ProtoNet,fixed,2024,298,898,81.33333325386047
EuroSAT,WIPT,0.0,2024,298,898,84.00000333786011
EuroSAT,Support-only Transformer,0.0,2024,298,898,81.33333325386047
EuroSAT,ProtoNet,fixed,2024,299,899,53.33333611488342
EuroSAT,WIPT,0.0,2024,299,899,53.33333611488342
EuroSAT,Support-only Transformer,0.0,2024,299,899,54.666668176651
EuroSAT,ProtoNet,fixed,7,0,900,63.999998569488525
EuroSAT,WIPT,0.0,7,0,900,63.999998569488525
EuroSAT,Support-only Transformer,0.0,7,0,900,62.66666650772095
EuroSAT,ProtoNet,fixed,7,1,901,68.00000071525574
EuroSAT,WIPT,0.0,7,1,901,65.33333659172058
EuroSAT,Support-only Transformer,0.0,7,1,901,57.33333230018616
EuroSAT,ProtoNet,fixed,7,2,902,62.66666650772095
EuroSAT,WIPT,0.0,7,2,902,60.00000238418579
EuroSAT,Support-only Transformer,0.0,7,2,902,60.00000238418579
EuroSAT,ProtoNet,fixed,7,3,903,40.00000059604645
EuroSAT,WIPT,0.0,7,3,903,38.66666853427887
EuroSAT,Support-only Transformer,0.0,7,3,903,34.66666638851166
EuroSAT,ProtoNet,fixed,7,4,904,61.33333444595337
EuroSAT,WIPT,0.0,7,4,904,72.00000286102295
EuroSAT,Support-only Transformer,0.0,7,4,904,80.0000011920929
EuroSAT,ProtoNet,fixed,7,5,905,69.33333277702332
EuroSAT,WIPT,0.0,7,5,905,69.33333277702332
EuroSAT,Support-only Transformer,0.0,7,5,905,69.33333277702332
EuroSAT,ProtoNet,fixed,7,6,906,66.66666865348816
EuroSAT,WIPT,0.0,7,6,906,60.00000238418579
EuroSAT,Support-only Transformer,0.0,7,6,906,50.66666603088379
EuroSAT,ProtoNet,fixed,7,7,907,60.00000238418579
EuroSAT,WIPT,0.0,7,7,907,48.00000190734863
EuroSAT,Support-only Transformer,0.0,7,7,907,46.666666865348816
EuroSAT,ProtoNet,fixed,7,8,908,73.33333492279053
EuroSAT,WIPT,0.0,7,8,908,77.33333706855774
EuroSAT,Support-only Transformer,0.0,7,8,908,73.33333492279053
EuroSAT,ProtoNet,fixed,7,9,909,63.999998569488525
EuroSAT,WIPT,0.0,7,9,909,73.33333492279053
EuroSAT,Support-only Transformer,0.0,7,9,909,68.00000071525574
EuroSAT,ProtoNet,fixed,7,10,910,65.33333659172058
EuroSAT,WIPT,0.0,7,10,910,62.66666650772095
EuroSAT,Support-only Transformer,0.0,7,10,910,56.00000023841858
EuroSAT,ProtoNet,fixed,7,11,911,65.33333659172058
EuroSAT,WIPT,0.0,7,11,911,65.33333659172058
EuroSAT,Support-only Transformer,0.0,7,11,911,65.33333659172058
EuroSAT,ProtoNet,fixed,7,12,912,56.00000023841858
EuroSAT,WIPT,0.0,7,12,912,69.33333277702332
EuroSAT,Support-only Transformer,0.0,7,12,912,58.66667032241821
EuroSAT,ProtoNet,fixed,7,13,913,70.66667079925537
EuroSAT,WIPT,0.0,7,13,913,69.33333277702332
EuroSAT,Support-only Transformer,0.0,7,13,913,63.999998569488525
EuroSAT,ProtoNet,fixed,7,14,914,45.33333480358124
EuroSAT,WIPT,0.0,7,14,914,53.33333611488342
EuroSAT,Support-only Transformer,0.0,7,14,914,52.000004053115845
EuroSAT,ProtoNet,fixed,7,15,915,73.33333492279053
EuroSAT,WIPT,0.0,7,15,915,85.33333539962769
EuroSAT,Support-only Transformer,0.0,7,15,915,75.99999904632568
EuroSAT,ProtoNet,fixed,7,16,916,38.66666853427887
EuroSAT,WIPT,0.0,7,16,916,49.33333396911621
EuroSAT,Support-only Transformer,0.0,7,16,916,57.33333230018616
EuroSAT,ProtoNet,fixed,7,17,917,70.66667079925537
EuroSAT,WIPT,0.0,7,17,917,74.6666669845581
EuroSAT,Support-only Transformer,0.0,7,17,917,69.33333277702332
EuroSAT,ProtoNet,fixed,7,18,918,75.99999904632568
EuroSAT,WIPT,0.0,7,18,918,85.33333539962769
EuroSAT,Support-only Transformer,0.0,7,18,918,77.33333706855774
EuroSAT,ProtoNet,fixed,7,19,919,61.33333444595337
EuroSAT,WIPT,0.0,7,19,919,53.33333611488342
EuroSAT,Support-only Transformer,0.0,7,19,919,40.00000059604645
EuroSAT,ProtoNet,fixed,7,20,920,42.66666769981384
EuroSAT,WIPT,0.0,7,20,920,43.99999976158142
EuroSAT,Support-only Transformer,0.0,7,20,920,46.666666865348816
EuroSAT,ProtoNet,fixed,7,21,921,50.66666603088379
EuroSAT,WIPT,0.0,7,21,921,56.00000023841858
EuroSAT,Support-only Transformer,0.0,7,21,921,58.66667032241821
EuroSAT,ProtoNet,fixed,7,22,922,54.666668176651
EuroSAT,WIPT,0.0,7,22,922,60.00000238418579
EuroSAT,Support-only Transformer,0.0,7,22,922,56.00000023841858
EuroSAT,ProtoNet,fixed,7,23,923,50.66666603088379
EuroSAT,WIPT,0.0,7,23,923,57.33333230018616
EuroSAT,Support-only Transformer,0.0,7,23,923,72.00000286102295
EuroSAT,ProtoNet,fixed,7,24,924,52.000004053115845
EuroSAT,WIPT,0.0,7,24,924,61.33333444595337
EuroSAT,Support-only Transformer,0.0,7,24,924,57.33333230018616
EuroSAT,ProtoNet,fixed,7,25,925,48.00000190734863
EuroSAT,WIPT,0.0,7,25,925,45.33333480358124
EuroSAT,Support-only Transformer,0.0,7,25,925,45.33333480358124
EuroSAT,ProtoNet,fixed,7,26,926,72.00000286102295
EuroSAT,WIPT,0.0,7,26,926,73.33333492279053
EuroSAT,Support-only Transformer,0.0,7,26,926,70.66667079925537
EuroSAT,ProtoNet,fixed,7,27,927,69.33333277702332
EuroSAT,WIPT,0.0,7,27,927,78.66666913032532
EuroSAT,Support-only Transformer,0.0,7,27,927,75.99999904632568
EuroSAT,ProtoNet,fixed,7,28,928,73.33333492279053
EuroSAT,WIPT,0.0,7,28,928,75.99999904632568
EuroSAT,Support-only Transformer,0.0,7,28,928,75.99999904632568
EuroSAT,ProtoNet,fixed,7,29,929,66.66666865348816
EuroSAT,WIPT,0.0,7,29,929,62.66666650772095
EuroSAT,Support-only Transformer,0.0,7,29,929,54.666668176651
EuroSAT,ProtoNet,fixed,7,30,930,86.66666746139526
EuroSAT,WIPT,0.0,7,30,930,80.0000011920929
EuroSAT,Support-only Transformer,0.0,7,30,930,75.99999904632568
EuroSAT,ProtoNet,fixed,7,31,931,56.00000023841858
EuroSAT,WIPT,0.0,7,31,931,60.00000238418579
EuroSAT,Support-only Transformer,0.0,7,31,931,61.33333444595337
EuroSAT,ProtoNet,fixed,7,32,932,65.33333659172058
EuroSAT,WIPT,0.0,7,32,932,74.6666669845581
EuroSAT,Support-only Transformer,0.0,7,32,932,70.66667079925537
EuroSAT,ProtoNet,fixed,7,33,933,66.66666865348816
EuroSAT,WIPT,0.0,7,33,933,60.00000238418579
EuroSAT,Support-only Transformer,0.0,7,33,933,58.66667032241821
EuroSAT,ProtoNet,fixed,7,34,934,70.66667079925537
EuroSAT,WIPT,0.0,7,34,934,70.66667079925537
EuroSAT,Support-only Transformer,0.0,7,34,934,68.00000071525574
EuroSAT,ProtoNet,fixed,7,35,935,58.66667032241821
EuroSAT,WIPT,0.0,7,35,935,61.33333444595337
EuroSAT,Support-only Transformer,0.0,7,35,935,61.33333444595337
EuroSAT,ProtoNet,fixed,7,36,936,69.33333277702332
EuroSAT,WIPT,0.0,7,36,936,70.66667079925537
EuroSAT,Support-only Transformer,0.0,7,36,936,65.33333659172058
EuroSAT,ProtoNet,fixed,7,37,937,66.66666865348816
EuroSAT,WIPT,0.0,7,37,937,70.66667079925537
EuroSAT,Support-only Transformer,0.0,7,37,937,62.66666650772095
EuroSAT,ProtoNet,fixed,7,38,938,52.000004053115845
EuroSAT,WIPT,0.0,7,38,938,53.33333611488342
EuroSAT,Support-only Transformer,0.0,7,38,938,49.33333396911621
EuroSAT,ProtoNet,fixed,7,39,939,56.00000023841858
EuroSAT,WIPT,0.0,7,39,939,61.33333444595337
EuroSAT,Support-only Transformer,0.0,7,39,939,56.00000023841858
EuroSAT,ProtoNet,fixed,7,40,940,50.66666603088379
EuroSAT,WIPT,0.0,7,40,940,57.33333230018616
EuroSAT,Support-only Transformer,0.0,7,40,940,52.000004053115845
EuroSAT,ProtoNet,fixed,7,41,941,50.66666603088379
EuroSAT,WIPT,0.0,7,41,941,46.666666865348816
EuroSAT,Support-only Transformer,0.0,7,41,941,48.00000190734863
EuroSAT,ProtoNet,fixed,7,42,942,69.33333277702332
EuroSAT,WIPT,0.0,7,42,942,75.99999904632568
EuroSAT,Support-only Transformer,0.0,7,42,942,68.00000071525574
EuroSAT,ProtoNet,fixed,7,43,943,63.999998569488525
EuroSAT,WIPT,0.0,7,43,943,69.33333277702332
EuroSAT,Support-only Transformer,0.0,7,43,943,65.33333659172058
EuroSAT,ProtoNet,fixed,7,44,944,63.999998569488525
EuroSAT,WIPT,0.0,7,44,944,72.00000286102295
EuroSAT,Support-only Transformer,0.0,7,44,944,70.66667079925537
EuroSAT,ProtoNet,fixed,7,45,945,63.999998569488525
EuroSAT,WIPT,0.0,7,45,945,61.33333444595337
EuroSAT,Support-only Transformer,0.0,7,45,945,52.000004053115845
EuroSAT,ProtoNet,fixed,7,46,946,73.33333492279053
EuroSAT,WIPT,0.0,7,46,946,80.0000011920929
EuroSAT,Support-only Transformer,0.0,7,46,946,61.33333444595337
EuroSAT,ProtoNet,fixed,7,47,947,57.33333230018616
EuroSAT,WIPT,0.0,7,47,947,52.000004053115845
EuroSAT,Support-only Transformer,0.0,7,47,947,40.00000059604645
EuroSAT,ProtoNet,fixed,7,48,948,66.66666865348816
EuroSAT,WIPT,0.0,7,48,948,65.33333659172058
EuroSAT,Support-only Transformer,0.0,7,48,948,57.33333230018616
EuroSAT,ProtoNet,fixed,7,49,949,77.33333706855774
EuroSAT,WIPT,0.0,7,49,949,75.99999904632568
EuroSAT,Support-only Transformer,0.0,7,49,949,60.00000238418579
EuroSAT,ProtoNet,fixed,7,50,950,54.666668176651
EuroSAT,WIPT,0.0,7,50,950,61.33333444595337
EuroSAT,Support-only Transformer,0.0,7,50,950,61.33333444595337
EuroSAT,ProtoNet,fixed,7,51,951,75.99999904632568
EuroSAT,WIPT,0.0,7,51,951,73.33333492279053
EuroSAT,Support-only Transformer,0.0,7,51,951,70.66667079925537
EuroSAT,ProtoNet,fixed,7,52,952,43.99999976158142
EuroSAT,WIPT,0.0,7,52,952,49.33333396911621
EuroSAT,Support-only Transformer,0.0,7,52,952,52.000004053115845
EuroSAT,ProtoNet,fixed,7,53,953,66.66666865348816
EuroSAT,WIPT,0.0,7,53,953,72.00000286102295
EuroSAT,Support-only Transformer,0.0,7,53,953,70.66667079925537
EuroSAT,ProtoNet,fixed,7,54,954,72.00000286102295
EuroSAT,WIPT,0.0,7,54,954,66.66666865348816
EuroSAT,Support-only Transformer,0.0,7,54,954,54.666668176651
EuroSAT,ProtoNet,fixed,7,55,955,61.33333444595337
EuroSAT,WIPT,0.0,7,55,955,65.33333659172058
EuroSAT,Support-only Transformer,0.0,7,55,955,52.000004053115845
EuroSAT,ProtoNet,fixed,7,56,956,63.999998569488525
EuroSAT,WIPT,0.0,7,56,956,68.00000071525574
EuroSAT,Support-only Transformer,0.0,7,56,956,63.999998569488525
EuroSAT,ProtoNet,fixed,7,57,957,72.00000286102295
EuroSAT,WIPT,0.0,7,57,957,78.66666913032532
EuroSAT,Support-only Transformer,0.0,7,57,957,74.6666669845581
EuroSAT,ProtoNet,fixed,7,58,958,65.33333659172058
EuroSAT,WIPT,0.0,7,58,958,66.66666865348816
EuroSAT,Support-only Transformer,0.0,7,58,958,63.999998569488525
EuroSAT,ProtoNet,fixed,7,59,959,63.999998569488525
EuroSAT,WIPT,0.0,7,59,959,65.33333659172058
EuroSAT,Support-only Transformer,0.0,7,59,959,73.33333492279053
EuroSAT,ProtoNet,fixed,7,60,960,70.66667079925537
EuroSAT,WIPT,0.0,7,60,960,68.00000071525574
EuroSAT,Support-only Transformer,0.0,7,60,960,72.00000286102295
EuroSAT,ProtoNet,fixed,7,61,961,73.33333492279053
EuroSAT,WIPT,0.0,7,61,961,77.33333706855774
EuroSAT,Support-only Transformer,0.0,7,61,961,75.99999904632568
EuroSAT,ProtoNet,fixed,7,62,962,65.33333659172058
EuroSAT,WIPT,0.0,7,62,962,72.00000286102295
EuroSAT,Support-only Transformer,0.0,7,62,962,66.66666865348816
EuroSAT,ProtoNet,fixed,7,63,963,66.66666865348816
EuroSAT,WIPT,0.0,7,63,963,68.00000071525574
EuroSAT,Support-only Transformer,0.0,7,63,963,65.33333659172058
EuroSAT,ProtoNet,fixed,7,64,964,80.0000011920929
EuroSAT,WIPT,0.0,7,64,964,86.66666746139526
EuroSAT,Support-only Transformer,0.0,7,64,964,75.99999904632568
EuroSAT,ProtoNet,fixed,7,65,965,65.33333659172058
EuroSAT,WIPT,0.0,7,65,965,70.66667079925537
EuroSAT,Support-only Transformer,0.0,7,65,965,73.33333492279053
EuroSAT,ProtoNet,fixed,7,66,966,61.33333444595337
EuroSAT,WIPT,0.0,7,66,966,68.00000071525574
EuroSAT,Support-only Transformer,0.0,7,66,966,65.33333659172058
EuroSAT,ProtoNet,fixed,7,67,967,65.33333659172058
EuroSAT,WIPT,0.0,7,67,967,69.33333277702332
EuroSAT,Support-only Transformer,0.0,7,67,967,70.66667079925537
EuroSAT,ProtoNet,fixed,7,68,968,73.33333492279053
EuroSAT,WIPT,0.0,7,68,968,63.999998569488525
EuroSAT,Support-only Transformer,0.0,7,68,968,57.33333230018616
EuroSAT,ProtoNet,fixed,7,69,969,66.66666865348816
EuroSAT,WIPT,0.0,7,69,969,72.00000286102295
EuroSAT,Support-only Transformer,0.0,7,69,969,70.66667079925537
EuroSAT,ProtoNet,fixed,7,70,970,69.33333277702332
EuroSAT,WIPT,0.0,7,70,970,77.33333706855774
EuroSAT,Support-only Transformer,0.0,7,70,970,69.33333277702332
EuroSAT,ProtoNet,fixed,7,71,971,45.33333480358124
EuroSAT,WIPT,0.0,7,71,971,49.33333396911621
EuroSAT,Support-only Transformer,0.0,7,71,971,48.00000190734863
EuroSAT,ProtoNet,fixed,7,72,972,50.66666603088379
EuroSAT,WIPT,0.0,7,72,972,46.666666865348816
EuroSAT,Support-only Transformer,0.0,7,72,972,36.000001430511475
EuroSAT,ProtoNet,fixed,7,73,973,40.00000059604645
EuroSAT,WIPT,0.0,7,73,973,41.333335638046265
EuroSAT,Support-only Transformer,0.0,7,73,973,42.66666769981384
EuroSAT,ProtoNet,fixed,7,74,974,72.00000286102295
EuroSAT,WIPT,0.0,7,74,974,75.99999904632568
EuroSAT,Support-only Transformer,0.0,7,74,974,61.33333444595337
EuroSAT,ProtoNet,fixed,7,75,975,54.666668176651
EuroSAT,WIPT,0.0,7,75,975,48.00000190734863
EuroSAT,Support-only Transformer,0.0,7,75,975,50.66666603088379
EuroSAT,ProtoNet,fixed,7,76,976,66.66666865348816
EuroSAT,WIPT,0.0,7,76,976,60.00000238418579
EuroSAT,Support-only Transformer,0.0,7,76,976,63.999998569488525
EuroSAT,ProtoNet,fixed,7,77,977,43.99999976158142
EuroSAT,WIPT,0.0,7,77,977,48.00000190734863
EuroSAT,Support-only Transformer,0.0,7,77,977,36.000001430511475
EuroSAT,ProtoNet,fixed,7,78,978,57.33333230018616
EuroSAT,WIPT,0.0,7,78,978,63.999998569488525
EuroSAT,Support-only Transformer,0.0,7,78,978,56.00000023841858
EuroSAT,ProtoNet,fixed,7,79,979,66.66666865348816
EuroSAT,WIPT,0.0,7,79,979,69.33333277702332
EuroSAT,Support-only Transformer,0.0,7,79,979,74.6666669845581
EuroSAT,ProtoNet,fixed,7,80,980,65.33333659172058
EuroSAT,WIPT,0.0,7,80,980,69.33333277702332
EuroSAT,Support-only Transformer,0.0,7,80,980,61.33333444595337
EuroSAT,ProtoNet,fixed,7,81,981,70.66667079925537
EuroSAT,WIPT,0.0,7,81,981,63.999998569488525
EuroSAT,Support-only Transformer,0.0,7,81,981,56.00000023841858
EuroSAT,ProtoNet,fixed,7,82,982,36.000001430511475
EuroSAT,WIPT,0.0,7,82,982,38.66666853427887
EuroSAT,Support-only Transformer,0.0,7,82,982,48.00000190734863
EuroSAT,ProtoNet,fixed,7,83,983,61.33333444595337
EuroSAT,WIPT,0.0,7,83,983,68.00000071525574
EuroSAT,Support-only Transformer,0.0,7,83,983,56.00000023841858
EuroSAT,ProtoNet,fixed,7,84,984,75.99999904632568
EuroSAT,WIPT,0.0,7,84,984,70.66667079925537
EuroSAT,Support-only Transformer,0.0,7,84,984,72.00000286102295
EuroSAT,ProtoNet,fixed,7,85,985,50.66666603088379
EuroSAT,WIPT,0.0,7,85,985,60.00000238418579
EuroSAT,Support-only Transformer,0.0,7,85,985,60.00000238418579
EuroSAT,ProtoNet,fixed,7,86,986,69.33333277702332
EuroSAT,WIPT,0.0,7,86,986,73.33333492279053
EuroSAT,Support-only Transformer,0.0,7,86,986,66.66666865348816
EuroSAT,ProtoNet,fixed,7,87,987,58.66667032241821
EuroSAT,WIPT,0.0,7,87,987,61.33333444595337
EuroSAT,Support-only Transformer,0.0,7,87,987,58.66667032241821
EuroSAT,ProtoNet,fixed,7,88,988,62.66666650772095
EuroSAT,WIPT,0.0,7,88,988,61.33333444595337
EuroSAT,Support-only Transformer,0.0,7,88,988,52.000004053115845
EuroSAT,ProtoNet,fixed,7,89,989,62.66666650772095
EuroSAT,WIPT,0.0,7,89,989,69.33333277702332
EuroSAT,Support-only Transformer,0.0,7,89,989,69.33333277702332
EuroSAT,ProtoNet,fixed,7,90,990,54.666668176651
EuroSAT,WIPT,0.0,7,90,990,58.66667032241821
EuroSAT,Support-only Transformer,0.0,7,90,990,61.33333444595337
EuroSAT,ProtoNet,fixed,7,91,991,72.00000286102295
EuroSAT,WIPT,0.0,7,91,991,74.6666669845581
EuroSAT,Support-only Transformer,0.0,7,91,991,69.33333277702332
EuroSAT,ProtoNet,fixed,7,92,992,50.66666603088379
EuroSAT,WIPT,0.0,7,92,992,60.00000238418579
EuroSAT,Support-only Transformer,0.0,7,92,992,60.00000238418579
EuroSAT,ProtoNet,fixed,7,93,993,65.33333659172058
EuroSAT,WIPT,0.0,7,93,993,69.33333277702332
EuroSAT,Support-only Transformer,0.0,7,93,993,69.33333277702332
EuroSAT,ProtoNet,fixed,7,94,994,43.99999976158142
EuroSAT,WIPT,0.0,7,94,994,42.66666769981384
EuroSAT,Support-only Transformer,0.0,7,94,994,38.66666853427887
EuroSAT,ProtoNet,fixed,7,95,995,85.33333539962769
EuroSAT,WIPT,0.0,7,95,995,73.33333492279053
EuroSAT,Support-only Transformer,0.0,7,95,995,72.00000286102295
EuroSAT,ProtoNet,fixed,7,96,996,52.000004053115845
EuroSAT,WIPT,0.0,7,96,996,65.33333659172058
EuroSAT,Support-only Transformer,0.0,7,96,996,56.00000023841858
EuroSAT,ProtoNet,fixed,7,97,997,60.00000238418579
EuroSAT,WIPT,0.0,7,97,997,69.33333277702332
EuroSAT,Support-only Transformer,0.0,7,97,997,68.00000071525574
EuroSAT,ProtoNet,fixed,7,98,998,75.99999904632568
EuroSAT,WIPT,0.0,7,98,998,78.66666913032532
EuroSAT,Support-only Transformer,0.0,7,98,998,62.66666650772095
EuroSAT,ProtoNet,fixed,7,99,999,48.00000190734863
EuroSAT,WIPT,0.0,7,99,999,45.33333480358124
EuroSAT,Support-only Transformer,0.0,7,99,999,46.666666865348816
EuroSAT,ProtoNet,fixed,7,100,1000,58.66667032241821
EuroSAT,WIPT,0.0,7,100,1000,65.33333659172058
EuroSAT,Support-only Transformer,0.0,7,100,1000,68.00000071525574
EuroSAT,ProtoNet,fixed,7,101,1001,63.999998569488525
EuroSAT,WIPT,0.0,7,101,1001,63.999998569488525
EuroSAT,Support-only Transformer,0.0,7,101,1001,63.999998569488525
EuroSAT,ProtoNet,fixed,7,102,1002,49.33333396911621
EuroSAT,WIPT,0.0,7,102,1002,38.66666853427887
EuroSAT,Support-only Transformer,0.0,7,102,1002,38.66666853427887
EuroSAT,ProtoNet,fixed,7,103,1003,65.33333659172058
EuroSAT,WIPT,0.0,7,103,1003,62.66666650772095
EuroSAT,Support-only Transformer,0.0,7,103,1003,65.33333659172058
EuroSAT,ProtoNet,fixed,7,104,1004,65.33333659172058
EuroSAT,WIPT,0.0,7,104,1004,68.00000071525574
EuroSAT,Support-only Transformer,0.0,7,104,1004,70.66667079925537
EuroSAT,ProtoNet,fixed,7,105,1005,61.33333444595337
EuroSAT,WIPT,0.0,7,105,1005,65.33333659172058
EuroSAT,Support-only Transformer,0.0,7,105,1005,65.33333659172058
EuroSAT,ProtoNet,fixed,7,106,1006,63.999998569488525
EuroSAT,WIPT,0.0,7,106,1006,69.33333277702332
EuroSAT,Support-only Transformer,0.0,7,106,1006,66.66666865348816
EuroSAT,ProtoNet,fixed,7,107,1007,57.33333230018616
EuroSAT,WIPT,0.0,7,107,1007,63.999998569488525
EuroSAT,Support-only Transformer,0.0,7,107,1007,56.00000023841858
EuroSAT,ProtoNet,fixed,7,108,1008,43.99999976158142
EuroSAT,WIPT,0.0,7,108,1008,46.666666865348816
EuroSAT,Support-only Transformer,0.0,7,108,1008,49.33333396911621
EuroSAT,ProtoNet,fixed,7,109,1009,63.999998569488525
EuroSAT,WIPT,0.0,7,109,1009,65.33333659172058
EuroSAT,Support-only Transformer,0.0,7,109,1009,56.00000023841858
EuroSAT,ProtoNet,fixed,7,110,1010,62.66666650772095
EuroSAT,WIPT,0.0,7,110,1010,65.33333659172058
EuroSAT,Support-only Transformer,0.0,7,110,1010,62.66666650772095
EuroSAT,ProtoNet,fixed,7,111,1011,38.66666853427887
EuroSAT,WIPT,0.0,7,111,1011,46.666666865348816
EuroSAT,Support-only Transformer,0.0,7,111,1011,68.00000071525574
EuroSAT,ProtoNet,fixed,7,112,1012,63.999998569488525
EuroSAT,WIPT,0.0,7,112,1012,63.999998569488525
EuroSAT,Support-only Transformer,0.0,7,112,1012,61.33333444595337
EuroSAT,ProtoNet,fixed,7,113,1013,58.66667032241821
EuroSAT,WIPT,0.0,7,113,1013,65.33333659172058
EuroSAT,Support-only Transformer,0.0,7,113,1013,69.33333277702332
EuroSAT,ProtoNet,fixed,7,114,1014,84.00000333786011
EuroSAT,WIPT,0.0,7,114,1014,82.66667127609253
EuroSAT,Support-only Transformer,0.0,7,114,1014,85.33333539962769
EuroSAT,ProtoNet,fixed,7,115,1015,50.66666603088379
EuroSAT,WIPT,0.0,7,115,1015,58.66667032241821
EuroSAT,Support-only Transformer,0.0,7,115,1015,57.33333230018616
EuroSAT,ProtoNet,fixed,7,116,1016,61.33333444595337
EuroSAT,WIPT,0.0,7,116,1016,56.00000023841858
EuroSAT,Support-only Transformer,0.0,7,116,1016,53.33333611488342
EuroSAT,ProtoNet,fixed,7,117,1017,49.33333396911621
EuroSAT,WIPT,0.0,7,117,1017,48.00000190734863
EuroSAT,Support-only Transformer,0.0,7,117,1017,34.66666638851166
EuroSAT,ProtoNet,fixed,7,118,1018,62.66666650772095
EuroSAT,WIPT,0.0,7,118,1018,65.33333659172058
EuroSAT,Support-only Transformer,0.0,7,118,1018,60.00000238418579
EuroSAT,ProtoNet,fixed,7,119,1019,56.00000023841858
EuroSAT,WIPT,0.0,7,119,1019,66.66666865348816
EuroSAT,Support-only Transformer,0.0,7,119,1019,68.00000071525574
EuroSAT,ProtoNet,fixed,7,120,1020,78.66666913032532
EuroSAT,WIPT,0.0,7,120,1020,81.33333325386047
EuroSAT,Support-only Transformer,0.0,7,120,1020,81.33333325386047
EuroSAT,ProtoNet,fixed,7,121,1021,58.66667032241821
EuroSAT,WIPT,0.0,7,121,1021,62.66666650772095
EuroSAT,Support-only Transformer,0.0,7,121,1021,61.33333444595337
EuroSAT,ProtoNet,fixed,7,122,1022,63.999998569488525
EuroSAT,WIPT,0.0,7,122,1022,66.66666865348816
EuroSAT,Support-only Transformer,0.0,7,122,1022,63.999998569488525
EuroSAT,ProtoNet,fixed,7,123,1023,57.33333230018616
EuroSAT,WIPT,0.0,7,123,1023,66.66666865348816
EuroSAT,Support-only Transformer,0.0,7,123,1023,61.33333444595337
EuroSAT,ProtoNet,fixed,7,124,1024,68.00000071525574
EuroSAT,WIPT,0.0,7,124,1024,70.66667079925537
EuroSAT,Support-only Transformer,0.0,7,124,1024,65.33333659172058
EuroSAT,ProtoNet,fixed,7,125,1025,56.00000023841858
EuroSAT,WIPT,0.0,7,125,1025,42.66666769981384
EuroSAT,Support-only Transformer,0.0,7,125,1025,45.33333480358124
EuroSAT,ProtoNet,fixed,7,126,1026,69.33333277702332
EuroSAT,WIPT,0.0,7,126,1026,63.999998569488525
EuroSAT,Support-only Transformer,0.0,7,126,1026,52.000004053115845
EuroSAT,ProtoNet,fixed,7,127,1027,61.33333444595337
EuroSAT,WIPT,0.0,7,127,1027,63.999998569488525
EuroSAT,Support-only Transformer,0.0,7,127,1027,66.66666865348816
EuroSAT,ProtoNet,fixed,7,128,1028,77.33333706855774
EuroSAT,WIPT,0.0,7,128,1028,68.00000071525574
EuroSAT,Support-only Transformer,0.0,7,128,1028,75.99999904632568
EuroSAT,ProtoNet,fixed,7,129,1029,69.33333277702332
EuroSAT,WIPT,0.0,7,129,1029,61.33333444595337
EuroSAT,Support-only Transformer,0.0,7,129,1029,60.00000238418579
EuroSAT,ProtoNet,fixed,7,130,1030,43.99999976158142
EuroSAT,WIPT,0.0,7,130,1030,46.666666865348816
EuroSAT,Support-only Transformer,0.0,7,130,1030,48.00000190734863
EuroSAT,ProtoNet,fixed,7,131,1031,69.33333277702332
EuroSAT,WIPT,0.0,7,131,1031,72.00000286102295
EuroSAT,Support-only Transformer,0.0,7,131,1031,75.99999904632568
EuroSAT,ProtoNet,fixed,7,132,1032,31.999999284744263
EuroSAT,WIPT,0.0,7,132,1032,25.333333015441895
EuroSAT,Support-only Transformer,0.0,7,132,1032,31.999999284744263
EuroSAT,ProtoNet,fixed,7,133,1033,41.333335638046265
EuroSAT,WIPT,0.0,7,133,1033,33.33333432674408
EuroSAT,Support-only Transformer,0.0,7,133,1033,30.666667222976685
EuroSAT,ProtoNet,fixed,7,134,1034,52.000004053115845
EuroSAT,WIPT,0.0,7,134,1034,57.33333230018616
EuroSAT,Support-only Transformer,0.0,7,134,1034,58.66667032241821
EuroSAT,ProtoNet,fixed,7,135,1035,65.33333659172058
EuroSAT,WIPT,0.0,7,135,1035,63.999998569488525
EuroSAT,Support-only Transformer,0.0,7,135,1035,69.33333277702332
EuroSAT,ProtoNet,fixed,7,136,1036,58.66667032241821
EuroSAT,WIPT,0.0,7,136,1036,48.00000190734863
EuroSAT,Support-only Transformer,0.0,7,136,1036,54.666668176651
EuroSAT,ProtoNet,fixed,7,137,1037,63.999998569488525
EuroSAT,WIPT,0.0,7,137,1037,68.00000071525574
EuroSAT,Support-only Transformer,0.0,7,137,1037,60.00000238418579
EuroSAT,ProtoNet,fixed,7,138,1038,72.00000286102295
EuroSAT,WIPT,0.0,7,138,1038,73.33333492279053
EuroSAT,Support-only Transformer,0.0,7,138,1038,61.33333444595337
EuroSAT,ProtoNet,fixed,7,139,1039,62.66666650772095
EuroSAT,WIPT,0.0,7,139,1039,58.66667032241821
EuroSAT,Support-only Transformer,0.0,7,139,1039,46.666666865348816
EuroSAT,ProtoNet,fixed,7,140,1040,63.999998569488525
EuroSAT,WIPT,0.0,7,140,1040,69.33333277702332
EuroSAT,Support-only Transformer,0.0,7,140,1040,72.00000286102295
EuroSAT,ProtoNet,fixed,7,141,1041,36.000001430511475
EuroSAT,WIPT,0.0,7,141,1041,38.66666853427887
EuroSAT,Support-only Transformer,0.0,7,141,1041,31.999999284744263
EuroSAT,ProtoNet,fixed,7,142,1042,54.666668176651
EuroSAT,WIPT,0.0,7,142,1042,56.00000023841858
EuroSAT,Support-only Transformer,0.0,7,142,1042,61.33333444595337
EuroSAT,ProtoNet,fixed,7,143,1043,77.33333706855774
EuroSAT,WIPT,0.0,7,143,1043,70.66667079925537
EuroSAT,Support-only Transformer,0.0,7,143,1043,66.66666865348816
EuroSAT,ProtoNet,fixed,7,144,1044,68.00000071525574
EuroSAT,WIPT,0.0,7,144,1044,66.66666865348816
EuroSAT,Support-only Transformer,0.0,7,144,1044,66.66666865348816
EuroSAT,ProtoNet,fixed,7,145,1045,50.66666603088379
EuroSAT,WIPT,0.0,7,145,1045,57.33333230018616
EuroSAT,Support-only Transformer,0.0,7,145,1045,54.666668176651
EuroSAT,ProtoNet,fixed,7,146,1046,61.33333444595337
EuroSAT,WIPT,0.0,7,146,1046,63.999998569488525
EuroSAT,Support-only Transformer,0.0,7,146,1046,60.00000238418579
EuroSAT,ProtoNet,fixed,7,147,1047,40.00000059604645
EuroSAT,WIPT,0.0,7,147,1047,48.00000190734863
EuroSAT,Support-only Transformer,0.0,7,147,1047,52.000004053115845
EuroSAT,ProtoNet,fixed,7,148,1048,46.666666865348816
EuroSAT,WIPT,0.0,7,148,1048,52.000004053115845
EuroSAT,Support-only Transformer,0.0,7,148,1048,41.333335638046265
EuroSAT,ProtoNet,fixed,7,149,1049,54.666668176651
EuroSAT,WIPT,0.0,7,149,1049,48.00000190734863
EuroSAT,Support-only Transformer,0.0,7,149,1049,49.33333396911621
EuroSAT,ProtoNet,fixed,7,150,1050,70.66667079925537
EuroSAT,WIPT,0.0,7,150,1050,72.00000286102295
EuroSAT,Support-only Transformer,0.0,7,150,1050,62.66666650772095
EuroSAT,ProtoNet,fixed,7,151,1051,50.66666603088379
EuroSAT,WIPT,0.0,7,151,1051,54.666668176651
EuroSAT,Support-only Transformer,0.0,7,151,1051,58.66667032241821
EuroSAT,ProtoNet,fixed,7,152,1052,69.33333277702332
EuroSAT,WIPT,0.0,7,152,1052,70.66667079925537
EuroSAT,Support-only Transformer,0.0,7,152,1052,66.66666865348816
EuroSAT,ProtoNet,fixed,7,153,1053,65.33333659172058
EuroSAT,WIPT,0.0,7,153,1053,54.666668176651
EuroSAT,Support-only Transformer,0.0,7,153,1053,56.00000023841858
EuroSAT,ProtoNet,fixed,7,154,1054,63.999998569488525
EuroSAT,WIPT,0.0,7,154,1054,72.00000286102295
EuroSAT,Support-only Transformer,0.0,7,154,1054,69.33333277702332
EuroSAT,ProtoNet,fixed,7,155,1055,63.999998569488525
EuroSAT,WIPT,0.0,7,155,1055,73.33333492279053
EuroSAT,Support-only Transformer,0.0,7,155,1055,66.66666865348816
EuroSAT,ProtoNet,fixed,7,156,1056,60.00000238418579
EuroSAT,WIPT,0.0,7,156,1056,63.999998569488525
EuroSAT,Support-only Transformer,0.0,7,156,1056,54.666668176651
EuroSAT,ProtoNet,fixed,7,157,1057,72.00000286102295
EuroSAT,WIPT,0.0,7,157,1057,70.66667079925537
EuroSAT,Support-only Transformer,0.0,7,157,1057,65.33333659172058
EuroSAT,ProtoNet,fixed,7,158,1058,72.00000286102295
EuroSAT,WIPT,0.0,7,158,1058,72.00000286102295
EuroSAT,Support-only Transformer,0.0,7,158,1058,61.33333444595337
EuroSAT,ProtoNet,fixed,7,159,1059,65.33333659172058
EuroSAT,WIPT,0.0,7,159,1059,70.66667079925537
EuroSAT,Support-only Transformer,0.0,7,159,1059,62.66666650772095
EuroSAT,ProtoNet,fixed,7,160,1060,48.00000190734863
EuroSAT,WIPT,0.0,7,160,1060,46.666666865348816
EuroSAT,Support-only Transformer,0.0,7,160,1060,42.66666769981384
EuroSAT,ProtoNet,fixed,7,161,1061,56.00000023841858
EuroSAT,WIPT,0.0,7,161,1061,57.33333230018616
EuroSAT,Support-only Transformer,0.0,7,161,1061,56.00000023841858
EuroSAT,ProtoNet,fixed,7,162,1062,52.000004053115845
EuroSAT,WIPT,0.0,7,162,1062,56.00000023841858
EuroSAT,Support-only Transformer,0.0,7,162,1062,50.66666603088379
EuroSAT,ProtoNet,fixed,7,163,1063,58.66667032241821
EuroSAT,WIPT,0.0,7,163,1063,66.66666865348816
EuroSAT,Support-only Transformer,0.0,7,163,1063,61.33333444595337
EuroSAT,ProtoNet,fixed,7,164,1064,70.66667079925537
EuroSAT,WIPT,0.0,7,164,1064,69.33333277702332
EuroSAT,Support-only Transformer,0.0,7,164,1064,58.66667032241821
EuroSAT,ProtoNet,fixed,7,165,1065,74.6666669845581
EuroSAT,WIPT,0.0,7,165,1065,74.6666669845581
EuroSAT,Support-only Transformer,0.0,7,165,1065,77.33333706855774
EuroSAT,ProtoNet,fixed,7,166,1066,52.000004053115845
EuroSAT,WIPT,0.0,7,166,1066,60.00000238418579
EuroSAT,Support-only Transformer,0.0,7,166,1066,61.33333444595337
EuroSAT,ProtoNet,fixed,7,167,1067,80.0000011920929
EuroSAT,WIPT,0.0,7,167,1067,84.00000333786011
EuroSAT,Support-only Transformer,0.0,7,167,1067,84.00000333786011
EuroSAT,ProtoNet,fixed,7,168,1068,63.999998569488525
EuroSAT,WIPT,0.0,7,168,1068,65.33333659172058
EuroSAT,Support-only Transformer,0.0,7,168,1068,53.33333611488342
EuroSAT,ProtoNet,fixed,7,169,1069,81.33333325386047
EuroSAT,WIPT,0.0,7,169,1069,72.00000286102295
EuroSAT,Support-only Transformer,0.0,7,169,1069,66.66666865348816
EuroSAT,ProtoNet,fixed,7,170,1070,70.66667079925537
EuroSAT,WIPT,0.0,7,170,1070,80.0000011920929
EuroSAT,Support-only Transformer,0.0,7,170,1070,78.66666913032532
EuroSAT,ProtoNet,fixed,7,171,1071,69.33333277702332
EuroSAT,WIPT,0.0,7,171,1071,73.33333492279053
EuroSAT,Support-only Transformer,0.0,7,171,1071,78.66666913032532
EuroSAT,ProtoNet,fixed,7,172,1072,66.66666865348816
EuroSAT,WIPT,0.0,7,172,1072,68.00000071525574
EuroSAT,Support-only Transformer,0.0,7,172,1072,60.00000238418579
EuroSAT,ProtoNet,fixed,7,173,1073,72.00000286102295
EuroSAT,WIPT,0.0,7,173,1073,75.99999904632568
EuroSAT,Support-only Transformer,0.0,7,173,1073,77.33333706855774
EuroSAT,ProtoNet,fixed,7,174,1074,73.33333492279053
EuroSAT,WIPT,0.0,7,174,1074,75.99999904632568
EuroSAT,Support-only Transformer,0.0,7,174,1074,81.33333325386047
EuroSAT,ProtoNet,fixed,7,175,1075,57.33333230018616
EuroSAT,WIPT,0.0,7,175,1075,54.666668176651
EuroSAT,Support-only Transformer,0.0,7,175,1075,61.33333444595337
EuroSAT,ProtoNet,fixed,7,176,1076,60.00000238418579
EuroSAT,WIPT,0.0,7,176,1076,56.00000023841858
EuroSAT,Support-only Transformer,0.0,7,176,1076,58.66667032241821
EuroSAT,ProtoNet,fixed,7,177,1077,52.000004053115845
EuroSAT,WIPT,0.0,7,177,1077,58.66667032241821
EuroSAT,Support-only Transformer,0.0,7,177,1077,56.00000023841858
EuroSAT,ProtoNet,fixed,7,178,1078,40.00000059604645
EuroSAT,WIPT,0.0,7,178,1078,43.99999976158142
EuroSAT,Support-only Transformer,0.0,7,178,1078,46.666666865348816
EuroSAT,ProtoNet,fixed,7,179,1079,66.66666865348816
EuroSAT,WIPT,0.0,7,179,1079,69.33333277702332
EuroSAT,Support-only Transformer,0.0,7,179,1079,63.999998569488525
EuroSAT,ProtoNet,fixed,7,180,1080,52.000004053115845
EuroSAT,WIPT,0.0,7,180,1080,53.33333611488342
EuroSAT,Support-only Transformer,0.0,7,180,1080,52.000004053115845
EuroSAT,ProtoNet,fixed,7,181,1081,49.33333396911621
EuroSAT,WIPT,0.0,7,181,1081,53.33333611488342
EuroSAT,Support-only Transformer,0.0,7,181,1081,53.33333611488342
EuroSAT,ProtoNet,fixed,7,182,1082,50.66666603088379
EuroSAT,WIPT,0.0,7,182,1082,58.66667032241821
EuroSAT,Support-only Transformer,0.0,7,182,1082,66.66666865348816
EuroSAT,ProtoNet,fixed,7,183,1083,53.33333611488342
EuroSAT,WIPT,0.0,7,183,1083,61.33333444595337
EuroSAT,Support-only Transformer,0.0,7,183,1083,54.666668176651
EuroSAT,ProtoNet,fixed,7,184,1084,40.00000059604645
EuroSAT,WIPT,0.0,7,184,1084,50.66666603088379
EuroSAT,Support-only Transformer,0.0,7,184,1084,43.99999976158142
EuroSAT,ProtoNet,fixed,7,185,1085,60.00000238418579
EuroSAT,WIPT,0.0,7,185,1085,65.33333659172058
EuroSAT,Support-only Transformer,0.0,7,185,1085,68.00000071525574
EuroSAT,ProtoNet,fixed,7,186,1086,66.66666865348816
EuroSAT,WIPT,0.0,7,186,1086,70.66667079925537
EuroSAT,Support-only Transformer,0.0,7,186,1086,72.00000286102295
EuroSAT,ProtoNet,fixed,7,187,1087,56.00000023841858
EuroSAT,WIPT,0.0,7,187,1087,65.33333659172058
EuroSAT,Support-only Transformer,0.0,7,187,1087,65.33333659172058
EuroSAT,ProtoNet,fixed,7,188,1088,56.00000023841858
EuroSAT,WIPT,0.0,7,188,1088,58.66667032241821
EuroSAT,Support-only Transformer,0.0,7,188,1088,58.66667032241821
EuroSAT,ProtoNet,fixed,7,189,1089,41.333335638046265
EuroSAT,WIPT,0.0,7,189,1089,45.33333480358124
EuroSAT,Support-only Transformer,0.0,7,189,1089,58.66667032241821
EuroSAT,ProtoNet,fixed,7,190,1090,50.66666603088379
EuroSAT,WIPT,0.0,7,190,1090,52.000004053115845
EuroSAT,Support-only Transformer,0.0,7,190,1090,52.000004053115845
EuroSAT,ProtoNet,fixed,7,191,1091,53.33333611488342
EuroSAT,WIPT,0.0,7,191,1091,49.33333396911621
EuroSAT,Support-only Transformer,0.0,7,191,1091,56.00000023841858
EuroSAT,ProtoNet,fixed,7,192,1092,45.33333480358124
EuroSAT,WIPT,0.0,7,192,1092,54.666668176651
EuroSAT,Support-only Transformer,0.0,7,192,1092,56.00000023841858
EuroSAT,ProtoNet,fixed,7,193,1093,65.33333659172058
EuroSAT,WIPT,0.0,7,193,1093,70.66667079925537
EuroSAT,Support-only Transformer,0.0,7,193,1093,70.66667079925537
EuroSAT,ProtoNet,fixed,7,194,1094,61.33333444595337
EuroSAT,WIPT,0.0,7,194,1094,66.66666865348816
EuroSAT,Support-only Transformer,0.0,7,194,1094,72.00000286102295
EuroSAT,ProtoNet,fixed,7,195,1095,70.66667079925537
EuroSAT,WIPT,0.0,7,195,1095,70.66667079925537
EuroSAT,Support-only Transformer,0.0,7,195,1095,61.33333444595337
EuroSAT,ProtoNet,fixed,7,196,1096,46.666666865348816
EuroSAT,WIPT,0.0,7,196,1096,37.33333349227905
EuroSAT,Support-only Transformer,0.0,7,196,1096,30.666667222976685
EuroSAT,ProtoNet,fixed,7,197,1097,60.00000238418579
EuroSAT,WIPT,0.0,7,197,1097,54.666668176651
EuroSAT,Support-only Transformer,0.0,7,197,1097,46.666666865348816
EuroSAT,ProtoNet,fixed,7,198,1098,50.66666603088379
EuroSAT,WIPT,0.0,7,198,1098,38.66666853427887
EuroSAT,Support-only Transformer,0.0,7,198,1098,37.33333349227905
EuroSAT,ProtoNet,fixed,7,199,1099,66.66666865348816
EuroSAT,WIPT,0.0,7,199,1099,74.6666669845581
EuroSAT,Support-only Transformer,0.0,7,199,1099,70.66667079925537
EuroSAT,ProtoNet,fixed,7,200,1100,65.33333659172058
EuroSAT,WIPT,0.0,7,200,1100,63.999998569488525
EuroSAT,Support-only Transformer,0.0,7,200,1100,60.00000238418579
EuroSAT,ProtoNet,fixed,7,201,1101,62.66666650772095
EuroSAT,WIPT,0.0,7,201,1101,63.999998569488525
EuroSAT,Support-only Transformer,0.0,7,201,1101,54.666668176651
EuroSAT,ProtoNet,fixed,7,202,1102,68.00000071525574
EuroSAT,WIPT,0.0,7,202,1102,72.00000286102295
EuroSAT,Support-only Transformer,0.0,7,202,1102,68.00000071525574
EuroSAT,ProtoNet,fixed,7,203,1103,58.66667032241821
EuroSAT,WIPT,0.0,7,203,1103,58.66667032241821
EuroSAT,Support-only Transformer,0.0,7,203,1103,54.666668176651
EuroSAT,ProtoNet,fixed,7,204,1104,70.66667079925537
EuroSAT,WIPT,0.0,7,204,1104,70.66667079925537
EuroSAT,Support-only Transformer,0.0,7,204,1104,72.00000286102295
EuroSAT,ProtoNet,fixed,7,205,1105,61.33333444595337
EuroSAT,WIPT,0.0,7,205,1105,61.33333444595337
EuroSAT,Support-only Transformer,0.0,7,205,1105,63.999998569488525
EuroSAT,ProtoNet,fixed,7,206,1106,74.6666669845581
EuroSAT,WIPT,0.0,7,206,1106,73.33333492279053
EuroSAT,Support-only Transformer,0.0,7,206,1106,75.99999904632568
EuroSAT,ProtoNet,fixed,7,207,1107,66.66666865348816
EuroSAT,WIPT,0.0,7,207,1107,69.33333277702332
EuroSAT,Support-only Transformer,0.0,7,207,1107,62.66666650772095
EuroSAT,ProtoNet,fixed,7,208,1108,54.666668176651
EuroSAT,WIPT,0.0,7,208,1108,60.00000238418579
EuroSAT,Support-only Transformer,0.0,7,208,1108,62.66666650772095
EuroSAT,ProtoNet,fixed,7,209,1109,69.33333277702332
EuroSAT,WIPT,0.0,7,209,1109,65.33333659172058
EuroSAT,Support-only Transformer,0.0,7,209,1109,63.999998569488525
EuroSAT,ProtoNet,fixed,7,210,1110,70.66667079925537
EuroSAT,WIPT,0.0,7,210,1110,70.66667079925537
EuroSAT,Support-only Transformer,0.0,7,210,1110,69.33333277702332
EuroSAT,ProtoNet,fixed,7,211,1111,56.00000023841858
EuroSAT,WIPT,0.0,7,211,1111,66.66666865348816
EuroSAT,Support-only Transformer,0.0,7,211,1111,66.66666865348816
EuroSAT,ProtoNet,fixed,7,212,1112,72.00000286102295
EuroSAT,WIPT,0.0,7,212,1112,74.6666669845581
EuroSAT,Support-only Transformer,0.0,7,212,1112,69.33333277702332
EuroSAT,ProtoNet,fixed,7,213,1113,57.33333230018616
EuroSAT,WIPT,0.0,7,213,1113,58.66667032241821
EuroSAT,Support-only Transformer,0.0,7,213,1113,61.33333444595337
EuroSAT,ProtoNet,fixed,7,214,1114,60.00000238418579
EuroSAT,WIPT,0.0,7,214,1114,66.66666865348816
EuroSAT,Support-only Transformer,0.0,7,214,1114,61.33333444595337
EuroSAT,ProtoNet,fixed,7,215,1115,49.33333396911621
EuroSAT,WIPT,0.0,7,215,1115,45.33333480358124
EuroSAT,Support-only Transformer,0.0,7,215,1115,45.33333480358124
EuroSAT,ProtoNet,fixed,7,216,1116,42.66666769981384
EuroSAT,WIPT,0.0,7,216,1116,48.00000190734863
EuroSAT,Support-only Transformer,0.0,7,216,1116,54.666668176651
EuroSAT,ProtoNet,fixed,7,217,1117,68.00000071525574
EuroSAT,WIPT,0.0,7,217,1117,65.33333659172058
EuroSAT,Support-only Transformer,0.0,7,217,1117,57.33333230018616
EuroSAT,ProtoNet,fixed,7,218,1118,58.66667032241821
EuroSAT,WIPT,0.0,7,218,1118,56.00000023841858
EuroSAT,Support-only Transformer,0.0,7,218,1118,53.33333611488342
EuroSAT,ProtoNet,fixed,7,219,1119,62.66666650772095
EuroSAT,WIPT,0.0,7,219,1119,66.66666865348816
EuroSAT,Support-only Transformer,0.0,7,219,1119,61.33333444595337
EuroSAT,ProtoNet,fixed,7,220,1120,45.33333480358124
EuroSAT,WIPT,0.0,7,220,1120,50.66666603088379
EuroSAT,Support-only Transformer,0.0,7,220,1120,45.33333480358124
EuroSAT,ProtoNet,fixed,7,221,1121,52.000004053115845
EuroSAT,WIPT,0.0,7,221,1121,57.33333230018616
EuroSAT,Support-only Transformer,0.0,7,221,1121,50.66666603088379
EuroSAT,ProtoNet,fixed,7,222,1122,75.99999904632568
EuroSAT,WIPT,0.0,7,222,1122,77.33333706855774
EuroSAT,Support-only Transformer,0.0,7,222,1122,73.33333492279053
EuroSAT,ProtoNet,fixed,7,223,1123,46.666666865348816
EuroSAT,WIPT,0.0,7,223,1123,52.000004053115845
EuroSAT,Support-only Transformer,0.0,7,223,1123,36.000001430511475
EuroSAT,ProtoNet,fixed,7,224,1124,73.33333492279053
EuroSAT,WIPT,0.0,7,224,1124,75.99999904632568
EuroSAT,Support-only Transformer,0.0,7,224,1124,70.66667079925537
EuroSAT,ProtoNet,fixed,7,225,1125,63.999998569488525
EuroSAT,WIPT,0.0,7,225,1125,65.33333659172058
EuroSAT,Support-only Transformer,0.0,7,225,1125,57.33333230018616
EuroSAT,ProtoNet,fixed,7,226,1126,54.666668176651
EuroSAT,WIPT,0.0,7,226,1126,52.000004053115845
EuroSAT,Support-only Transformer,0.0,7,226,1126,48.00000190734863
EuroSAT,ProtoNet,fixed,7,227,1127,69.33333277702332
EuroSAT,WIPT,0.0,7,227,1127,70.66667079925537
EuroSAT,Support-only Transformer,0.0,7,227,1127,69.33333277702332
EuroSAT,ProtoNet,fixed,7,228,1128,77.33333706855774
EuroSAT,WIPT,0.0,7,228,1128,81.33333325386047
EuroSAT,Support-only Transformer,0.0,7,228,1128,70.66667079925537
EuroSAT,ProtoNet,fixed,7,229,1129,80.0000011920929
EuroSAT,WIPT,0.0,7,229,1129,69.33333277702332
EuroSAT,Support-only Transformer,0.0,7,229,1129,72.00000286102295
EuroSAT,ProtoNet,fixed,7,230,1130,66.66666865348816
EuroSAT,WIPT,0.0,7,230,1130,68.00000071525574
EuroSAT,Support-only Transformer,0.0,7,230,1130,66.66666865348816
EuroSAT,ProtoNet,fixed,7,231,1131,63.999998569488525
EuroSAT,WIPT,0.0,7,231,1131,69.33333277702332
EuroSAT,Support-only Transformer,0.0,7,231,1131,63.999998569488525
EuroSAT,ProtoNet,fixed,7,232,1132,48.00000190734863
EuroSAT,WIPT,0.0,7,232,1132,46.666666865348816
EuroSAT,Support-only Transformer,0.0,7,232,1132,41.333335638046265
EuroSAT,ProtoNet,fixed,7,233,1133,41.333335638046265
EuroSAT,WIPT,0.0,7,233,1133,46.666666865348816
EuroSAT,Support-only Transformer,0.0,7,233,1133,48.00000190734863
EuroSAT,ProtoNet,fixed,7,234,1134,78.66666913032532
EuroSAT,WIPT,0.0,7,234,1134,80.0000011920929
EuroSAT,Support-only Transformer,0.0,7,234,1134,69.33333277702332
EuroSAT,ProtoNet,fixed,7,235,1135,45.33333480358124
EuroSAT,WIPT,0.0,7,235,1135,43.99999976158142
EuroSAT,Support-only Transformer,0.0,7,235,1135,49.33333396911621
EuroSAT,ProtoNet,fixed,7,236,1136,61.33333444595337
EuroSAT,WIPT,0.0,7,236,1136,66.66666865348816
EuroSAT,Support-only Transformer,0.0,7,236,1136,65.33333659172058
EuroSAT,ProtoNet,fixed,7,237,1137,62.66666650772095
EuroSAT,WIPT,0.0,7,237,1137,66.66666865348816
EuroSAT,Support-only Transformer,0.0,7,237,1137,77.33333706855774
EuroSAT,ProtoNet,fixed,7,238,1138,75.99999904632568
EuroSAT,WIPT,0.0,7,238,1138,80.0000011920929
EuroSAT,Support-only Transformer,0.0,7,238,1138,80.0000011920929
EuroSAT,ProtoNet,fixed,7,239,1139,58.66667032241821
EuroSAT,WIPT,0.0,7,239,1139,60.00000238418579
EuroSAT,Support-only Transformer,0.0,7,239,1139,56.00000023841858
EuroSAT,ProtoNet,fixed,7,240,1140,57.33333230018616
EuroSAT,WIPT,0.0,7,240,1140,54.666668176651
EuroSAT,Support-only Transformer,0.0,7,240,1140,56.00000023841858
EuroSAT,ProtoNet,fixed,7,241,1141,69.33333277702332
EuroSAT,WIPT,0.0,7,241,1141,65.33333659172058
EuroSAT,Support-only Transformer,0.0,7,241,1141,61.33333444595337
EuroSAT,ProtoNet,fixed,7,242,1142,56.00000023841858
EuroSAT,WIPT,0.0,7,242,1142,58.66667032241821
EuroSAT,Support-only Transformer,0.0,7,242,1142,60.00000238418579
EuroSAT,ProtoNet,fixed,7,243,1143,68.00000071525574
EuroSAT,WIPT,0.0,7,243,1143,74.6666669845581
EuroSAT,Support-only Transformer,0.0,7,243,1143,72.00000286102295
EuroSAT,ProtoNet,fixed,7,244,1144,49.33333396911621
EuroSAT,WIPT,0.0,7,244,1144,45.33333480358124
EuroSAT,Support-only Transformer,0.0,7,244,1144,41.333335638046265
EuroSAT,ProtoNet,fixed,7,245,1145,56.00000023841858
EuroSAT,WIPT,0.0,7,245,1145,58.66667032241821
EuroSAT,Support-only Transformer,0.0,7,245,1145,49.33333396911621
EuroSAT,ProtoNet,fixed,7,246,1146,60.00000238418579
EuroSAT,WIPT,0.0,7,246,1146,58.66667032241821
EuroSAT,Support-only Transformer,0.0,7,246,1146,60.00000238418579
EuroSAT,ProtoNet,fixed,7,247,1147,78.66666913032532
EuroSAT,WIPT,0.0,7,247,1147,85.33333539962769
EuroSAT,Support-only Transformer,0.0,7,247,1147,86.66666746139526
EuroSAT,ProtoNet,fixed,7,248,1148,58.66667032241821
EuroSAT,WIPT,0.0,7,248,1148,62.66666650772095
EuroSAT,Support-only Transformer,0.0,7,248,1148,60.00000238418579
EuroSAT,ProtoNet,fixed,7,249,1149,63.999998569488525
EuroSAT,WIPT,0.0,7,249,1149,58.66667032241821
EuroSAT,Support-only Transformer,0.0,7,249,1149,53.33333611488342
EuroSAT,ProtoNet,fixed,7,250,1150,41.333335638046265
EuroSAT,WIPT,0.0,7,250,1150,58.66667032241821
EuroSAT,Support-only Transformer,0.0,7,250,1150,54.666668176651
EuroSAT,ProtoNet,fixed,7,251,1151,52.000004053115845
EuroSAT,WIPT,0.0,7,251,1151,56.00000023841858
EuroSAT,Support-only Transformer,0.0,7,251,1151,60.00000238418579
EuroSAT,ProtoNet,fixed,7,252,1152,75.99999904632568
EuroSAT,WIPT,0.0,7,252,1152,68.00000071525574
EuroSAT,Support-only Transformer,0.0,7,252,1152,65.33333659172058
EuroSAT,ProtoNet,fixed,7,253,1153,69.33333277702332
EuroSAT,WIPT,0.0,7,253,1153,74.6666669845581
EuroSAT,Support-only Transformer,0.0,7,253,1153,75.99999904632568
EuroSAT,ProtoNet,fixed,7,254,1154,37.33333349227905
EuroSAT,WIPT,0.0,7,254,1154,40.00000059604645
EuroSAT,Support-only Transformer,0.0,7,254,1154,42.66666769981384
EuroSAT,ProtoNet,fixed,7,255,1155,57.33333230018616
EuroSAT,WIPT,0.0,7,255,1155,60.00000238418579
EuroSAT,Support-only Transformer,0.0,7,255,1155,65.33333659172058
EuroSAT,ProtoNet,fixed,7,256,1156,70.66667079925537
EuroSAT,WIPT,0.0,7,256,1156,70.66667079925537
EuroSAT,Support-only Transformer,0.0,7,256,1156,66.66666865348816
EuroSAT,ProtoNet,fixed,7,257,1157,60.00000238418579
EuroSAT,WIPT,0.0,7,257,1157,60.00000238418579
EuroSAT,Support-only Transformer,0.0,7,257,1157,54.666668176651
EuroSAT,ProtoNet,fixed,7,258,1158,61.33333444595337
EuroSAT,WIPT,0.0,7,258,1158,61.33333444595337
EuroSAT,Support-only Transformer,0.0,7,258,1158,63.999998569488525
EuroSAT,ProtoNet,fixed,7,259,1159,70.66667079925537
EuroSAT,WIPT,0.0,7,259,1159,68.00000071525574
EuroSAT,Support-only Transformer,0.0,7,259,1159,61.33333444595337
EuroSAT,ProtoNet,fixed,7,260,1160,48.00000190734863
EuroSAT,WIPT,0.0,7,260,1160,52.000004053115845
EuroSAT,Support-only Transformer,0.0,7,260,1160,57.33333230018616
EuroSAT,ProtoNet,fixed,7,261,1161,63.999998569488525
EuroSAT,WIPT,0.0,7,261,1161,60.00000238418579
EuroSAT,Support-only Transformer,0.0,7,261,1161,53.33333611488342
EuroSAT,ProtoNet,fixed,7,262,1162,80.0000011920929
EuroSAT,WIPT,0.0,7,262,1162,80.0000011920929
EuroSAT,Support-only Transformer,0.0,7,262,1162,80.0000011920929
EuroSAT,ProtoNet,fixed,7,263,1163,63.999998569488525
EuroSAT,WIPT,0.0,7,263,1163,63.999998569488525
EuroSAT,Support-only Transformer,0.0,7,263,1163,62.66666650772095
EuroSAT,ProtoNet,fixed,7,264,1164,66.66666865348816
EuroSAT,WIPT,0.0,7,264,1164,66.66666865348816
EuroSAT,Support-only Transformer,0.0,7,264,1164,63.999998569488525
EuroSAT,ProtoNet,fixed,7,265,1165,74.6666669845581
EuroSAT,WIPT,0.0,7,265,1165,77.33333706855774
EuroSAT,Support-only Transformer,0.0,7,265,1165,74.6666669845581
EuroSAT,ProtoNet,fixed,7,266,1166,56.00000023841858
EuroSAT,WIPT,0.0,7,266,1166,52.000004053115845
EuroSAT,Support-only Transformer,0.0,7,266,1166,50.66666603088379
EuroSAT,ProtoNet,fixed,7,267,1167,69.33333277702332
EuroSAT,WIPT,0.0,7,267,1167,70.66667079925537
EuroSAT,Support-only Transformer,0.0,7,267,1167,70.66667079925537
EuroSAT,ProtoNet,fixed,7,268,1168,62.66666650772095
EuroSAT,WIPT,0.0,7,268,1168,62.66666650772095
EuroSAT,Support-only Transformer,0.0,7,268,1168,58.66667032241821
EuroSAT,ProtoNet,fixed,7,269,1169,52.000004053115845
EuroSAT,WIPT,0.0,7,269,1169,54.666668176651
EuroSAT,Support-only Transformer,0.0,7,269,1169,62.66666650772095
EuroSAT,ProtoNet,fixed,7,270,1170,84.00000333786011
EuroSAT,WIPT,0.0,7,270,1170,85.33333539962769
EuroSAT,Support-only Transformer,0.0,7,270,1170,78.66666913032532
EuroSAT,ProtoNet,fixed,7,271,1171,80.0000011920929
EuroSAT,WIPT,0.0,7,271,1171,85.33333539962769
EuroSAT,Support-only Transformer,0.0,7,271,1171,74.6666669845581
EuroSAT,ProtoNet,fixed,7,272,1172,63.999998569488525
EuroSAT,WIPT,0.0,7,272,1172,65.33333659172058
EuroSAT,Support-only Transformer,0.0,7,272,1172,63.999998569488525
EuroSAT,ProtoNet,fixed,7,273,1173,49.33333396911621
EuroSAT,WIPT,0.0,7,273,1173,61.33333444595337
EuroSAT,Support-only Transformer,0.0,7,273,1173,66.66666865348816
EuroSAT,ProtoNet,fixed,7,274,1174,63.999998569488525
EuroSAT,WIPT,0.0,7,274,1174,65.33333659172058
EuroSAT,Support-only Transformer,0.0,7,274,1174,62.66666650772095
EuroSAT,ProtoNet,fixed,7,275,1175,80.0000011920929
EuroSAT,WIPT,0.0,7,275,1175,82.66667127609253
EuroSAT,Support-only Transformer,0.0,7,275,1175,78.66666913032532
EuroSAT,ProtoNet,fixed,7,276,1176,50.66666603088379
EuroSAT,WIPT,0.0,7,276,1176,61.33333444595337
EuroSAT,Support-only Transformer,0.0,7,276,1176,69.33333277702332
EuroSAT,ProtoNet,fixed,7,277,1177,45.33333480358124
EuroSAT,WIPT,0.0,7,277,1177,54.666668176651
EuroSAT,Support-only Transformer,0.0,7,277,1177,61.33333444595337
EuroSAT,ProtoNet,fixed,7,278,1178,65.33333659172058
EuroSAT,WIPT,0.0,7,278,1178,61.33333444595337
EuroSAT,Support-only Transformer,0.0,7,278,1178,54.666668176651
EuroSAT,ProtoNet,fixed,7,279,1179,56.00000023841858
EuroSAT,WIPT,0.0,7,279,1179,54.666668176651
EuroSAT,Support-only Transformer,0.0,7,279,1179,56.00000023841858
EuroSAT,ProtoNet,fixed,7,280,1180,69.33333277702332
EuroSAT,WIPT,0.0,7,280,1180,60.00000238418579
EuroSAT,Support-only Transformer,0.0,7,280,1180,61.33333444595337
EuroSAT,ProtoNet,fixed,7,281,1181,80.0000011920929
EuroSAT,WIPT,0.0,7,281,1181,80.0000011920929
EuroSAT,Support-only Transformer,0.0,7,281,1181,73.33333492279053
EuroSAT,ProtoNet,fixed,7,282,1182,57.33333230018616
EuroSAT,WIPT,0.0,7,282,1182,53.33333611488342
EuroSAT,Support-only Transformer,0.0,7,282,1182,56.00000023841858
EuroSAT,ProtoNet,fixed,7,283,1183,70.66667079925537
EuroSAT,WIPT,0.0,7,283,1183,70.66667079925537
EuroSAT,Support-only Transformer,0.0,7,283,1183,63.999998569488525
EuroSAT,ProtoNet,fixed,7,284,1184,75.99999904632568
EuroSAT,WIPT,0.0,7,284,1184,82.66667127609253
EuroSAT,Support-only Transformer,0.0,7,284,1184,85.33333539962769
EuroSAT,ProtoNet,fixed,7,285,1185,72.00000286102295
EuroSAT,WIPT,0.0,7,285,1185,74.6666669845581
EuroSAT,Support-only Transformer,0.0,7,285,1185,70.66667079925537
EuroSAT,ProtoNet,fixed,7,286,1186,82.66667127609253
EuroSAT,WIPT,0.0,7,286,1186,77.33333706855774
EuroSAT,Support-only Transformer,0.0,7,286,1186,72.00000286102295
EuroSAT,ProtoNet,fixed,7,287,1187,54.666668176651
EuroSAT,WIPT,0.0,7,287,1187,58.66667032241821
EuroSAT,Support-only Transformer,0.0,7,287,1187,56.00000023841858
EuroSAT,ProtoNet,fixed,7,288,1188,61.33333444595337
EuroSAT,WIPT,0.0,7,288,1188,60.00000238418579
EuroSAT,Support-only Transformer,0.0,7,288,1188,56.00000023841858
EuroSAT,ProtoNet,fixed,7,289,1189,74.6666669845581
EuroSAT,WIPT,0.0,7,289,1189,74.6666669845581
EuroSAT,Support-only Transformer,0.0,7,289,1189,72.00000286102295
EuroSAT,ProtoNet,fixed,7,290,1190,54.666668176651
EuroSAT,WIPT,0.0,7,290,1190,63.999998569488525
EuroSAT,Support-only Transformer,0.0,7,290,1190,60.00000238418579
EuroSAT,ProtoNet,fixed,7,291,1191,60.00000238418579
EuroSAT,WIPT,0.0,7,291,1191,58.66667032241821
EuroSAT,Support-only Transformer,0.0,7,291,1191,56.00000023841858
EuroSAT,ProtoNet,fixed,7,292,1192,78.66666913032532
EuroSAT,WIPT,0.0,7,292,1192,87.99999952316284
EuroSAT,Support-only Transformer,0.0,7,292,1192,86.66666746139526
EuroSAT,ProtoNet,fixed,7,293,1193,60.00000238418579
EuroSAT,WIPT,0.0,7,293,1193,63.999998569488525
EuroSAT,Support-only Transformer,0.0,7,293,1193,58.66667032241821
EuroSAT,ProtoNet,fixed,7,294,1194,56.00000023841858
EuroSAT,WIPT,0.0,7,294,1194,61.33333444595337
EuroSAT,Support-only Transformer,0.0,7,294,1194,62.66666650772095
EuroSAT,ProtoNet,fixed,7,295,1195,73.33333492279053
EuroSAT,WIPT,0.0,7,295,1195,66.66666865348816
EuroSAT,Support-only Transformer,0.0,7,295,1195,63.999998569488525
EuroSAT,ProtoNet,fixed,7,296,1196,60.00000238418579
EuroSAT,WIPT,0.0,7,296,1196,65.33333659172058
EuroSAT,Support-only Transformer,0.0,7,296,1196,68.00000071525574
EuroSAT,ProtoNet,fixed,7,297,1197,69.33333277702332
EuroSAT,WIPT,0.0,7,297,1197,65.33333659172058
EuroSAT,Support-only Transformer,0.0,7,297,1197,61.33333444595337
EuroSAT,ProtoNet,fixed,7,298,1198,61.33333444595337
EuroSAT,WIPT,0.0,7,298,1198,58.66667032241821
EuroSAT,Support-only Transformer,0.0,7,298,1198,66.66666865348816
EuroSAT,ProtoNet,fixed,7,299,1199,81.33333325386047
EuroSAT,WIPT,0.0,7,299,1199,81.33333325386047
EuroSAT,Support-only Transformer,0.0,7,299,1199,80.0000011920929
EuroSAT,ProtoNet,fixed,999,0,1200,60.00000238418579
EuroSAT,WIPT,0.0,999,0,1200,62.66666650772095
EuroSAT,Support-only Transformer,0.0,999,0,1200,53.33333611488342
EuroSAT,ProtoNet,fixed,999,1,1201,80.0000011920929
EuroSAT,WIPT,0.0,999,1,1201,72.00000286102295
EuroSAT,Support-only Transformer,0.0,999,1,1201,65.33333659172058
EuroSAT,ProtoNet,fixed,999,2,1202,63.999998569488525
EuroSAT,WIPT,0.0,999,2,1202,62.66666650772095
EuroSAT,Support-only Transformer,0.0,999,2,1202,61.33333444595337
EuroSAT,ProtoNet,fixed,999,3,1203,65.33333659172058
EuroSAT,WIPT,0.0,999,3,1203,70.66667079925537
EuroSAT,Support-only Transformer,0.0,999,3,1203,65.33333659172058
EuroSAT,ProtoNet,fixed,999,4,1204,78.66666913032532
EuroSAT,WIPT,0.0,999,4,1204,80.0000011920929
EuroSAT,Support-only Transformer,0.0,999,4,1204,78.66666913032532
EuroSAT,ProtoNet,fixed,999,5,1205,66.66666865348816
EuroSAT,WIPT,0.0,999,5,1205,69.33333277702332
EuroSAT,Support-only Transformer,0.0,999,5,1205,69.33333277702332
EuroSAT,ProtoNet,fixed,999,6,1206,48.00000190734863
EuroSAT,WIPT,0.0,999,6,1206,53.33333611488342
EuroSAT,Support-only Transformer,0.0,999,6,1206,48.00000190734863
EuroSAT,ProtoNet,fixed,999,7,1207,80.0000011920929
EuroSAT,WIPT,0.0,999,7,1207,74.6666669845581
EuroSAT,Support-only Transformer,0.0,999,7,1207,77.33333706855774
EuroSAT,ProtoNet,fixed,999,8,1208,60.00000238418579
EuroSAT,WIPT,0.0,999,8,1208,61.33333444595337
EuroSAT,Support-only Transformer,0.0,999,8,1208,56.00000023841858
EuroSAT,ProtoNet,fixed,999,9,1209,52.000004053115845
EuroSAT,WIPT,0.0,999,9,1209,49.33333396911621
EuroSAT,Support-only Transformer,0.0,999,9,1209,50.66666603088379
EuroSAT,ProtoNet,fixed,999,10,1210,78.66666913032532
EuroSAT,WIPT,0.0,999,10,1210,80.0000011920929
EuroSAT,Support-only Transformer,0.0,999,10,1210,75.99999904632568
EuroSAT,ProtoNet,fixed,999,11,1211,56.00000023841858
EuroSAT,WIPT,0.0,999,11,1211,60.00000238418579
EuroSAT,Support-only Transformer,0.0,999,11,1211,50.66666603088379
EuroSAT,ProtoNet,fixed,999,12,1212,49.33333396911621
EuroSAT,WIPT,0.0,999,12,1212,58.66667032241821
EuroSAT,Support-only Transformer,0.0,999,12,1212,66.66666865348816
EuroSAT,ProtoNet,fixed,999,13,1213,68.00000071525574
EuroSAT,WIPT,0.0,999,13,1213,63.999998569488525
EuroSAT,Support-only Transformer,0.0,999,13,1213,61.33333444595337
EuroSAT,ProtoNet,fixed,999,14,1214,62.66666650772095
EuroSAT,WIPT,0.0,999,14,1214,62.66666650772095
EuroSAT,Support-only Transformer,0.0,999,14,1214,60.00000238418579
EuroSAT,ProtoNet,fixed,999,15,1215,57.33333230018616
EuroSAT,WIPT,0.0,999,15,1215,58.66667032241821
EuroSAT,Support-only Transformer,0.0,999,15,1215,61.33333444595337
EuroSAT,ProtoNet,fixed,999,16,1216,56.00000023841858
EuroSAT,WIPT,0.0,999,16,1216,56.00000023841858
EuroSAT,Support-only Transformer,0.0,999,16,1216,62.66666650772095
EuroSAT,ProtoNet,fixed,999,17,1217,66.66666865348816
EuroSAT,WIPT,0.0,999,17,1217,66.66666865348816
EuroSAT,Support-only Transformer,0.0,999,17,1217,57.33333230018616
EuroSAT,ProtoNet,fixed,999,18,1218,73.33333492279053
EuroSAT,WIPT,0.0,999,18,1218,77.33333706855774
EuroSAT,Support-only Transformer,0.0,999,18,1218,80.0000011920929
EuroSAT,ProtoNet,fixed,999,19,1219,61.33333444595337
EuroSAT,WIPT,0.0,999,19,1219,65.33333659172058
EuroSAT,Support-only Transformer,0.0,999,19,1219,70.66667079925537
EuroSAT,ProtoNet,fixed,999,20,1220,70.66667079925537
EuroSAT,WIPT,0.0,999,20,1220,69.33333277702332
EuroSAT,Support-only Transformer,0.0,999,20,1220,62.66666650772095
EuroSAT,ProtoNet,fixed,999,21,1221,77.33333706855774
EuroSAT,WIPT,0.0,999,21,1221,73.33333492279053
EuroSAT,Support-only Transformer,0.0,999,21,1221,73.33333492279053
EuroSAT,ProtoNet,fixed,999,22,1222,58.66667032241821
EuroSAT,WIPT,0.0,999,22,1222,60.00000238418579
EuroSAT,Support-only Transformer,0.0,999,22,1222,62.66666650772095
EuroSAT,ProtoNet,fixed,999,23,1223,42.66666769981384
EuroSAT,WIPT,0.0,999,23,1223,42.66666769981384
EuroSAT,Support-only Transformer,0.0,999,23,1223,42.66666769981384
EuroSAT,ProtoNet,fixed,999,24,1224,46.666666865348816
EuroSAT,WIPT,0.0,999,24,1224,43.99999976158142
EuroSAT,Support-only Transformer,0.0,999,24,1224,50.66666603088379
EuroSAT,ProtoNet,fixed,999,25,1225,43.99999976158142
EuroSAT,WIPT,0.0,999,25,1225,49.33333396911621
EuroSAT,Support-only Transformer,0.0,999,25,1225,37.33333349227905
EuroSAT,ProtoNet,fixed,999,26,1226,65.33333659172058
EuroSAT,WIPT,0.0,999,26,1226,69.33333277702332
EuroSAT,Support-only Transformer,0.0,999,26,1226,72.00000286102295
EuroSAT,ProtoNet,fixed,999,27,1227,68.00000071525574
EuroSAT,WIPT,0.0,999,27,1227,66.66666865348816
EuroSAT,Support-only Transformer,0.0,999,27,1227,65.33333659172058
EuroSAT,ProtoNet,fixed,999,28,1228,63.999998569488525
EuroSAT,WIPT,0.0,999,28,1228,70.66667079925537
EuroSAT,Support-only Transformer,0.0,999,28,1228,63.999998569488525
EuroSAT,ProtoNet,fixed,999,29,1229,53.33333611488342
EuroSAT,WIPT,0.0,999,29,1229,52.000004053115845
EuroSAT,Support-only Transformer,0.0,999,29,1229,54.666668176651
EuroSAT,ProtoNet,fixed,999,30,1230,57.33333230018616
EuroSAT,WIPT,0.0,999,30,1230,50.66666603088379
EuroSAT,Support-only Transformer,0.0,999,30,1230,46.666666865348816
EuroSAT,ProtoNet,fixed,999,31,1231,70.66667079925537
EuroSAT,WIPT,0.0,999,31,1231,56.00000023841858
EuroSAT,Support-only Transformer,0.0,999,31,1231,46.666666865348816
EuroSAT,ProtoNet,fixed,999,32,1232,72.00000286102295
EuroSAT,WIPT,0.0,999,32,1232,72.00000286102295
EuroSAT,Support-only Transformer,0.0,999,32,1232,75.99999904632568
EuroSAT,ProtoNet,fixed,999,33,1233,56.00000023841858
EuroSAT,WIPT,0.0,999,33,1233,63.999998569488525
EuroSAT,Support-only Transformer,0.0,999,33,1233,66.66666865348816
EuroSAT,ProtoNet,fixed,999,34,1234,65.33333659172058
EuroSAT,WIPT,0.0,999,34,1234,61.33333444595337
EuroSAT,Support-only Transformer,0.0,999,34,1234,61.33333444595337
EuroSAT,ProtoNet,fixed,999,35,1235,74.6666669845581
EuroSAT,WIPT,0.0,999,35,1235,75.99999904632568
EuroSAT,Support-only Transformer,0.0,999,35,1235,70.66667079925537
EuroSAT,ProtoNet,fixed,999,36,1236,75.99999904632568
EuroSAT,WIPT,0.0,999,36,1236,73.33333492279053
EuroSAT,Support-only Transformer,0.0,999,36,1236,56.00000023841858
EuroSAT,ProtoNet,fixed,999,37,1237,72.00000286102295
EuroSAT,WIPT,0.0,999,37,1237,62.66666650772095
EuroSAT,Support-only Transformer,0.0,999,37,1237,63.999998569488525
EuroSAT,ProtoNet,fixed,999,38,1238,60.00000238418579
EuroSAT,WIPT,0.0,999,38,1238,61.33333444595337
EuroSAT,Support-only Transformer,0.0,999,38,1238,57.33333230018616
EuroSAT,ProtoNet,fixed,999,39,1239,58.66667032241821
EuroSAT,WIPT,0.0,999,39,1239,56.00000023841858
EuroSAT,Support-only Transformer,0.0,999,39,1239,58.66667032241821
EuroSAT,ProtoNet,fixed,999,40,1240,72.00000286102295
EuroSAT,WIPT,0.0,999,40,1240,72.00000286102295
EuroSAT,Support-only Transformer,0.0,999,40,1240,65.33333659172058
EuroSAT,ProtoNet,fixed,999,41,1241,58.66667032241821
EuroSAT,WIPT,0.0,999,41,1241,70.66667079925537
EuroSAT,Support-only Transformer,0.0,999,41,1241,74.6666669845581
EuroSAT,ProtoNet,fixed,999,42,1242,50.66666603088379
EuroSAT,WIPT,0.0,999,42,1242,53.33333611488342
EuroSAT,Support-only Transformer,0.0,999,42,1242,56.00000023841858
EuroSAT,ProtoNet,fixed,999,43,1243,65.33333659172058
EuroSAT,WIPT,0.0,999,43,1243,69.33333277702332
EuroSAT,Support-only Transformer,0.0,999,43,1243,60.00000238418579
EuroSAT,ProtoNet,fixed,999,44,1244,62.66666650772095
EuroSAT,WIPT,0.0,999,44,1244,73.33333492279053
EuroSAT,Support-only Transformer,0.0,999,44,1244,80.0000011920929
EuroSAT,ProtoNet,fixed,999,45,1245,30.666667222976685
EuroSAT,WIPT,0.0,999,45,1245,38.66666853427887
EuroSAT,Support-only Transformer,0.0,999,45,1245,38.66666853427887
EuroSAT,ProtoNet,fixed,999,46,1246,84.00000333786011
EuroSAT,WIPT,0.0,999,46,1246,84.00000333786011
EuroSAT,Support-only Transformer,0.0,999,46,1246,85.33333539962769
EuroSAT,ProtoNet,fixed,999,47,1247,77.33333706855774
EuroSAT,WIPT,0.0,999,47,1247,80.0000011920929
EuroSAT,Support-only Transformer,0.0,999,47,1247,73.33333492279053
EuroSAT,ProtoNet,fixed,999,48,1248,66.66666865348816
EuroSAT,WIPT,0.0,999,48,1248,69.33333277702332
EuroSAT,Support-only Transformer,0.0,999,48,1248,65.33333659172058
EuroSAT,ProtoNet,fixed,999,49,1249,77.33333706855774
EuroSAT,WIPT,0.0,999,49,1249,66.66666865348816
EuroSAT,Support-only Transformer,0.0,999,49,1249,57.33333230018616
EuroSAT,ProtoNet,fixed,999,50,1250,61.33333444595337
EuroSAT,WIPT,0.0,999,50,1250,68.00000071525574
EuroSAT,Support-only Transformer,0.0,999,50,1250,58.66667032241821
EuroSAT,ProtoNet,fixed,999,51,1251,53.33333611488342
EuroSAT,WIPT,0.0,999,51,1251,62.66666650772095
EuroSAT,Support-only Transformer,0.0,999,51,1251,72.00000286102295
EuroSAT,ProtoNet,fixed,999,52,1252,81.33333325386047
EuroSAT,WIPT,0.0,999,52,1252,89.3333375453949
EuroSAT,Support-only Transformer,0.0,999,52,1252,85.33333539962769
EuroSAT,ProtoNet,fixed,999,53,1253,70.66667079925537
EuroSAT,WIPT,0.0,999,53,1253,73.33333492279053
EuroSAT,Support-only Transformer,0.0,999,53,1253,69.33333277702332
EuroSAT,ProtoNet,fixed,999,54,1254,81.33333325386047
EuroSAT,WIPT,0.0,999,54,1254,78.66666913032532
EuroSAT,Support-only Transformer,0.0,999,54,1254,65.33333659172058
EuroSAT,ProtoNet,fixed,999,55,1255,58.66667032241821
EuroSAT,WIPT,0.0,999,55,1255,61.33333444595337
EuroSAT,Support-only Transformer,0.0,999,55,1255,63.999998569488525
EuroSAT,ProtoNet,fixed,999,56,1256,92.00000166893005
EuroSAT,WIPT,0.0,999,56,1256,90.66666960716248
EuroSAT,Support-only Transformer,0.0,999,56,1256,78.66666913032532
EuroSAT,ProtoNet,fixed,999,57,1257,62.66666650772095
EuroSAT,WIPT,0.0,999,57,1257,58.66667032241821
EuroSAT,Support-only Transformer,0.0,999,57,1257,53.33333611488342
EuroSAT,ProtoNet,fixed,999,58,1258,63.999998569488525
EuroSAT,WIPT,0.0,999,58,1258,63.999998569488525
EuroSAT,Support-only Transformer,0.0,999,58,1258,58.66667032241821
EuroSAT,ProtoNet,fixed,999,59,1259,68.00000071525574
EuroSAT,WIPT,0.0,999,59,1259,70.66667079925537
EuroSAT,Support-only Transformer,0.0,999,59,1259,69.33333277702332
EuroSAT,ProtoNet,fixed,999,60,1260,38.66666853427887
EuroSAT,WIPT,0.0,999,60,1260,36.000001430511475
EuroSAT,Support-only Transformer,0.0,999,60,1260,42.66666769981384
EuroSAT,ProtoNet,fixed,999,61,1261,74.6666669845581
EuroSAT,WIPT,0.0,999,61,1261,75.99999904632568
EuroSAT,Support-only Transformer,0.0,999,61,1261,78.66666913032532
EuroSAT,ProtoNet,fixed,999,62,1262,72.00000286102295
EuroSAT,WIPT,0.0,999,62,1262,63.999998569488525
EuroSAT,Support-only Transformer,0.0,999,62,1262,54.666668176651
EuroSAT,ProtoNet,fixed,999,63,1263,46.666666865348816
EuroSAT,WIPT,0.0,999,63,1263,46.666666865348816
EuroSAT,Support-only Transformer,0.0,999,63,1263,50.66666603088379
EuroSAT,ProtoNet,fixed,999,64,1264,57.33333230018616
EuroSAT,WIPT,0.0,999,64,1264,63.999998569488525
EuroSAT,Support-only Transformer,0.0,999,64,1264,63.999998569488525
EuroSAT,ProtoNet,fixed,999,65,1265,70.66667079925537
EuroSAT,WIPT,0.0,999,65,1265,74.6666669845581
EuroSAT,Support-only Transformer,0.0,999,65,1265,75.99999904632568
EuroSAT,ProtoNet,fixed,999,66,1266,72.00000286102295
EuroSAT,WIPT,0.0,999,66,1266,85.33333539962769
EuroSAT,Support-only Transformer,0.0,999,66,1266,86.66666746139526
EuroSAT,ProtoNet,fixed,999,67,1267,50.66666603088379
EuroSAT,WIPT,0.0,999,67,1267,56.00000023841858
EuroSAT,Support-only Transformer,0.0,999,67,1267,57.33333230018616
EuroSAT,ProtoNet,fixed,999,68,1268,66.66666865348816
EuroSAT,WIPT,0.0,999,68,1268,60.00000238418579
EuroSAT,Support-only Transformer,0.0,999,68,1268,62.66666650772095
EuroSAT,ProtoNet,fixed,999,69,1269,42.66666769981384
EuroSAT,WIPT,0.0,999,69,1269,41.333335638046265
EuroSAT,Support-only Transformer,0.0,999,69,1269,38.66666853427887
EuroSAT,ProtoNet,fixed,999,70,1270,65.33333659172058
EuroSAT,WIPT,0.0,999,70,1270,72.00000286102295
EuroSAT,Support-only Transformer,0.0,999,70,1270,74.6666669845581
EuroSAT,ProtoNet,fixed,999,71,1271,58.66667032241821
EuroSAT,WIPT,0.0,999,71,1271,63.999998569488525
EuroSAT,Support-only Transformer,0.0,999,71,1271,70.66667079925537
EuroSAT,ProtoNet,fixed,999,72,1272,75.99999904632568
EuroSAT,WIPT,0.0,999,72,1272,75.99999904632568
EuroSAT,Support-only Transformer,0.0,999,72,1272,74.6666669845581
EuroSAT,ProtoNet,fixed,999,73,1273,69.33333277702332
EuroSAT,WIPT,0.0,999,73,1273,69.33333277702332
EuroSAT,Support-only Transformer,0.0,999,73,1273,62.66666650772095
EuroSAT,ProtoNet,fixed,999,74,1274,61.33333444595337
EuroSAT,WIPT,0.0,999,74,1274,65.33333659172058
EuroSAT,Support-only Transformer,0.0,999,74,1274,61.33333444595337
EuroSAT,ProtoNet,fixed,999,75,1275,63.999998569488525
EuroSAT,WIPT,0.0,999,75,1275,66.66666865348816
EuroSAT,Support-only Transformer,0.0,999,75,1275,69.33333277702332
EuroSAT,ProtoNet,fixed,999,76,1276,53.33333611488342
EuroSAT,WIPT,0.0,999,76,1276,68.00000071525574
EuroSAT,Support-only Transformer,0.0,999,76,1276,66.66666865348816
EuroSAT,ProtoNet,fixed,999,77,1277,68.00000071525574
EuroSAT,WIPT,0.0,999,77,1277,68.00000071525574
EuroSAT,Support-only Transformer,0.0,999,77,1277,72.00000286102295
EuroSAT,ProtoNet,fixed,999,78,1278,42.66666769981384
EuroSAT,WIPT,0.0,999,78,1278,50.66666603088379
EuroSAT,Support-only Transformer,0.0,999,78,1278,50.66666603088379
EuroSAT,ProtoNet,fixed,999,79,1279,53.33333611488342
EuroSAT,WIPT,0.0,999,79,1279,63.999998569488525
EuroSAT,Support-only Transformer,0.0,999,79,1279,61.33333444595337
EuroSAT,ProtoNet,fixed,999,80,1280,63.999998569488525
EuroSAT,WIPT,0.0,999,80,1280,65.33333659172058
EuroSAT,Support-only Transformer,0.0,999,80,1280,63.999998569488525
EuroSAT,ProtoNet,fixed,999,81,1281,54.666668176651
EuroSAT,WIPT,0.0,999,81,1281,60.00000238418579
EuroSAT,Support-only Transformer,0.0,999,81,1281,69.33333277702332
EuroSAT,ProtoNet,fixed,999,82,1282,56.00000023841858
EuroSAT,WIPT,0.0,999,82,1282,63.999998569488525
EuroSAT,Support-only Transformer,0.0,999,82,1282,68.00000071525574
EuroSAT,ProtoNet,fixed,999,83,1283,70.66667079925537
EuroSAT,WIPT,0.0,999,83,1283,70.66667079925537
EuroSAT,Support-only Transformer,0.0,999,83,1283,65.33333659172058
EuroSAT,ProtoNet,fixed,999,84,1284,66.66666865348816
EuroSAT,WIPT,0.0,999,84,1284,77.33333706855774
EuroSAT,Support-only Transformer,0.0,999,84,1284,69.33333277702332
EuroSAT,ProtoNet,fixed,999,85,1285,69.33333277702332
EuroSAT,WIPT,0.0,999,85,1285,66.66666865348816
EuroSAT,Support-only Transformer,0.0,999,85,1285,53.33333611488342
EuroSAT,ProtoNet,fixed,999,86,1286,61.33333444595337
EuroSAT,WIPT,0.0,999,86,1286,53.33333611488342
EuroSAT,Support-only Transformer,0.0,999,86,1286,57.33333230018616
EuroSAT,ProtoNet,fixed,999,87,1287,46.666666865348816
EuroSAT,WIPT,0.0,999,87,1287,48.00000190734863
EuroSAT,Support-only Transformer,0.0,999,87,1287,53.33333611488342
EuroSAT,ProtoNet,fixed,999,88,1288,62.66666650772095
EuroSAT,WIPT,0.0,999,88,1288,57.33333230018616
EuroSAT,Support-only Transformer,0.0,999,88,1288,56.00000023841858
EuroSAT,ProtoNet,fixed,999,89,1289,52.000004053115845
EuroSAT,WIPT,0.0,999,89,1289,58.66667032241821
EuroSAT,Support-only Transformer,0.0,999,89,1289,65.33333659172058
EuroSAT,ProtoNet,fixed,999,90,1290,50.66666603088379
EuroSAT,WIPT,0.0,999,90,1290,53.33333611488342
EuroSAT,Support-only Transformer,0.0,999,90,1290,53.33333611488342
EuroSAT,ProtoNet,fixed,999,91,1291,62.66666650772095
EuroSAT,WIPT,0.0,999,91,1291,63.999998569488525
EuroSAT,Support-only Transformer,0.0,999,91,1291,69.33333277702332
EuroSAT,ProtoNet,fixed,999,92,1292,65.33333659172058
EuroSAT,WIPT,0.0,999,92,1292,65.33333659172058
EuroSAT,Support-only Transformer,0.0,999,92,1292,68.00000071525574
EuroSAT,ProtoNet,fixed,999,93,1293,50.66666603088379
EuroSAT,WIPT,0.0,999,93,1293,69.33333277702332
EuroSAT,Support-only Transformer,0.0,999,93,1293,69.33333277702332
EuroSAT,ProtoNet,fixed,999,94,1294,84.00000333786011
EuroSAT,WIPT,0.0,999,94,1294,86.66666746139526
EuroSAT,Support-only Transformer,0.0,999,94,1294,82.66667127609253
EuroSAT,ProtoNet,fixed,999,95,1295,69.33333277702332
EuroSAT,WIPT,0.0,999,95,1295,72.00000286102295
EuroSAT,Support-only Transformer,0.0,999,95,1295,62.66666650772095
EuroSAT,ProtoNet,fixed,999,96,1296,60.00000238418579
EuroSAT,WIPT,0.0,999,96,1296,52.000004053115845
EuroSAT,Support-only Transformer,0.0,999,96,1296,49.33333396911621
EuroSAT,ProtoNet,fixed,999,97,1297,87.99999952316284
EuroSAT,WIPT,0.0,999,97,1297,90.66666960716248
EuroSAT,Support-only Transformer,0.0,999,97,1297,80.0000011920929
EuroSAT,ProtoNet,fixed,999,98,1298,65.33333659172058
EuroSAT,WIPT,0.0,999,98,1298,62.66666650772095
EuroSAT,Support-only Transformer,0.0,999,98,1298,58.66667032241821
EuroSAT,ProtoNet,fixed,999,99,1299,56.00000023841858
EuroSAT,WIPT,0.0,999,99,1299,63.999998569488525
EuroSAT,Support-only Transformer,0.0,999,99,1299,58.66667032241821
EuroSAT,ProtoNet,fixed,999,100,1300,66.66666865348816
EuroSAT,WIPT,0.0,999,100,1300,66.66666865348816
EuroSAT,Support-only Transformer,0.0,999,100,1300,69.33333277702332
EuroSAT,ProtoNet,fixed,999,101,1301,52.000004053115845
EuroSAT,WIPT,0.0,999,101,1301,61.33333444595337
EuroSAT,Support-only Transformer,0.0,999,101,1301,65.33333659172058
EuroSAT,ProtoNet,fixed,999,102,1302,43.99999976158142
EuroSAT,WIPT,0.0,999,102,1302,42.66666769981384
EuroSAT,Support-only Transformer,0.0,999,102,1302,40.00000059604645
EuroSAT,ProtoNet,fixed,999,103,1303,65.33333659172058
EuroSAT,WIPT,0.0,999,103,1303,63.999998569488525
EuroSAT,Support-only Transformer,0.0,999,103,1303,49.33333396911621
EuroSAT,ProtoNet,fixed,999,104,1304,61.33333444595337
EuroSAT,WIPT,0.0,999,104,1304,54.666668176651
EuroSAT,Support-only Transformer,0.0,999,104,1304,52.000004053115845
EuroSAT,ProtoNet,fixed,999,105,1305,63.999998569488525
EuroSAT,WIPT,0.0,999,105,1305,66.66666865348816
EuroSAT,Support-only Transformer,0.0,999,105,1305,56.00000023841858
EuroSAT,ProtoNet,fixed,999,106,1306,50.66666603088379
EuroSAT,WIPT,0.0,999,106,1306,61.33333444595337
EuroSAT,Support-only Transformer,0.0,999,106,1306,60.00000238418579
EuroSAT,ProtoNet,fixed,999,107,1307,61.33333444595337
EuroSAT,WIPT,0.0,999,107,1307,70.66667079925537
EuroSAT,Support-only Transformer,0.0,999,107,1307,70.66667079925537
EuroSAT,ProtoNet,fixed,999,108,1308,50.66666603088379
EuroSAT,WIPT,0.0,999,108,1308,61.33333444595337
EuroSAT,Support-only Transformer,0.0,999,108,1308,62.66666650772095
EuroSAT,ProtoNet,fixed,999,109,1309,63.999998569488525
EuroSAT,WIPT,0.0,999,109,1309,54.666668176651
EuroSAT,Support-only Transformer,0.0,999,109,1309,46.666666865348816
EuroSAT,ProtoNet,fixed,999,110,1310,72.00000286102295
EuroSAT,WIPT,0.0,999,110,1310,70.66667079925537
EuroSAT,Support-only Transformer,0.0,999,110,1310,63.999998569488525
EuroSAT,ProtoNet,fixed,999,111,1311,66.66666865348816
EuroSAT,WIPT,0.0,999,111,1311,62.66666650772095
EuroSAT,Support-only Transformer,0.0,999,111,1311,61.33333444595337
EuroSAT,ProtoNet,fixed,999,112,1312,60.00000238418579
EuroSAT,WIPT,0.0,999,112,1312,62.66666650772095
EuroSAT,Support-only Transformer,0.0,999,112,1312,58.66667032241821
EuroSAT,ProtoNet,fixed,999,113,1313,63.999998569488525
EuroSAT,WIPT,0.0,999,113,1313,66.66666865348816
EuroSAT,Support-only Transformer,0.0,999,113,1313,66.66666865348816
EuroSAT,ProtoNet,fixed,999,114,1314,52.000004053115845
EuroSAT,WIPT,0.0,999,114,1314,49.33333396911621
EuroSAT,Support-only Transformer,0.0,999,114,1314,48.00000190734863
EuroSAT,ProtoNet,fixed,999,115,1315,74.6666669845581
EuroSAT,WIPT,0.0,999,115,1315,69.33333277702332
EuroSAT,Support-only Transformer,0.0,999,115,1315,62.66666650772095
EuroSAT,ProtoNet,fixed,999,116,1316,72.00000286102295
EuroSAT,WIPT,0.0,999,116,1316,77.33333706855774
EuroSAT,Support-only Transformer,0.0,999,116,1316,75.99999904632568
EuroSAT,ProtoNet,fixed,999,117,1317,56.00000023841858
EuroSAT,WIPT,0.0,999,117,1317,63.999998569488525
EuroSAT,Support-only Transformer,0.0,999,117,1317,65.33333659172058
EuroSAT,ProtoNet,fixed,999,118,1318,68.00000071525574
EuroSAT,WIPT,0.0,999,118,1318,74.6666669845581
EuroSAT,Support-only Transformer,0.0,999,118,1318,73.33333492279053
EuroSAT,ProtoNet,fixed,999,119,1319,58.66667032241821
EuroSAT,WIPT,0.0,999,119,1319,50.66666603088379
EuroSAT,Support-only Transformer,0.0,999,119,1319,45.33333480358124
EuroSAT,ProtoNet,fixed,999,120,1320,52.000004053115845
EuroSAT,WIPT,0.0,999,120,1320,42.66666769981384
EuroSAT,Support-only Transformer,0.0,999,120,1320,48.00000190734863
EuroSAT,ProtoNet,fixed,999,121,1321,45.33333480358124
EuroSAT,WIPT,0.0,999,121,1321,49.33333396911621
EuroSAT,Support-only Transformer,0.0,999,121,1321,57.33333230018616
EuroSAT,ProtoNet,fixed,999,122,1322,61.33333444595337
EuroSAT,WIPT,0.0,999,122,1322,54.666668176651
EuroSAT,Support-only Transformer,0.0,999,122,1322,54.666668176651
EuroSAT,ProtoNet,fixed,999,123,1323,62.66666650772095
EuroSAT,WIPT,0.0,999,123,1323,72.00000286102295
EuroSAT,Support-only Transformer,0.0,999,123,1323,74.6666669845581
EuroSAT,ProtoNet,fixed,999,124,1324,65.33333659172058
EuroSAT,WIPT,0.0,999,124,1324,62.66666650772095
EuroSAT,Support-only Transformer,0.0,999,124,1324,54.666668176651
EuroSAT,ProtoNet,fixed,999,125,1325,72.00000286102295
EuroSAT,WIPT,0.0,999,125,1325,65.33333659172058
EuroSAT,Support-only Transformer,0.0,999,125,1325,58.66667032241821
EuroSAT,ProtoNet,fixed,999,126,1326,62.66666650772095
EuroSAT,WIPT,0.0,999,126,1326,68.00000071525574
EuroSAT,Support-only Transformer,0.0,999,126,1326,74.6666669845581
EuroSAT,ProtoNet,fixed,999,127,1327,50.66666603088379
EuroSAT,WIPT,0.0,999,127,1327,53.33333611488342
EuroSAT,Support-only Transformer,0.0,999,127,1327,52.000004053115845
EuroSAT,ProtoNet,fixed,999,128,1328,50.66666603088379
EuroSAT,WIPT,0.0,999,128,1328,50.66666603088379
EuroSAT,Support-only Transformer,0.0,999,128,1328,52.000004053115845
EuroSAT,ProtoNet,fixed,999,129,1329,65.33333659172058
EuroSAT,WIPT,0.0,999,129,1329,69.33333277702332
EuroSAT,Support-only Transformer,0.0,999,129,1329,63.999998569488525
EuroSAT,ProtoNet,fixed,999,130,1330,62.66666650772095
EuroSAT,WIPT,0.0,999,130,1330,66.66666865348816
EuroSAT,Support-only Transformer,0.0,999,130,1330,62.66666650772095
EuroSAT,ProtoNet,fixed,999,131,1331,65.33333659172058
EuroSAT,WIPT,0.0,999,131,1331,62.66666650772095
EuroSAT,Support-only Transformer,0.0,999,131,1331,65.33333659172058
EuroSAT,ProtoNet,fixed,999,132,1332,56.00000023841858
EuroSAT,WIPT,0.0,999,132,1332,69.33333277702332
EuroSAT,Support-only Transformer,0.0,999,132,1332,65.33333659172058
EuroSAT,ProtoNet,fixed,999,133,1333,86.66666746139526
EuroSAT,WIPT,0.0,999,133,1333,84.00000333786011
EuroSAT,Support-only Transformer,0.0,999,133,1333,77.33333706855774
EuroSAT,ProtoNet,fixed,999,134,1334,70.66667079925537
EuroSAT,WIPT,0.0,999,134,1334,72.00000286102295
EuroSAT,Support-only Transformer,0.0,999,134,1334,68.00000071525574
EuroSAT,ProtoNet,fixed,999,135,1335,80.0000011920929
EuroSAT,WIPT,0.0,999,135,1335,82.66667127609253
EuroSAT,Support-only Transformer,0.0,999,135,1335,75.99999904632568
EuroSAT,ProtoNet,fixed,999,136,1336,78.66666913032532
EuroSAT,WIPT,0.0,999,136,1336,70.66667079925537
EuroSAT,Support-only Transformer,0.0,999,136,1336,70.66667079925537
EuroSAT,ProtoNet,fixed,999,137,1337,56.00000023841858
EuroSAT,WIPT,0.0,999,137,1337,57.33333230018616
EuroSAT,Support-only Transformer,0.0,999,137,1337,46.666666865348816
EuroSAT,ProtoNet,fixed,999,138,1338,69.33333277702332
EuroSAT,WIPT,0.0,999,138,1338,75.99999904632568
EuroSAT,Support-only Transformer,0.0,999,138,1338,77.33333706855774
EuroSAT,ProtoNet,fixed,999,139,1339,57.33333230018616
EuroSAT,WIPT,0.0,999,139,1339,61.33333444595337
EuroSAT,Support-only Transformer,0.0,999,139,1339,61.33333444595337
EuroSAT,ProtoNet,fixed,999,140,1340,77.33333706855774
EuroSAT,WIPT,0.0,999,140,1340,75.99999904632568
EuroSAT,Support-only Transformer,0.0,999,140,1340,72.00000286102295
EuroSAT,ProtoNet,fixed,999,141,1341,56.00000023841858
EuroSAT,WIPT,0.0,999,141,1341,57.33333230018616
EuroSAT,Support-only Transformer,0.0,999,141,1341,56.00000023841858
EuroSAT,ProtoNet,fixed,999,142,1342,56.00000023841858
EuroSAT,WIPT,0.0,999,142,1342,57.33333230018616
EuroSAT,Support-only Transformer,0.0,999,142,1342,52.000004053115845
EuroSAT,ProtoNet,fixed,999,143,1343,48.00000190734863
EuroSAT,WIPT,0.0,999,143,1343,50.66666603088379
EuroSAT,Support-only Transformer,0.0,999,143,1343,38.66666853427887
EuroSAT,ProtoNet,fixed,999,144,1344,66.66666865348816
EuroSAT,WIPT,0.0,999,144,1344,72.00000286102295
EuroSAT,Support-only Transformer,0.0,999,144,1344,56.00000023841858
EuroSAT,ProtoNet,fixed,999,145,1345,61.33333444595337
EuroSAT,WIPT,0.0,999,145,1345,63.999998569488525
EuroSAT,Support-only Transformer,0.0,999,145,1345,61.33333444595337
EuroSAT,ProtoNet,fixed,999,146,1346,65.33333659172058
EuroSAT,WIPT,0.0,999,146,1346,60.00000238418579
EuroSAT,Support-only Transformer,0.0,999,146,1346,57.33333230018616
EuroSAT,ProtoNet,fixed,999,147,1347,48.00000190734863
EuroSAT,WIPT,0.0,999,147,1347,41.333335638046265
EuroSAT,Support-only Transformer,0.0,999,147,1347,36.000001430511475
EuroSAT,ProtoNet,fixed,999,148,1348,53.33333611488342
EuroSAT,WIPT,0.0,999,148,1348,60.00000238418579
EuroSAT,Support-only Transformer,0.0,999,148,1348,61.33333444595337
EuroSAT,ProtoNet,fixed,999,149,1349,53.33333611488342
EuroSAT,WIPT,0.0,999,149,1349,69.33333277702332
EuroSAT,Support-only Transformer,0.0,999,149,1349,66.66666865348816
EuroSAT,ProtoNet,fixed,999,150,1350,69.33333277702332
EuroSAT,WIPT,0.0,999,150,1350,66.66666865348816
EuroSAT,Support-only Transformer,0.0,999,150,1350,56.00000023841858
EuroSAT,ProtoNet,fixed,999,151,1351,58.66667032241821
EuroSAT,WIPT,0.0,999,151,1351,61.33333444595337
EuroSAT,Support-only Transformer,0.0,999,151,1351,63.999998569488525
EuroSAT,ProtoNet,fixed,999,152,1352,73.33333492279053
EuroSAT,WIPT,0.0,999,152,1352,73.33333492279053
EuroSAT,Support-only Transformer,0.0,999,152,1352,75.99999904632568
EuroSAT,ProtoNet,fixed,999,153,1353,61.33333444595337
EuroSAT,WIPT,0.0,999,153,1353,68.00000071525574
EuroSAT,Support-only Transformer,0.0,999,153,1353,62.66666650772095
EuroSAT,ProtoNet,fixed,999,154,1354,70.66667079925537
EuroSAT,WIPT,0.0,999,154,1354,75.99999904632568
EuroSAT,Support-only Transformer,0.0,999,154,1354,73.33333492279053
EuroSAT,ProtoNet,fixed,999,155,1355,56.00000023841858
EuroSAT,WIPT,0.0,999,155,1355,69.33333277702332
EuroSAT,Support-only Transformer,0.0,999,155,1355,53.33333611488342
EuroSAT,ProtoNet,fixed,999,156,1356,45.33333480358124
EuroSAT,WIPT,0.0,999,156,1356,50.66666603088379
EuroSAT,Support-only Transformer,0.0,999,156,1356,57.33333230018616
EuroSAT,ProtoNet,fixed,999,157,1357,54.666668176651
EuroSAT,WIPT,0.0,999,157,1357,58.66667032241821
EuroSAT,Support-only Transformer,0.0,999,157,1357,58.66667032241821
EuroSAT,ProtoNet,fixed,999,158,1358,75.99999904632568
EuroSAT,WIPT,0.0,999,158,1358,75.99999904632568
EuroSAT,Support-only Transformer,0.0,999,158,1358,81.33333325386047
EuroSAT,ProtoNet,fixed,999,159,1359,75.99999904632568
EuroSAT,WIPT,0.0,999,159,1359,78.66666913032532
EuroSAT,Support-only Transformer,0.0,999,159,1359,78.66666913032532
EuroSAT,ProtoNet,fixed,999,160,1360,53.33333611488342
EuroSAT,WIPT,0.0,999,160,1360,48.00000190734863
EuroSAT,Support-only Transformer,0.0,999,160,1360,50.66666603088379
EuroSAT,ProtoNet,fixed,999,161,1361,65.33333659172058
EuroSAT,WIPT,0.0,999,161,1361,73.33333492279053
EuroSAT,Support-only Transformer,0.0,999,161,1361,74.6666669845581
EuroSAT,ProtoNet,fixed,999,162,1362,75.99999904632568
EuroSAT,WIPT,0.0,999,162,1362,78.66666913032532
EuroSAT,Support-only Transformer,0.0,999,162,1362,77.33333706855774
EuroSAT,ProtoNet,fixed,999,163,1363,77.33333706855774
EuroSAT,WIPT,0.0,999,163,1363,80.0000011920929
EuroSAT,Support-only Transformer,0.0,999,163,1363,78.66666913032532
EuroSAT,ProtoNet,fixed,999,164,1364,49.33333396911621
EuroSAT,WIPT,0.0,999,164,1364,45.33333480358124
EuroSAT,Support-only Transformer,0.0,999,164,1364,42.66666769981384
EuroSAT,ProtoNet,fixed,999,165,1365,70.66667079925537
EuroSAT,WIPT,0.0,999,165,1365,77.33333706855774
EuroSAT,Support-only Transformer,0.0,999,165,1365,77.33333706855774
EuroSAT,ProtoNet,fixed,999,166,1366,63.999998569488525
EuroSAT,WIPT,0.0,999,166,1366,65.33333659172058
EuroSAT,Support-only Transformer,0.0,999,166,1366,61.33333444595337
EuroSAT,ProtoNet,fixed,999,167,1367,69.33333277702332
EuroSAT,WIPT,0.0,999,167,1367,73.33333492279053
EuroSAT,Support-only Transformer,0.0,999,167,1367,70.66667079925537
EuroSAT,ProtoNet,fixed,999,168,1368,45.33333480358124
EuroSAT,WIPT,0.0,999,168,1368,53.33333611488342
EuroSAT,Support-only Transformer,0.0,999,168,1368,48.00000190734863
EuroSAT,ProtoNet,fixed,999,169,1369,69.33333277702332
EuroSAT,WIPT,0.0,999,169,1369,73.33333492279053
EuroSAT,Support-only Transformer,0.0,999,169,1369,70.66667079925537
EuroSAT,ProtoNet,fixed,999,170,1370,69.33333277702332
EuroSAT,WIPT,0.0,999,170,1370,63.999998569488525
EuroSAT,Support-only Transformer,0.0,999,170,1370,61.33333444595337
EuroSAT,ProtoNet,fixed,999,171,1371,69.33333277702332
EuroSAT,WIPT,0.0,999,171,1371,72.00000286102295
EuroSAT,Support-only Transformer,0.0,999,171,1371,70.66667079925537
EuroSAT,ProtoNet,fixed,999,172,1372,72.00000286102295
EuroSAT,WIPT,0.0,999,172,1372,73.33333492279053
EuroSAT,Support-only Transformer,0.0,999,172,1372,62.66666650772095
EuroSAT,ProtoNet,fixed,999,173,1373,62.66666650772095
EuroSAT,WIPT,0.0,999,173,1373,73.33333492279053
EuroSAT,Support-only Transformer,0.0,999,173,1373,73.33333492279053
EuroSAT,ProtoNet,fixed,999,174,1374,53.33333611488342
EuroSAT,WIPT,0.0,999,174,1374,58.66667032241821
EuroSAT,Support-only Transformer,0.0,999,174,1374,63.999998569488525
EuroSAT,ProtoNet,fixed,999,175,1375,42.66666769981384
EuroSAT,WIPT,0.0,999,175,1375,38.66666853427887
EuroSAT,Support-only Transformer,0.0,999,175,1375,45.33333480358124
EuroSAT,ProtoNet,fixed,999,176,1376,73.33333492279053
EuroSAT,WIPT,0.0,999,176,1376,75.99999904632568
EuroSAT,Support-only Transformer,0.0,999,176,1376,72.00000286102295
EuroSAT,ProtoNet,fixed,999,177,1377,72.00000286102295
EuroSAT,WIPT,0.0,999,177,1377,62.66666650772095
EuroSAT,Support-only Transformer,0.0,999,177,1377,63.999998569488525
EuroSAT,ProtoNet,fixed,999,178,1378,75.99999904632568
EuroSAT,WIPT,0.0,999,178,1378,81.33333325386047
EuroSAT,Support-only Transformer,0.0,999,178,1378,77.33333706855774
EuroSAT,ProtoNet,fixed,999,179,1379,77.33333706855774
EuroSAT,WIPT,0.0,999,179,1379,77.33333706855774
EuroSAT,Support-only Transformer,0.0,999,179,1379,81.33333325386047
EuroSAT,ProtoNet,fixed,999,180,1380,58.66667032241821
EuroSAT,WIPT,0.0,999,180,1380,61.33333444595337
EuroSAT,Support-only Transformer,0.0,999,180,1380,50.66666603088379
EuroSAT,ProtoNet,fixed,999,181,1381,72.00000286102295
EuroSAT,WIPT,0.0,999,181,1381,70.66667079925537
EuroSAT,Support-only Transformer,0.0,999,181,1381,78.66666913032532
EuroSAT,ProtoNet,fixed,999,182,1382,63.999998569488525
EuroSAT,WIPT,0.0,999,182,1382,60.00000238418579
EuroSAT,Support-only Transformer,0.0,999,182,1382,58.66667032241821
EuroSAT,ProtoNet,fixed,999,183,1383,70.66667079925537
EuroSAT,WIPT,0.0,999,183,1383,70.66667079925537
EuroSAT,Support-only Transformer,0.0,999,183,1383,70.66667079925537
EuroSAT,ProtoNet,fixed,999,184,1384,48.00000190734863
EuroSAT,WIPT,0.0,999,184,1384,48.00000190734863
EuroSAT,Support-only Transformer,0.0,999,184,1384,46.666666865348816
EuroSAT,ProtoNet,fixed,999,185,1385,60.00000238418579
EuroSAT,WIPT,0.0,999,185,1385,58.66667032241821
EuroSAT,Support-only Transformer,0.0,999,185,1385,62.66666650772095
EuroSAT,ProtoNet,fixed,999,186,1386,54.666668176651
EuroSAT,WIPT,0.0,999,186,1386,52.000004053115845
EuroSAT,Support-only Transformer,0.0,999,186,1386,49.33333396911621
EuroSAT,ProtoNet,fixed,999,187,1387,56.00000023841858
EuroSAT,WIPT,0.0,999,187,1387,58.66667032241821
EuroSAT,Support-only Transformer,0.0,999,187,1387,54.666668176651
EuroSAT,ProtoNet,fixed,999,188,1388,63.999998569488525
EuroSAT,WIPT,0.0,999,188,1388,68.00000071525574
EuroSAT,Support-only Transformer,0.0,999,188,1388,62.66666650772095
EuroSAT,ProtoNet,fixed,999,189,1389,53.33333611488342
EuroSAT,WIPT,0.0,999,189,1389,60.00000238418579
EuroSAT,Support-only Transformer,0.0,999,189,1389,73.33333492279053
EuroSAT,ProtoNet,fixed,999,190,1390,60.00000238418579
EuroSAT,WIPT,0.0,999,190,1390,63.999998569488525
EuroSAT,Support-only Transformer,0.0,999,190,1390,56.00000023841858
EuroSAT,ProtoNet,fixed,999,191,1391,58.66667032241821
EuroSAT,WIPT,0.0,999,191,1391,60.00000238418579
EuroSAT,Support-only Transformer,0.0,999,191,1391,66.66666865348816
EuroSAT,ProtoNet,fixed,999,192,1392,77.33333706855774
EuroSAT,WIPT,0.0,999,192,1392,72.00000286102295
EuroSAT,Support-only Transformer,0.0,999,192,1392,70.66667079925537
EuroSAT,ProtoNet,fixed,999,193,1393,48.00000190734863
EuroSAT,WIPT,0.0,999,193,1393,52.000004053115845
EuroSAT,Support-only Transformer,0.0,999,193,1393,52.000004053115845
EuroSAT,ProtoNet,fixed,999,194,1394,54.666668176651
EuroSAT,WIPT,0.0,999,194,1394,73.33333492279053
EuroSAT,Support-only Transformer,0.0,999,194,1394,66.66666865348816
EuroSAT,ProtoNet,fixed,999,195,1395,69.33333277702332
EuroSAT,WIPT,0.0,999,195,1395,61.33333444595337
EuroSAT,Support-only Transformer,0.0,999,195,1395,57.33333230018616
EuroSAT,ProtoNet,fixed,999,196,1396,69.33333277702332
EuroSAT,WIPT,0.0,999,196,1396,68.00000071525574
EuroSAT,Support-only Transformer,0.0,999,196,1396,58.66667032241821
EuroSAT,ProtoNet,fixed,999,197,1397,46.666666865348816
EuroSAT,WIPT,0.0,999,197,1397,43.99999976158142
EuroSAT,Support-only Transformer,0.0,999,197,1397,46.666666865348816
EuroSAT,ProtoNet,fixed,999,198,1398,63.999998569488525
EuroSAT,WIPT,0.0,999,198,1398,66.66666865348816
EuroSAT,Support-only Transformer,0.0,999,198,1398,52.000004053115845
EuroSAT,ProtoNet,fixed,999,199,1399,52.000004053115845
EuroSAT,WIPT,0.0,999,199,1399,53.33333611488342
EuroSAT,Support-only Transformer,0.0,999,199,1399,50.66666603088379
EuroSAT,ProtoNet,fixed,999,200,1400,56.00000023841858
EuroSAT,WIPT,0.0,999,200,1400,63.999998569488525
EuroSAT,Support-only Transformer,0.0,999,200,1400,66.66666865348816
EuroSAT,ProtoNet,fixed,999,201,1401,62.66666650772095
EuroSAT,WIPT,0.0,999,201,1401,58.66667032241821
EuroSAT,Support-only Transformer,0.0,999,201,1401,57.33333230018616
EuroSAT,ProtoNet,fixed,999,202,1402,80.0000011920929
EuroSAT,WIPT,0.0,999,202,1402,80.0000011920929
EuroSAT,Support-only Transformer,0.0,999,202,1402,78.66666913032532
EuroSAT,ProtoNet,fixed,999,203,1403,57.33333230018616
EuroSAT,WIPT,0.0,999,203,1403,58.66667032241821
EuroSAT,Support-only Transformer,0.0,999,203,1403,60.00000238418579
EuroSAT,ProtoNet,fixed,999,204,1404,66.66666865348816
EuroSAT,WIPT,0.0,999,204,1404,65.33333659172058
EuroSAT,Support-only Transformer,0.0,999,204,1404,60.00000238418579
EuroSAT,ProtoNet,fixed,999,205,1405,69.33333277702332
EuroSAT,WIPT,0.0,999,205,1405,73.33333492279053
EuroSAT,Support-only Transformer,0.0,999,205,1405,66.66666865348816
EuroSAT,ProtoNet,fixed,999,206,1406,63.999998569488525
EuroSAT,WIPT,0.0,999,206,1406,72.00000286102295
EuroSAT,Support-only Transformer,0.0,999,206,1406,66.66666865348816
EuroSAT,ProtoNet,fixed,999,207,1407,74.6666669845581
EuroSAT,WIPT,0.0,999,207,1407,75.99999904632568
EuroSAT,Support-only Transformer,0.0,999,207,1407,72.00000286102295
EuroSAT,ProtoNet,fixed,999,208,1408,56.00000023841858
EuroSAT,WIPT,0.0,999,208,1408,60.00000238418579
EuroSAT,Support-only Transformer,0.0,999,208,1408,56.00000023841858
EuroSAT,ProtoNet,fixed,999,209,1409,57.33333230018616
EuroSAT,WIPT,0.0,999,209,1409,52.000004053115845
EuroSAT,Support-only Transformer,0.0,999,209,1409,46.666666865348816
EuroSAT,ProtoNet,fixed,999,210,1410,75.99999904632568
EuroSAT,WIPT,0.0,999,210,1410,74.6666669845581
EuroSAT,Support-only Transformer,0.0,999,210,1410,81.33333325386047
EuroSAT,ProtoNet,fixed,999,211,1411,68.00000071525574
EuroSAT,WIPT,0.0,999,211,1411,72.00000286102295
EuroSAT,Support-only Transformer,0.0,999,211,1411,73.33333492279053
EuroSAT,ProtoNet,fixed,999,212,1412,72.00000286102295
EuroSAT,WIPT,0.0,999,212,1412,77.33333706855774
EuroSAT,Support-only Transformer,0.0,999,212,1412,66.66666865348816
EuroSAT,ProtoNet,fixed,999,213,1413,57.33333230018616
EuroSAT,WIPT,0.0,999,213,1413,58.66667032241821
EuroSAT,Support-only Transformer,0.0,999,213,1413,60.00000238418579
EuroSAT,ProtoNet,fixed,999,214,1414,52.000004053115845
EuroSAT,WIPT,0.0,999,214,1414,58.66667032241821
EuroSAT,Support-only Transformer,0.0,999,214,1414,61.33333444595337
EuroSAT,ProtoNet,fixed,999,215,1415,60.00000238418579
EuroSAT,WIPT,0.0,999,215,1415,52.000004053115845
EuroSAT,Support-only Transformer,0.0,999,215,1415,49.33333396911621
EuroSAT,ProtoNet,fixed,999,216,1416,72.00000286102295
EuroSAT,WIPT,0.0,999,216,1416,72.00000286102295
EuroSAT,Support-only Transformer,0.0,999,216,1416,62.66666650772095
EuroSAT,ProtoNet,fixed,999,217,1417,43.99999976158142
EuroSAT,WIPT,0.0,999,217,1417,45.33333480358124
EuroSAT,Support-only Transformer,0.0,999,217,1417,43.99999976158142
EuroSAT,ProtoNet,fixed,999,218,1418,63.999998569488525
EuroSAT,WIPT,0.0,999,218,1418,63.999998569488525
EuroSAT,Support-only Transformer,0.0,999,218,1418,58.66667032241821
EuroSAT,ProtoNet,fixed,999,219,1419,63.999998569488525
EuroSAT,WIPT,0.0,999,219,1419,70.66667079925537
EuroSAT,Support-only Transformer,0.0,999,219,1419,65.33333659172058
EuroSAT,ProtoNet,fixed,999,220,1420,54.666668176651
EuroSAT,WIPT,0.0,999,220,1420,56.00000023841858
EuroSAT,Support-only Transformer,0.0,999,220,1420,56.00000023841858
EuroSAT,ProtoNet,fixed,999,221,1421,66.66666865348816
EuroSAT,WIPT,0.0,999,221,1421,63.999998569488525
EuroSAT,Support-only Transformer,0.0,999,221,1421,61.33333444595337
EuroSAT,ProtoNet,fixed,999,222,1422,46.666666865348816
EuroSAT,WIPT,0.0,999,222,1422,53.33333611488342
EuroSAT,Support-only Transformer,0.0,999,222,1422,43.99999976158142
EuroSAT,ProtoNet,fixed,999,223,1423,65.33333659172058
EuroSAT,WIPT,0.0,999,223,1423,56.00000023841858
EuroSAT,Support-only Transformer,0.0,999,223,1423,50.66666603088379
EuroSAT,ProtoNet,fixed,999,224,1424,37.33333349227905
EuroSAT,WIPT,0.0,999,224,1424,42.66666769981384
EuroSAT,Support-only Transformer,0.0,999,224,1424,45.33333480358124
EuroSAT,ProtoNet,fixed,999,225,1425,66.66666865348816
EuroSAT,WIPT,0.0,999,225,1425,68.00000071525574
EuroSAT,Support-only Transformer,0.0,999,225,1425,69.33333277702332
EuroSAT,ProtoNet,fixed,999,226,1426,70.66667079925537
EuroSAT,WIPT,0.0,999,226,1426,62.66666650772095
EuroSAT,Support-only Transformer,0.0,999,226,1426,58.66667032241821
EuroSAT,ProtoNet,fixed,999,227,1427,54.666668176651
EuroSAT,WIPT,0.0,999,227,1427,57.33333230018616
EuroSAT,Support-only Transformer,0.0,999,227,1427,62.66666650772095
EuroSAT,ProtoNet,fixed,999,228,1428,54.666668176651
EuroSAT,WIPT,0.0,999,228,1428,56.00000023841858
EuroSAT,Support-only Transformer,0.0,999,228,1428,46.666666865348816
EuroSAT,ProtoNet,fixed,999,229,1429,45.33333480358124
EuroSAT,WIPT,0.0,999,229,1429,46.666666865348816
EuroSAT,Support-only Transformer,0.0,999,229,1429,43.99999976158142
EuroSAT,ProtoNet,fixed,999,230,1430,60.00000238418579
EuroSAT,WIPT,0.0,999,230,1430,74.6666669845581
EuroSAT,Support-only Transformer,0.0,999,230,1430,73.33333492279053
EuroSAT,ProtoNet,fixed,999,231,1431,70.66667079925537
EuroSAT,WIPT,0.0,999,231,1431,66.66666865348816
EuroSAT,Support-only Transformer,0.0,999,231,1431,65.33333659172058
EuroSAT,ProtoNet,fixed,999,232,1432,41.333335638046265
EuroSAT,WIPT,0.0,999,232,1432,38.66666853427887
EuroSAT,Support-only Transformer,0.0,999,232,1432,41.333335638046265
EuroSAT,ProtoNet,fixed,999,233,1433,42.66666769981384
EuroSAT,WIPT,0.0,999,233,1433,52.000004053115845
EuroSAT,Support-only Transformer,0.0,999,233,1433,54.666668176651
EuroSAT,ProtoNet,fixed,999,234,1434,66.66666865348816
EuroSAT,WIPT,0.0,999,234,1434,68.00000071525574
EuroSAT,Support-only Transformer,0.0,999,234,1434,70.66667079925537
EuroSAT,ProtoNet,fixed,999,235,1435,61.33333444595337
EuroSAT,WIPT,0.0,999,235,1435,56.00000023841858
EuroSAT,Support-only Transformer,0.0,999,235,1435,61.33333444595337
EuroSAT,ProtoNet,fixed,999,236,1436,46.666666865348816
EuroSAT,WIPT,0.0,999,236,1436,49.33333396911621
EuroSAT,Support-only Transformer,0.0,999,236,1436,40.00000059604645
EuroSAT,ProtoNet,fixed,999,237,1437,62.66666650772095
EuroSAT,WIPT,0.0,999,237,1437,68.00000071525574
EuroSAT,Support-only Transformer,0.0,999,237,1437,66.66666865348816
EuroSAT,ProtoNet,fixed,999,238,1438,42.66666769981384
EuroSAT,WIPT,0.0,999,238,1438,49.33333396911621
EuroSAT,Support-only Transformer,0.0,999,238,1438,43.99999976158142
EuroSAT,ProtoNet,fixed,999,239,1439,50.66666603088379
EuroSAT,WIPT,0.0,999,239,1439,52.000004053115845
EuroSAT,Support-only Transformer,0.0,999,239,1439,53.33333611488342
EuroSAT,ProtoNet,fixed,999,240,1440,70.66667079925537
EuroSAT,WIPT,0.0,999,240,1440,66.66666865348816
EuroSAT,Support-only Transformer,0.0,999,240,1440,57.33333230018616
EuroSAT,ProtoNet,fixed,999,241,1441,56.00000023841858
EuroSAT,WIPT,0.0,999,241,1441,65.33333659172058
EuroSAT,Support-only Transformer,0.0,999,241,1441,66.66666865348816
EuroSAT,ProtoNet,fixed,999,242,1442,63.999998569488525
EuroSAT,WIPT,0.0,999,242,1442,72.00000286102295
EuroSAT,Support-only Transformer,0.0,999,242,1442,77.33333706855774
EuroSAT,ProtoNet,fixed,999,243,1443,56.00000023841858
EuroSAT,WIPT,0.0,999,243,1443,49.33333396911621
EuroSAT,Support-only Transformer,0.0,999,243,1443,46.666666865348816
EuroSAT,ProtoNet,fixed,999,244,1444,52.000004053115845
EuroSAT,WIPT,0.0,999,244,1444,54.666668176651
EuroSAT,Support-only Transformer,0.0,999,244,1444,58.66667032241821
EuroSAT,ProtoNet,fixed,999,245,1445,73.33333492279053
EuroSAT,WIPT,0.0,999,245,1445,70.66667079925537
EuroSAT,Support-only Transformer,0.0,999,245,1445,72.00000286102295
EuroSAT,ProtoNet,fixed,999,246,1446,37.33333349227905
EuroSAT,WIPT,0.0,999,246,1446,40.00000059604645
EuroSAT,Support-only Transformer,0.0,999,246,1446,43.99999976158142
EuroSAT,ProtoNet,fixed,999,247,1447,60.00000238418579
EuroSAT,WIPT,0.0,999,247,1447,63.999998569488525
EuroSAT,Support-only Transformer,0.0,999,247,1447,63.999998569488525
EuroSAT,ProtoNet,fixed,999,248,1448,61.33333444595337
EuroSAT,WIPT,0.0,999,248,1448,60.00000238418579
EuroSAT,Support-only Transformer,0.0,999,248,1448,56.00000023841858
EuroSAT,ProtoNet,fixed,999,249,1449,56.00000023841858
EuroSAT,WIPT,0.0,999,249,1449,60.00000238418579
EuroSAT,Support-only Transformer,0.0,999,249,1449,60.00000238418579
EuroSAT,ProtoNet,fixed,999,250,1450,81.33333325386047
EuroSAT,WIPT,0.0,999,250,1450,85.33333539962769
EuroSAT,Support-only Transformer,0.0,999,250,1450,81.33333325386047
EuroSAT,ProtoNet,fixed,999,251,1451,70.66667079925537
EuroSAT,WIPT,0.0,999,251,1451,72.00000286102295
EuroSAT,Support-only Transformer,0.0,999,251,1451,65.33333659172058
EuroSAT,ProtoNet,fixed,999,252,1452,63.999998569488525
EuroSAT,WIPT,0.0,999,252,1452,65.33333659172058
EuroSAT,Support-only Transformer,0.0,999,252,1452,69.33333277702332
EuroSAT,ProtoNet,fixed,999,253,1453,49.33333396911621
EuroSAT,WIPT,0.0,999,253,1453,49.33333396911621
EuroSAT,Support-only Transformer,0.0,999,253,1453,50.66666603088379
EuroSAT,ProtoNet,fixed,999,254,1454,69.33333277702332
EuroSAT,WIPT,0.0,999,254,1454,73.33333492279053
EuroSAT,Support-only Transformer,0.0,999,254,1454,68.00000071525574
EuroSAT,ProtoNet,fixed,999,255,1455,56.00000023841858
EuroSAT,WIPT,0.0,999,255,1455,56.00000023841858
EuroSAT,Support-only Transformer,0.0,999,255,1455,52.000004053115845
EuroSAT,ProtoNet,fixed,999,256,1456,61.33333444595337
EuroSAT,WIPT,0.0,999,256,1456,63.999998569488525
EuroSAT,Support-only Transformer,0.0,999,256,1456,65.33333659172058
EuroSAT,ProtoNet,fixed,999,257,1457,49.33333396911621
EuroSAT,WIPT,0.0,999,257,1457,61.33333444595337
EuroSAT,Support-only Transformer,0.0,999,257,1457,49.33333396911621
EuroSAT,ProtoNet,fixed,999,258,1458,63.999998569488525
EuroSAT,WIPT,0.0,999,258,1458,63.999998569488525
EuroSAT,Support-only Transformer,0.0,999,258,1458,57.33333230018616
EuroSAT,ProtoNet,fixed,999,259,1459,60.00000238418579
EuroSAT,WIPT,0.0,999,259,1459,63.999998569488525
EuroSAT,Support-only Transformer,0.0,999,259,1459,56.00000023841858
EuroSAT,ProtoNet,fixed,999,260,1460,77.33333706855774
EuroSAT,WIPT,0.0,999,260,1460,80.0000011920929
EuroSAT,Support-only Transformer,0.0,999,260,1460,75.99999904632568
EuroSAT,ProtoNet,fixed,999,261,1461,68.00000071525574
EuroSAT,WIPT,0.0,999,261,1461,69.33333277702332
EuroSAT,Support-only Transformer,0.0,999,261,1461,70.66667079925537
EuroSAT,ProtoNet,fixed,999,262,1462,75.99999904632568
EuroSAT,WIPT,0.0,999,262,1462,74.6666669845581
EuroSAT,Support-only Transformer,0.0,999,262,1462,74.6666669845581
EuroSAT,ProtoNet,fixed,999,263,1463,69.33333277702332
EuroSAT,WIPT,0.0,999,263,1463,68.00000071525574
EuroSAT,Support-only Transformer,0.0,999,263,1463,54.666668176651
EuroSAT,ProtoNet,fixed,999,264,1464,43.99999976158142
EuroSAT,WIPT,0.0,999,264,1464,43.99999976158142
EuroSAT,Support-only Transformer,0.0,999,264,1464,52.000004053115845
EuroSAT,ProtoNet,fixed,999,265,1465,65.33333659172058
EuroSAT,WIPT,0.0,999,265,1465,63.999998569488525
EuroSAT,Support-only Transformer,0.0,999,265,1465,58.66667032241821
EuroSAT,ProtoNet,fixed,999,266,1466,81.33333325386047
EuroSAT,WIPT,0.0,999,266,1466,82.66667127609253
EuroSAT,Support-only Transformer,0.0,999,266,1466,73.33333492279053
EuroSAT,ProtoNet,fixed,999,267,1467,80.0000011920929
EuroSAT,WIPT,0.0,999,267,1467,80.0000011920929
EuroSAT,Support-only Transformer,0.0,999,267,1467,69.33333277702332
EuroSAT,ProtoNet,fixed,999,268,1468,69.33333277702332
EuroSAT,WIPT,0.0,999,268,1468,63.999998569488525
EuroSAT,Support-only Transformer,0.0,999,268,1468,53.33333611488342
EuroSAT,ProtoNet,fixed,999,269,1469,80.0000011920929
EuroSAT,WIPT,0.0,999,269,1469,77.33333706855774
EuroSAT,Support-only Transformer,0.0,999,269,1469,78.66666913032532
EuroSAT,ProtoNet,fixed,999,270,1470,77.33333706855774
EuroSAT,WIPT,0.0,999,270,1470,84.00000333786011
EuroSAT,Support-only Transformer,0.0,999,270,1470,81.33333325386047
EuroSAT,ProtoNet,fixed,999,271,1471,70.66667079925537
EuroSAT,WIPT,0.0,999,271,1471,73.33333492279053
EuroSAT,Support-only Transformer,0.0,999,271,1471,69.33333277702332
EuroSAT,ProtoNet,fixed,999,272,1472,63.999998569488525
EuroSAT,WIPT,0.0,999,272,1472,63.999998569488525
EuroSAT,Support-only Transformer,0.0,999,272,1472,63.999998569488525
EuroSAT,ProtoNet,fixed,999,273,1473,56.00000023841858
EuroSAT,WIPT,0.0,999,273,1473,58.66667032241821
EuroSAT,Support-only Transformer,0.0,999,273,1473,66.66666865348816
EuroSAT,ProtoNet,fixed,999,274,1474,66.66666865348816
EuroSAT,WIPT,0.0,999,274,1474,58.66667032241821
EuroSAT,Support-only Transformer,0.0,999,274,1474,61.33333444595337
EuroSAT,ProtoNet,fixed,999,275,1475,74.6666669845581
EuroSAT,WIPT,0.0,999,275,1475,78.66666913032532
EuroSAT,Support-only Transformer,0.0,999,275,1475,69.33333277702332
EuroSAT,ProtoNet,fixed,999,276,1476,63.999998569488525
EuroSAT,WIPT,0.0,999,276,1476,61.33333444595337
EuroSAT,Support-only Transformer,0.0,999,276,1476,50.66666603088379
EuroSAT,ProtoNet,fixed,999,277,1477,53.33333611488342
EuroSAT,WIPT,0.0,999,277,1477,65.33333659172058
EuroSAT,Support-only Transformer,0.0,999,277,1477,60.00000238418579
EuroSAT,ProtoNet,fixed,999,278,1478,62.66666650772095
EuroSAT,WIPT,0.0,999,278,1478,72.00000286102295
EuroSAT,Support-only Transformer,0.0,999,278,1478,61.33333444595337
EuroSAT,ProtoNet,fixed,999,279,1479,63.999998569488525
EuroSAT,WIPT,0.0,999,279,1479,65.33333659172058
EuroSAT,Support-only Transformer,0.0,999,279,1479,57.33333230018616
EuroSAT,ProtoNet,fixed,999,280,1480,57.33333230018616
EuroSAT,WIPT,0.0,999,280,1480,57.33333230018616
EuroSAT,Support-only Transformer,0.0,999,280,1480,57.33333230018616
EuroSAT,ProtoNet,fixed,999,281,1481,68.00000071525574
EuroSAT,WIPT,0.0,999,281,1481,78.66666913032532
EuroSAT,Support-only Transformer,0.0,999,281,1481,75.99999904632568
EuroSAT,ProtoNet,fixed,999,282,1482,62.66666650772095
EuroSAT,WIPT,0.0,999,282,1482,60.00000238418579
EuroSAT,Support-only Transformer,0.0,999,282,1482,69.33333277702332
EuroSAT,ProtoNet,fixed,999,283,1483,75.99999904632568
EuroSAT,WIPT,0.0,999,283,1483,82.66667127609253
EuroSAT,Support-only Transformer,0.0,999,283,1483,69.33333277702332
EuroSAT,ProtoNet,fixed,999,284,1484,53.33333611488342
EuroSAT,WIPT,0.0,999,284,1484,63.999998569488525
EuroSAT,Support-only Transformer,0.0,999,284,1484,61.33333444595337
EuroSAT,ProtoNet,fixed,999,285,1485,58.66667032241821
EuroSAT,WIPT,0.0,999,285,1485,61.33333444595337
EuroSAT,Support-only Transformer,0.0,999,285,1485,70.66667079925537
EuroSAT,ProtoNet,fixed,999,286,1486,72.00000286102295
EuroSAT,WIPT,0.0,999,286,1486,75.99999904632568
EuroSAT,Support-only Transformer,0.0,999,286,1486,69.33333277702332
EuroSAT,ProtoNet,fixed,999,287,1487,80.0000011920929
EuroSAT,WIPT,0.0,999,287,1487,82.66667127609253
EuroSAT,Support-only Transformer,0.0,999,287,1487,81.33333325386047
EuroSAT,ProtoNet,fixed,999,288,1488,60.00000238418579
EuroSAT,WIPT,0.0,999,288,1488,61.33333444595337
EuroSAT,Support-only Transformer,0.0,999,288,1488,60.00000238418579
EuroSAT,ProtoNet,fixed,999,289,1489,73.33333492279053
EuroSAT,WIPT,0.0,999,289,1489,70.66667079925537
EuroSAT,Support-only Transformer,0.0,999,289,1489,69.33333277702332
EuroSAT,ProtoNet,fixed,999,290,1490,61.33333444595337
EuroSAT,WIPT,0.0,999,290,1490,69.33333277702332
EuroSAT,Support-only Transformer,0.0,999,290,1490,56.00000023841858
EuroSAT,ProtoNet,fixed,999,291,1491,70.66667079925537
EuroSAT,WIPT,0.0,999,291,1491,75.99999904632568
EuroSAT,Support-only Transformer,0.0,999,291,1491,65.33333659172058
EuroSAT,ProtoNet,fixed,999,292,1492,81.33333325386047
EuroSAT,WIPT,0.0,999,292,1492,78.66666913032532
EuroSAT,Support-only Transformer,0.0,999,292,1492,72.00000286102295
EuroSAT,ProtoNet,fixed,999,293,1493,61.33333444595337
EuroSAT,WIPT,0.0,999,293,1493,56.00000023841858
EuroSAT,Support-only Transformer,0.0,999,293,1493,52.000004053115845
EuroSAT,ProtoNet,fixed,999,294,1494,65.33333659172058
EuroSAT,WIPT,0.0,999,294,1494,65.33333659172058
EuroSAT,Support-only Transformer,0.0,999,294,1494,63.999998569488525
EuroSAT,ProtoNet,fixed,999,295,1495,70.66667079925537
EuroSAT,WIPT,0.0,999,295,1495,65.33333659172058
EuroSAT,Support-only Transformer,0.0,999,295,1495,62.66666650772095
EuroSAT,ProtoNet,fixed,999,296,1496,58.66667032241821
EuroSAT,WIPT,0.0,999,296,1496,65.33333659172058
EuroSAT,Support-only Transformer,0.0,999,296,1496,61.33333444595337
EuroSAT,ProtoNet,fixed,999,297,1497,62.66666650772095
EuroSAT,WIPT,0.0,999,297,1497,61.33333444595337
EuroSAT,Support-only Transformer,0.0,999,297,1497,62.66666650772095
EuroSAT,ProtoNet,fixed,999,298,1498,48.00000190734863
EuroSAT,WIPT,0.0,999,298,1498,61.33333444595337
EuroSAT,Support-only Transformer,0.0,999,298,1498,65.33333659172058
EuroSAT,ProtoNet,fixed,999,299,1499,66.66666865348816
EuroSAT,WIPT,0.0,999,299,1499,60.00000238418579
EuroSAT,Support-only Transformer,0.0,999,299,1499,58.66667032241821
ISIC,ProtoNet,fixed,42,0,0,31.999999284744263
ISIC,WIPT,0.0,42,0,0,36.000001430511475
ISIC,Support-only Transformer,0.0,42,0,0,36.000001430511475
ISIC,ProtoNet,fixed,42,1,1,25.333333015441895
ISIC,WIPT,0.0,42,1,1,26.66666805744171
ISIC,Support-only Transformer,0.0,42,1,1,20.000000298023224
ISIC,ProtoNet,fixed,42,2,2,14.666667580604553
ISIC,WIPT,0.0,42,2,2,15.999999642372131
ISIC,Support-only Transformer,0.0,42,2,2,22.66666740179062
ISIC,ProtoNet,fixed,42,3,3,30.666667222976685
ISIC,WIPT,0.0,42,3,3,26.66666805744171
ISIC,Support-only Transformer,0.0,42,3,3,40.00000059604645
ISIC,ProtoNet,fixed,42,4,4,33.33333432674408
ISIC,WIPT,0.0,42,4,4,30.666667222976685
ISIC,Support-only Transformer,0.0,42,4,4,29.333335161209106
ISIC,ProtoNet,fixed,42,5,5,28.00000011920929
ISIC,WIPT,0.0,42,5,5,29.333335161209106
ISIC,Support-only Transformer,0.0,42,5,5,28.00000011920929
ISIC,ProtoNet,fixed,42,6,6,38.66666853427887
ISIC,WIPT,0.0,42,6,6,38.66666853427887
ISIC,Support-only Transformer,0.0,42,6,6,36.000001430511475
ISIC,ProtoNet,fixed,42,7,7,21.33333384990692
ISIC,WIPT,0.0,42,7,7,25.333333015441895
ISIC,Support-only Transformer,0.0,42,7,7,24.000000953674316
ISIC,ProtoNet,fixed,42,8,8,31.999999284744263
ISIC,WIPT,0.0,42,8,8,30.666667222976685
ISIC,Support-only Transformer,0.0,42,8,8,29.333335161209106
ISIC,ProtoNet,fixed,42,9,9,33.33333432674408
ISIC,WIPT,0.0,42,9,9,30.666667222976685
ISIC,Support-only Transformer,0.0,42,9,9,31.999999284744263
ISIC,ProtoNet,fixed,42,10,10,30.666667222976685
ISIC,WIPT,0.0,42,10,10,29.333335161209106
ISIC,Support-only Transformer,0.0,42,10,10,26.66666805744171
ISIC,ProtoNet,fixed,42,11,11,31.999999284744263
ISIC,WIPT,0.0,42,11,11,33.33333432674408
ISIC,Support-only Transformer,0.0,42,11,11,26.66666805744171
ISIC,ProtoNet,fixed,42,12,12,24.000000953674316
ISIC,WIPT,0.0,42,12,12,24.000000953674316
ISIC,Support-only Transformer,0.0,42,12,12,30.666667222976685
ISIC,ProtoNet,fixed,42,13,13,24.000000953674316
ISIC,WIPT,0.0,42,13,13,21.33333384990692
ISIC,Support-only Transformer,0.0,42,13,13,25.333333015441895
ISIC,ProtoNet,fixed,42,14,14,29.333335161209106
ISIC,WIPT,0.0,42,14,14,29.333335161209106
ISIC,Support-only Transformer,0.0,42,14,14,24.000000953674316
ISIC,ProtoNet,fixed,42,15,15,40.00000059604645
ISIC,WIPT,0.0,42,15,15,37.33333349227905
ISIC,Support-only Transformer,0.0,42,15,15,40.00000059604645
ISIC,ProtoNet,fixed,42,16,16,29.333335161209106
ISIC,WIPT,0.0,42,16,16,29.333335161209106
ISIC,Support-only Transformer,0.0,42,16,16,28.00000011920929
ISIC,ProtoNet,fixed,42,17,17,28.00000011920929
ISIC,WIPT,0.0,42,17,17,26.66666805744171
ISIC,Support-only Transformer,0.0,42,17,17,20.000000298023224
ISIC,ProtoNet,fixed,42,18,18,29.333335161209106
ISIC,WIPT,0.0,42,18,18,31.999999284744263
ISIC,Support-only Transformer,0.0,42,18,18,30.666667222976685
ISIC,ProtoNet,fixed,42,19,19,33.33333432674408
ISIC,WIPT,0.0,42,19,19,38.66666853427887
ISIC,Support-only Transformer,0.0,42,19,19,34.66666638851166
ISIC,ProtoNet,fixed,42,20,20,30.666667222976685
ISIC,WIPT,0.0,42,20,20,30.666667222976685
ISIC,Support-only Transformer,0.0,42,20,20,28.00000011920929
ISIC,ProtoNet,fixed,42,21,21,22.66666740179062
ISIC,WIPT,0.0,42,21,21,21.33333384990692
ISIC,Support-only Transformer,0.0,42,21,21,25.333333015441895
ISIC,ProtoNet,fixed,42,22,22,17.33333319425583
ISIC,WIPT,0.0,42,22,22,17.33333319425583
ISIC,Support-only Transformer,0.0,42,22,22,17.33333319425583
ISIC,ProtoNet,fixed,42,23,23,21.33333384990692
ISIC,WIPT,0.0,42,23,23,17.33333319425583
ISIC,Support-only Transformer,0.0,42,23,23,17.33333319425583
ISIC,ProtoNet,fixed,42,24,24,37.33333349227905
ISIC,WIPT,0.0,42,24,24,34.66666638851166
ISIC,Support-only Transformer,0.0,42,24,24,33.33333432674408
ISIC,ProtoNet,fixed,42,25,25,29.333335161209106
ISIC,WIPT,0.0,42,25,25,26.66666805744171
ISIC,Support-only Transformer,0.0,42,25,25,24.000000953674316
ISIC,ProtoNet,fixed,42,26,26,25.333333015441895
ISIC,WIPT,0.0,42,26,26,20.000000298023224
ISIC,Support-only Transformer,0.0,42,26,26,28.00000011920929
ISIC,ProtoNet,fixed,42,27,27,28.00000011920929
ISIC,WIPT,0.0,42,27,27,34.66666638851166
ISIC,Support-only Transformer,0.0,42,27,27,25.333333015441895
ISIC,ProtoNet,fixed,42,28,28,42.66666769981384
ISIC,WIPT,0.0,42,28,28,37.33333349227905
ISIC,Support-only Transformer,0.0,42,28,28,38.66666853427887
ISIC,ProtoNet,fixed,42,29,29,28.00000011920929
ISIC,WIPT,0.0,42,29,29,26.66666805744171
ISIC,Support-only Transformer,0.0,42,29,29,21.33333384990692
ISIC,ProtoNet,fixed,42,30,30,36.000001430511475
ISIC,WIPT,0.0,42,30,30,37.33333349227905
ISIC,Support-only Transformer,0.0,42,30,30,37.33333349227905
ISIC,ProtoNet,fixed,42,31,31,26.66666805744171
ISIC,WIPT,0.0,42,31,31,28.00000011920929
ISIC,Support-only Transformer,0.0,42,31,31,25.333333015441895
ISIC,ProtoNet,fixed,42,32,32,31.999999284744263
ISIC,WIPT,0.0,42,32,32,31.999999284744263
ISIC,Support-only Transformer,0.0,42,32,32,29.333335161209106
ISIC,ProtoNet,fixed,42,33,33,29.333335161209106
ISIC,WIPT,0.0,42,33,33,28.00000011920929
ISIC,Support-only Transformer,0.0,42,33,33,26.66666805744171
ISIC,ProtoNet,fixed,42,34,34,29.333335161209106
ISIC,WIPT,0.0,42,34,34,25.333333015441895
ISIC,Support-only Transformer,0.0,42,34,34,25.333333015441895
ISIC,ProtoNet,fixed,42,35,35,33.33333432674408
ISIC,WIPT,0.0,42,35,35,31.999999284744263
ISIC,Support-only Transformer,0.0,42,35,35,29.333335161209106
ISIC,ProtoNet,fixed,42,36,36,33.33333432674408
ISIC,WIPT,0.0,42,36,36,34.66666638851166
ISIC,Support-only Transformer,0.0,42,36,36,37.33333349227905
ISIC,ProtoNet,fixed,42,37,37,26.66666805744171
ISIC,WIPT,0.0,42,37,37,25.333333015441895
ISIC,Support-only Transformer,0.0,42,37,37,24.000000953674316
ISIC,ProtoNet,fixed,42,38,38,21.33333384990692
ISIC,WIPT,0.0,42,38,38,21.33333384990692
ISIC,Support-only Transformer,0.0,42,38,38,28.00000011920929
ISIC,ProtoNet,fixed,42,39,39,38.66666853427887
ISIC,WIPT,0.0,42,39,39,38.66666853427887
ISIC,Support-only Transformer,0.0,42,39,39,36.000001430511475
ISIC,ProtoNet,fixed,42,40,40,18.666666746139526
ISIC,WIPT,0.0,42,40,40,20.000000298023224
ISIC,Support-only Transformer,0.0,42,40,40,20.000000298023224
ISIC,ProtoNet,fixed,42,41,41,31.999999284744263
ISIC,WIPT,0.0,42,41,41,29.333335161209106
ISIC,Support-only Transformer,0.0,42,41,41,25.333333015441895
ISIC,ProtoNet,fixed,42,42,42,26.66666805744171
ISIC,WIPT,0.0,42,42,42,28.00000011920929
ISIC,Support-only Transformer,0.0,42,42,42,30.666667222976685
ISIC,ProtoNet,fixed,42,43,43,28.00000011920929
ISIC,WIPT,0.0,42,43,43,30.666667222976685
ISIC,Support-only Transformer,0.0,42,43,43,31.999999284744263
ISIC,ProtoNet,fixed,42,44,44,33.33333432674408
ISIC,WIPT,0.0,42,44,44,30.666667222976685
ISIC,Support-only Transformer,0.0,42,44,44,26.66666805744171
ISIC,ProtoNet,fixed,42,45,45,28.00000011920929
ISIC,WIPT,0.0,42,45,45,28.00000011920929
ISIC,Support-only Transformer,0.0,42,45,45,28.00000011920929
ISIC,ProtoNet,fixed,42,46,46,25.333333015441895
ISIC,WIPT,0.0,42,46,46,22.66666740179062
ISIC,Support-only Transformer,0.0,42,46,46,22.66666740179062
ISIC,ProtoNet,fixed,42,47,47,24.000000953674316
ISIC,WIPT,0.0,42,47,47,22.66666740179062
ISIC,Support-only Transformer,0.0,42,47,47,21.33333384990692
ISIC,ProtoNet,fixed,42,48,48,31.999999284744263
ISIC,WIPT,0.0,42,48,48,30.666667222976685
ISIC,Support-only Transformer,0.0,42,48,48,31.999999284744263
ISIC,ProtoNet,fixed,42,49,49,34.66666638851166
ISIC,WIPT,0.0,42,49,49,37.33333349227905
ISIC,Support-only Transformer,0.0,42,49,49,34.66666638851166
ISIC,ProtoNet,fixed,42,50,50,28.00000011920929
ISIC,WIPT,0.0,42,50,50,31.999999284744263
ISIC,Support-only Transformer,0.0,42,50,50,31.999999284744263
ISIC,ProtoNet,fixed,42,51,51,26.66666805744171
ISIC,WIPT,0.0,42,51,51,28.00000011920929
ISIC,Support-only Transformer,0.0,42,51,51,21.33333384990692
ISIC,ProtoNet,fixed,42,52,52,24.000000953674316
ISIC,WIPT,0.0,42,52,52,24.000000953674316
ISIC,Support-only Transformer,0.0,42,52,52,26.66666805744171
ISIC,ProtoNet,fixed,42,53,53,18.666666746139526
ISIC,WIPT,0.0,42,53,53,18.666666746139526
ISIC,Support-only Transformer,0.0,42,53,53,20.000000298023224
ISIC,ProtoNet,fixed,42,54,54,36.000001430511475
ISIC,WIPT,0.0,42,54,54,33.33333432674408
ISIC,Support-only Transformer,0.0,42,54,54,31.999999284744263
ISIC,ProtoNet,fixed,42,55,55,31.999999284744263
ISIC,WIPT,0.0,42,55,55,34.66666638851166
ISIC,Support-only Transformer,0.0,42,55,55,29.333335161209106
ISIC,ProtoNet,fixed,42,56,56,33.33333432674408
ISIC,WIPT,0.0,42,56,56,33.33333432674408
ISIC,Support-only Transformer,0.0,42,56,56,34.66666638851166
ISIC,ProtoNet,fixed,42,57,57,29.333335161209106
ISIC,WIPT,0.0,42,57,57,29.333335161209106
ISIC,Support-only Transformer,0.0,42,57,57,30.666667222976685
ISIC,ProtoNet,fixed,42,58,58,36.000001430511475
ISIC,WIPT,0.0,42,58,58,36.000001430511475
ISIC,Support-only Transformer,0.0,42,58,58,36.000001430511475
ISIC,ProtoNet,fixed,42,59,59,28.00000011920929
ISIC,WIPT,0.0,42,59,59,31.999999284744263
ISIC,Support-only Transformer,0.0,42,59,59,28.00000011920929
ISIC,ProtoNet,fixed,42,60,60,21.33333384990692
ISIC,WIPT,0.0,42,60,60,18.666666746139526
ISIC,Support-only Transformer,0.0,42,60,60,15.999999642372131
ISIC,ProtoNet,fixed,42,61,61,33.33333432674408
ISIC,WIPT,0.0,42,61,61,28.00000011920929
ISIC,Support-only Transformer,0.0,42,61,61,25.333333015441895
ISIC,ProtoNet,fixed,42,62,62,22.66666740179062
ISIC,WIPT,0.0,42,62,62,22.66666740179062
ISIC,Support-only Transformer,0.0,42,62,62,24.000000953674316
ISIC,ProtoNet,fixed,42,63,63,28.00000011920929
ISIC,WIPT,0.0,42,63,63,26.66666805744171
ISIC,Support-only Transformer,0.0,42,63,63,29.333335161209106
ISIC,ProtoNet,fixed,42,64,64,29.333335161209106
ISIC,WIPT,0.0,42,64,64,28.00000011920929
ISIC,Support-only Transformer,0.0,42,64,64,30.666667222976685
ISIC,ProtoNet,fixed,42,65,65,26.66666805744171
ISIC,WIPT,0.0,42,65,65,28.00000011920929
ISIC,Support-only Transformer,0.0,42,65,65,29.333335161209106
ISIC,ProtoNet,fixed,42,66,66,29.333335161209106
ISIC,WIPT,0.0,42,66,66,29.333335161209106
ISIC,Support-only Transformer,0.0,42,66,66,26.66666805744171
ISIC,ProtoNet,fixed,42,67,67,25.333333015441895
ISIC,WIPT,0.0,42,67,67,28.00000011920929
ISIC,Support-only Transformer,0.0,42,67,67,29.333335161209106
ISIC,ProtoNet,fixed,42,68,68,28.00000011920929
ISIC,WIPT,0.0,42,68,68,29.333335161209106
ISIC,Support-only Transformer,0.0,42,68,68,28.00000011920929
ISIC,ProtoNet,fixed,42,69,69,15.999999642372131
ISIC,WIPT,0.0,42,69,69,18.666666746139526
ISIC,Support-only Transformer,0.0,42,69,69,20.000000298023224
ISIC,ProtoNet,fixed,42,70,70,24.000000953674316
ISIC,WIPT,0.0,42,70,70,25.333333015441895
ISIC,Support-only Transformer,0.0,42,70,70,24.000000953674316
ISIC,ProtoNet,fixed,42,71,71,17.33333319425583
ISIC,WIPT,0.0,42,71,71,15.999999642372131
ISIC,Support-only Transformer,0.0,42,71,71,24.000000953674316
ISIC,ProtoNet,fixed,42,72,72,20.000000298023224
ISIC,WIPT,0.0,42,72,72,20.000000298023224
ISIC,Support-only Transformer,0.0,42,72,72,18.666666746139526
ISIC,ProtoNet,fixed,42,73,73,34.66666638851166
ISIC,WIPT,0.0,42,73,73,33.33333432674408
ISIC,Support-only Transformer,0.0,42,73,73,29.333335161209106
ISIC,ProtoNet,fixed,42,74,74,31.999999284744263
ISIC,WIPT,0.0,42,74,74,34.66666638851166
ISIC,Support-only Transformer,0.0,42,74,74,37.33333349227905
ISIC,ProtoNet,fixed,42,75,75,17.33333319425583
ISIC,WIPT,0.0,42,75,75,20.000000298023224
ISIC,Support-only Transformer,0.0,42,75,75,17.33333319425583
ISIC,ProtoNet,fixed,42,76,76,24.000000953674316
ISIC,WIPT,0.0,42,76,76,25.333333015441895
ISIC,Support-only Transformer,0.0,42,76,76,33.33333432674408
ISIC,ProtoNet,fixed,42,77,77,17.33333319425583
ISIC,WIPT,0.0,42,77,77,15.999999642372131
ISIC,Support-only Transformer,0.0,42,77,77,15.999999642372131
ISIC,ProtoNet,fixed,42,78,78,30.666667222976685
ISIC,WIPT,0.0,42,78,78,25.333333015441895
ISIC,Support-only Transformer,0.0,42,78,78,24.000000953674316
ISIC,ProtoNet,fixed,42,79,79,24.000000953674316
ISIC,WIPT,0.0,42,79,79,22.66666740179062
ISIC,Support-only Transformer,0.0,42,79,79,20.000000298023224
ISIC,ProtoNet,fixed,42,80,80,30.666667222976685
ISIC,WIPT,0.0,42,80,80,25.333333015441895
ISIC,Support-only Transformer,0.0,42,80,80,25.333333015441895
ISIC,ProtoNet,fixed,42,81,81,29.333335161209106
ISIC,WIPT,0.0,42,81,81,26.66666805744171
ISIC,Support-only Transformer,0.0,42,81,81,24.000000953674316
ISIC,ProtoNet,fixed,42,82,82,33.33333432674408
ISIC,WIPT,0.0,42,82,82,29.333335161209106
ISIC,Support-only Transformer,0.0,42,82,82,33.33333432674408
ISIC,ProtoNet,fixed,42,83,83,29.333335161209106
ISIC,WIPT,0.0,42,83,83,26.66666805744171
ISIC,Support-only Transformer,0.0,42,83,83,24.000000953674316
ISIC,ProtoNet,fixed,42,84,84,24.000000953674316
ISIC,WIPT,0.0,42,84,84,28.00000011920929
ISIC,Support-only Transformer,0.0,42,84,84,26.66666805744171
ISIC,ProtoNet,fixed,42,85,85,25.333333015441895
ISIC,WIPT,0.0,42,85,85,24.000000953674316
ISIC,Support-only Transformer,0.0,42,85,85,26.66666805744171
ISIC,ProtoNet,fixed,42,86,86,28.00000011920929
ISIC,WIPT,0.0,42,86,86,30.666667222976685
ISIC,Support-only Transformer,0.0,42,86,86,33.33333432674408
ISIC,ProtoNet,fixed,42,87,87,42.66666769981384
ISIC,WIPT,0.0,42,87,87,45.33333480358124
ISIC,Support-only Transformer,0.0,42,87,87,45.33333480358124
ISIC,ProtoNet,fixed,42,88,88,21.33333384990692
ISIC,WIPT,0.0,42,88,88,20.000000298023224
ISIC,Support-only Transformer,0.0,42,88,88,22.66666740179062
ISIC,ProtoNet,fixed,42,89,89,24.000000953674316
ISIC,WIPT,0.0,42,89,89,24.000000953674316
ISIC,Support-only Transformer,0.0,42,89,89,26.66666805744171
ISIC,ProtoNet,fixed,42,90,90,29.333335161209106
ISIC,WIPT,0.0,42,90,90,29.333335161209106
ISIC,Support-only Transformer,0.0,42,90,90,26.66666805744171
ISIC,ProtoNet,fixed,42,91,91,31.999999284744263
ISIC,WIPT,0.0,42,91,91,33.33333432674408
ISIC,Support-only Transformer,0.0,42,91,91,28.00000011920929
ISIC,ProtoNet,fixed,42,92,92,31.999999284744263
ISIC,WIPT,0.0,42,92,92,30.666667222976685
ISIC,Support-only Transformer,0.0,42,92,92,28.00000011920929
ISIC,ProtoNet,fixed,42,93,93,34.66666638851166
ISIC,WIPT,0.0,42,93,93,30.666667222976685
ISIC,Support-only Transformer,0.0,42,93,93,28.00000011920929
ISIC,ProtoNet,fixed,42,94,94,29.333335161209106
ISIC,WIPT,0.0,42,94,94,29.333335161209106
ISIC,Support-only Transformer,0.0,42,94,94,25.333333015441895
ISIC,ProtoNet,fixed,42,95,95,21.33333384990692
ISIC,WIPT,0.0,42,95,95,24.000000953674316
ISIC,Support-only Transformer,0.0,42,95,95,22.66666740179062
ISIC,ProtoNet,fixed,42,96,96,29.333335161209106
ISIC,WIPT,0.0,42,96,96,30.666667222976685
ISIC,Support-only Transformer,0.0,42,96,96,36.000001430511475
ISIC,ProtoNet,fixed,42,97,97,33.33333432674408
ISIC,WIPT,0.0,42,97,97,33.33333432674408
ISIC,Support-only Transformer,0.0,42,97,97,34.66666638851166
ISIC,ProtoNet,fixed,42,98,98,25.333333015441895
ISIC,WIPT,0.0,42,98,98,26.66666805744171
ISIC,Support-only Transformer,0.0,42,98,98,24.000000953674316
ISIC,ProtoNet,fixed,42,99,99,29.333335161209106
ISIC,WIPT,0.0,42,99,99,28.00000011920929
ISIC,Support-only Transformer,0.0,42,99,99,30.666667222976685
ISIC,ProtoNet,fixed,42,100,100,26.66666805744171
ISIC,WIPT,0.0,42,100,100,22.66666740179062
ISIC,Support-only Transformer,0.0,42,100,100,21.33333384990692
ISIC,ProtoNet,fixed,42,101,101,25.333333015441895
ISIC,WIPT,0.0,42,101,101,20.000000298023224
ISIC,Support-only Transformer,0.0,42,101,101,17.33333319425583
ISIC,ProtoNet,fixed,42,102,102,34.66666638851166
ISIC,WIPT,0.0,42,102,102,36.000001430511475
ISIC,Support-only Transformer,0.0,42,102,102,28.00000011920929
ISIC,ProtoNet,fixed,42,103,103,28.00000011920929
ISIC,WIPT,0.0,42,103,103,22.66666740179062
ISIC,Support-only Transformer,0.0,42,103,103,29.333335161209106
ISIC,ProtoNet,fixed,42,104,104,26.66666805744171
ISIC,WIPT,0.0,42,104,104,26.66666805744171
ISIC,Support-only Transformer,0.0,42,104,104,25.333333015441895
ISIC,ProtoNet,fixed,42,105,105,30.666667222976685
ISIC,WIPT,0.0,42,105,105,30.666667222976685
ISIC,Support-only Transformer,0.0,42,105,105,33.33333432674408
ISIC,ProtoNet,fixed,42,106,106,26.66666805744171
ISIC,WIPT,0.0,42,106,106,26.66666805744171
ISIC,Support-only Transformer,0.0,42,106,106,24.000000953674316
ISIC,ProtoNet,fixed,42,107,107,28.00000011920929
ISIC,WIPT,0.0,42,107,107,26.66666805744171
ISIC,Support-only Transformer,0.0,42,107,107,30.666667222976685
ISIC,ProtoNet,fixed,42,108,108,31.999999284744263
ISIC,WIPT,0.0,42,108,108,29.333335161209106
ISIC,Support-only Transformer,0.0,42,108,108,28.00000011920929
ISIC,ProtoNet,fixed,42,109,109,30.666667222976685
ISIC,WIPT,0.0,42,109,109,30.666667222976685
ISIC,Support-only Transformer,0.0,42,109,109,25.333333015441895
ISIC,ProtoNet,fixed,42,110,110,25.333333015441895
ISIC,WIPT,0.0,42,110,110,28.00000011920929
ISIC,Support-only Transformer,0.0,42,110,110,30.666667222976685
ISIC,ProtoNet,fixed,42,111,111,25.333333015441895
ISIC,WIPT,0.0,42,111,111,24.000000953674316
ISIC,Support-only Transformer,0.0,42,111,111,21.33333384990692
ISIC,ProtoNet,fixed,42,112,112,24.000000953674316
ISIC,WIPT,0.0,42,112,112,25.333333015441895
ISIC,Support-only Transformer,0.0,42,112,112,22.66666740179062
ISIC,ProtoNet,fixed,42,113,113,37.33333349227905
ISIC,WIPT,0.0,42,113,113,40.00000059604645
ISIC,Support-only Transformer,0.0,42,113,113,40.00000059604645
ISIC,ProtoNet,fixed,42,114,114,29.333335161209106
ISIC,WIPT,0.0,42,114,114,30.666667222976685
ISIC,Support-only Transformer,0.0,42,114,114,29.333335161209106
ISIC,ProtoNet,fixed,42,115,115,28.00000011920929
ISIC,WIPT,0.0,42,115,115,26.66666805744171
ISIC,Support-only Transformer,0.0,42,115,115,26.66666805744171
ISIC,ProtoNet,fixed,42,116,116,25.333333015441895
ISIC,WIPT,0.0,42,116,116,28.00000011920929
ISIC,Support-only Transformer,0.0,42,116,116,31.999999284744263
ISIC,ProtoNet,fixed,42,117,117,25.333333015441895
ISIC,WIPT,0.0,42,117,117,25.333333015441895
ISIC,Support-only Transformer,0.0,42,117,117,25.333333015441895
ISIC,ProtoNet,fixed,42,118,118,34.66666638851166
ISIC,WIPT,0.0,42,118,118,31.999999284744263
ISIC,Support-only Transformer,0.0,42,118,118,34.66666638851166
ISIC,ProtoNet,fixed,42,119,119,30.666667222976685
ISIC,WIPT,0.0,42,119,119,31.999999284744263
ISIC,Support-only Transformer,0.0,42,119,119,31.999999284744263
ISIC,ProtoNet,fixed,42,120,120,31.999999284744263
ISIC,WIPT,0.0,42,120,120,31.999999284744263
ISIC,Support-only Transformer,0.0,42,120,120,28.00000011920929
ISIC,ProtoNet,fixed,42,121,121,29.333335161209106
ISIC,WIPT,0.0,42,121,121,30.666667222976685
ISIC,Support-only Transformer,0.0,42,121,121,30.666667222976685
ISIC,ProtoNet,fixed,42,122,122,37.33333349227905
ISIC,WIPT,0.0,42,122,122,34.66666638851166
ISIC,Support-only Transformer,0.0,42,122,122,31.999999284744263
ISIC,ProtoNet,fixed,42,123,123,40.00000059604645
ISIC,WIPT,0.0,42,123,123,38.66666853427887
ISIC,Support-only Transformer,0.0,42,123,123,42.66666769981384
ISIC,ProtoNet,fixed,42,124,124,41.333335638046265
ISIC,WIPT,0.0,42,124,124,40.00000059604645
ISIC,Support-only Transformer,0.0,42,124,124,38.66666853427887
ISIC,ProtoNet,fixed,42,125,125,25.333333015441895
ISIC,WIPT,0.0,42,125,125,25.333333015441895
ISIC,Support-only Transformer,0.0,42,125,125,29.333335161209106
ISIC,ProtoNet,fixed,42,126,126,22.66666740179062
ISIC,WIPT,0.0,42,126,126,24.000000953674316
ISIC,Support-only Transformer,0.0,42,126,126,21.33333384990692
ISIC,ProtoNet,fixed,42,127,127,17.33333319425583
ISIC,WIPT,0.0,42,127,127,20.000000298023224
ISIC,Support-only Transformer,0.0,42,127,127,17.33333319425583
ISIC,ProtoNet,fixed,42,128,128,22.66666740179062
ISIC,WIPT,0.0,42,128,128,25.333333015441895
ISIC,Support-only Transformer,0.0,42,128,128,30.666667222976685
ISIC,ProtoNet,fixed,42,129,129,30.666667222976685
ISIC,WIPT,0.0,42,129,129,29.333335161209106
ISIC,Support-only Transformer,0.0,42,129,129,34.66666638851166
ISIC,ProtoNet,fixed,42,130,130,31.999999284744263
ISIC,WIPT,0.0,42,130,130,31.999999284744263
ISIC,Support-only Transformer,0.0,42,130,130,29.333335161209106
ISIC,ProtoNet,fixed,42,131,131,29.333335161209106
ISIC,WIPT,0.0,42,131,131,29.333335161209106
ISIC,Support-only Transformer,0.0,42,131,131,29.333335161209106
ISIC,ProtoNet,fixed,42,132,132,37.33333349227905
ISIC,WIPT,0.0,42,132,132,38.66666853427887
ISIC,Support-only Transformer,0.0,42,132,132,31.999999284744263
ISIC,ProtoNet,fixed,42,133,133,31.999999284744263
ISIC,WIPT,0.0,42,133,133,25.333333015441895
ISIC,Support-only Transformer,0.0,42,133,133,25.333333015441895
ISIC,ProtoNet,fixed,42,134,134,29.333335161209106
ISIC,WIPT,0.0,42,134,134,25.333333015441895
ISIC,Support-only Transformer,0.0,42,134,134,29.333335161209106
ISIC,ProtoNet,fixed,42,135,135,22.66666740179062
ISIC,WIPT,0.0,42,135,135,24.000000953674316
ISIC,Support-only Transformer,0.0,42,135,135,21.33333384990692
ISIC,ProtoNet,fixed,42,136,136,22.66666740179062
ISIC,WIPT,0.0,42,136,136,26.66666805744171
ISIC,Support-only Transformer,0.0,42,136,136,28.00000011920929
ISIC,ProtoNet,fixed,42,137,137,30.666667222976685
ISIC,WIPT,0.0,42,137,137,30.666667222976685
ISIC,Support-only Transformer,0.0,42,137,137,28.00000011920929
ISIC,ProtoNet,fixed,42,138,138,30.666667222976685
ISIC,WIPT,0.0,42,138,138,26.66666805744171
ISIC,Support-only Transformer,0.0,42,138,138,26.66666805744171
ISIC,ProtoNet,fixed,42,139,139,36.000001430511475
ISIC,WIPT,0.0,42,139,139,34.66666638851166
ISIC,Support-only Transformer,0.0,42,139,139,29.333335161209106
ISIC,ProtoNet,fixed,42,140,140,30.666667222976685
ISIC,WIPT,0.0,42,140,140,31.999999284744263
ISIC,Support-only Transformer,0.0,42,140,140,33.33333432674408
ISIC,ProtoNet,fixed,42,141,141,18.666666746139526
ISIC,WIPT,0.0,42,141,141,17.33333319425583
ISIC,Support-only Transformer,0.0,42,141,141,21.33333384990692
ISIC,ProtoNet,fixed,42,142,142,22.66666740179062
ISIC,WIPT,0.0,42,142,142,21.33333384990692
ISIC,Support-only Transformer,0.0,42,142,142,15.999999642372131
ISIC,ProtoNet,fixed,42,143,143,21.33333384990692
ISIC,WIPT,0.0,42,143,143,21.33333384990692
ISIC,Support-only Transformer,0.0,42,143,143,24.000000953674316
ISIC,ProtoNet,fixed,42,144,144,17.33333319425583
ISIC,WIPT,0.0,42,144,144,22.66666740179062
ISIC,Support-only Transformer,0.0,42,144,144,20.000000298023224
ISIC,ProtoNet,fixed,42,145,145,30.666667222976685
ISIC,WIPT,0.0,42,145,145,29.333335161209106
ISIC,Support-only Transformer,0.0,42,145,145,26.66666805744171
ISIC,ProtoNet,fixed,42,146,146,37.33333349227905
ISIC,WIPT,0.0,42,146,146,30.666667222976685
ISIC,Support-only Transformer,0.0,42,146,146,36.000001430511475
ISIC,ProtoNet,fixed,42,147,147,28.00000011920929
ISIC,WIPT,0.0,42,147,147,28.00000011920929
ISIC,Support-only Transformer,0.0,42,147,147,30.666667222976685
ISIC,ProtoNet,fixed,42,148,148,24.000000953674316
ISIC,WIPT,0.0,42,148,148,22.66666740179062
ISIC,Support-only Transformer,0.0,42,148,148,21.33333384990692
ISIC,ProtoNet,fixed,42,149,149,14.666667580604553
ISIC,WIPT,0.0,42,149,149,15.999999642372131
ISIC,Support-only Transformer,0.0,42,149,149,18.666666746139526
ISIC,ProtoNet,fixed,42,150,150,31.999999284744263
ISIC,WIPT,0.0,42,150,150,31.999999284744263
ISIC,Support-only Transformer,0.0,42,150,150,28.00000011920929
ISIC,ProtoNet,fixed,42,151,151,29.333335161209106
ISIC,WIPT,0.0,42,151,151,30.666667222976685
ISIC,Support-only Transformer,0.0,42,151,151,30.666667222976685
ISIC,ProtoNet,fixed,42,152,152,25.333333015441895
ISIC,WIPT,0.0,42,152,152,25.333333015441895
ISIC,Support-only Transformer,0.0,42,152,152,21.33333384990692
ISIC,ProtoNet,fixed,42,153,153,34.66666638851166
ISIC,WIPT,0.0,42,153,153,33.33333432674408
ISIC,Support-only Transformer,0.0,42,153,153,31.999999284744263
ISIC,ProtoNet,fixed,42,154,154,29.333335161209106
ISIC,WIPT,0.0,42,154,154,28.00000011920929
ISIC,Support-only Transformer,0.0,42,154,154,25.333333015441895
ISIC,ProtoNet,fixed,42,155,155,29.333335161209106
ISIC,WIPT,0.0,42,155,155,26.66666805744171
ISIC,Support-only Transformer,0.0,42,155,155,24.000000953674316
ISIC,ProtoNet,fixed,42,156,156,37.33333349227905
ISIC,WIPT,0.0,42,156,156,31.999999284744263
ISIC,Support-only Transformer,0.0,42,156,156,30.666667222976685
ISIC,ProtoNet,fixed,42,157,157,31.999999284744263
ISIC,WIPT,0.0,42,157,157,31.999999284744263
ISIC,Support-only Transformer,0.0,42,157,157,29.333335161209106
ISIC,ProtoNet,fixed,42,158,158,29.333335161209106
ISIC,WIPT,0.0,42,158,158,30.666667222976685
ISIC,Support-only Transformer,0.0,42,158,158,29.333335161209106
ISIC,ProtoNet,fixed,42,159,159,36.000001430511475
ISIC,WIPT,0.0,42,159,159,38.66666853427887
ISIC,Support-only Transformer,0.0,42,159,159,36.000001430511475
ISIC,ProtoNet,fixed,42,160,160,29.333335161209106
ISIC,WIPT,0.0,42,160,160,30.666667222976685
ISIC,Support-only Transformer,0.0,42,160,160,31.999999284744263
ISIC,ProtoNet,fixed,42,161,161,28.00000011920929
ISIC,WIPT,0.0,42,161,161,26.66666805744171
ISIC,Support-only Transformer,0.0,42,161,161,28.00000011920929
ISIC,ProtoNet,fixed,42,162,162,31.999999284744263
ISIC,WIPT,0.0,42,162,162,30.666667222976685
ISIC,Support-only Transformer,0.0,42,162,162,24.000000953674316
ISIC,ProtoNet,fixed,42,163,163,26.66666805744171
ISIC,WIPT,0.0,42,163,163,25.333333015441895
ISIC,Support-only Transformer,0.0,42,163,163,22.66666740179062
ISIC,ProtoNet,fixed,42,164,164,34.66666638851166
ISIC,WIPT,0.0,42,164,164,33.33333432674408
ISIC,Support-only Transformer,0.0,42,164,164,33.33333432674408
ISIC,ProtoNet,fixed,42,165,165,36.000001430511475
ISIC,WIPT,0.0,42,165,165,36.000001430511475
ISIC,Support-only Transformer,0.0,42,165,165,33.33333432674408
ISIC,ProtoNet,fixed,42,166,166,17.33333319425583
ISIC,WIPT,0.0,42,166,166,18.666666746139526
ISIC,Support-only Transformer,0.0,42,166,166,20.000000298023224
ISIC,ProtoNet,fixed,42,167,167,34.66666638851166
ISIC,WIPT,0.0,42,167,167,33.33333432674408
ISIC,Support-only Transformer,0.0,42,167,167,36.000001430511475
ISIC,ProtoNet,fixed,42,168,168,36.000001430511475
ISIC,WIPT,0.0,42,168,168,37.33333349227905
ISIC,Support-only Transformer,0.0,42,168,168,36.000001430511475
ISIC,ProtoNet,fixed,42,169,169,30.666667222976685
ISIC,WIPT,0.0,42,169,169,28.00000011920929
ISIC,Support-only Transformer,0.0,42,169,169,29.333335161209106
ISIC,ProtoNet,fixed,42,170,170,17.33333319425583
ISIC,WIPT,0.0,42,170,170,15.999999642372131
ISIC,Support-only Transformer,0.0,42,170,170,13.333334028720856
ISIC,ProtoNet,fixed,42,171,171,30.666667222976685
ISIC,WIPT,0.0,42,171,171,28.00000011920929
ISIC,Support-only Transformer,0.0,42,171,171,21.33333384990692
ISIC,ProtoNet,fixed,42,172,172,22.66666740179062
ISIC,WIPT,0.0,42,172,172,24.000000953674316
ISIC,Support-only Transformer,0.0,42,172,172,22.66666740179062
ISIC,ProtoNet,fixed,42,173,173,38.66666853427887
ISIC,WIPT,0.0,42,173,173,38.66666853427887
ISIC,Support-only Transformer,0.0,42,173,173,37.33333349227905
ISIC,ProtoNet,fixed,42,174,174,25.333333015441895
ISIC,WIPT,0.0,42,174,174,29.333335161209106
ISIC,Support-only Transformer,0.0,42,174,174,30.666667222976685
ISIC,ProtoNet,fixed,42,175,175,26.66666805744171
ISIC,WIPT,0.0,42,175,175,28.00000011920929
ISIC,Support-only Transformer,0.0,42,175,175,24.000000953674316
ISIC,ProtoNet,fixed,42,176,176,28.00000011920929
ISIC,WIPT,0.0,42,176,176,24.000000953674316
ISIC,Support-only Transformer,0.0,42,176,176,24.000000953674316
ISIC,ProtoNet,fixed,42,177,177,24.000000953674316
ISIC,WIPT,0.0,42,177,177,21.33333384990692
ISIC,Support-only Transformer,0.0,42,177,177,22.66666740179062
ISIC,ProtoNet,fixed,42,178,178,38.66666853427887
ISIC,WIPT,0.0,42,178,178,40.00000059604645
ISIC,Support-only Transformer,0.0,42,178,178,38.66666853427887
ISIC,ProtoNet,fixed,42,179,179,22.66666740179062
ISIC,WIPT,0.0,42,179,179,22.66666740179062
ISIC,Support-only Transformer,0.0,42,179,179,24.000000953674316
ISIC,ProtoNet,fixed,42,180,180,37.33333349227905
ISIC,WIPT,0.0,42,180,180,36.000001430511475
ISIC,Support-only Transformer,0.0,42,180,180,33.33333432674408
ISIC,ProtoNet,fixed,42,181,181,22.66666740179062
ISIC,WIPT,0.0,42,181,181,22.66666740179062
ISIC,Support-only Transformer,0.0,42,181,181,22.66666740179062
ISIC,ProtoNet,fixed,42,182,182,30.666667222976685
ISIC,WIPT,0.0,42,182,182,34.66666638851166
ISIC,Support-only Transformer,0.0,42,182,182,36.000001430511475
ISIC,ProtoNet,fixed,42,183,183,40.00000059604645
ISIC,WIPT,0.0,42,183,183,34.66666638851166
ISIC,Support-only Transformer,0.0,42,183,183,31.999999284744263
ISIC,ProtoNet,fixed,42,184,184,26.66666805744171
ISIC,WIPT,0.0,42,184,184,25.333333015441895
ISIC,Support-only Transformer,0.0,42,184,184,29.333335161209106
ISIC,ProtoNet,fixed,42,185,185,30.666667222976685
ISIC,WIPT,0.0,42,185,185,28.00000011920929
ISIC,Support-only Transformer,0.0,42,185,185,29.333335161209106
ISIC,ProtoNet,fixed,42,186,186,30.666667222976685
ISIC,WIPT,0.0,42,186,186,28.00000011920929
ISIC,Support-only Transformer,0.0,42,186,186,26.66666805744171
ISIC,ProtoNet,fixed,42,187,187,29.333335161209106
ISIC,WIPT,0.0,42,187,187,30.666667222976685
ISIC,Support-only Transformer,0.0,42,187,187,26.66666805744171
ISIC,ProtoNet,fixed,42,188,188,26.66666805744171
ISIC,WIPT,0.0,42,188,188,21.33333384990692
ISIC,Support-only Transformer,0.0,42,188,188,24.000000953674316
ISIC,ProtoNet,fixed,42,189,189,28.00000011920929
ISIC,WIPT,0.0,42,189,189,28.00000011920929
ISIC,Support-only Transformer,0.0,42,189,189,24.000000953674316
ISIC,ProtoNet,fixed,42,190,190,25.333333015441895
ISIC,WIPT,0.0,42,190,190,25.333333015441895
ISIC,Support-only Transformer,0.0,42,190,190,24.000000953674316
ISIC,ProtoNet,fixed,42,191,191,18.666666746139526
ISIC,WIPT,0.0,42,191,191,22.66666740179062
ISIC,Support-only Transformer,0.0,42,191,191,22.66666740179062
ISIC,ProtoNet,fixed,42,192,192,28.00000011920929
ISIC,WIPT,0.0,42,192,192,33.33333432674408
ISIC,Support-only Transformer,0.0,42,192,192,31.999999284744263
ISIC,ProtoNet,fixed,42,193,193,31.999999284744263
ISIC,WIPT,0.0,42,193,193,33.33333432674408
ISIC,Support-only Transformer,0.0,42,193,193,31.999999284744263
ISIC,ProtoNet,fixed,42,194,194,28.00000011920929
ISIC,WIPT,0.0,42,194,194,24.000000953674316
ISIC,Support-only Transformer,0.0,42,194,194,28.00000011920929
ISIC,ProtoNet,fixed,42,195,195,28.00000011920929
ISIC,WIPT,0.0,42,195,195,28.00000011920929
ISIC,Support-only Transformer,0.0,42,195,195,24.000000953674316
ISIC,ProtoNet,fixed,42,196,196,28.00000011920929
ISIC,WIPT,0.0,42,196,196,24.000000953674316
ISIC,Support-only Transformer,0.0,42,196,196,30.666667222976685
ISIC,ProtoNet,fixed,42,197,197,28.00000011920929
ISIC,WIPT,0.0,42,197,197,29.333335161209106
ISIC,Support-only Transformer,0.0,42,197,197,22.66666740179062
ISIC,ProtoNet,fixed,42,198,198,30.666667222976685
ISIC,WIPT,0.0,42,198,198,26.66666805744171
ISIC,Support-only Transformer,0.0,42,198,198,28.00000011920929
ISIC,ProtoNet,fixed,42,199,199,31.999999284744263
ISIC,WIPT,0.0,42,199,199,33.33333432674408
ISIC,Support-only Transformer,0.0,42,199,199,33.33333432674408
ISIC,ProtoNet,fixed,42,200,200,33.33333432674408
ISIC,WIPT,0.0,42,200,200,33.33333432674408
ISIC,Support-only Transformer,0.0,42,200,200,30.666667222976685
ISIC,ProtoNet,fixed,42,201,201,26.66666805744171
ISIC,WIPT,0.0,42,201,201,28.00000011920929
ISIC,Support-only Transformer,0.0,42,201,201,25.333333015441895
ISIC,ProtoNet,fixed,42,202,202,33.33333432674408
ISIC,WIPT,0.0,42,202,202,31.999999284744263
ISIC,Support-only Transformer,0.0,42,202,202,31.999999284744263
ISIC,ProtoNet,fixed,42,203,203,25.333333015441895
ISIC,WIPT,0.0,42,203,203,26.66666805744171
ISIC,Support-only Transformer,0.0,42,203,203,25.333333015441895
ISIC,ProtoNet,fixed,42,204,204,30.666667222976685
ISIC,WIPT,0.0,42,204,204,25.333333015441895
ISIC,Support-only Transformer,0.0,42,204,204,31.999999284744263
ISIC,ProtoNet,fixed,42,205,205,33.33333432674408
ISIC,WIPT,0.0,42,205,205,34.66666638851166
ISIC,Support-only Transformer,0.0,42,205,205,34.66666638851166
ISIC,ProtoNet,fixed,42,206,206,30.666667222976685
ISIC,WIPT,0.0,42,206,206,30.666667222976685
ISIC,Support-only Transformer,0.0,42,206,206,29.333335161209106
ISIC,ProtoNet,fixed,42,207,207,29.333335161209106
ISIC,WIPT,0.0,42,207,207,26.66666805744171
ISIC,Support-only Transformer,0.0,42,207,207,25.333333015441895
ISIC,ProtoNet,fixed,42,208,208,26.66666805744171
ISIC,WIPT,0.0,42,208,208,26.66666805744171
ISIC,Support-only Transformer,0.0,42,208,208,25.333333015441895
ISIC,ProtoNet,fixed,42,209,209,29.333335161209106
ISIC,WIPT,0.0,42,209,209,25.333333015441895
ISIC,Support-only Transformer,0.0,42,209,209,28.00000011920929
ISIC,ProtoNet,fixed,42,210,210,29.333335161209106
ISIC,WIPT,0.0,42,210,210,26.66666805744171
ISIC,Support-only Transformer,0.0,42,210,210,26.66666805744171
ISIC,ProtoNet,fixed,42,211,211,25.333333015441895
ISIC,WIPT,0.0,42,211,211,25.333333015441895
ISIC,Support-only Transformer,0.0,42,211,211,25.333333015441895
ISIC,ProtoNet,fixed,42,212,212,24.000000953674316
ISIC,WIPT,0.0,42,212,212,20.000000298023224
ISIC,Support-only Transformer,0.0,42,212,212,21.33333384990692
ISIC,ProtoNet,fixed,42,213,213,30.666667222976685
ISIC,WIPT,0.0,42,213,213,28.00000011920929
ISIC,Support-only Transformer,0.0,42,213,213,31.999999284744263
ISIC,ProtoNet,fixed,42,214,214,18.666666746139526
ISIC,WIPT,0.0,42,214,214,18.666666746139526
ISIC,Support-only Transformer,0.0,42,214,214,21.33333384990692
ISIC,ProtoNet,fixed,42,215,215,30.666667222976685
ISIC,WIPT,0.0,42,215,215,30.666667222976685
ISIC,Support-only Transformer,0.0,42,215,215,34.66666638851166
ISIC,ProtoNet,fixed,42,216,216,34.66666638851166
ISIC,WIPT,0.0,42,216,216,36.000001430511475
ISIC,Support-only Transformer,0.0,42,216,216,33.33333432674408
ISIC,ProtoNet,fixed,42,217,217,31.999999284744263
ISIC,WIPT,0.0,42,217,217,30.666667222976685
ISIC,Support-only Transformer,0.0,42,217,217,30.666667222976685
ISIC,ProtoNet,fixed,42,218,218,17.33333319425583
ISIC,WIPT,0.0,42,218,218,17.33333319425583
ISIC,Support-only Transformer,0.0,42,218,218,18.666666746139526
ISIC,ProtoNet,fixed,42,219,219,30.666667222976685
ISIC,WIPT,0.0,42,219,219,24.000000953674316
ISIC,Support-only Transformer,0.0,42,219,219,25.333333015441895
ISIC,ProtoNet,fixed,42,220,220,28.00000011920929
ISIC,WIPT,0.0,42,220,220,29.333335161209106
ISIC,Support-only Transformer,0.0,42,220,220,38.66666853427887
ISIC,ProtoNet,fixed,42,221,221,33.33333432674408
ISIC,WIPT,0.0,42,221,221,33.33333432674408
ISIC,Support-only Transformer,0.0,42,221,221,30.666667222976685
ISIC,ProtoNet,fixed,42,222,222,36.000001430511475
ISIC,WIPT,0.0,42,222,222,34.66666638851166
ISIC,Support-only Transformer,0.0,42,222,222,30.666667222976685
ISIC,ProtoNet,fixed,42,223,223,37.33333349227905
ISIC,WIPT,0.0,42,223,223,38.66666853427887
ISIC,Support-only Transformer,0.0,42,223,223,36.000001430511475
ISIC,ProtoNet,fixed,42,224,224,31.999999284744263
ISIC,WIPT,0.0,42,224,224,30.666667222976685
ISIC,Support-only Transformer,0.0,42,224,224,28.00000011920929
ISIC,ProtoNet,fixed,42,225,225,24.000000953674316
ISIC,WIPT,0.0,42,225,225,22.66666740179062
ISIC,Support-only Transformer,0.0,42,225,225,25.333333015441895
ISIC,ProtoNet,fixed,42,226,226,26.66666805744171
ISIC,WIPT,0.0,42,226,226,24.000000953674316
ISIC,Support-only Transformer,0.0,42,226,226,26.66666805744171
ISIC,ProtoNet,fixed,42,227,227,24.000000953674316
ISIC,WIPT,0.0,42,227,227,21.33333384990692
ISIC,Support-only Transformer,0.0,42,227,227,18.666666746139526
ISIC,ProtoNet,fixed,42,228,228,21.33333384990692
ISIC,WIPT,0.0,42,228,228,24.000000953674316
ISIC,Support-only Transformer,0.0,42,228,228,24.000000953674316
ISIC,ProtoNet,fixed,42,229,229,17.33333319425583
ISIC,WIPT,0.0,42,229,229,20.000000298023224
ISIC,Support-only Transformer,0.0,42,229,229,18.666666746139526
ISIC,ProtoNet,fixed,42,230,230,38.66666853427887
ISIC,WIPT,0.0,42,230,230,34.66666638851166
ISIC,Support-only Transformer,0.0,42,230,230,26.66666805744171
ISIC,ProtoNet,fixed,42,231,231,26.66666805744171
ISIC,WIPT,0.0,42,231,231,28.00000011920929
ISIC,Support-only Transformer,0.0,42,231,231,28.00000011920929
ISIC,ProtoNet,fixed,42,232,232,30.666667222976685
ISIC,WIPT,0.0,42,232,232,33.33333432674408
ISIC,Support-only Transformer,0.0,42,232,232,22.66666740179062
ISIC,ProtoNet,fixed,42,233,233,43.99999976158142
ISIC,WIPT,0.0,42,233,233,43.99999976158142
ISIC,Support-only Transformer,0.0,42,233,233,43.99999976158142
ISIC,ProtoNet,fixed,42,234,234,26.66666805744171
ISIC,WIPT,0.0,42,234,234,25.333333015441895
ISIC,Support-only Transformer,0.0,42,234,234,20.000000298023224
ISIC,ProtoNet,fixed,42,235,235,21.33333384990692
ISIC,WIPT,0.0,42,235,235,20.000000298023224
ISIC,Support-only Transformer,0.0,42,235,235,18.666666746139526
ISIC,ProtoNet,fixed,42,236,236,22.66666740179062
ISIC,WIPT,0.0,42,236,236,24.000000953674316
ISIC,Support-only Transformer,0.0,42,236,236,21.33333384990692
ISIC,ProtoNet,fixed,42,237,237,29.333335161209106
ISIC,WIPT,0.0,42,237,237,31.999999284744263
ISIC,Support-only Transformer,0.0,42,237,237,29.333335161209106
ISIC,ProtoNet,fixed,42,238,238,20.000000298023224
ISIC,WIPT,0.0,42,238,238,20.000000298023224
ISIC,Support-only Transformer,0.0,42,238,238,21.33333384990692
ISIC,ProtoNet,fixed,42,239,239,20.000000298023224
ISIC,WIPT,0.0,42,239,239,21.33333384990692
ISIC,Support-only Transformer,0.0,42,239,239,18.666666746139526
ISIC,ProtoNet,fixed,42,240,240,29.333335161209106
ISIC,WIPT,0.0,42,240,240,30.666667222976685
ISIC,Support-only Transformer,0.0,42,240,240,34.66666638851166
ISIC,ProtoNet,fixed,42,241,241,38.66666853427887
ISIC,WIPT,0.0,42,241,241,38.66666853427887
ISIC,Support-only Transformer,0.0,42,241,241,33.33333432674408
ISIC,ProtoNet,fixed,42,242,242,29.333335161209106
ISIC,WIPT,0.0,42,242,242,28.00000011920929
ISIC,Support-only Transformer,0.0,42,242,242,24.000000953674316
ISIC,ProtoNet,fixed,42,243,243,21.33333384990692
ISIC,WIPT,0.0,42,243,243,25.333333015441895
ISIC,Support-only Transformer,0.0,42,243,243,25.333333015441895
ISIC,ProtoNet,fixed,42,244,244,25.333333015441895
ISIC,WIPT,0.0,42,244,244,25.333333015441895
ISIC,Support-only Transformer,0.0,42,244,244,22.66666740179062
ISIC,ProtoNet,fixed,42,245,245,24.000000953674316
ISIC,WIPT,0.0,42,245,245,20.000000298023224
ISIC,Support-only Transformer,0.0,42,245,245,25.333333015441895
ISIC,ProtoNet,fixed,42,246,246,33.33333432674408
ISIC,WIPT,0.0,42,246,246,31.999999284744263
ISIC,Support-only Transformer,0.0,42,246,246,31.999999284744263
ISIC,ProtoNet,fixed,42,247,247,29.333335161209106
ISIC,WIPT,0.0,42,247,247,24.000000953674316
ISIC,Support-only Transformer,0.0,42,247,247,25.333333015441895
ISIC,ProtoNet,fixed,42,248,248,25.333333015441895
ISIC,WIPT,0.0,42,248,248,24.000000953674316
ISIC,Support-only Transformer,0.0,42,248,248,20.000000298023224
ISIC,ProtoNet,fixed,42,249,249,31.999999284744263
ISIC,WIPT,0.0,42,249,249,31.999999284744263
ISIC,Support-only Transformer,0.0,42,249,249,33.33333432674408
ISIC,ProtoNet,fixed,42,250,250,30.666667222976685
ISIC,WIPT,0.0,42,250,250,33.33333432674408
ISIC,Support-only Transformer,0.0,42,250,250,29.333335161209106
ISIC,ProtoNet,fixed,42,251,251,36.000001430511475
ISIC,WIPT,0.0,42,251,251,38.66666853427887
ISIC,Support-only Transformer,0.0,42,251,251,40.00000059604645
ISIC,ProtoNet,fixed,42,252,252,37.33333349227905
ISIC,WIPT,0.0,42,252,252,36.000001430511475
ISIC,Support-only Transformer,0.0,42,252,252,31.999999284744263
ISIC,ProtoNet,fixed,42,253,253,37.33333349227905
ISIC,WIPT,0.0,42,253,253,36.000001430511475
ISIC,Support-only Transformer,0.0,42,253,253,36.000001430511475
ISIC,ProtoNet,fixed,42,254,254,28.00000011920929
ISIC,WIPT,0.0,42,254,254,26.66666805744171
ISIC,Support-only Transformer,0.0,42,254,254,28.00000011920929
ISIC,ProtoNet,fixed,42,255,255,25.333333015441895
ISIC,WIPT,0.0,42,255,255,20.000000298023224
ISIC,Support-only Transformer,0.0,42,255,255,15.999999642372131
ISIC,ProtoNet,fixed,42,256,256,24.000000953674316
ISIC,WIPT,0.0,42,256,256,24.000000953674316
ISIC,Support-only Transformer,0.0,42,256,256,24.000000953674316
ISIC,ProtoNet,fixed,42,257,257,22.66666740179062
ISIC,WIPT,0.0,42,257,257,22.66666740179062
ISIC,Support-only Transformer,0.0,42,257,257,22.66666740179062
ISIC,ProtoNet,fixed,42,258,258,34.66666638851166
ISIC,WIPT,0.0,42,258,258,31.999999284744263
ISIC,Support-only Transformer,0.0,42,258,258,30.666667222976685
ISIC,ProtoNet,fixed,42,259,259,12.000000476837158
ISIC,WIPT,0.0,42,259,259,13.333334028720856
ISIC,Support-only Transformer,0.0,42,259,259,13.333334028720856
ISIC,ProtoNet,fixed,42,260,260,30.666667222976685
ISIC,WIPT,0.0,42,260,260,31.999999284744263
ISIC,Support-only Transformer,0.0,42,260,260,28.00000011920929
ISIC,ProtoNet,fixed,42,261,261,20.000000298023224
ISIC,WIPT,0.0,42,261,261,18.666666746139526
ISIC,Support-only Transformer,0.0,42,261,261,22.66666740179062
ISIC,ProtoNet,fixed,42,262,262,33.33333432674408
ISIC,WIPT,0.0,42,262,262,34.66666638851166
ISIC,Support-only Transformer,0.0,42,262,262,31.999999284744263
ISIC,ProtoNet,fixed,42,263,263,30.666667222976685
ISIC,WIPT,0.0,42,263,263,28.00000011920929
ISIC,Support-only Transformer,0.0,42,263,263,26.66666805744171
ISIC,ProtoNet,fixed,42,264,264,20.000000298023224
ISIC,WIPT,0.0,42,264,264,22.66666740179062
ISIC,Support-only Transformer,0.0,42,264,264,28.00000011920929
ISIC,ProtoNet,fixed,42,265,265,21.33333384990692
ISIC,WIPT,0.0,42,265,265,20.000000298023224
ISIC,Support-only Transformer,0.0,42,265,265,21.33333384990692
ISIC,ProtoNet,fixed,42,266,266,34.66666638851166
ISIC,WIPT,0.0,42,266,266,36.000001430511475
ISIC,Support-only Transformer,0.0,42,266,266,33.33333432674408
ISIC,ProtoNet,fixed,42,267,267,29.333335161209106
ISIC,WIPT,0.0,42,267,267,33.33333432674408
ISIC,Support-only Transformer,0.0,42,267,267,29.333335161209106
ISIC,ProtoNet,fixed,42,268,268,22.66666740179062
ISIC,WIPT,0.0,42,268,268,24.000000953674316
ISIC,Support-only Transformer,0.0,42,268,268,26.66666805744171
ISIC,ProtoNet,fixed,42,269,269,18.666666746139526
ISIC,WIPT,0.0,42,269,269,20.000000298023224
ISIC,Support-only Transformer,0.0,42,269,269,20.000000298023224
ISIC,ProtoNet,fixed,42,270,270,28.00000011920929
ISIC,WIPT,0.0,42,270,270,30.666667222976685
ISIC,Support-only Transformer,0.0,42,270,270,22.66666740179062
ISIC,ProtoNet,fixed,42,271,271,29.333335161209106
ISIC,WIPT,0.0,42,271,271,30.666667222976685
ISIC,Support-only Transformer,0.0,42,271,271,31.999999284744263
ISIC,ProtoNet,fixed,42,272,272,18.666666746139526
ISIC,WIPT,0.0,42,272,272,18.666666746139526
ISIC,Support-only Transformer,0.0,42,272,272,20.000000298023224
ISIC,ProtoNet,fixed,42,273,273,29.333335161209106
ISIC,WIPT,0.0,42,273,273,33.33333432674408
ISIC,Support-only Transformer,0.0,42,273,273,24.000000953674316
ISIC,ProtoNet,fixed,42,274,274,24.000000953674316
ISIC,WIPT,0.0,42,274,274,21.33333384990692
ISIC,Support-only Transformer,0.0,42,274,274,21.33333384990692
ISIC,ProtoNet,fixed,42,275,275,34.66666638851166
ISIC,WIPT,0.0,42,275,275,34.66666638851166
ISIC,Support-only Transformer,0.0,42,275,275,36.000001430511475
ISIC,ProtoNet,fixed,42,276,276,26.66666805744171
ISIC,WIPT,0.0,42,276,276,30.666667222976685
ISIC,Support-only Transformer,0.0,42,276,276,29.333335161209106
ISIC,ProtoNet,fixed,42,277,277,21.33333384990692
ISIC,WIPT,0.0,42,277,277,22.66666740179062
ISIC,Support-only Transformer,0.0,42,277,277,21.33333384990692
ISIC,ProtoNet,fixed,42,278,278,28.00000011920929
ISIC,WIPT,0.0,42,278,278,25.333333015441895
ISIC,Support-only Transformer,0.0,42,278,278,25.333333015441895
ISIC,ProtoNet,fixed,42,279,279,29.333335161209106
ISIC,WIPT,0.0,42,279,279,30.666667222976685
ISIC,Support-only Transformer,0.0,42,279,279,31.999999284744263
ISIC,ProtoNet,fixed,42,280,280,24.000000953674316
ISIC,WIPT,0.0,42,280,280,22.66666740179062
ISIC,Support-only Transformer,0.0,42,280,280,24.000000953674316
ISIC,ProtoNet,fixed,42,281,281,30.666667222976685
ISIC,WIPT,0.0,42,281,281,29.333335161209106
ISIC,Support-only Transformer,0.0,42,281,281,26.66666805744171
ISIC,ProtoNet,fixed,42,282,282,31.999999284744263
ISIC,WIPT,0.0,42,282,282,33.33333432674408
ISIC,Support-only Transformer,0.0,42,282,282,29.333335161209106
ISIC,ProtoNet,fixed,42,283,283,36.000001430511475
ISIC,WIPT,0.0,42,283,283,41.333335638046265
ISIC,Support-only Transformer,0.0,42,283,283,40.00000059604645
ISIC,ProtoNet,fixed,42,284,284,21.33333384990692
ISIC,WIPT,0.0,42,284,284,17.33333319425583
ISIC,Support-only Transformer,0.0,42,284,284,22.66666740179062
ISIC,ProtoNet,fixed,42,285,285,24.000000953674316
ISIC,WIPT,0.0,42,285,285,22.66666740179062
ISIC,Support-only Transformer,0.0,42,285,285,24.000000953674316
ISIC,ProtoNet,fixed,42,286,286,31.999999284744263
ISIC,WIPT,0.0,42,286,286,30.666667222976685
ISIC,Support-only Transformer,0.0,42,286,286,29.333335161209106
ISIC,ProtoNet,fixed,42,287,287,22.66666740179062
ISIC,WIPT,0.0,42,287,287,21.33333384990692
ISIC,Support-only Transformer,0.0,42,287,287,17.33333319425583
ISIC,ProtoNet,fixed,42,288,288,21.33333384990692
ISIC,WIPT,0.0,42,288,288,22.66666740179062
ISIC,Support-only Transformer,0.0,42,288,288,20.000000298023224
ISIC,ProtoNet,fixed,42,289,289,22.66666740179062
ISIC,WIPT,0.0,42,289,289,20.000000298023224
ISIC,Support-only Transformer,0.0,42,289,289,24.000000953674316
ISIC,ProtoNet,fixed,42,290,290,42.66666769981384
ISIC,WIPT,0.0,42,290,290,40.00000059604645
ISIC,Support-only Transformer,0.0,42,290,290,38.66666853427887
ISIC,ProtoNet,fixed,42,291,291,25.333333015441895
ISIC,WIPT,0.0,42,291,291,25.333333015441895
ISIC,Support-only Transformer,0.0,42,291,291,24.000000953674316
ISIC,ProtoNet,fixed,42,292,292,25.333333015441895
ISIC,WIPT,0.0,42,292,292,26.66666805744171
ISIC,Support-only Transformer,0.0,42,292,292,24.000000953674316
ISIC,ProtoNet,fixed,42,293,293,26.66666805744171
ISIC,WIPT,0.0,42,293,293,28.00000011920929
ISIC,Support-only Transformer,0.0,42,293,293,28.00000011920929
ISIC,ProtoNet,fixed,42,294,294,24.000000953674316
ISIC,WIPT,0.0,42,294,294,22.66666740179062
ISIC,Support-only Transformer,0.0,42,294,294,20.000000298023224
ISIC,ProtoNet,fixed,42,295,295,26.66666805744171
ISIC,WIPT,0.0,42,295,295,29.333335161209106
ISIC,Support-only Transformer,0.0,42,295,295,31.999999284744263
ISIC,ProtoNet,fixed,42,296,296,28.00000011920929
ISIC,WIPT,0.0,42,296,296,28.00000011920929
ISIC,Support-only Transformer,0.0,42,296,296,28.00000011920929
ISIC,ProtoNet,fixed,42,297,297,29.333335161209106
ISIC,WIPT,0.0,42,297,297,30.666667222976685
ISIC,Support-only Transformer,0.0,42,297,297,30.666667222976685
ISIC,ProtoNet,fixed,42,298,298,36.000001430511475
ISIC,WIPT,0.0,42,298,298,36.000001430511475
ISIC,Support-only Transformer,0.0,42,298,298,31.999999284744263
ISIC,ProtoNet,fixed,42,299,299,30.666667222976685
ISIC,WIPT,0.0,42,299,299,26.66666805744171
ISIC,Support-only Transformer,0.0,42,299,299,29.333335161209106
ISIC,ProtoNet,fixed,123,0,300,29.333335161209106
ISIC,WIPT,0.0,123,0,300,26.66666805744171
ISIC,Support-only Transformer,0.0,123,0,300,25.333333015441895
ISIC,ProtoNet,fixed,123,1,301,25.333333015441895
ISIC,WIPT,0.0,123,1,301,22.66666740179062
ISIC,Support-only Transformer,0.0,123,1,301,25.333333015441895
ISIC,ProtoNet,fixed,123,2,302,29.333335161209106
ISIC,WIPT,0.0,123,2,302,31.999999284744263
ISIC,Support-only Transformer,0.0,123,2,302,29.333335161209106
ISIC,ProtoNet,fixed,123,3,303,15.999999642372131
ISIC,WIPT,0.0,123,3,303,14.666667580604553
ISIC,Support-only Transformer,0.0,123,3,303,18.666666746139526
ISIC,ProtoNet,fixed,123,4,304,24.000000953674316
ISIC,WIPT,0.0,123,4,304,20.000000298023224
ISIC,Support-only Transformer,0.0,123,4,304,17.33333319425583
ISIC,ProtoNet,fixed,123,5,305,28.00000011920929
ISIC,WIPT,0.0,123,5,305,28.00000011920929
ISIC,Support-only Transformer,0.0,123,5,305,24.000000953674316
ISIC,ProtoNet,fixed,123,6,306,38.66666853427887
ISIC,WIPT,0.0,123,6,306,40.00000059604645
ISIC,Support-only Transformer,0.0,123,6,306,37.33333349227905
ISIC,ProtoNet,fixed,123,7,307,26.66666805744171
ISIC,WIPT,0.0,123,7,307,25.333333015441895
ISIC,Support-only Transformer,0.0,123,7,307,26.66666805744171
ISIC,ProtoNet,fixed,123,8,308,36.000001430511475
ISIC,WIPT,0.0,123,8,308,33.33333432674408
ISIC,Support-only Transformer,0.0,123,8,308,37.33333349227905
ISIC,ProtoNet,fixed,123,9,309,14.666667580604553
ISIC,WIPT,0.0,123,9,309,15.999999642372131
ISIC,Support-only Transformer,0.0,123,9,309,17.33333319425583
ISIC,ProtoNet,fixed,123,10,310,20.000000298023224
ISIC,WIPT,0.0,123,10,310,25.333333015441895
ISIC,Support-only Transformer,0.0,123,10,310,22.66666740179062
ISIC,ProtoNet,fixed,123,11,311,30.666667222976685
ISIC,WIPT,0.0,123,11,311,30.666667222976685
ISIC,Support-only Transformer,0.0,123,11,311,26.66666805744171
ISIC,ProtoNet,fixed,123,12,312,28.00000011920929
ISIC,WIPT,0.0,123,12,312,29.333335161209106
ISIC,Support-only Transformer,0.0,123,12,312,24.000000953674316
ISIC,ProtoNet,fixed,123,13,313,31.999999284744263
ISIC,WIPT,0.0,123,13,313,31.999999284744263
ISIC,Support-only Transformer,0.0,123,13,313,29.333335161209106
ISIC,ProtoNet,fixed,123,14,314,29.333335161209106
ISIC,WIPT,0.0,123,14,314,30.666667222976685
ISIC,Support-only Transformer,0.0,123,14,314,31.999999284744263
ISIC,ProtoNet,fixed,123,15,315,25.333333015441895
ISIC,WIPT,0.0,123,15,315,25.333333015441895
ISIC,Support-only Transformer,0.0,123,15,315,24.000000953674316
ISIC,ProtoNet,fixed,123,16,316,24.000000953674316
ISIC,WIPT,0.0,123,16,316,22.66666740179062
ISIC,Support-only Transformer,0.0,123,16,316,22.66666740179062
ISIC,ProtoNet,fixed,123,17,317,26.66666805744171
ISIC,WIPT,0.0,123,17,317,29.333335161209106
ISIC,Support-only Transformer,0.0,123,17,317,22.66666740179062
ISIC,ProtoNet,fixed,123,18,318,34.66666638851166
ISIC,WIPT,0.0,123,18,318,33.33333432674408
ISIC,Support-only Transformer,0.0,123,18,318,30.666667222976685
ISIC,ProtoNet,fixed,123,19,319,30.666667222976685
ISIC,WIPT,0.0,123,19,319,28.00000011920929
ISIC,Support-only Transformer,0.0,123,19,319,29.333335161209106
ISIC,ProtoNet,fixed,123,20,320,30.666667222976685
ISIC,WIPT,0.0,123,20,320,33.33333432674408
ISIC,Support-only Transformer,0.0,123,20,320,33.33333432674408
ISIC,ProtoNet,fixed,123,21,321,36.000001430511475
ISIC,WIPT,0.0,123,21,321,33.33333432674408
ISIC,Support-only Transformer,0.0,123,21,321,34.66666638851166
ISIC,ProtoNet,fixed,123,22,322,30.666667222976685
ISIC,WIPT,0.0,123,22,322,25.333333015441895
ISIC,Support-only Transformer,0.0,123,22,322,25.333333015441895
ISIC,ProtoNet,fixed,123,23,323,21.33333384990692
ISIC,WIPT,0.0,123,23,323,20.000000298023224
ISIC,Support-only Transformer,0.0,123,23,323,14.666667580604553
ISIC,ProtoNet,fixed,123,24,324,20.000000298023224
ISIC,WIPT,0.0,123,24,324,20.000000298023224
ISIC,Support-only Transformer,0.0,123,24,324,26.66666805744171
ISIC,ProtoNet,fixed,123,25,325,43.99999976158142
ISIC,WIPT,0.0,123,25,325,40.00000059604645
ISIC,Support-only Transformer,0.0,123,25,325,33.33333432674408
ISIC,ProtoNet,fixed,123,26,326,28.00000011920929
ISIC,WIPT,0.0,123,26,326,30.666667222976685
ISIC,Support-only Transformer,0.0,123,26,326,31.999999284744263
ISIC,ProtoNet,fixed,123,27,327,28.00000011920929
ISIC,WIPT,0.0,123,27,327,25.333333015441895
ISIC,Support-only Transformer,0.0,123,27,327,28.00000011920929
ISIC,ProtoNet,fixed,123,28,328,22.66666740179062
ISIC,WIPT,0.0,123,28,328,17.33333319425583
ISIC,Support-only Transformer,0.0,123,28,328,13.333334028720856
ISIC,ProtoNet,fixed,123,29,329,26.66666805744171
ISIC,WIPT,0.0,123,29,329,25.333333015441895
ISIC,Support-only Transformer,0.0,123,29,329,25.333333015441895
ISIC,ProtoNet,fixed,123,30,330,29.333335161209106
ISIC,WIPT,0.0,123,30,330,29.333335161209106
ISIC,Support-only Transformer,0.0,123,30,330,25.333333015441895
ISIC,ProtoNet,fixed,123,31,331,28.00000011920929
ISIC,WIPT,0.0,123,31,331,30.666667222976685
ISIC,Support-only Transformer,0.0,123,31,331,26.66666805744171
ISIC,ProtoNet,fixed,123,32,332,13.333334028720856
ISIC,WIPT,0.0,123,32,332,14.666667580604553
ISIC,Support-only Transformer,0.0,123,32,332,17.33333319425583
ISIC,ProtoNet,fixed,123,33,333,38.66666853427887
ISIC,WIPT,0.0,123,33,333,36.000001430511475
ISIC,Support-only Transformer,0.0,123,33,333,38.66666853427887
ISIC,ProtoNet,fixed,123,34,334,31.999999284744263
ISIC,WIPT,0.0,123,34,334,30.666667222976685
ISIC,Support-only Transformer,0.0,123,34,334,31.999999284744263
ISIC,ProtoNet,fixed,123,35,335,26.66666805744171
ISIC,WIPT,0.0,123,35,335,25.333333015441895
ISIC,Support-only Transformer,0.0,123,35,335,25.333333015441895
ISIC,ProtoNet,fixed,123,36,336,24.000000953674316
ISIC,WIPT,0.0,123,36,336,22.66666740179062
ISIC,Support-only Transformer,0.0,123,36,336,22.66666740179062
ISIC,ProtoNet,fixed,123,37,337,28.00000011920929
ISIC,WIPT,0.0,123,37,337,31.999999284744263
ISIC,Support-only Transformer,0.0,123,37,337,30.666667222976685
ISIC,ProtoNet,fixed,123,38,338,30.666667222976685
ISIC,WIPT,0.0,123,38,338,34.66666638851166
ISIC,Support-only Transformer,0.0,123,38,338,34.66666638851166
ISIC,ProtoNet,fixed,123,39,339,29.333335161209106
ISIC,WIPT,0.0,123,39,339,29.333335161209106
ISIC,Support-only Transformer,0.0,123,39,339,28.00000011920929
ISIC,ProtoNet,fixed,123,40,340,31.999999284744263
ISIC,WIPT,0.0,123,40,340,31.999999284744263
ISIC,Support-only Transformer,0.0,123,40,340,31.999999284744263
ISIC,ProtoNet,fixed,123,41,341,29.333335161209106
ISIC,WIPT,0.0,123,41,341,28.00000011920929
ISIC,Support-only Transformer,0.0,123,41,341,29.333335161209106
ISIC,ProtoNet,fixed,123,42,342,38.66666853427887
ISIC,WIPT,0.0,123,42,342,37.33333349227905
ISIC,Support-only Transformer,0.0,123,42,342,29.333335161209106
ISIC,ProtoNet,fixed,123,43,343,36.000001430511475
ISIC,WIPT,0.0,123,43,343,34.66666638851166
ISIC,Support-only Transformer,0.0,123,43,343,26.66666805744171
ISIC,ProtoNet,fixed,123,44,344,29.333335161209106
ISIC,WIPT,0.0,123,44,344,29.333335161209106
ISIC,Support-only Transformer,0.0,123,44,344,24.000000953674316
ISIC,ProtoNet,fixed,123,45,345,38.66666853427887
ISIC,WIPT,0.0,123,45,345,37.33333349227905
ISIC,Support-only Transformer,0.0,123,45,345,38.66666853427887
ISIC,ProtoNet,fixed,123,46,346,33.33333432674408
ISIC,WIPT,0.0,123,46,346,34.66666638851166
ISIC,Support-only Transformer,0.0,123,46,346,30.666667222976685
ISIC,ProtoNet,fixed,123,47,347,22.66666740179062
ISIC,WIPT,0.0,123,47,347,26.66666805744171
ISIC,Support-only Transformer,0.0,123,47,347,25.333333015441895
ISIC,ProtoNet,fixed,123,48,348,30.666667222976685
ISIC,WIPT,0.0,123,48,348,31.999999284744263
ISIC,Support-only Transformer,0.0,123,48,348,31.999999284744263
ISIC,ProtoNet,fixed,123,49,349,20.000000298023224
ISIC,WIPT,0.0,123,49,349,17.33333319425583
ISIC,Support-only Transformer,0.0,123,49,349,18.666666746139526
ISIC,ProtoNet,fixed,123,50,350,20.000000298023224
ISIC,WIPT,0.0,123,50,350,25.333333015441895
ISIC,Support-only Transformer,0.0,123,50,350,25.333333015441895
ISIC,ProtoNet,fixed,123,51,351,21.33333384990692
ISIC,WIPT,0.0,123,51,351,24.000000953674316
ISIC,Support-only Transformer,0.0,123,51,351,20.000000298023224
ISIC,ProtoNet,fixed,123,52,352,29.333335161209106
ISIC,WIPT,0.0,123,52,352,29.333335161209106
ISIC,Support-only Transformer,0.0,123,52,352,26.66666805744171
ISIC,ProtoNet,fixed,123,53,353,30.666667222976685
ISIC,WIPT,0.0,123,53,353,31.999999284744263
ISIC,Support-only Transformer,0.0,123,53,353,33.33333432674408
ISIC,ProtoNet,fixed,123,54,354,26.66666805744171
ISIC,WIPT,0.0,123,54,354,25.333333015441895
ISIC,Support-only Transformer,0.0,123,54,354,22.66666740179062
ISIC,ProtoNet,fixed,123,55,355,28.00000011920929
ISIC,WIPT,0.0,123,55,355,26.66666805744171
ISIC,Support-only Transformer,0.0,123,55,355,26.66666805744171
ISIC,ProtoNet,fixed,123,56,356,28.00000011920929
ISIC,WIPT,0.0,123,56,356,26.66666805744171
ISIC,Support-only Transformer,0.0,123,56,356,28.00000011920929
ISIC,ProtoNet,fixed,123,57,357,28.00000011920929
ISIC,WIPT,0.0,123,57,357,25.333333015441895
ISIC,Support-only Transformer,0.0,123,57,357,28.00000011920929
ISIC,ProtoNet,fixed,123,58,358,17.33333319425583
ISIC,WIPT,0.0,123,58,358,18.666666746139526
ISIC,Support-only Transformer,0.0,123,58,358,15.999999642372131
ISIC,ProtoNet,fixed,123,59,359,28.00000011920929
ISIC,WIPT,0.0,123,59,359,26.66666805744171
ISIC,Support-only Transformer,0.0,123,59,359,28.00000011920929
ISIC,ProtoNet,fixed,123,60,360,30.666667222976685
ISIC,WIPT,0.0,123,60,360,30.666667222976685
ISIC,Support-only Transformer,0.0,123,60,360,28.00000011920929
ISIC,ProtoNet,fixed,123,61,361,31.999999284744263
ISIC,WIPT,0.0,123,61,361,29.333335161209106
ISIC,Support-only Transformer,0.0,123,61,361,28.00000011920929
ISIC,ProtoNet,fixed,123,62,362,22.66666740179062
ISIC,WIPT,0.0,123,62,362,22.66666740179062
ISIC,Support-only Transformer,0.0,123,62,362,24.000000953674316
ISIC,ProtoNet,fixed,123,63,363,20.000000298023224
ISIC,WIPT,0.0,123,63,363,24.000000953674316
ISIC,Support-only Transformer,0.0,123,63,363,21.33333384990692
ISIC,ProtoNet,fixed,123,64,364,25.333333015441895
ISIC,WIPT,0.0,123,64,364,24.000000953674316
ISIC,Support-only Transformer,0.0,123,64,364,24.000000953674316
ISIC,ProtoNet,fixed,123,65,365,33.33333432674408
ISIC,WIPT,0.0,123,65,365,26.66666805744171
ISIC,Support-only Transformer,0.0,123,65,365,30.666667222976685
ISIC,ProtoNet,fixed,123,66,366,20.000000298023224
ISIC,WIPT,0.0,123,66,366,22.66666740179062
ISIC,Support-only Transformer,0.0,123,66,366,17.33333319425583
ISIC,ProtoNet,fixed,123,67,367,30.666667222976685
ISIC,WIPT,0.0,123,67,367,31.999999284744263
ISIC,Support-only Transformer,0.0,123,67,367,36.000001430511475
ISIC,ProtoNet,fixed,123,68,368,18.666666746139526
ISIC,WIPT,0.0,123,68,368,18.666666746139526
ISIC,Support-only Transformer,0.0,123,68,368,20.000000298023224
ISIC,ProtoNet,fixed,123,69,369,37.33333349227905
ISIC,WIPT,0.0,123,69,369,42.66666769981384
ISIC,Support-only Transformer,0.0,123,69,369,42.66666769981384
ISIC,ProtoNet,fixed,123,70,370,31.999999284744263
ISIC,WIPT,0.0,123,70,370,30.666667222976685
ISIC,Support-only Transformer,0.0,123,70,370,31.999999284744263
ISIC,ProtoNet,fixed,123,71,371,26.66666805744171
ISIC,WIPT,0.0,123,71,371,33.33333432674408
ISIC,Support-only Transformer,0.0,123,71,371,22.66666740179062
ISIC,ProtoNet,fixed,123,72,372,26.66666805744171
ISIC,WIPT,0.0,123,72,372,24.000000953674316
ISIC,Support-only Transformer,0.0,123,72,372,18.666666746139526
ISIC,ProtoNet,fixed,123,73,373,36.000001430511475
ISIC,WIPT,0.0,123,73,373,33.33333432674408
ISIC,Support-only Transformer,0.0,123,73,373,31.999999284744263
ISIC,ProtoNet,fixed,123,74,374,36.000001430511475
ISIC,WIPT,0.0,123,74,374,37.33333349227905
ISIC,Support-only Transformer,0.0,123,74,374,31.999999284744263
ISIC,ProtoNet,fixed,123,75,375,31.999999284744263
ISIC,WIPT,0.0,123,75,375,31.999999284744263
ISIC,Support-only Transformer,0.0,123,75,375,26.66666805744171
ISIC,ProtoNet,fixed,123,76,376,28.00000011920929
ISIC,WIPT,0.0,123,76,376,29.333335161209106
ISIC,Support-only Transformer,0.0,123,76,376,26.66666805744171
ISIC,ProtoNet,fixed,123,77,377,26.66666805744171
ISIC,WIPT,0.0,123,77,377,25.333333015441895
ISIC,Support-only Transformer,0.0,123,77,377,26.66666805744171
ISIC,ProtoNet,fixed,123,78,378,34.66666638851166
ISIC,WIPT,0.0,123,78,378,31.999999284744263
ISIC,Support-only Transformer,0.0,123,78,378,29.333335161209106
ISIC,ProtoNet,fixed,123,79,379,30.666667222976685
ISIC,WIPT,0.0,123,79,379,30.666667222976685
ISIC,Support-only Transformer,0.0,123,79,379,30.666667222976685
ISIC,ProtoNet,fixed,123,80,380,28.00000011920929
ISIC,WIPT,0.0,123,80,380,29.333335161209106
ISIC,Support-only Transformer,0.0,123,80,380,24.000000953674316
ISIC,ProtoNet,fixed,123,81,381,28.00000011920929
ISIC,WIPT,0.0,123,81,381,26.66666805744171
ISIC,Support-only Transformer,0.0,123,81,381,33.33333432674408
ISIC,ProtoNet,fixed,123,82,382,26.66666805744171
ISIC,WIPT,0.0,123,82,382,29.333335161209106
ISIC,Support-only Transformer,0.0,123,82,382,25.333333015441895
ISIC,ProtoNet,fixed,123,83,383,30.666667222976685
ISIC,WIPT,0.0,123,83,383,31.999999284744263
ISIC,Support-only Transformer,0.0,123,83,383,26.66666805744171
ISIC,ProtoNet,fixed,123,84,384,25.333333015441895
ISIC,WIPT,0.0,123,84,384,24.000000953674316
ISIC,Support-only Transformer,0.0,123,84,384,22.66666740179062
ISIC,ProtoNet,fixed,123,85,385,42.66666769981384
ISIC,WIPT,0.0,123,85,385,41.333335638046265
ISIC,Support-only Transformer,0.0,123,85,385,37.33333349227905
ISIC,ProtoNet,fixed,123,86,386,31.999999284744263
ISIC,WIPT,0.0,123,86,386,30.666667222976685
ISIC,Support-only Transformer,0.0,123,86,386,34.66666638851166
ISIC,ProtoNet,fixed,123,87,387,22.66666740179062
ISIC,WIPT,0.0,123,87,387,20.000000298023224
ISIC,Support-only Transformer,0.0,123,87,387,21.33333384990692
ISIC,ProtoNet,fixed,123,88,388,15.999999642372131
ISIC,WIPT,0.0,123,88,388,17.33333319425583
ISIC,Support-only Transformer,0.0,123,88,388,22.66666740179062
ISIC,ProtoNet,fixed,123,89,389,22.66666740179062
ISIC,WIPT,0.0,123,89,389,24.000000953674316
ISIC,Support-only Transformer,0.0,123,89,389,15.999999642372131
ISIC,ProtoNet,fixed,123,90,390,18.666666746139526
ISIC,WIPT,0.0,123,90,390,15.999999642372131
ISIC,Support-only Transformer,0.0,123,90,390,15.999999642372131
ISIC,ProtoNet,fixed,123,91,391,22.66666740179062
ISIC,WIPT,0.0,123,91,391,24.000000953674316
ISIC,Support-only Transformer,0.0,123,91,391,24.000000953674316
ISIC,ProtoNet,fixed,123,92,392,37.33333349227905
ISIC,WIPT,0.0,123,92,392,40.00000059604645
ISIC,Support-only Transformer,0.0,123,92,392,37.33333349227905
ISIC,ProtoNet,fixed,123,93,393,24.000000953674316
ISIC,WIPT,0.0,123,93,393,24.000000953674316
ISIC,Support-only Transformer,0.0,123,93,393,26.66666805744171
ISIC,ProtoNet,fixed,123,94,394,22.66666740179062
ISIC,WIPT,0.0,123,94,394,26.66666805744171
ISIC,Support-only Transformer,0.0,123,94,394,25.333333015441895
ISIC,ProtoNet,fixed,123,95,395,38.66666853427887
ISIC,WIPT,0.0,123,95,395,37.33333349227905
ISIC,Support-only Transformer,0.0,123,95,395,37.33333349227905
ISIC,ProtoNet,fixed,123,96,396,37.33333349227905
ISIC,WIPT,0.0,123,96,396,40.00000059604645
ISIC,Support-only Transformer,0.0,123,96,396,29.333335161209106
ISIC,ProtoNet,fixed,123,97,397,31.999999284744263
ISIC,WIPT,0.0,123,97,397,34.66666638851166
ISIC,Support-only Transformer,0.0,123,97,397,34.66666638851166
ISIC,ProtoNet,fixed,123,98,398,31.999999284744263
ISIC,WIPT,0.0,123,98,398,29.333335161209106
ISIC,Support-only Transformer,0.0,123,98,398,29.333335161209106
ISIC,ProtoNet,fixed,123,99,399,31.999999284744263
ISIC,WIPT,0.0,123,99,399,33.33333432674408
ISIC,Support-only Transformer,0.0,123,99,399,31.999999284744263
ISIC,ProtoNet,fixed,123,100,400,33.33333432674408
ISIC,WIPT,0.0,123,100,400,33.33333432674408
ISIC,Support-only Transformer,0.0,123,100,400,28.00000011920929
ISIC,ProtoNet,fixed,123,101,401,29.333335161209106
ISIC,WIPT,0.0,123,101,401,25.333333015441895
ISIC,Support-only Transformer,0.0,123,101,401,29.333335161209106
ISIC,ProtoNet,fixed,123,102,402,28.00000011920929
ISIC,WIPT,0.0,123,102,402,26.66666805744171
ISIC,Support-only Transformer,0.0,123,102,402,28.00000011920929
ISIC,ProtoNet,fixed,123,103,403,33.33333432674408
ISIC,WIPT,0.0,123,103,403,33.33333432674408
ISIC,Support-only Transformer,0.0,123,103,403,29.333335161209106
ISIC,ProtoNet,fixed,123,104,404,31.999999284744263
ISIC,WIPT,0.0,123,104,404,29.333335161209106
ISIC,Support-only Transformer,0.0,123,104,404,25.333333015441895
ISIC,ProtoNet,fixed,123,105,405,13.333334028720856
ISIC,WIPT,0.0,123,105,405,12.000000476837158
ISIC,Support-only Transformer,0.0,123,105,405,12.000000476837158
ISIC,ProtoNet,fixed,123,106,406,38.66666853427887
ISIC,WIPT,0.0,123,106,406,34.66666638851166
ISIC,Support-only Transformer,0.0,123,106,406,31.999999284744263
ISIC,ProtoNet,fixed,123,107,407,17.33333319425583
ISIC,WIPT,0.0,123,107,407,22.66666740179062
ISIC,Support-only Transformer,0.0,123,107,407,21.33333384990692
ISIC,ProtoNet,fixed,123,108,408,30.666667222976685
ISIC,WIPT,0.0,123,108,408,29.333335161209106
ISIC,Support-only Transformer,0.0,123,108,408,29.333335161209106
ISIC,ProtoNet,fixed,123,109,409,28.00000011920929
ISIC,WIPT,0.0,123,109,409,29.333335161209106
ISIC,Support-only Transformer,0.0,123,109,409,15.999999642372131
ISIC,ProtoNet,fixed,123,110,410,26.66666805744171
ISIC,WIPT,0.0,123,110,410,26.66666805744171
ISIC,Support-only Transformer,0.0,123,110,410,25.333333015441895
ISIC,ProtoNet,fixed,123,111,411,28.00000011920929
ISIC,WIPT,0.0,123,111,411,24.000000953674316
ISIC,Support-only Transformer,0.0,123,111,411,28.00000011920929
ISIC,ProtoNet,fixed,123,112,412,28.00000011920929
ISIC,WIPT,0.0,123,112,412,21.33333384990692
ISIC,Support-only Transformer,0.0,123,112,412,21.33333384990692
ISIC,ProtoNet,fixed,123,113,413,21.33333384990692
ISIC,WIPT,0.0,123,113,413,15.999999642372131
ISIC,Support-only Transformer,0.0,123,113,413,20.000000298023224
ISIC,ProtoNet,fixed,123,114,414,30.666667222976685
ISIC,WIPT,0.0,123,114,414,29.333335161209106
ISIC,Support-only Transformer,0.0,123,114,414,28.00000011920929
ISIC,ProtoNet,fixed,123,115,415,31.999999284744263
ISIC,WIPT,0.0,123,115,415,31.999999284744263
ISIC,Support-only Transformer,0.0,123,115,415,31.999999284744263
ISIC,ProtoNet,fixed,123,116,416,31.999999284744263
ISIC,WIPT,0.0,123,116,416,36.000001430511475
ISIC,Support-only Transformer,0.0,123,116,416,36.000001430511475
ISIC,ProtoNet,fixed,123,117,417,21.33333384990692
ISIC,WIPT,0.0,123,117,417,18.666666746139526
ISIC,Support-only Transformer,0.0,123,117,417,21.33333384990692
ISIC,ProtoNet,fixed,123,118,418,24.000000953674316
ISIC,WIPT,0.0,123,118,418,24.000000953674316
ISIC,Support-only Transformer,0.0,123,118,418,20.000000298023224
ISIC,ProtoNet,fixed,123,119,419,30.666667222976685
ISIC,WIPT,0.0,123,119,419,29.333335161209106
ISIC,Support-only Transformer,0.0,123,119,419,30.666667222976685
ISIC,ProtoNet,fixed,123,120,420,26.66666805744171
ISIC,WIPT,0.0,123,120,420,25.333333015441895
ISIC,Support-only Transformer,0.0,123,120,420,30.666667222976685
ISIC,ProtoNet,fixed,123,121,421,31.999999284744263
ISIC,WIPT,0.0,123,121,421,30.666667222976685
ISIC,Support-only Transformer,0.0,123,121,421,30.666667222976685
ISIC,ProtoNet,fixed,123,122,422,30.666667222976685
ISIC,WIPT,0.0,123,122,422,30.666667222976685
ISIC,Support-only Transformer,0.0,123,122,422,29.333335161209106
ISIC,ProtoNet,fixed,123,123,423,18.666666746139526
ISIC,WIPT,0.0,123,123,423,21.33333384990692
ISIC,Support-only Transformer,0.0,123,123,423,24.000000953674316
ISIC,ProtoNet,fixed,123,124,424,24.000000953674316
ISIC,WIPT,0.0,123,124,424,24.000000953674316
ISIC,Support-only Transformer,0.0,123,124,424,29.333335161209106
ISIC,ProtoNet,fixed,123,125,425,37.33333349227905
ISIC,WIPT,0.0,123,125,425,37.33333349227905
ISIC,Support-only Transformer,0.0,123,125,425,37.33333349227905
ISIC,ProtoNet,fixed,123,126,426,22.66666740179062
ISIC,WIPT,0.0,123,126,426,21.33333384990692
ISIC,Support-only Transformer,0.0,123,126,426,26.66666805744171
ISIC,ProtoNet,fixed,123,127,427,34.66666638851166
ISIC,WIPT,0.0,123,127,427,40.00000059604645
ISIC,Support-only Transformer,0.0,123,127,427,38.66666853427887
ISIC,ProtoNet,fixed,123,128,428,30.666667222976685
ISIC,WIPT,0.0,123,128,428,28.00000011920929
ISIC,Support-only Transformer,0.0,123,128,428,29.333335161209106
ISIC,ProtoNet,fixed,123,129,429,17.33333319425583
ISIC,WIPT,0.0,123,129,429,20.000000298023224
ISIC,Support-only Transformer,0.0,123,129,429,20.000000298023224
ISIC,ProtoNet,fixed,123,130,430,33.33333432674408
ISIC,WIPT,0.0,123,130,430,29.333335161209106
ISIC,Support-only Transformer,0.0,123,130,430,30.666667222976685
ISIC,ProtoNet,fixed,123,131,431,22.66666740179062
ISIC,WIPT,0.0,123,131,431,22.66666740179062
ISIC,Support-only Transformer,0.0,123,131,431,18.666666746139526
ISIC,ProtoNet,fixed,123,132,432,28.00000011920929
ISIC,WIPT,0.0,123,132,432,30.666667222976685
ISIC,Support-only Transformer,0.0,123,132,432,30.666667222976685
ISIC,ProtoNet,fixed,123,133,433,26.66666805744171
ISIC,WIPT,0.0,123,133,433,24.000000953674316
ISIC,Support-only Transformer,0.0,123,133,433,21.33333384990692
ISIC,ProtoNet,fixed,123,134,434,36.000001430511475
ISIC,WIPT,0.0,123,134,434,37.33333349227905
ISIC,Support-only Transformer,0.0,123,134,434,42.66666769981384
ISIC,ProtoNet,fixed,123,135,435,21.33333384990692
ISIC,WIPT,0.0,123,135,435,22.66666740179062
ISIC,Support-only Transformer,0.0,123,135,435,24.000000953674316
ISIC,ProtoNet,fixed,123,136,436,33.33333432674408
ISIC,WIPT,0.0,123,136,436,34.66666638851166
ISIC,Support-only Transformer,0.0,123,136,436,30.666667222976685
ISIC,ProtoNet,fixed,123,137,437,22.66666740179062
ISIC,WIPT,0.0,123,137,437,22.66666740179062
ISIC,Support-only Transformer,0.0,123,137,437,24.000000953674316
ISIC,ProtoNet,fixed,123,138,438,22.66666740179062
ISIC,WIPT,0.0,123,138,438,21.33333384990692
ISIC,Support-only Transformer,0.0,123,138,438,20.000000298023224
ISIC,ProtoNet,fixed,123,139,439,31.999999284744263
ISIC,WIPT,0.0,123,139,439,36.000001430511475
ISIC,Support-only Transformer,0.0,123,139,439,34.66666638851166
ISIC,ProtoNet,fixed,123,140,440,24.000000953674316
ISIC,WIPT,0.0,123,140,440,21.33333384990692
ISIC,Support-only Transformer,0.0,123,140,440,17.33333319425583
ISIC,ProtoNet,fixed,123,141,441,36.000001430511475
ISIC,WIPT,0.0,123,141,441,34.66666638851166
ISIC,Support-only Transformer,0.0,123,141,441,34.66666638851166
ISIC,ProtoNet,fixed,123,142,442,20.000000298023224
ISIC,WIPT,0.0,123,142,442,20.000000298023224
ISIC,Support-only Transformer,0.0,123,142,442,21.33333384990692
ISIC,ProtoNet,fixed,123,143,443,30.666667222976685
ISIC,WIPT,0.0,123,143,443,30.666667222976685
ISIC,Support-only Transformer,0.0,123,143,443,29.333335161209106
ISIC,ProtoNet,fixed,123,144,444,29.333335161209106
ISIC,WIPT,0.0,123,144,444,29.333335161209106
ISIC,Support-only Transformer,0.0,123,144,444,29.333335161209106
ISIC,ProtoNet,fixed,123,145,445,21.33333384990692
ISIC,WIPT,0.0,123,145,445,22.66666740179062
ISIC,Support-only Transformer,0.0,123,145,445,22.66666740179062
ISIC,ProtoNet,fixed,123,146,446,31.999999284744263
ISIC,WIPT,0.0,123,146,446,28.00000011920929
ISIC,Support-only Transformer,0.0,123,146,446,29.333335161209106
ISIC,ProtoNet,fixed,123,147,447,30.666667222976685
ISIC,WIPT,0.0,123,147,447,29.333335161209106
ISIC,Support-only Transformer,0.0,123,147,447,33.33333432674408
ISIC,ProtoNet,fixed,123,148,448,29.333335161209106
ISIC,WIPT,0.0,123,148,448,29.333335161209106
ISIC,Support-only Transformer,0.0,123,148,448,29.333335161209106
ISIC,ProtoNet,fixed,123,149,449,42.66666769981384
ISIC,WIPT,0.0,123,149,449,45.33333480358124
ISIC,Support-only Transformer,0.0,123,149,449,33.33333432674408
ISIC,ProtoNet,fixed,123,150,450,29.333335161209106
ISIC,WIPT,0.0,123,150,450,29.333335161209106
ISIC,Support-only Transformer,0.0,123,150,450,24.000000953674316
ISIC,ProtoNet,fixed,123,151,451,14.666667580604553
ISIC,WIPT,0.0,123,151,451,14.666667580604553
ISIC,Support-only Transformer,0.0,123,151,451,14.666667580604553
ISIC,ProtoNet,fixed,123,152,452,33.33333432674408
ISIC,WIPT,0.0,123,152,452,38.66666853427887
ISIC,Support-only Transformer,0.0,123,152,452,33.33333432674408
ISIC,ProtoNet,fixed,123,153,453,34.66666638851166
ISIC,WIPT,0.0,123,153,453,33.33333432674408
ISIC,Support-only Transformer,0.0,123,153,453,31.999999284744263
ISIC,ProtoNet,fixed,123,154,454,34.66666638851166
ISIC,WIPT,0.0,123,154,454,29.333335161209106
ISIC,Support-only Transformer,0.0,123,154,454,28.00000011920929
ISIC,ProtoNet,fixed,123,155,455,34.66666638851166
ISIC,WIPT,0.0,123,155,455,34.66666638851166
ISIC,Support-only Transformer,0.0,123,155,455,31.999999284744263
ISIC,ProtoNet,fixed,123,156,456,36.000001430511475
ISIC,WIPT,0.0,123,156,456,30.666667222976685
ISIC,Support-only Transformer,0.0,123,156,456,30.666667222976685
ISIC,ProtoNet,fixed,123,157,457,30.666667222976685
ISIC,WIPT,0.0,123,157,457,29.333335161209106
ISIC,Support-only Transformer,0.0,123,157,457,25.333333015441895
ISIC,ProtoNet,fixed,123,158,458,31.999999284744263
ISIC,WIPT,0.0,123,158,458,30.666667222976685
ISIC,Support-only Transformer,0.0,123,158,458,25.333333015441895
ISIC,ProtoNet,fixed,123,159,459,26.66666805744171
ISIC,WIPT,0.0,123,159,459,24.000000953674316
ISIC,Support-only Transformer,0.0,123,159,459,28.00000011920929
ISIC,ProtoNet,fixed,123,160,460,24.000000953674316
ISIC,WIPT,0.0,123,160,460,26.66666805744171
ISIC,Support-only Transformer,0.0,123,160,460,28.00000011920929
ISIC,ProtoNet,fixed,123,161,461,28.00000011920929
ISIC,WIPT,0.0,123,161,461,22.66666740179062
ISIC,Support-only Transformer,0.0,123,161,461,21.33333384990692
ISIC,ProtoNet,fixed,123,162,462,18.666666746139526
ISIC,WIPT,0.0,123,162,462,15.999999642372131
ISIC,Support-only Transformer,0.0,123,162,462,15.999999642372131
ISIC,ProtoNet,fixed,123,163,463,34.66666638851166
ISIC,WIPT,0.0,123,163,463,33.33333432674408
ISIC,Support-only Transformer,0.0,123,163,463,31.999999284744263
ISIC,ProtoNet,fixed,123,164,464,28.00000011920929
ISIC,WIPT,0.0,123,164,464,28.00000011920929
ISIC,Support-only Transformer,0.0,123,164,464,29.333335161209106
ISIC,ProtoNet,fixed,123,165,465,30.666667222976685
ISIC,WIPT,0.0,123,165,465,31.999999284744263
ISIC,Support-only Transformer,0.0,123,165,465,34.66666638851166
ISIC,ProtoNet,fixed,123,166,466,31.999999284744263
ISIC,WIPT,0.0,123,166,466,31.999999284744263
ISIC,Support-only Transformer,0.0,123,166,466,30.666667222976685
ISIC,ProtoNet,fixed,123,167,467,28.00000011920929
ISIC,WIPT,0.0,123,167,467,24.000000953674316
ISIC,Support-only Transformer,0.0,123,167,467,24.000000953674316
ISIC,ProtoNet,fixed,123,168,468,25.333333015441895
ISIC,WIPT,0.0,123,168,468,26.66666805744171
ISIC,Support-only Transformer,0.0,123,168,468,25.333333015441895
ISIC,ProtoNet,fixed,123,169,469,30.666667222976685
ISIC,WIPT,0.0,123,169,469,29.333335161209106
ISIC,Support-only Transformer,0.0,123,169,469,29.333335161209106
ISIC,ProtoNet,fixed,123,170,470,18.666666746139526
ISIC,WIPT,0.0,123,170,470,20.000000298023224
ISIC,Support-only Transformer,0.0,123,170,470,21.33333384990692
ISIC,ProtoNet,fixed,123,171,471,25.333333015441895
ISIC,WIPT,0.0,123,171,471,24.000000953674316
ISIC,Support-only Transformer,0.0,123,171,471,26.66666805744171
ISIC,ProtoNet,fixed,123,172,472,33.33333432674408
ISIC,WIPT,0.0,123,172,472,33.33333432674408
ISIC,Support-only Transformer,0.0,123,172,472,25.333333015441895
ISIC,ProtoNet,fixed,123,173,473,14.666667580604553
ISIC,WIPT,0.0,123,173,473,14.666667580604553
ISIC,Support-only Transformer,0.0,123,173,473,15.999999642372131
ISIC,ProtoNet,fixed,123,174,474,34.66666638851166
ISIC,WIPT,0.0,123,174,474,30.666667222976685
ISIC,Support-only Transformer,0.0,123,174,474,29.333335161209106
ISIC,ProtoNet,fixed,123,175,475,31.999999284744263
ISIC,WIPT,0.0,123,175,475,30.666667222976685
ISIC,Support-only Transformer,0.0,123,175,475,34.66666638851166
ISIC,ProtoNet,fixed,123,176,476,21.33333384990692
ISIC,WIPT,0.0,123,176,476,21.33333384990692
ISIC,Support-only Transformer,0.0,123,176,476,20.000000298023224
ISIC,ProtoNet,fixed,123,177,477,28.00000011920929
ISIC,WIPT,0.0,123,177,477,26.66666805744171
ISIC,Support-only Transformer,0.0,123,177,477,26.66666805744171
ISIC,ProtoNet,fixed,123,178,478,26.66666805744171
ISIC,WIPT,0.0,123,178,478,26.66666805744171
ISIC,Support-only Transformer,0.0,123,178,478,26.66666805744171
ISIC,ProtoNet,fixed,123,179,479,26.66666805744171
ISIC,WIPT,0.0,123,179,479,26.66666805744171
ISIC,Support-only Transformer,0.0,123,179,479,22.66666740179062
ISIC,ProtoNet,fixed,123,180,480,30.666667222976685
ISIC,WIPT,0.0,123,180,480,26.66666805744171
ISIC,Support-only Transformer,0.0,123,180,480,26.66666805744171
ISIC,ProtoNet,fixed,123,181,481,33.33333432674408
ISIC,WIPT,0.0,123,181,481,31.999999284744263
ISIC,Support-only Transformer,0.0,123,181,481,31.999999284744263
ISIC,ProtoNet,fixed,123,182,482,40.00000059604645
ISIC,WIPT,0.0,123,182,482,36.000001430511475
ISIC,Support-only Transformer,0.0,123,182,482,36.000001430511475
ISIC,ProtoNet,fixed,123,183,483,24.000000953674316
ISIC,WIPT,0.0,123,183,483,21.33333384990692
ISIC,Support-only Transformer,0.0,123,183,483,21.33333384990692
ISIC,ProtoNet,fixed,123,184,484,29.333335161209106
ISIC,WIPT,0.0,123,184,484,29.333335161209106
ISIC,Support-only Transformer,0.0,123,184,484,28.00000011920929
ISIC,ProtoNet,fixed,123,185,485,33.33333432674408
ISIC,WIPT,0.0,123,185,485,30.666667222976685
ISIC,Support-only Transformer,0.0,123,185,485,37.33333349227905
ISIC,ProtoNet,fixed,123,186,486,25.333333015441895
ISIC,WIPT,0.0,123,186,486,29.333335161209106
ISIC,Support-only Transformer,0.0,123,186,486,24.000000953674316
ISIC,ProtoNet,fixed,123,187,487,33.33333432674408
ISIC,WIPT,0.0,123,187,487,31.999999284744263
ISIC,Support-only Transformer,0.0,123,187,487,30.666667222976685
ISIC,ProtoNet,fixed,123,188,488,36.000001430511475
ISIC,WIPT,0.0,123,188,488,36.000001430511475
ISIC,Support-only Transformer,0.0,123,188,488,34.66666638851166
ISIC,ProtoNet,fixed,123,189,489,26.66666805744171
ISIC,WIPT,0.0,123,189,489,26.66666805744171
ISIC,Support-only Transformer,0.0,123,189,489,29.333335161209106
ISIC,ProtoNet,fixed,123,190,490,45.33333480358124
ISIC,WIPT,0.0,123,190,490,43.99999976158142
ISIC,Support-only Transformer,0.0,123,190,490,40.00000059604645
ISIC,ProtoNet,fixed,123,191,491,24.000000953674316
ISIC,WIPT,0.0,123,191,491,26.66666805744171
ISIC,Support-only Transformer,0.0,123,191,491,25.333333015441895
ISIC,ProtoNet,fixed,123,192,492,24.000000953674316
ISIC,WIPT,0.0,123,192,492,28.00000011920929
ISIC,Support-only Transformer,0.0,123,192,492,36.000001430511475
ISIC,ProtoNet,fixed,123,193,493,18.666666746139526
ISIC,WIPT,0.0,123,193,493,17.33333319425583
ISIC,Support-only Transformer,0.0,123,193,493,15.999999642372131
ISIC,ProtoNet,fixed,123,194,494,31.999999284744263
ISIC,WIPT,0.0,123,194,494,26.66666805744171
ISIC,Support-only Transformer,0.0,123,194,494,28.00000011920929
ISIC,ProtoNet,fixed,123,195,495,30.666667222976685
ISIC,WIPT,0.0,123,195,495,28.00000011920929
ISIC,Support-only Transformer,0.0,123,195,495,22.66666740179062
ISIC,ProtoNet,fixed,123,196,496,31.999999284744263
ISIC,WIPT,0.0,123,196,496,28.00000011920929
ISIC,Support-only Transformer,0.0,123,196,496,22.66666740179062
ISIC,ProtoNet,fixed,123,197,497,30.666667222976685
ISIC,WIPT,0.0,123,197,497,29.333335161209106
ISIC,Support-only Transformer,0.0,123,197,497,29.333335161209106
ISIC,ProtoNet,fixed,123,198,498,29.333335161209106
ISIC,WIPT,0.0,123,198,498,28.00000011920929
ISIC,Support-only Transformer,0.0,123,198,498,30.666667222976685
ISIC,ProtoNet,fixed,123,199,499,36.000001430511475
ISIC,WIPT,0.0,123,199,499,37.33333349227905
ISIC,Support-only Transformer,0.0,123,199,499,36.000001430511475
ISIC,ProtoNet,fixed,123,200,500,21.33333384990692
ISIC,WIPT,0.0,123,200,500,20.000000298023224
ISIC,Support-only Transformer,0.0,123,200,500,18.666666746139526
ISIC,ProtoNet,fixed,123,201,501,24.000000953674316
ISIC,WIPT,0.0,123,201,501,26.66666805744171
ISIC,Support-only Transformer,0.0,123,201,501,25.333333015441895
ISIC,ProtoNet,fixed,123,202,502,40.00000059604645
ISIC,WIPT,0.0,123,202,502,41.333335638046265
ISIC,Support-only Transformer,0.0,123,202,502,41.333335638046265
ISIC,ProtoNet,fixed,123,203,503,33.33333432674408
ISIC,WIPT,0.0,123,203,503,31.999999284744263
ISIC,Support-only Transformer,0.0,123,203,503,31.999999284744263
ISIC,ProtoNet,fixed,123,204,504,31.999999284744263
ISIC,WIPT,0.0,123,204,504,31.999999284744263
ISIC,Support-only Transformer,0.0,123,204,504,31.999999284744263
ISIC,ProtoNet,fixed,123,205,505,17.33333319425583
ISIC,WIPT,0.0,123,205,505,14.666667580604553
ISIC,Support-only Transformer,0.0,123,205,505,15.999999642372131
ISIC,ProtoNet,fixed,123,206,506,31.999999284744263
ISIC,WIPT,0.0,123,206,506,34.66666638851166
ISIC,Support-only Transformer,0.0,123,206,506,33.33333432674408
ISIC,ProtoNet,fixed,123,207,507,14.666667580604553
ISIC,WIPT,0.0,123,207,507,12.000000476837158
ISIC,Support-only Transformer,0.0,123,207,507,15.999999642372131
ISIC,ProtoNet,fixed,123,208,508,28.00000011920929
ISIC,WIPT,0.0,123,208,508,28.00000011920929
ISIC,Support-only Transformer,0.0,123,208,508,25.333333015441895
ISIC,ProtoNet,fixed,123,209,509,18.666666746139526
ISIC,WIPT,0.0,123,209,509,17.33333319425583
ISIC,Support-only Transformer,0.0,123,209,509,18.666666746139526
ISIC,ProtoNet,fixed,123,210,510,26.66666805744171
ISIC,WIPT,0.0,123,210,510,28.00000011920929
ISIC,Support-only Transformer,0.0,123,210,510,28.00000011920929
ISIC,ProtoNet,fixed,123,211,511,25.333333015441895
ISIC,WIPT,0.0,123,211,511,24.000000953674316
ISIC,Support-only Transformer,0.0,123,211,511,25.333333015441895
ISIC,ProtoNet,fixed,123,212,512,37.33333349227905
ISIC,WIPT,0.0,123,212,512,40.00000059604645
ISIC,Support-only Transformer,0.0,123,212,512,38.66666853427887
ISIC,ProtoNet,fixed,123,213,513,30.666667222976685
ISIC,WIPT,0.0,123,213,513,28.00000011920929
ISIC,Support-only Transformer,0.0,123,213,513,29.333335161209106
ISIC,ProtoNet,fixed,123,214,514,28.00000011920929
ISIC,WIPT,0.0,123,214,514,36.000001430511475
ISIC,Support-only Transformer,0.0,123,214,514,37.33333349227905
ISIC,ProtoNet,fixed,123,215,515,37.33333349227905
ISIC,WIPT,0.0,123,215,515,34.66666638851166
ISIC,Support-only Transformer,0.0,123,215,515,34.66666638851166
ISIC,ProtoNet,fixed,123,216,516,31.999999284744263
ISIC,WIPT,0.0,123,216,516,33.33333432674408
ISIC,Support-only Transformer,0.0,123,216,516,33.33333432674408
ISIC,ProtoNet,fixed,123,217,517,25.333333015441895
ISIC,WIPT,0.0,123,217,517,25.333333015441895
ISIC,Support-only Transformer,0.0,123,217,517,24.000000953674316
ISIC,ProtoNet,fixed,123,218,518,34.66666638851166
ISIC,WIPT,0.0,123,218,518,34.66666638851166
ISIC,Support-only Transformer,0.0,123,218,518,34.66666638851166
ISIC,ProtoNet,fixed,123,219,519,33.33333432674408
ISIC,WIPT,0.0,123,219,519,36.000001430511475
ISIC,Support-only Transformer,0.0,123,219,519,33.33333432674408
ISIC,ProtoNet,fixed,123,220,520,26.66666805744171
ISIC,WIPT,0.0,123,220,520,26.66666805744171
ISIC,Support-only Transformer,0.0,123,220,520,29.333335161209106
ISIC,ProtoNet,fixed,123,221,521,22.66666740179062
ISIC,WIPT,0.0,123,221,521,21.33333384990692
ISIC,Support-only Transformer,0.0,123,221,521,21.33333384990692
ISIC,ProtoNet,fixed,123,222,522,30.666667222976685
ISIC,WIPT,0.0,123,222,522,31.999999284744263
ISIC,Support-only Transformer,0.0,123,222,522,30.666667222976685
ISIC,ProtoNet,fixed,123,223,523,29.333335161209106
ISIC,WIPT,0.0,123,223,523,33.33333432674408
ISIC,Support-only Transformer,0.0,123,223,523,26.66666805744171
ISIC,ProtoNet,fixed,123,224,524,36.000001430511475
ISIC,WIPT,0.0,123,224,524,34.66666638851166
ISIC,Support-only Transformer,0.0,123,224,524,36.000001430511475
ISIC,ProtoNet,fixed,123,225,525,26.66666805744171
ISIC,WIPT,0.0,123,225,525,25.333333015441895
ISIC,Support-only Transformer,0.0,123,225,525,29.333335161209106
ISIC,ProtoNet,fixed,123,226,526,34.66666638851166
ISIC,WIPT,0.0,123,226,526,33.33333432674408
ISIC,Support-only Transformer,0.0,123,226,526,31.999999284744263
ISIC,ProtoNet,fixed,123,227,527,22.66666740179062
ISIC,WIPT,0.0,123,227,527,22.66666740179062
ISIC,Support-only Transformer,0.0,123,227,527,21.33333384990692
ISIC,ProtoNet,fixed,123,228,528,34.66666638851166
ISIC,WIPT,0.0,123,228,528,31.999999284744263
ISIC,Support-only Transformer,0.0,123,228,528,36.000001430511475
ISIC,ProtoNet,fixed,123,229,529,45.33333480358124
ISIC,WIPT,0.0,123,229,529,45.33333480358124
ISIC,Support-only Transformer,0.0,123,229,529,41.333335638046265
ISIC,ProtoNet,fixed,123,230,530,29.333335161209106
ISIC,WIPT,0.0,123,230,530,29.333335161209106
ISIC,Support-only Transformer,0.0,123,230,530,30.666667222976685
ISIC,ProtoNet,fixed,123,231,531,25.333333015441895
ISIC,WIPT,0.0,123,231,531,24.000000953674316
ISIC,Support-only Transformer,0.0,123,231,531,22.66666740179062
ISIC,ProtoNet,fixed,123,232,532,15.999999642372131
ISIC,WIPT,0.0,123,232,532,17.33333319425583
ISIC,Support-only Transformer,0.0,123,232,532,18.666666746139526
ISIC,ProtoNet,fixed,123,233,533,24.000000953674316
ISIC,WIPT,0.0,123,233,533,24.000000953674316
ISIC,Support-only Transformer,0.0,123,233,533,33.33333432674408
ISIC,ProtoNet,fixed,123,234,534,18.666666746139526
ISIC,WIPT,0.0,123,234,534,13.333334028720856
ISIC,Support-only Transformer,0.0,123,234,534,17.33333319425583
ISIC,ProtoNet,fixed,123,235,535,25.333333015441895
ISIC,WIPT,0.0,123,235,535,22.66666740179062
ISIC,Support-only Transformer,0.0,123,235,535,28.00000011920929
ISIC,ProtoNet,fixed,123,236,536,25.333333015441895
ISIC,WIPT,0.0,123,236,536,24.000000953674316
ISIC,Support-only Transformer,0.0,123,236,536,25.333333015441895
ISIC,ProtoNet,fixed,123,237,537,28.00000011920929
ISIC,WIPT,0.0,123,237,537,28.00000011920929
ISIC,Support-only Transformer,0.0,123,237,537,31.999999284744263
ISIC,ProtoNet,fixed,123,238,538,20.000000298023224
ISIC,WIPT,0.0,123,238,538,22.66666740179062
ISIC,Support-only Transformer,0.0,123,238,538,22.66666740179062
ISIC,ProtoNet,fixed,123,239,539,36.000001430511475
ISIC,WIPT,0.0,123,239,539,36.000001430511475
ISIC,Support-only Transformer,0.0,123,239,539,31.999999284744263
ISIC,ProtoNet,fixed,123,240,540,15.999999642372131
ISIC,WIPT,0.0,123,240,540,15.999999642372131
ISIC,Support-only Transformer,0.0,123,240,540,21.33333384990692
ISIC,ProtoNet,fixed,123,241,541,28.00000011920929
ISIC,WIPT,0.0,123,241,541,29.333335161209106
ISIC,Support-only Transformer,0.0,123,241,541,29.333335161209106
ISIC,ProtoNet,fixed,123,242,542,41.333335638046265
ISIC,WIPT,0.0,123,242,542,42.66666769981384
ISIC,Support-only Transformer,0.0,123,242,542,43.99999976158142
ISIC,ProtoNet,fixed,123,243,543,28.00000011920929
ISIC,WIPT,0.0,123,243,543,28.00000011920929
ISIC,Support-only Transformer,0.0,123,243,543,25.333333015441895
ISIC,ProtoNet,fixed,123,244,544,29.333335161209106
ISIC,WIPT,0.0,123,244,544,29.333335161209106
ISIC,Support-only Transformer,0.0,123,244,544,34.66666638851166
ISIC,ProtoNet,fixed,123,245,545,30.666667222976685
ISIC,WIPT,0.0,123,245,545,31.999999284744263
ISIC,Support-only Transformer,0.0,123,245,545,25.333333015441895
ISIC,ProtoNet,fixed,123,246,546,21.33333384990692
ISIC,WIPT,0.0,123,246,546,22.66666740179062
ISIC,Support-only Transformer,0.0,123,246,546,28.00000011920929
ISIC,ProtoNet,fixed,123,247,547,40.00000059604645
ISIC,WIPT,0.0,123,247,547,37.33333349227905
ISIC,Support-only Transformer,0.0,123,247,547,36.000001430511475
ISIC,ProtoNet,fixed,123,248,548,20.000000298023224
ISIC,WIPT,0.0,123,248,548,17.33333319425583
ISIC,Support-only Transformer,0.0,123,248,548,18.666666746139526
ISIC,ProtoNet,fixed,123,249,549,26.66666805744171
ISIC,WIPT,0.0,123,249,549,25.333333015441895
ISIC,Support-only Transformer,0.0,123,249,549,34.66666638851166
ISIC,ProtoNet,fixed,123,250,550,18.666666746139526
ISIC,WIPT,0.0,123,250,550,15.999999642372131
ISIC,Support-only Transformer,0.0,123,250,550,15.999999642372131
ISIC,ProtoNet,fixed,123,251,551,29.333335161209106
ISIC,WIPT,0.0,123,251,551,33.33333432674408
ISIC,Support-only Transformer,0.0,123,251,551,33.33333432674408
ISIC,ProtoNet,fixed,123,252,552,36.000001430511475
ISIC,WIPT,0.0,123,252,552,31.999999284744263
ISIC,Support-only Transformer,0.0,123,252,552,29.333335161209106
ISIC,ProtoNet,fixed,123,253,553,28.00000011920929
ISIC,WIPT,0.0,123,253,553,29.333335161209106
ISIC,Support-only Transformer,0.0,123,253,553,29.333335161209106
ISIC,ProtoNet,fixed,123,254,554,40.00000059604645
ISIC,WIPT,0.0,123,254,554,40.00000059604645
ISIC,Support-only Transformer,0.0,123,254,554,38.66666853427887
ISIC,ProtoNet,fixed,123,255,555,30.666667222976685
ISIC,WIPT,0.0,123,255,555,28.00000011920929
ISIC,Support-only Transformer,0.0,123,255,555,30.666667222976685
ISIC,ProtoNet,fixed,123,256,556,25.333333015441895
ISIC,WIPT,0.0,123,256,556,26.66666805744171
ISIC,Support-only Transformer,0.0,123,256,556,24.000000953674316
ISIC,ProtoNet,fixed,123,257,557,25.333333015441895
ISIC,WIPT,0.0,123,257,557,28.00000011920929
ISIC,Support-only Transformer,0.0,123,257,557,25.333333015441895
ISIC,ProtoNet,fixed,123,258,558,25.333333015441895
ISIC,WIPT,0.0,123,258,558,24.000000953674316
ISIC,Support-only Transformer,0.0,123,258,558,25.333333015441895
ISIC,ProtoNet,fixed,123,259,559,38.66666853427887
ISIC,WIPT,0.0,123,259,559,40.00000059604645
ISIC,Support-only Transformer,0.0,123,259,559,37.33333349227905
ISIC,ProtoNet,fixed,123,260,560,33.33333432674408
ISIC,WIPT,0.0,123,260,560,30.666667222976685
ISIC,Support-only Transformer,0.0,123,260,560,26.66666805744171
ISIC,ProtoNet,fixed,123,261,561,30.666667222976685
ISIC,WIPT,0.0,123,261,561,25.333333015441895
ISIC,Support-only Transformer,0.0,123,261,561,28.00000011920929
ISIC,ProtoNet,fixed,123,262,562,30.666667222976685
ISIC,WIPT,0.0,123,262,562,28.00000011920929
ISIC,Support-only Transformer,0.0,123,262,562,33.33333432674408
ISIC,ProtoNet,fixed,123,263,563,21.33333384990692
ISIC,WIPT,0.0,123,263,563,21.33333384990692
ISIC,Support-only Transformer,0.0,123,263,563,21.33333384990692
ISIC,ProtoNet,fixed,123,264,564,25.333333015441895
ISIC,WIPT,0.0,123,264,564,26.66666805744171
ISIC,Support-only Transformer,0.0,123,264,564,26.66666805744171
ISIC,ProtoNet,fixed,123,265,565,20.000000298023224
ISIC,WIPT,0.0,123,265,565,17.33333319425583
ISIC,Support-only Transformer,0.0,123,265,565,15.999999642372131
ISIC,ProtoNet,fixed,123,266,566,31.999999284744263
ISIC,WIPT,0.0,123,266,566,33.33333432674408
ISIC,Support-only Transformer,0.0,123,266,566,28.00000011920929
ISIC,ProtoNet,fixed,123,267,567,28.00000011920929
ISIC,WIPT,0.0,123,267,567,28.00000011920929
ISIC,Support-only Transformer,0.0,123,267,567,29.333335161209106
ISIC,ProtoNet,fixed,123,268,568,31.999999284744263
ISIC,WIPT,0.0,123,268,568,30.666667222976685
ISIC,Support-only Transformer,0.0,123,268,568,22.66666740179062
ISIC,ProtoNet,fixed,123,269,569,22.66666740179062
ISIC,WIPT,0.0,123,269,569,21.33333384990692
ISIC,Support-only Transformer,0.0,123,269,569,21.33333384990692
ISIC,ProtoNet,fixed,123,270,570,24.000000953674316
ISIC,WIPT,0.0,123,270,570,22.66666740179062
ISIC,Support-only Transformer,0.0,123,270,570,21.33333384990692
ISIC,ProtoNet,fixed,123,271,571,21.33333384990692
ISIC,WIPT,0.0,123,271,571,21.33333384990692
ISIC,Support-only Transformer,0.0,123,271,571,20.000000298023224
ISIC,ProtoNet,fixed,123,272,572,33.33333432674408
ISIC,WIPT,0.0,123,272,572,30.666667222976685
ISIC,Support-only Transformer,0.0,123,272,572,29.333335161209106
ISIC,ProtoNet,fixed,123,273,573,26.66666805744171
ISIC,WIPT,0.0,123,273,573,29.333335161209106
ISIC,Support-only Transformer,0.0,123,273,573,28.00000011920929
ISIC,ProtoNet,fixed,123,274,574,21.33333384990692
ISIC,WIPT,0.0,123,274,574,21.33333384990692
ISIC,Support-only Transformer,0.0,123,274,574,20.000000298023224
ISIC,ProtoNet,fixed,123,275,575,21.33333384990692
ISIC,WIPT,0.0,123,275,575,24.000000953674316
ISIC,Support-only Transformer,0.0,123,275,575,21.33333384990692
ISIC,ProtoNet,fixed,123,276,576,42.66666769981384
ISIC,WIPT,0.0,123,276,576,40.00000059604645
ISIC,Support-only Transformer,0.0,123,276,576,38.66666853427887
ISIC,ProtoNet,fixed,123,277,577,33.33333432674408
ISIC,WIPT,0.0,123,277,577,30.666667222976685
ISIC,Support-only Transformer,0.0,123,277,577,29.333335161209106
ISIC,ProtoNet,fixed,123,278,578,25.333333015441895
ISIC,WIPT,0.0,123,278,578,24.000000953674316
ISIC,Support-only Transformer,0.0,123,278,578,20.000000298023224
ISIC,ProtoNet,fixed,123,279,579,36.000001430511475
ISIC,WIPT,0.0,123,279,579,37.33333349227905
ISIC,Support-only Transformer,0.0,123,279,579,33.33333432674408
ISIC,ProtoNet,fixed,123,280,580,33.33333432674408
ISIC,WIPT,0.0,123,280,580,34.66666638851166
ISIC,Support-only Transformer,0.0,123,280,580,37.33333349227905
ISIC,ProtoNet,fixed,123,281,581,29.333335161209106
ISIC,WIPT,0.0,123,281,581,28.00000011920929
ISIC,Support-only Transformer,0.0,123,281,581,26.66666805744171
ISIC,ProtoNet,fixed,123,282,582,25.333333015441895
ISIC,WIPT,0.0,123,282,582,22.66666740179062
ISIC,Support-only Transformer,0.0,123,282,582,29.333335161209106
ISIC,ProtoNet,fixed,123,283,583,24.000000953674316
ISIC,WIPT,0.0,123,283,583,26.66666805744171
ISIC,Support-only Transformer,0.0,123,283,583,30.666667222976685
ISIC,ProtoNet,fixed,123,284,584,28.00000011920929
ISIC,WIPT,0.0,123,284,584,25.333333015441895
ISIC,Support-only Transformer,0.0,123,284,584,24.000000953674316
ISIC,ProtoNet,fixed,123,285,585,37.33333349227905
ISIC,WIPT,0.0,123,285,585,41.333335638046265
ISIC,Support-only Transformer,0.0,123,285,585,40.00000059604645
ISIC,ProtoNet,fixed,123,286,586,28.00000011920929
ISIC,WIPT,0.0,123,286,586,28.00000011920929
ISIC,Support-only Transformer,0.0,123,286,586,28.00000011920929
ISIC,ProtoNet,fixed,123,287,587,36.000001430511475
ISIC,WIPT,0.0,123,287,587,30.666667222976685
ISIC,Support-only Transformer,0.0,123,287,587,30.666667222976685
ISIC,ProtoNet,fixed,123,288,588,29.333335161209106
ISIC,WIPT,0.0,123,288,588,31.999999284744263
ISIC,Support-only Transformer,0.0,123,288,588,25.333333015441895
ISIC,ProtoNet,fixed,123,289,589,33.33333432674408
ISIC,WIPT,0.0,123,289,589,31.999999284744263
ISIC,Support-only Transformer,0.0,123,289,589,28.00000011920929
ISIC,ProtoNet,fixed,123,290,590,36.000001430511475
ISIC,WIPT,0.0,123,290,590,34.66666638851166
ISIC,Support-only Transformer,0.0,123,290,590,37.33333349227905
ISIC,ProtoNet,fixed,123,291,591,20.000000298023224
ISIC,WIPT,0.0,123,291,591,21.33333384990692
ISIC,Support-only Transformer,0.0,123,291,591,21.33333384990692
ISIC,ProtoNet,fixed,123,292,592,29.333335161209106
ISIC,WIPT,0.0,123,292,592,28.00000011920929
ISIC,Support-only Transformer,0.0,123,292,592,33.33333432674408
ISIC,ProtoNet,fixed,123,293,593,30.666667222976685
ISIC,WIPT,0.0,123,293,593,31.999999284744263
ISIC,Support-only Transformer,0.0,123,293,593,30.666667222976685
ISIC,ProtoNet,fixed,123,294,594,20.000000298023224
ISIC,WIPT,0.0,123,294,594,14.666667580604553
ISIC,Support-only Transformer,0.0,123,294,594,18.666666746139526
ISIC,ProtoNet,fixed,123,295,595,30.666667222976685
ISIC,WIPT,0.0,123,295,595,30.666667222976685
ISIC,Support-only Transformer,0.0,123,295,595,31.999999284744263
ISIC,ProtoNet,fixed,123,296,596,38.66666853427887
ISIC,WIPT,0.0,123,296,596,40.00000059604645
ISIC,Support-only Transformer,0.0,123,296,596,31.999999284744263
ISIC,ProtoNet,fixed,123,297,597,36.000001430511475
ISIC,WIPT,0.0,123,297,597,38.66666853427887
ISIC,Support-only Transformer,0.0,123,297,597,34.66666638851166
ISIC,ProtoNet,fixed,123,298,598,25.333333015441895
ISIC,WIPT,0.0,123,298,598,24.000000953674316
ISIC,Support-only Transformer,0.0,123,298,598,21.33333384990692
ISIC,ProtoNet,fixed,123,299,599,24.000000953674316
ISIC,WIPT,0.0,123,299,599,24.000000953674316
ISIC,Support-only Transformer,0.0,123,299,599,22.66666740179062
ISIC,ProtoNet,fixed,2024,0,600,29.333335161209106
ISIC,WIPT,0.0,2024,0,600,30.666667222976685
ISIC,Support-only Transformer,0.0,2024,0,600,29.333335161209106
ISIC,ProtoNet,fixed,2024,1,601,22.66666740179062
ISIC,WIPT,0.0,2024,1,601,25.333333015441895
ISIC,Support-only Transformer,0.0,2024,1,601,22.66666740179062
ISIC,ProtoNet,fixed,2024,2,602,38.66666853427887
ISIC,WIPT,0.0,2024,2,602,37.33333349227905
ISIC,Support-only Transformer,0.0,2024,2,602,36.000001430511475
ISIC,ProtoNet,fixed,2024,3,603,25.333333015441895
ISIC,WIPT,0.0,2024,3,603,25.333333015441895
ISIC,Support-only Transformer,0.0,2024,3,603,22.66666740179062
ISIC,ProtoNet,fixed,2024,4,604,24.000000953674316
ISIC,WIPT,0.0,2024,4,604,22.66666740179062
ISIC,Support-only Transformer,0.0,2024,4,604,24.000000953674316
ISIC,ProtoNet,fixed,2024,5,605,28.00000011920929
ISIC,WIPT,0.0,2024,5,605,29.333335161209106
ISIC,Support-only Transformer,0.0,2024,5,605,29.333335161209106
ISIC,ProtoNet,fixed,2024,6,606,25.333333015441895
ISIC,WIPT,0.0,2024,6,606,24.000000953674316
ISIC,Support-only Transformer,0.0,2024,6,606,20.000000298023224
ISIC,ProtoNet,fixed,2024,7,607,33.33333432674408
ISIC,WIPT,0.0,2024,7,607,30.666667222976685
ISIC,Support-only Transformer,0.0,2024,7,607,28.00000011920929
ISIC,ProtoNet,fixed,2024,8,608,29.333335161209106
ISIC,WIPT,0.0,2024,8,608,29.333335161209106
ISIC,Support-only Transformer,0.0,2024,8,608,24.000000953674316
ISIC,ProtoNet,fixed,2024,9,609,36.000001430511475
ISIC,WIPT,0.0,2024,9,609,33.33333432674408
ISIC,Support-only Transformer,0.0,2024,9,609,31.999999284744263
ISIC,ProtoNet,fixed,2024,10,610,29.333335161209106
ISIC,WIPT,0.0,2024,10,610,29.333335161209106
ISIC,Support-only Transformer,0.0,2024,10,610,28.00000011920929
ISIC,ProtoNet,fixed,2024,11,611,33.33333432674408
ISIC,WIPT,0.0,2024,11,611,34.66666638851166
ISIC,Support-only Transformer,0.0,2024,11,611,26.66666805744171
ISIC,ProtoNet,fixed,2024,12,612,20.000000298023224
ISIC,WIPT,0.0,2024,12,612,22.66666740179062
ISIC,Support-only Transformer,0.0,2024,12,612,22.66666740179062
ISIC,ProtoNet,fixed,2024,13,613,31.999999284744263
ISIC,WIPT,0.0,2024,13,613,30.666667222976685
ISIC,Support-only Transformer,0.0,2024,13,613,25.333333015441895
ISIC,ProtoNet,fixed,2024,14,614,20.000000298023224
ISIC,WIPT,0.0,2024,14,614,24.000000953674316
ISIC,Support-only Transformer,0.0,2024,14,614,20.000000298023224
ISIC,ProtoNet,fixed,2024,15,615,17.33333319425583
ISIC,WIPT,0.0,2024,15,615,17.33333319425583
ISIC,Support-only Transformer,0.0,2024,15,615,17.33333319425583
ISIC,ProtoNet,fixed,2024,16,616,22.66666740179062
ISIC,WIPT,0.0,2024,16,616,20.000000298023224
ISIC,Support-only Transformer,0.0,2024,16,616,20.000000298023224
ISIC,ProtoNet,fixed,2024,17,617,22.66666740179062
ISIC,WIPT,0.0,2024,17,617,21.33333384990692
ISIC,Support-only Transformer,0.0,2024,17,617,22.66666740179062
ISIC,ProtoNet,fixed,2024,18,618,30.666667222976685
ISIC,WIPT,0.0,2024,18,618,26.66666805744171
ISIC,Support-only Transformer,0.0,2024,18,618,25.333333015441895
ISIC,ProtoNet,fixed,2024,19,619,26.66666805744171
ISIC,WIPT,0.0,2024,19,619,29.333335161209106
ISIC,Support-only Transformer,0.0,2024,19,619,26.66666805744171
ISIC,ProtoNet,fixed,2024,20,620,30.666667222976685
ISIC,WIPT,0.0,2024,20,620,31.999999284744263
ISIC,Support-only Transformer,0.0,2024,20,620,29.333335161209106
ISIC,ProtoNet,fixed,2024,21,621,26.66666805744171
ISIC,WIPT,0.0,2024,21,621,28.00000011920929
ISIC,Support-only Transformer,0.0,2024,21,621,29.333335161209106
ISIC,ProtoNet,fixed,2024,22,622,40.00000059604645
ISIC,WIPT,0.0,2024,22,622,37.33333349227905
ISIC,Support-only Transformer,0.0,2024,22,622,37.33333349227905
ISIC,ProtoNet,fixed,2024,23,623,26.66666805744171
ISIC,WIPT,0.0,2024,23,623,26.66666805744171
ISIC,Support-only Transformer,0.0,2024,23,623,25.333333015441895
ISIC,ProtoNet,fixed,2024,24,624,24.000000953674316
ISIC,WIPT,0.0,2024,24,624,25.333333015441895
ISIC,Support-only Transformer,0.0,2024,24,624,24.000000953674316
ISIC,ProtoNet,fixed,2024,25,625,18.666666746139526
ISIC,WIPT,0.0,2024,25,625,25.333333015441895
ISIC,Support-only Transformer,0.0,2024,25,625,24.000000953674316
ISIC,ProtoNet,fixed,2024,26,626,24.000000953674316
ISIC,WIPT,0.0,2024,26,626,25.333333015441895
ISIC,Support-only Transformer,0.0,2024,26,626,20.000000298023224
ISIC,ProtoNet,fixed,2024,27,627,20.000000298023224
ISIC,WIPT,0.0,2024,27,627,22.66666740179062
ISIC,Support-only Transformer,0.0,2024,27,627,17.33333319425583
ISIC,ProtoNet,fixed,2024,28,628,22.66666740179062
ISIC,WIPT,0.0,2024,28,628,17.33333319425583
ISIC,Support-only Transformer,0.0,2024,28,628,21.33333384990692
ISIC,ProtoNet,fixed,2024,29,629,24.000000953674316
ISIC,WIPT,0.0,2024,29,629,20.000000298023224
ISIC,Support-only Transformer,0.0,2024,29,629,20.000000298023224
ISIC,ProtoNet,fixed,2024,30,630,33.33333432674408
ISIC,WIPT,0.0,2024,30,630,33.33333432674408
ISIC,Support-only Transformer,0.0,2024,30,630,31.999999284744263
ISIC,ProtoNet,fixed,2024,31,631,28.00000011920929
ISIC,WIPT,0.0,2024,31,631,28.00000011920929
ISIC,Support-only Transformer,0.0,2024,31,631,26.66666805744171
ISIC,ProtoNet,fixed,2024,32,632,30.666667222976685
ISIC,WIPT,0.0,2024,32,632,30.666667222976685
ISIC,Support-only Transformer,0.0,2024,32,632,29.333335161209106
ISIC,ProtoNet,fixed,2024,33,633,36.000001430511475
ISIC,WIPT,0.0,2024,33,633,36.000001430511475
ISIC,Support-only Transformer,0.0,2024,33,633,33.33333432674408
ISIC,ProtoNet,fixed,2024,34,634,31.999999284744263
ISIC,WIPT,0.0,2024,34,634,29.333335161209106
ISIC,Support-only Transformer,0.0,2024,34,634,30.666667222976685
ISIC,ProtoNet,fixed,2024,35,635,33.33333432674408
ISIC,WIPT,0.0,2024,35,635,33.33333432674408
ISIC,Support-only Transformer,0.0,2024,35,635,29.333335161209106
ISIC,ProtoNet,fixed,2024,36,636,38.66666853427887
ISIC,WIPT,0.0,2024,36,636,38.66666853427887
ISIC,Support-only Transformer,0.0,2024,36,636,34.66666638851166
ISIC,ProtoNet,fixed,2024,37,637,34.66666638851166
ISIC,WIPT,0.0,2024,37,637,36.000001430511475
ISIC,Support-only Transformer,0.0,2024,37,637,36.000001430511475
ISIC,ProtoNet,fixed,2024,38,638,42.66666769981384
ISIC,WIPT,0.0,2024,38,638,40.00000059604645
ISIC,Support-only Transformer,0.0,2024,38,638,37.33333349227905
ISIC,ProtoNet,fixed,2024,39,639,40.00000059604645
ISIC,WIPT,0.0,2024,39,639,37.33333349227905
ISIC,Support-only Transformer,0.0,2024,39,639,28.00000011920929
ISIC,ProtoNet,fixed,2024,40,640,30.666667222976685
ISIC,WIPT,0.0,2024,40,640,31.999999284744263
ISIC,Support-only Transformer,0.0,2024,40,640,30.666667222976685
ISIC,ProtoNet,fixed,2024,41,641,25.333333015441895
ISIC,WIPT,0.0,2024,41,641,22.66666740179062
ISIC,Support-only Transformer,0.0,2024,41,641,30.666667222976685
ISIC,ProtoNet,fixed,2024,42,642,31.999999284744263
ISIC,WIPT,0.0,2024,42,642,30.666667222976685
ISIC,Support-only Transformer,0.0,2024,42,642,30.666667222976685
ISIC,ProtoNet,fixed,2024,43,643,30.666667222976685
ISIC,WIPT,0.0,2024,43,643,31.999999284744263
ISIC,Support-only Transformer,0.0,2024,43,643,33.33333432674408
ISIC,ProtoNet,fixed,2024,44,644,26.66666805744171
ISIC,WIPT,0.0,2024,44,644,28.00000011920929
ISIC,Support-only Transformer,0.0,2024,44,644,22.66666740179062
ISIC,ProtoNet,fixed,2024,45,645,33.33333432674408
ISIC,WIPT,0.0,2024,45,645,33.33333432674408
ISIC,Support-only Transformer,0.0,2024,45,645,31.999999284744263
ISIC,ProtoNet,fixed,2024,46,646,26.66666805744171
ISIC,WIPT,0.0,2024,46,646,29.333335161209106
ISIC,Support-only Transformer,0.0,2024,46,646,29.333335161209106
ISIC,ProtoNet,fixed,2024,47,647,37.33333349227905
ISIC,WIPT,0.0,2024,47,647,36.000001430511475
ISIC,Support-only Transformer,0.0,2024,47,647,33.33333432674408
ISIC,ProtoNet,fixed,2024,48,648,20.000000298023224
ISIC,WIPT,0.0,2024,48,648,24.000000953674316
ISIC,Support-only Transformer,0.0,2024,48,648,22.66666740179062
ISIC,ProtoNet,fixed,2024,49,649,26.66666805744171
ISIC,WIPT,0.0,2024,49,649,25.333333015441895
ISIC,Support-only Transformer,0.0,2024,49,649,25.333333015441895
ISIC,ProtoNet,fixed,2024,50,650,26.66666805744171
ISIC,WIPT,0.0,2024,50,650,28.00000011920929
ISIC,Support-only Transformer,0.0,2024,50,650,25.333333015441895
ISIC,ProtoNet,fixed,2024,51,651,14.666667580604553
ISIC,WIPT,0.0,2024,51,651,21.33333384990692
ISIC,Support-only Transformer,0.0,2024,51,651,25.333333015441895
ISIC,ProtoNet,fixed,2024,52,652,21.33333384990692
ISIC,WIPT,0.0,2024,52,652,20.000000298023224
ISIC,Support-only Transformer,0.0,2024,52,652,18.666666746139526
ISIC,ProtoNet,fixed,2024,53,653,26.66666805744171
ISIC,WIPT,0.0,2024,53,653,28.00000011920929
ISIC,Support-only Transformer,0.0,2024,53,653,30.666667222976685
ISIC,ProtoNet,fixed,2024,54,654,20.000000298023224
ISIC,WIPT,0.0,2024,54,654,18.666666746139526
ISIC,Support-only Transformer,0.0,2024,54,654,20.000000298023224
ISIC,ProtoNet,fixed,2024,55,655,18.666666746139526
ISIC,WIPT,0.0,2024,55,655,18.666666746139526
ISIC,Support-only Transformer,0.0,2024,55,655,25.333333015441895
ISIC,ProtoNet,fixed,2024,56,656,28.00000011920929
ISIC,WIPT,0.0,2024,56,656,31.999999284744263
ISIC,Support-only Transformer,0.0,2024,56,656,29.333335161209106
ISIC,ProtoNet,fixed,2024,57,657,21.33333384990692
ISIC,WIPT,0.0,2024,57,657,25.333333015441895
ISIC,Support-only Transformer,0.0,2024,57,657,20.000000298023224
ISIC,ProtoNet,fixed,2024,58,658,22.66666740179062
ISIC,WIPT,0.0,2024,58,658,15.999999642372131
ISIC,Support-only Transformer,0.0,2024,58,658,20.000000298023224
ISIC,ProtoNet,fixed,2024,59,659,28.00000011920929
ISIC,WIPT,0.0,2024,59,659,28.00000011920929
ISIC,Support-only Transformer,0.0,2024,59,659,26.66666805744171
ISIC,ProtoNet,fixed,2024,60,660,21.33333384990692
ISIC,WIPT,0.0,2024,60,660,21.33333384990692
ISIC,Support-only Transformer,0.0,2024,60,660,24.000000953674316
ISIC,ProtoNet,fixed,2024,61,661,24.000000953674316
ISIC,WIPT,0.0,2024,61,661,21.33333384990692
ISIC,Support-only Transformer,0.0,2024,61,661,22.66666740179062
ISIC,ProtoNet,fixed,2024,62,662,31.999999284744263
ISIC,WIPT,0.0,2024,62,662,28.00000011920929
ISIC,Support-only Transformer,0.0,2024,62,662,28.00000011920929
ISIC,ProtoNet,fixed,2024,63,663,26.66666805744171
ISIC,WIPT,0.0,2024,63,663,24.000000953674316
ISIC,Support-only Transformer,0.0,2024,63,663,22.66666740179062
ISIC,ProtoNet,fixed,2024,64,664,36.000001430511475
ISIC,WIPT,0.0,2024,64,664,34.66666638851166
ISIC,Support-only Transformer,0.0,2024,64,664,34.66666638851166
ISIC,ProtoNet,fixed,2024,65,665,25.333333015441895
ISIC,WIPT,0.0,2024,65,665,29.333335161209106
ISIC,Support-only Transformer,0.0,2024,65,665,26.66666805744171
ISIC,ProtoNet,fixed,2024,66,666,25.333333015441895
ISIC,WIPT,0.0,2024,66,666,18.666666746139526
ISIC,Support-only Transformer,0.0,2024,66,666,21.33333384990692
ISIC,ProtoNet,fixed,2024,67,667,29.333335161209106
ISIC,WIPT,0.0,2024,67,667,25.333333015441895
ISIC,Support-only Transformer,0.0,2024,67,667,28.00000011920929
ISIC,ProtoNet,fixed,2024,68,668,30.666667222976685
ISIC,WIPT,0.0,2024,68,668,33.33333432674408
ISIC,Support-only Transformer,0.0,2024,68,668,28.00000011920929
ISIC,ProtoNet,fixed,2024,69,669,15.999999642372131
ISIC,WIPT,0.0,2024,69,669,18.666666746139526
ISIC,Support-only Transformer,0.0,2024,69,669,20.000000298023224
ISIC,ProtoNet,fixed,2024,70,670,29.333335161209106
ISIC,WIPT,0.0,2024,70,670,28.00000011920929
ISIC,Support-only Transformer,0.0,2024,70,670,26.66666805744171
ISIC,ProtoNet,fixed,2024,71,671,21.33333384990692
ISIC,WIPT,0.0,2024,71,671,18.666666746139526
ISIC,Support-only Transformer,0.0,2024,71,671,20.000000298023224
ISIC,ProtoNet,fixed,2024,72,672,21.33333384990692
ISIC,WIPT,0.0,2024,72,672,24.000000953674316
ISIC,Support-only Transformer,0.0,2024,72,672,24.000000953674316
ISIC,ProtoNet,fixed,2024,73,673,25.333333015441895
ISIC,WIPT,0.0,2024,73,673,24.000000953674316
ISIC,Support-only Transformer,0.0,2024,73,673,25.333333015441895
ISIC,ProtoNet,fixed,2024,74,674,22.66666740179062
ISIC,WIPT,0.0,2024,74,674,22.66666740179062
ISIC,Support-only Transformer,0.0,2024,74,674,20.000000298023224
ISIC,ProtoNet,fixed,2024,75,675,38.66666853427887
ISIC,WIPT,0.0,2024,75,675,38.66666853427887
ISIC,Support-only Transformer,0.0,2024,75,675,31.999999284744263
ISIC,ProtoNet,fixed,2024,76,676,29.333335161209106
ISIC,WIPT,0.0,2024,76,676,30.666667222976685
ISIC,Support-only Transformer,0.0,2024,76,676,30.666667222976685
ISIC,ProtoNet,fixed,2024,77,677,30.666667222976685
ISIC,WIPT,0.0,2024,77,677,29.333335161209106
ISIC,Support-only Transformer,0.0,2024,77,677,33.33333432674408
ISIC,ProtoNet,fixed,2024,78,678,41.333335638046265
ISIC,WIPT,0.0,2024,78,678,41.333335638046265
ISIC,Support-only Transformer,0.0,2024,78,678,37.33333349227905
ISIC,ProtoNet,fixed,2024,79,679,36.000001430511475
ISIC,WIPT,0.0,2024,79,679,36.000001430511475
ISIC,Support-only Transformer,0.0,2024,79,679,38.66666853427887
ISIC,ProtoNet,fixed,2024,80,680,26.66666805744171
ISIC,WIPT,0.0,2024,80,680,24.000000953674316
ISIC,Support-only Transformer,0.0,2024,80,680,25.333333015441895
ISIC,ProtoNet,fixed,2024,81,681,22.66666740179062
ISIC,WIPT,0.0,2024,81,681,22.66666740179062
ISIC,Support-only Transformer,0.0,2024,81,681,20.000000298023224
ISIC,ProtoNet,fixed,2024,82,682,33.33333432674408
ISIC,WIPT,0.0,2024,82,682,33.33333432674408
ISIC,Support-only Transformer,0.0,2024,82,682,30.666667222976685
ISIC,ProtoNet,fixed,2024,83,683,26.66666805744171
ISIC,WIPT,0.0,2024,83,683,25.333333015441895
ISIC,Support-only Transformer,0.0,2024,83,683,26.66666805744171
ISIC,ProtoNet,fixed,2024,84,684,21.33333384990692
ISIC,WIPT,0.0,2024,84,684,17.33333319425583
ISIC,Support-only Transformer,0.0,2024,84,684,20.000000298023224
ISIC,ProtoNet,fixed,2024,85,685,29.333335161209106
ISIC,WIPT,0.0,2024,85,685,29.333335161209106
ISIC,Support-only Transformer,0.0,2024,85,685,34.66666638851166
ISIC,ProtoNet,fixed,2024,86,686,28.00000011920929
ISIC,WIPT,0.0,2024,86,686,29.333335161209106
ISIC,Support-only Transformer,0.0,2024,86,686,28.00000011920929
ISIC,ProtoNet,fixed,2024,87,687,40.00000059604645
ISIC,WIPT,0.0,2024,87,687,38.66666853427887
ISIC,Support-only Transformer,0.0,2024,87,687,40.00000059604645
ISIC,ProtoNet,fixed,2024,88,688,21.33333384990692
ISIC,WIPT,0.0,2024,88,688,20.000000298023224
ISIC,Support-only Transformer,0.0,2024,88,688,21.33333384990692
ISIC,ProtoNet,fixed,2024,89,689,31.999999284744263
ISIC,WIPT,0.0,2024,89,689,31.999999284744263
ISIC,Support-only Transformer,0.0,2024,89,689,29.333335161209106
ISIC,ProtoNet,fixed,2024,90,690,36.000001430511475
ISIC,WIPT,0.0,2024,90,690,36.000001430511475
ISIC,Support-only Transformer,0.0,2024,90,690,34.66666638851166
ISIC,ProtoNet,fixed,2024,91,691,25.333333015441895
ISIC,WIPT,0.0,2024,91,691,26.66666805744171
ISIC,Support-only Transformer,0.0,2024,91,691,22.66666740179062
ISIC,ProtoNet,fixed,2024,92,692,28.00000011920929
ISIC,WIPT,0.0,2024,92,692,25.333333015441895
ISIC,Support-only Transformer,0.0,2024,92,692,21.33333384990692
ISIC,ProtoNet,fixed,2024,93,693,22.66666740179062
ISIC,WIPT,0.0,2024,93,693,24.000000953674316
ISIC,Support-only Transformer,0.0,2024,93,693,20.000000298023224
ISIC,ProtoNet,fixed,2024,94,694,29.333335161209106
ISIC,WIPT,0.0,2024,94,694,30.666667222976685
ISIC,Support-only Transformer,0.0,2024,94,694,31.999999284744263
ISIC,ProtoNet,fixed,2024,95,695,33.33333432674408
ISIC,WIPT,0.0,2024,95,695,34.66666638851166
ISIC,Support-only Transformer,0.0,2024,95,695,34.66666638851166
ISIC,ProtoNet,fixed,2024,96,696,29.333335161209106
ISIC,WIPT,0.0,2024,96,696,28.00000011920929
ISIC,Support-only Transformer,0.0,2024,96,696,29.333335161209106
ISIC,ProtoNet,fixed,2024,97,697,24.000000953674316
ISIC,WIPT,0.0,2024,97,697,24.000000953674316
ISIC,Support-only Transformer,0.0,2024,97,697,25.333333015441895
ISIC,ProtoNet,fixed,2024,98,698,26.66666805744171
ISIC,WIPT,0.0,2024,98,698,28.00000011920929
ISIC,Support-only Transformer,0.0,2024,98,698,29.333335161209106
ISIC,ProtoNet,fixed,2024,99,699,26.66666805744171
ISIC,WIPT,0.0,2024,99,699,28.00000011920929
ISIC,Support-only Transformer,0.0,2024,99,699,26.66666805744171
ISIC,ProtoNet,fixed,2024,100,700,25.333333015441895
ISIC,WIPT,0.0,2024,100,700,26.66666805744171
ISIC,Support-only Transformer,0.0,2024,100,700,26.66666805744171
ISIC,ProtoNet,fixed,2024,101,701,28.00000011920929
ISIC,WIPT,0.0,2024,101,701,28.00000011920929
ISIC,Support-only Transformer,0.0,2024,101,701,25.333333015441895
ISIC,ProtoNet,fixed,2024,102,702,46.666666865348816
ISIC,WIPT,0.0,2024,102,702,46.666666865348816
ISIC,Support-only Transformer,0.0,2024,102,702,38.66666853427887
ISIC,ProtoNet,fixed,2024,103,703,30.666667222976685
ISIC,WIPT,0.0,2024,103,703,29.333335161209106
ISIC,Support-only Transformer,0.0,2024,103,703,28.00000011920929
ISIC,ProtoNet,fixed,2024,104,704,31.999999284744263
ISIC,WIPT,0.0,2024,104,704,29.333335161209106
ISIC,Support-only Transformer,0.0,2024,104,704,29.333335161209106
ISIC,ProtoNet,fixed,2024,105,705,20.000000298023224
ISIC,WIPT,0.0,2024,105,705,17.33333319425583
ISIC,Support-only Transformer,0.0,2024,105,705,18.666666746139526
ISIC,ProtoNet,fixed,2024,106,706,29.333335161209106
ISIC,WIPT,0.0,2024,106,706,26.66666805744171
ISIC,Support-only Transformer,0.0,2024,106,706,25.333333015441895
ISIC,ProtoNet,fixed,2024,107,707,26.66666805744171
ISIC,WIPT,0.0,2024,107,707,26.66666805744171
ISIC,Support-only Transformer,0.0,2024,107,707,26.66666805744171
ISIC,ProtoNet,fixed,2024,108,708,36.000001430511475
ISIC,WIPT,0.0,2024,108,708,36.000001430511475
ISIC,Support-only Transformer,0.0,2024,108,708,37.33333349227905
ISIC,ProtoNet,fixed,2024,109,709,30.666667222976685
ISIC,WIPT,0.0,2024,109,709,29.333335161209106
ISIC,Support-only Transformer,0.0,2024,109,709,29.333335161209106
ISIC,ProtoNet,fixed,2024,110,710,25.333333015441895
ISIC,WIPT,0.0,2024,110,710,24.000000953674316
ISIC,Support-only Transformer,0.0,2024,110,710,21.33333384990692
ISIC,ProtoNet,fixed,2024,111,711,28.00000011920929
ISIC,WIPT,0.0,2024,111,711,28.00000011920929
ISIC,Support-only Transformer,0.0,2024,111,711,28.00000011920929
ISIC,ProtoNet,fixed,2024,112,712,33.33333432674408
ISIC,WIPT,0.0,2024,112,712,33.33333432674408
ISIC,Support-only Transformer,0.0,2024,112,712,33.33333432674408
ISIC,ProtoNet,fixed,2024,113,713,34.66666638851166
ISIC,WIPT,0.0,2024,113,713,34.66666638851166
ISIC,Support-only Transformer,0.0,2024,113,713,36.000001430511475
ISIC,ProtoNet,fixed,2024,114,714,25.333333015441895
ISIC,WIPT,0.0,2024,114,714,25.333333015441895
ISIC,Support-only Transformer,0.0,2024,114,714,29.333335161209106
ISIC,ProtoNet,fixed,2024,115,715,42.66666769981384
ISIC,WIPT,0.0,2024,115,715,37.33333349227905
ISIC,Support-only Transformer,0.0,2024,115,715,41.333335638046265
ISIC,ProtoNet,fixed,2024,116,716,17.33333319425583
ISIC,WIPT,0.0,2024,116,716,21.33333384990692
ISIC,Support-only Transformer,0.0,2024,116,716,22.66666740179062
ISIC,ProtoNet,fixed,2024,117,717,33.33333432674408
ISIC,WIPT,0.0,2024,117,717,34.66666638851166
ISIC,Support-only Transformer,0.0,2024,117,717,30.666667222976685
ISIC,ProtoNet,fixed,2024,118,718,31.999999284744263
ISIC,WIPT,0.0,2024,118,718,30.666667222976685
ISIC,Support-only Transformer,0.0,2024,118,718,26.66666805744171
ISIC,ProtoNet,fixed,2024,119,719,30.666667222976685
ISIC,WIPT,0.0,2024,119,719,29.333335161209106
ISIC,Support-only Transformer,0.0,2024,119,719,30.666667222976685
ISIC,ProtoNet,fixed,2024,120,720,22.66666740179062
ISIC,WIPT,0.0,2024,120,720,25.333333015441895
ISIC,Support-only Transformer,0.0,2024,120,720,24.000000953674316
ISIC,ProtoNet,fixed,2024,121,721,25.333333015441895
ISIC,WIPT,0.0,2024,121,721,28.00000011920929
ISIC,Support-only Transformer,0.0,2024,121,721,26.66666805744171
ISIC,ProtoNet,fixed,2024,122,722,28.00000011920929
ISIC,WIPT,0.0,2024,122,722,31.999999284744263
ISIC,Support-only Transformer,0.0,2024,122,722,28.00000011920929
ISIC,ProtoNet,fixed,2024,123,723,34.66666638851166
ISIC,WIPT,0.0,2024,123,723,29.333335161209106
ISIC,Support-only Transformer,0.0,2024,123,723,34.66666638851166
ISIC,ProtoNet,fixed,2024,124,724,24.000000953674316
ISIC,WIPT,0.0,2024,124,724,25.333333015441895
ISIC,Support-only Transformer,0.0,2024,124,724,28.00000011920929
ISIC,ProtoNet,fixed,2024,125,725,22.66666740179062
ISIC,WIPT,0.0,2024,125,725,22.66666740179062
ISIC,Support-only Transformer,0.0,2024,125,725,22.66666740179062
ISIC,ProtoNet,fixed,2024,126,726,31.999999284744263
ISIC,WIPT,0.0,2024,126,726,36.000001430511475
ISIC,Support-only Transformer,0.0,2024,126,726,31.999999284744263
ISIC,ProtoNet,fixed,2024,127,727,15.999999642372131
ISIC,WIPT,0.0,2024,127,727,15.999999642372131
ISIC,Support-only Transformer,0.0,2024,127,727,15.999999642372131
ISIC,ProtoNet,fixed,2024,128,728,34.66666638851166
ISIC,WIPT,0.0,2024,128,728,37.33333349227905
ISIC,Support-only Transformer,0.0,2024,128,728,29.333335161209106
ISIC,ProtoNet,fixed,2024,129,729,34.66666638851166
ISIC,WIPT,0.0,2024,129,729,26.66666805744171
ISIC,Support-only Transformer,0.0,2024,129,729,33.33333432674408
ISIC,ProtoNet,fixed,2024,130,730,29.333335161209106
ISIC,WIPT,0.0,2024,130,730,24.000000953674316
ISIC,Support-only Transformer,0.0,2024,130,730,28.00000011920929
ISIC,ProtoNet,fixed,2024,131,731,36.000001430511475
ISIC,WIPT,0.0,2024,131,731,34.66666638851166
ISIC,Support-only Transformer,0.0,2024,131,731,28.00000011920929
ISIC,ProtoNet,fixed,2024,132,732,34.66666638851166
ISIC,WIPT,0.0,2024,132,732,34.66666638851166
ISIC,Support-only Transformer,0.0,2024,132,732,36.000001430511475
ISIC,ProtoNet,fixed,2024,133,733,25.333333015441895
ISIC,WIPT,0.0,2024,133,733,22.66666740179062
ISIC,Support-only Transformer,0.0,2024,133,733,24.000000953674316
ISIC,ProtoNet,fixed,2024,134,734,36.000001430511475
ISIC,WIPT,0.0,2024,134,734,34.66666638851166
ISIC,Support-only Transformer,0.0,2024,134,734,36.000001430511475
ISIC,ProtoNet,fixed,2024,135,735,22.66666740179062
ISIC,WIPT,0.0,2024,135,735,24.000000953674316
ISIC,Support-only Transformer,0.0,2024,135,735,22.66666740179062
ISIC,ProtoNet,fixed,2024,136,736,22.66666740179062
ISIC,WIPT,0.0,2024,136,736,28.00000011920929
ISIC,Support-only Transformer,0.0,2024,136,736,26.66666805744171
ISIC,ProtoNet,fixed,2024,137,737,31.999999284744263
ISIC,WIPT,0.0,2024,137,737,30.666667222976685
ISIC,Support-only Transformer,0.0,2024,137,737,29.333335161209106
ISIC,ProtoNet,fixed,2024,138,738,38.66666853427887
ISIC,WIPT,0.0,2024,138,738,37.33333349227905
ISIC,Support-only Transformer,0.0,2024,138,738,37.33333349227905
ISIC,ProtoNet,fixed,2024,139,739,38.66666853427887
ISIC,WIPT,0.0,2024,139,739,40.00000059604645
ISIC,Support-only Transformer,0.0,2024,139,739,33.33333432674408
ISIC,ProtoNet,fixed,2024,140,740,29.333335161209106
ISIC,WIPT,0.0,2024,140,740,29.333335161209106
ISIC,Support-only Transformer,0.0,2024,140,740,22.66666740179062
ISIC,ProtoNet,fixed,2024,141,741,30.666667222976685
ISIC,WIPT,0.0,2024,141,741,34.66666638851166
ISIC,Support-only Transformer,0.0,2024,141,741,34.66666638851166
ISIC,ProtoNet,fixed,2024,142,742,20.000000298023224
ISIC,WIPT,0.0,2024,142,742,17.33333319425583
ISIC,Support-only Transformer,0.0,2024,142,742,15.999999642372131
ISIC,ProtoNet,fixed,2024,143,743,29.333335161209106
ISIC,WIPT,0.0,2024,143,743,28.00000011920929
ISIC,Support-only Transformer,0.0,2024,143,743,20.000000298023224
ISIC,ProtoNet,fixed,2024,144,744,30.666667222976685
ISIC,WIPT,0.0,2024,144,744,30.666667222976685
ISIC,Support-only Transformer,0.0,2024,144,744,30.666667222976685
ISIC,ProtoNet,fixed,2024,145,745,40.00000059604645
ISIC,WIPT,0.0,2024,145,745,37.33333349227905
ISIC,Support-only Transformer,0.0,2024,145,745,33.33333432674408
ISIC,ProtoNet,fixed,2024,146,746,28.00000011920929
ISIC,WIPT,0.0,2024,146,746,30.666667222976685
ISIC,Support-only Transformer,0.0,2024,146,746,30.666667222976685
ISIC,ProtoNet,fixed,2024,147,747,40.00000059604645
ISIC,WIPT,0.0,2024,147,747,42.66666769981384
ISIC,Support-only Transformer,0.0,2024,147,747,33.33333432674408
ISIC,ProtoNet,fixed,2024,148,748,25.333333015441895
ISIC,WIPT,0.0,2024,148,748,30.666667222976685
ISIC,Support-only Transformer,0.0,2024,148,748,28.00000011920929
ISIC,ProtoNet,fixed,2024,149,749,29.333335161209106
ISIC,WIPT,0.0,2024,149,749,29.333335161209106
ISIC,Support-only Transformer,0.0,2024,149,749,28.00000011920929
ISIC,ProtoNet,fixed,2024,150,750,21.33333384990692
ISIC,WIPT,0.0,2024,150,750,20.000000298023224
ISIC,Support-only Transformer,0.0,2024,150,750,22.66666740179062
ISIC,ProtoNet,fixed,2024,151,751,20.000000298023224
ISIC,WIPT,0.0,2024,151,751,18.666666746139526
ISIC,Support-only Transformer,0.0,2024,151,751,21.33333384990692
ISIC,ProtoNet,fixed,2024,152,752,30.666667222976685
ISIC,WIPT,0.0,2024,152,752,29.333335161209106
ISIC,Support-only Transformer,0.0,2024,152,752,26.66666805744171
ISIC,ProtoNet,fixed,2024,153,753,26.66666805744171
ISIC,WIPT,0.0,2024,153,753,24.000000953674316
ISIC,Support-only Transformer,0.0,2024,153,753,26.66666805744171
ISIC,ProtoNet,fixed,2024,154,754,34.66666638851166
ISIC,WIPT,0.0,2024,154,754,31.999999284744263
ISIC,Support-only Transformer,0.0,2024,154,754,33.33333432674408
ISIC,ProtoNet,fixed,2024,155,755,21.33333384990692
ISIC,WIPT,0.0,2024,155,755,22.66666740179062
ISIC,Support-only Transformer,0.0,2024,155,755,28.00000011920929
ISIC,ProtoNet,fixed,2024,156,756,36.000001430511475
ISIC,WIPT,0.0,2024,156,756,36.000001430511475
ISIC,Support-only Transformer,0.0,2024,156,756,34.66666638851166
ISIC,ProtoNet,fixed,2024,157,757,21.33333384990692
ISIC,WIPT,0.0,2024,157,757,24.000000953674316
ISIC,Support-only Transformer,0.0,2024,157,757,22.66666740179062
ISIC,ProtoNet,fixed,2024,158,758,21.33333384990692
ISIC,WIPT,0.0,2024,158,758,20.000000298023224
ISIC,Support-only Transformer,0.0,2024,158,758,22.66666740179062
ISIC,ProtoNet,fixed,2024,159,759,33.33333432674408
ISIC,WIPT,0.0,2024,159,759,36.000001430511475
ISIC,Support-only Transformer,0.0,2024,159,759,36.000001430511475
ISIC,ProtoNet,fixed,2024,160,760,31.999999284744263
ISIC,WIPT,0.0,2024,160,760,34.66666638851166
ISIC,Support-only Transformer,0.0,2024,160,760,30.666667222976685
ISIC,ProtoNet,fixed,2024,161,761,33.33333432674408
ISIC,WIPT,0.0,2024,161,761,33.33333432674408
ISIC,Support-only Transformer,0.0,2024,161,761,24.000000953674316
ISIC,ProtoNet,fixed,2024,162,762,22.66666740179062
ISIC,WIPT,0.0,2024,162,762,22.66666740179062
ISIC,Support-only Transformer,0.0,2024,162,762,21.33333384990692
ISIC,ProtoNet,fixed,2024,163,763,29.333335161209106
ISIC,WIPT,0.0,2024,163,763,28.00000011920929
ISIC,Support-only Transformer,0.0,2024,163,763,26.66666805744171
ISIC,ProtoNet,fixed,2024,164,764,33.33333432674408
ISIC,WIPT,0.0,2024,164,764,31.999999284744263
ISIC,Support-only Transformer,0.0,2024,164,764,28.00000011920929
ISIC,ProtoNet,fixed,2024,165,765,29.333335161209106
ISIC,WIPT,0.0,2024,165,765,25.333333015441895
ISIC,Support-only Transformer,0.0,2024,165,765,25.333333015441895
ISIC,ProtoNet,fixed,2024,166,766,26.66666805744171
ISIC,WIPT,0.0,2024,166,766,22.66666740179062
ISIC,Support-only Transformer,0.0,2024,166,766,26.66666805744171
ISIC,ProtoNet,fixed,2024,167,767,24.000000953674316
ISIC,WIPT,0.0,2024,167,767,28.00000011920929
ISIC,Support-only Transformer,0.0,2024,167,767,25.333333015441895
ISIC,ProtoNet,fixed,2024,168,768,22.66666740179062
ISIC,WIPT,0.0,2024,168,768,22.66666740179062
ISIC,Support-only Transformer,0.0,2024,168,768,26.66666805744171
ISIC,ProtoNet,fixed,2024,169,769,17.33333319425583
ISIC,WIPT,0.0,2024,169,769,15.999999642372131
ISIC,Support-only Transformer,0.0,2024,169,769,13.333334028720856
ISIC,ProtoNet,fixed,2024,170,770,25.333333015441895
ISIC,WIPT,0.0,2024,170,770,25.333333015441895
ISIC,Support-only Transformer,0.0,2024,170,770,25.333333015441895
ISIC,ProtoNet,fixed,2024,171,771,29.333335161209106
ISIC,WIPT,0.0,2024,171,771,24.000000953674316
ISIC,Support-only Transformer,0.0,2024,171,771,20.000000298023224
ISIC,ProtoNet,fixed,2024,172,772,26.66666805744171
ISIC,WIPT,0.0,2024,172,772,25.333333015441895
ISIC,Support-only Transformer,0.0,2024,172,772,25.333333015441895
ISIC,ProtoNet,fixed,2024,173,773,40.00000059604645
ISIC,WIPT,0.0,2024,173,773,40.00000059604645
ISIC,Support-only Transformer,0.0,2024,173,773,33.33333432674408
ISIC,ProtoNet,fixed,2024,174,774,25.333333015441895
ISIC,WIPT,0.0,2024,174,774,26.66666805744171
ISIC,Support-only Transformer,0.0,2024,174,774,22.66666740179062
ISIC,ProtoNet,fixed,2024,175,775,24.000000953674316
ISIC,WIPT,0.0,2024,175,775,22.66666740179062
ISIC,Support-only Transformer,0.0,2024,175,775,24.000000953674316
ISIC,ProtoNet,fixed,2024,176,776,34.66666638851166
ISIC,WIPT,0.0,2024,176,776,37.33333349227905
ISIC,Support-only Transformer,0.0,2024,176,776,36.000001430511475
ISIC,ProtoNet,fixed,2024,177,777,25.333333015441895
ISIC,WIPT,0.0,2024,177,777,25.333333015441895
ISIC,Support-only Transformer,0.0,2024,177,777,21.33333384990692
ISIC,ProtoNet,fixed,2024,178,778,25.333333015441895
ISIC,WIPT,0.0,2024,178,778,22.66666740179062
ISIC,Support-only Transformer,0.0,2024,178,778,28.00000011920929
ISIC,ProtoNet,fixed,2024,179,779,31.999999284744263
ISIC,WIPT,0.0,2024,179,779,31.999999284744263
ISIC,Support-only Transformer,0.0,2024,179,779,33.33333432674408
ISIC,ProtoNet,fixed,2024,180,780,13.333334028720856
ISIC,WIPT,0.0,2024,180,780,13.333334028720856
ISIC,Support-only Transformer,0.0,2024,180,780,22.66666740179062
ISIC,ProtoNet,fixed,2024,181,781,14.666667580604553
ISIC,WIPT,0.0,2024,181,781,15.999999642372131
ISIC,Support-only Transformer,0.0,2024,181,781,12.000000476837158
ISIC,ProtoNet,fixed,2024,182,782,26.66666805744171
ISIC,WIPT,0.0,2024,182,782,22.66666740179062
ISIC,Support-only Transformer,0.0,2024,182,782,25.333333015441895
ISIC,ProtoNet,fixed,2024,183,783,24.000000953674316
ISIC,WIPT,0.0,2024,183,783,22.66666740179062
ISIC,Support-only Transformer,0.0,2024,183,783,22.66666740179062
ISIC,ProtoNet,fixed,2024,184,784,21.33333384990692
ISIC,WIPT,0.0,2024,184,784,20.000000298023224
ISIC,Support-only Transformer,0.0,2024,184,784,22.66666740179062
ISIC,ProtoNet,fixed,2024,185,785,28.00000011920929
ISIC,WIPT,0.0,2024,185,785,29.333335161209106
ISIC,Support-only Transformer,0.0,2024,185,785,28.00000011920929
ISIC,ProtoNet,fixed,2024,186,786,21.33333384990692
ISIC,WIPT,0.0,2024,186,786,22.66666740179062
ISIC,Support-only Transformer,0.0,2024,186,786,24.000000953674316
ISIC,ProtoNet,fixed,2024,187,787,31.999999284744263
ISIC,WIPT,0.0,2024,187,787,36.000001430511475
ISIC,Support-only Transformer,0.0,2024,187,787,34.66666638851166
ISIC,ProtoNet,fixed,2024,188,788,24.000000953674316
ISIC,WIPT,0.0,2024,188,788,20.000000298023224
ISIC,Support-only Transformer,0.0,2024,188,788,20.000000298023224
ISIC,ProtoNet,fixed,2024,189,789,36.000001430511475
ISIC,WIPT,0.0,2024,189,789,33.33333432674408
ISIC,Support-only Transformer,0.0,2024,189,789,29.333335161209106
ISIC,ProtoNet,fixed,2024,190,790,22.66666740179062
ISIC,WIPT,0.0,2024,190,790,21.33333384990692
ISIC,Support-only Transformer,0.0,2024,190,790,25.333333015441895
ISIC,ProtoNet,fixed,2024,191,791,20.000000298023224
ISIC,WIPT,0.0,2024,191,791,21.33333384990692
ISIC,Support-only Transformer,0.0,2024,191,791,18.666666746139526
ISIC,ProtoNet,fixed,2024,192,792,33.33333432674408
ISIC,WIPT,0.0,2024,192,792,30.666667222976685
ISIC,Support-only Transformer,0.0,2024,192,792,34.66666638851166
ISIC,ProtoNet,fixed,2024,193,793,20.000000298023224
ISIC,WIPT,0.0,2024,193,793,15.999999642372131
ISIC,Support-only Transformer,0.0,2024,193,793,20.000000298023224
ISIC,ProtoNet,fixed,2024,194,794,26.66666805744171
ISIC,WIPT,0.0,2024,194,794,24.000000953674316
ISIC,Support-only Transformer,0.0,2024,194,794,26.66666805744171
ISIC,ProtoNet,fixed,2024,195,795,31.999999284744263
ISIC,WIPT,0.0,2024,195,795,33.33333432674408
ISIC,Support-only Transformer,0.0,2024,195,795,34.66666638851166
ISIC,ProtoNet,fixed,2024,196,796,36.000001430511475
ISIC,WIPT,0.0,2024,196,796,33.33333432674408
ISIC,Support-only Transformer,0.0,2024,196,796,20.000000298023224
ISIC,ProtoNet,fixed,2024,197,797,38.66666853427887
ISIC,WIPT,0.0,2024,197,797,37.33333349227905
ISIC,Support-only Transformer,0.0,2024,197,797,30.666667222976685
ISIC,ProtoNet,fixed,2024,198,798,25.333333015441895
ISIC,WIPT,0.0,2024,198,798,29.333335161209106
ISIC,Support-only Transformer,0.0,2024,198,798,29.333335161209106
ISIC,ProtoNet,fixed,2024,199,799,13.333334028720856
ISIC,WIPT,0.0,2024,199,799,14.666667580604553
ISIC,Support-only Transformer,0.0,2024,199,799,14.666667580604553
ISIC,ProtoNet,fixed,2024,200,800,12.000000476837158
ISIC,WIPT,0.0,2024,200,800,12.000000476837158
ISIC,Support-only Transformer,0.0,2024,200,800,15.999999642372131
ISIC,ProtoNet,fixed,2024,201,801,30.666667222976685
ISIC,WIPT,0.0,2024,201,801,29.333335161209106
ISIC,Support-only Transformer,0.0,2024,201,801,28.00000011920929
ISIC,ProtoNet,fixed,2024,202,802,30.666667222976685
ISIC,WIPT,0.0,2024,202,802,31.999999284744263
ISIC,Support-only Transformer,0.0,2024,202,802,30.666667222976685
ISIC,ProtoNet,fixed,2024,203,803,34.66666638851166
ISIC,WIPT,0.0,2024,203,803,33.33333432674408
ISIC,Support-only Transformer,0.0,2024,203,803,31.999999284744263
ISIC,ProtoNet,fixed,2024,204,804,26.66666805744171
ISIC,WIPT,0.0,2024,204,804,25.333333015441895
ISIC,Support-only Transformer,0.0,2024,204,804,29.333335161209106
ISIC,ProtoNet,fixed,2024,205,805,20.000000298023224
ISIC,WIPT,0.0,2024,205,805,22.66666740179062
ISIC,Support-only Transformer,0.0,2024,205,805,21.33333384990692
ISIC,ProtoNet,fixed,2024,206,806,22.66666740179062
ISIC,WIPT,0.0,2024,206,806,22.66666740179062
ISIC,Support-only Transformer,0.0,2024,206,806,20.000000298023224
ISIC,ProtoNet,fixed,2024,207,807,20.000000298023224
ISIC,WIPT,0.0,2024,207,807,18.666666746139526
ISIC,Support-only Transformer,0.0,2024,207,807,22.66666740179062
ISIC,ProtoNet,fixed,2024,208,808,29.333335161209106
ISIC,WIPT,0.0,2024,208,808,25.333333015441895
ISIC,Support-only Transformer,0.0,2024,208,808,24.000000953674316
ISIC,ProtoNet,fixed,2024,209,809,34.66666638851166
ISIC,WIPT,0.0,2024,209,809,34.66666638851166
ISIC,Support-only Transformer,0.0,2024,209,809,34.66666638851166
ISIC,ProtoNet,fixed,2024,210,810,28.00000011920929
ISIC,WIPT,0.0,2024,210,810,33.33333432674408
ISIC,Support-only Transformer,0.0,2024,210,810,36.000001430511475
ISIC,ProtoNet,fixed,2024,211,811,37.33333349227905
ISIC,WIPT,0.0,2024,211,811,36.000001430511475
ISIC,Support-only Transformer,0.0,2024,211,811,31.999999284744263
ISIC,ProtoNet,fixed,2024,212,812,26.66666805744171
ISIC,WIPT,0.0,2024,212,812,28.00000011920929
ISIC,Support-only Transformer,0.0,2024,212,812,28.00000011920929
ISIC,ProtoNet,fixed,2024,213,813,20.000000298023224
ISIC,WIPT,0.0,2024,213,813,22.66666740179062
ISIC,Support-only Transformer,0.0,2024,213,813,20.000000298023224
ISIC,ProtoNet,fixed,2024,214,814,33.33333432674408
ISIC,WIPT,0.0,2024,214,814,36.000001430511475
ISIC,Support-only Transformer,0.0,2024,214,814,30.666667222976685
ISIC,ProtoNet,fixed,2024,215,815,26.66666805744171
ISIC,WIPT,0.0,2024,215,815,22.66666740179062
ISIC,Support-only Transformer,0.0,2024,215,815,24.000000953674316
ISIC,ProtoNet,fixed,2024,216,816,46.666666865348816
ISIC,WIPT,0.0,2024,216,816,38.66666853427887
ISIC,Support-only Transformer,0.0,2024,216,816,37.33333349227905
ISIC,ProtoNet,fixed,2024,217,817,40.00000059604645
ISIC,WIPT,0.0,2024,217,817,40.00000059604645
ISIC,Support-only Transformer,0.0,2024,217,817,38.66666853427887
ISIC,ProtoNet,fixed,2024,218,818,31.999999284744263
ISIC,WIPT,0.0,2024,218,818,36.000001430511475
ISIC,Support-only Transformer,0.0,2024,218,818,36.000001430511475
ISIC,ProtoNet,fixed,2024,219,819,33.33333432674408
ISIC,WIPT,0.0,2024,219,819,30.666667222976685
ISIC,Support-only Transformer,0.0,2024,219,819,30.666667222976685
ISIC,ProtoNet,fixed,2024,220,820,36.000001430511475
ISIC,WIPT,0.0,2024,220,820,34.66666638851166
ISIC,Support-only Transformer,0.0,2024,220,820,34.66666638851166
ISIC,ProtoNet,fixed,2024,221,821,31.999999284744263
ISIC,WIPT,0.0,2024,221,821,33.33333432674408
ISIC,Support-only Transformer,0.0,2024,221,821,36.000001430511475
ISIC,ProtoNet,fixed,2024,222,822,28.00000011920929
ISIC,WIPT,0.0,2024,222,822,29.333335161209106
ISIC,Support-only Transformer,0.0,2024,222,822,29.333335161209106
ISIC,ProtoNet,fixed,2024,223,823,24.000000953674316
ISIC,WIPT,0.0,2024,223,823,25.333333015441895
ISIC,Support-only Transformer,0.0,2024,223,823,24.000000953674316
ISIC,ProtoNet,fixed,2024,224,824,18.666666746139526
ISIC,WIPT,0.0,2024,224,824,21.33333384990692
ISIC,Support-only Transformer,0.0,2024,224,824,25.333333015441895
ISIC,ProtoNet,fixed,2024,225,825,37.33333349227905
ISIC,WIPT,0.0,2024,225,825,40.00000059604645
ISIC,Support-only Transformer,0.0,2024,225,825,36.000001430511475
ISIC,ProtoNet,fixed,2024,226,826,37.33333349227905
ISIC,WIPT,0.0,2024,226,826,37.33333349227905
ISIC,Support-only Transformer,0.0,2024,226,826,42.66666769981384
ISIC,ProtoNet,fixed,2024,227,827,18.666666746139526
ISIC,WIPT,0.0,2024,227,827,15.999999642372131
ISIC,Support-only Transformer,0.0,2024,227,827,12.000000476837158
ISIC,ProtoNet,fixed,2024,228,828,34.66666638851166
ISIC,WIPT,0.0,2024,228,828,37.33333349227905
ISIC,Support-only Transformer,0.0,2024,228,828,26.66666805744171
ISIC,ProtoNet,fixed,2024,229,829,31.999999284744263
ISIC,WIPT,0.0,2024,229,829,28.00000011920929
ISIC,Support-only Transformer,0.0,2024,229,829,29.333335161209106
ISIC,ProtoNet,fixed,2024,230,830,31.999999284744263
ISIC,WIPT,0.0,2024,230,830,26.66666805744171
ISIC,Support-only Transformer,0.0,2024,230,830,29.333335161209106
ISIC,ProtoNet,fixed,2024,231,831,28.00000011920929
ISIC,WIPT,0.0,2024,231,831,26.66666805744171
ISIC,Support-only Transformer,0.0,2024,231,831,29.333335161209106
ISIC,ProtoNet,fixed,2024,232,832,22.66666740179062
ISIC,WIPT,0.0,2024,232,832,21.33333384990692
ISIC,Support-only Transformer,0.0,2024,232,832,21.33333384990692
ISIC,ProtoNet,fixed,2024,233,833,22.66666740179062
ISIC,WIPT,0.0,2024,233,833,20.000000298023224
ISIC,Support-only Transformer,0.0,2024,233,833,22.66666740179062
ISIC,ProtoNet,fixed,2024,234,834,33.33333432674408
ISIC,WIPT,0.0,2024,234,834,29.333335161209106
ISIC,Support-only Transformer,0.0,2024,234,834,28.00000011920929
ISIC,ProtoNet,fixed,2024,235,835,33.33333432674408
ISIC,WIPT,0.0,2024,235,835,30.666667222976685
ISIC,Support-only Transformer,0.0,2024,235,835,28.00000011920929
ISIC,ProtoNet,fixed,2024,236,836,24.000000953674316
ISIC,WIPT,0.0,2024,236,836,20.000000298023224
ISIC,Support-only Transformer,0.0,2024,236,836,25.333333015441895
ISIC,ProtoNet,fixed,2024,237,837,28.00000011920929
ISIC,WIPT,0.0,2024,237,837,24.000000953674316
ISIC,Support-only Transformer,0.0,2024,237,837,22.66666740179062
ISIC,ProtoNet,fixed,2024,238,838,36.000001430511475
ISIC,WIPT,0.0,2024,238,838,31.999999284744263
ISIC,Support-only Transformer,0.0,2024,238,838,25.333333015441895
ISIC,ProtoNet,fixed,2024,239,839,34.66666638851166
ISIC,WIPT,0.0,2024,239,839,34.66666638851166
ISIC,Support-only Transformer,0.0,2024,239,839,28.00000011920929
ISIC,ProtoNet,fixed,2024,240,840,38.66666853427887
ISIC,WIPT,0.0,2024,240,840,34.66666638851166
ISIC,Support-only Transformer,0.0,2024,240,840,31.999999284744263
ISIC,ProtoNet,fixed,2024,241,841,33.33333432674408
ISIC,WIPT,0.0,2024,241,841,37.33333349227905
ISIC,Support-only Transformer,0.0,2024,241,841,36.000001430511475
ISIC,ProtoNet,fixed,2024,242,842,31.999999284744263
ISIC,WIPT,0.0,2024,242,842,30.666667222976685
ISIC,Support-only Transformer,0.0,2024,242,842,33.33333432674408
ISIC,ProtoNet,fixed,2024,243,843,29.333335161209106
ISIC,WIPT,0.0,2024,243,843,33.33333432674408
ISIC,Support-only Transformer,0.0,2024,243,843,31.999999284744263
ISIC,ProtoNet,fixed,2024,244,844,34.66666638851166
ISIC,WIPT,0.0,2024,244,844,34.66666638851166
ISIC,Support-only Transformer,0.0,2024,244,844,33.33333432674408
ISIC,ProtoNet,fixed,2024,245,845,37.33333349227905
ISIC,WIPT,0.0,2024,245,845,36.000001430511475
ISIC,Support-only Transformer,0.0,2024,245,845,38.66666853427887
ISIC,ProtoNet,fixed,2024,246,846,26.66666805744171
ISIC,WIPT,0.0,2024,246,846,25.333333015441895
ISIC,Support-only Transformer,0.0,2024,246,846,26.66666805744171
ISIC,ProtoNet,fixed,2024,247,847,30.666667222976685
ISIC,WIPT,0.0,2024,247,847,28.00000011920929
ISIC,Support-only Transformer,0.0,2024,247,847,26.66666805744171
ISIC,ProtoNet,fixed,2024,248,848,22.66666740179062
ISIC,WIPT,0.0,2024,248,848,21.33333384990692
ISIC,Support-only Transformer,0.0,2024,248,848,21.33333384990692
ISIC,ProtoNet,fixed,2024,249,849,21.33333384990692
ISIC,WIPT,0.0,2024,249,849,20.000000298023224
ISIC,Support-only Transformer,0.0,2024,249,849,21.33333384990692
ISIC,ProtoNet,fixed,2024,250,850,31.999999284744263
ISIC,WIPT,0.0,2024,250,850,26.66666805744171
ISIC,Support-only Transformer,0.0,2024,250,850,25.333333015441895
ISIC,ProtoNet,fixed,2024,251,851,18.666666746139526
ISIC,WIPT,0.0,2024,251,851,18.666666746139526
ISIC,Support-only Transformer,0.0,2024,251,851,18.666666746139526
ISIC,ProtoNet,fixed,2024,252,852,25.333333015441895
ISIC,WIPT,0.0,2024,252,852,22.66666740179062
ISIC,Support-only Transformer,0.0,2024,252,852,24.000000953674316
ISIC,ProtoNet,fixed,2024,253,853,21.33333384990692
ISIC,WIPT,0.0,2024,253,853,25.333333015441895
ISIC,Support-only Transformer,0.0,2024,253,853,18.666666746139526
ISIC,ProtoNet,fixed,2024,254,854,25.333333015441895
ISIC,WIPT,0.0,2024,254,854,22.66666740179062
ISIC,Support-only Transformer,0.0,2024,254,854,18.666666746139526
ISIC,ProtoNet,fixed,2024,255,855,15.999999642372131
ISIC,WIPT,0.0,2024,255,855,17.33333319425583
ISIC,Support-only Transformer,0.0,2024,255,855,18.666666746139526
ISIC,ProtoNet,fixed,2024,256,856,29.333335161209106
ISIC,WIPT,0.0,2024,256,856,29.333335161209106
ISIC,Support-only Transformer,0.0,2024,256,856,30.666667222976685
ISIC,ProtoNet,fixed,2024,257,857,37.33333349227905
ISIC,WIPT,0.0,2024,257,857,36.000001430511475
ISIC,Support-only Transformer,0.0,2024,257,857,34.66666638851166
ISIC,ProtoNet,fixed,2024,258,858,22.66666740179062
ISIC,WIPT,0.0,2024,258,858,24.000000953674316
ISIC,Support-only Transformer,0.0,2024,258,858,21.33333384990692
ISIC,ProtoNet,fixed,2024,259,859,24.000000953674316
ISIC,WIPT,0.0,2024,259,859,18.666666746139526
ISIC,Support-only Transformer,0.0,2024,259,859,22.66666740179062
ISIC,ProtoNet,fixed,2024,260,860,22.66666740179062
ISIC,WIPT,0.0,2024,260,860,21.33333384990692
ISIC,Support-only Transformer,0.0,2024,260,860,25.333333015441895
ISIC,ProtoNet,fixed,2024,261,861,31.999999284744263
ISIC,WIPT,0.0,2024,261,861,31.999999284744263
ISIC,Support-only Transformer,0.0,2024,261,861,37.33333349227905
ISIC,ProtoNet,fixed,2024,262,862,18.666666746139526
ISIC,WIPT,0.0,2024,262,862,17.33333319425583
ISIC,Support-only Transformer,0.0,2024,262,862,17.33333319425583
ISIC,ProtoNet,fixed,2024,263,863,37.33333349227905
ISIC,WIPT,0.0,2024,263,863,36.000001430511475
ISIC,Support-only Transformer,0.0,2024,263,863,28.00000011920929
ISIC,ProtoNet,fixed,2024,264,864,26.66666805744171
ISIC,WIPT,0.0,2024,264,864,26.66666805744171
ISIC,Support-only Transformer,0.0,2024,264,864,29.333335161209106
ISIC,ProtoNet,fixed,2024,265,865,34.66666638851166
ISIC,WIPT,0.0,2024,265,865,30.666667222976685
ISIC,Support-only Transformer,0.0,2024,265,865,36.000001430511475
ISIC,ProtoNet,fixed,2024,266,866,29.333335161209106
ISIC,WIPT,0.0,2024,266,866,25.333333015441895
ISIC,Support-only Transformer,0.0,2024,266,866,21.33333384990692
ISIC,ProtoNet,fixed,2024,267,867,28.00000011920929
ISIC,WIPT,0.0,2024,267,867,29.333335161209106
ISIC,Support-only Transformer,0.0,2024,267,867,30.666667222976685
ISIC,ProtoNet,fixed,2024,268,868,25.333333015441895
ISIC,WIPT,0.0,2024,268,868,26.66666805744171
ISIC,Support-only Transformer,0.0,2024,268,868,28.00000011920929
ISIC,ProtoNet,fixed,2024,269,869,29.333335161209106
ISIC,WIPT,0.0,2024,269,869,29.333335161209106
ISIC,Support-only Transformer,0.0,2024,269,869,29.333335161209106
ISIC,ProtoNet,fixed,2024,270,870,31.999999284744263
ISIC,WIPT,0.0,2024,270,870,29.333335161209106
ISIC,Support-only Transformer,0.0,2024,270,870,29.333335161209106
ISIC,ProtoNet,fixed,2024,271,871,22.66666740179062
ISIC,WIPT,0.0,2024,271,871,22.66666740179062
ISIC,Support-only Transformer,0.0,2024,271,871,21.33333384990692
ISIC,ProtoNet,fixed,2024,272,872,34.66666638851166
ISIC,WIPT,0.0,2024,272,872,36.000001430511475
ISIC,Support-only Transformer,0.0,2024,272,872,37.33333349227905
ISIC,ProtoNet,fixed,2024,273,873,34.66666638851166
ISIC,WIPT,0.0,2024,273,873,30.666667222976685
ISIC,Support-only Transformer,0.0,2024,273,873,26.66666805744171
ISIC,ProtoNet,fixed,2024,274,874,34.66666638851166
ISIC,WIPT,0.0,2024,274,874,31.999999284744263
ISIC,Support-only Transformer,0.0,2024,274,874,29.333335161209106
ISIC,ProtoNet,fixed,2024,275,875,28.00000011920929
ISIC,WIPT,0.0,2024,275,875,29.333335161209106
ISIC,Support-only Transformer,0.0,2024,275,875,28.00000011920929
ISIC,ProtoNet,fixed,2024,276,876,14.666667580604553
ISIC,WIPT,0.0,2024,276,876,13.333334028720856
ISIC,Support-only Transformer,0.0,2024,276,876,14.666667580604553
ISIC,ProtoNet,fixed,2024,277,877,21.33333384990692
ISIC,WIPT,0.0,2024,277,877,18.666666746139526
ISIC,Support-only Transformer,0.0,2024,277,877,25.333333015441895
ISIC,ProtoNet,fixed,2024,278,878,18.666666746139526
ISIC,WIPT,0.0,2024,278,878,18.666666746139526
ISIC,Support-only Transformer,0.0,2024,278,878,21.33333384990692
ISIC,ProtoNet,fixed,2024,279,879,28.00000011920929
ISIC,WIPT,0.0,2024,279,879,26.66666805744171
ISIC,Support-only Transformer,0.0,2024,279,879,25.333333015441895
ISIC,ProtoNet,fixed,2024,280,880,30.666667222976685
ISIC,WIPT,0.0,2024,280,880,26.66666805744171
ISIC,Support-only Transformer,0.0,2024,280,880,28.00000011920929
ISIC,ProtoNet,fixed,2024,281,881,30.666667222976685
ISIC,WIPT,0.0,2024,281,881,26.66666805744171
ISIC,Support-only Transformer,0.0,2024,281,881,29.333335161209106
ISIC,ProtoNet,fixed,2024,282,882,29.333335161209106
ISIC,WIPT,0.0,2024,282,882,26.66666805744171
ISIC,Support-only Transformer,0.0,2024,282,882,26.66666805744171
ISIC,ProtoNet,fixed,2024,283,883,33.33333432674408
ISIC,WIPT,0.0,2024,283,883,36.000001430511475
ISIC,Support-only Transformer,0.0,2024,283,883,31.999999284744263
ISIC,ProtoNet,fixed,2024,284,884,31.999999284744263
ISIC,WIPT,0.0,2024,284,884,34.66666638851166
ISIC,Support-only Transformer,0.0,2024,284,884,33.33333432674408
ISIC,ProtoNet,fixed,2024,285,885,33.33333432674408
ISIC,WIPT,0.0,2024,285,885,31.999999284744263
ISIC,Support-only Transformer,0.0,2024,285,885,28.00000011920929
ISIC,ProtoNet,fixed,2024,286,886,30.666667222976685
ISIC,WIPT,0.0,2024,286,886,31.999999284744263
ISIC,Support-only Transformer,0.0,2024,286,886,30.666667222976685
ISIC,ProtoNet,fixed,2024,287,887,14.666667580604553
ISIC,WIPT,0.0,2024,287,887,13.333334028720856
ISIC,Support-only Transformer,0.0,2024,287,887,14.666667580604553
ISIC,ProtoNet,fixed,2024,288,888,30.666667222976685
ISIC,WIPT,0.0,2024,288,888,30.666667222976685
ISIC,Support-only Transformer,0.0,2024,288,888,29.333335161209106
ISIC,ProtoNet,fixed,2024,289,889,28.00000011920929
ISIC,WIPT,0.0,2024,289,889,26.66666805744171
ISIC,Support-only Transformer,0.0,2024,289,889,26.66666805744171
ISIC,ProtoNet,fixed,2024,290,890,10.66666692495346
ISIC,WIPT,0.0,2024,290,890,10.66666692495346
ISIC,Support-only Transformer,0.0,2024,290,890,12.000000476837158
ISIC,ProtoNet,fixed,2024,291,891,25.333333015441895
ISIC,WIPT,0.0,2024,291,891,22.66666740179062
ISIC,Support-only Transformer,0.0,2024,291,891,26.66666805744171
ISIC,ProtoNet,fixed,2024,292,892,22.66666740179062
ISIC,WIPT,0.0,2024,292,892,20.000000298023224
ISIC,Support-only Transformer,0.0,2024,292,892,24.000000953674316
ISIC,ProtoNet,fixed,2024,293,893,25.333333015441895
ISIC,WIPT,0.0,2024,293,893,20.000000298023224
ISIC,Support-only Transformer,0.0,2024,293,893,22.66666740179062
ISIC,ProtoNet,fixed,2024,294,894,21.33333384990692
ISIC,WIPT,0.0,2024,294,894,26.66666805744171
ISIC,Support-only Transformer,0.0,2024,294,894,22.66666740179062
ISIC,ProtoNet,fixed,2024,295,895,30.666667222976685
ISIC,WIPT,0.0,2024,295,895,37.33333349227905
ISIC,Support-only Transformer,0.0,2024,295,895,37.33333349227905
ISIC,ProtoNet,fixed,2024,296,896,30.666667222976685
ISIC,WIPT,0.0,2024,296,896,30.666667222976685
ISIC,Support-only Transformer,0.0,2024,296,896,29.333335161209106
ISIC,ProtoNet,fixed,2024,297,897,31.999999284744263
ISIC,WIPT,0.0,2024,297,897,34.66666638851166
ISIC,Support-only Transformer,0.0,2024,297,897,34.66666638851166
ISIC,ProtoNet,fixed,2024,298,898,34.66666638851166
ISIC,WIPT,0.0,2024,298,898,37.33333349227905
ISIC,Support-only Transformer,0.0,2024,298,898,30.666667222976685
ISIC,ProtoNet,fixed,2024,299,899,29.333335161209106
ISIC,WIPT,0.0,2024,299,899,33.33333432674408
ISIC,Support-only Transformer,0.0,2024,299,899,33.33333432674408
ISIC,ProtoNet,fixed,7,0,900,20.000000298023224
ISIC,WIPT,0.0,7,0,900,14.666667580604553
ISIC,Support-only Transformer,0.0,7,0,900,14.666667580604553
ISIC,ProtoNet,fixed,7,1,901,34.66666638851166
ISIC,WIPT,0.0,7,1,901,31.999999284744263
ISIC,Support-only Transformer,0.0,7,1,901,28.00000011920929
ISIC,ProtoNet,fixed,7,2,902,24.000000953674316
ISIC,WIPT,0.0,7,2,902,26.66666805744171
ISIC,Support-only Transformer,0.0,7,2,902,28.00000011920929
ISIC,ProtoNet,fixed,7,3,903,33.33333432674408
ISIC,WIPT,0.0,7,3,903,34.66666638851166
ISIC,Support-only Transformer,0.0,7,3,903,30.666667222976685
ISIC,ProtoNet,fixed,7,4,904,37.33333349227905
ISIC,WIPT,0.0,7,4,904,34.66666638851166
ISIC,Support-only Transformer,0.0,7,4,904,40.00000059604645
ISIC,ProtoNet,fixed,7,5,905,30.666667222976685
ISIC,WIPT,0.0,7,5,905,31.999999284744263
ISIC,Support-only Transformer,0.0,7,5,905,31.999999284744263
ISIC,ProtoNet,fixed,7,6,906,24.000000953674316
ISIC,WIPT,0.0,7,6,906,25.333333015441895
ISIC,Support-only Transformer,0.0,7,6,906,22.66666740179062
ISIC,ProtoNet,fixed,7,7,907,38.66666853427887
ISIC,WIPT,0.0,7,7,907,37.33333349227905
ISIC,Support-only Transformer,0.0,7,7,907,37.33333349227905
ISIC,ProtoNet,fixed,7,8,908,29.333335161209106
ISIC,WIPT,0.0,7,8,908,24.000000953674316
ISIC,Support-only Transformer,0.0,7,8,908,25.333333015441895
ISIC,ProtoNet,fixed,7,9,909,28.00000011920929
ISIC,WIPT,0.0,7,9,909,29.333335161209106
ISIC,Support-only Transformer,0.0,7,9,909,33.33333432674408
ISIC,ProtoNet,fixed,7,10,910,25.333333015441895
ISIC,WIPT,0.0,7,10,910,26.66666805744171
ISIC,Support-only Transformer,0.0,7,10,910,28.00000011920929
ISIC,ProtoNet,fixed,7,11,911,37.33333349227905
ISIC,WIPT,0.0,7,11,911,37.33333349227905
ISIC,Support-only Transformer,0.0,7,11,911,33.33333432674408
ISIC,ProtoNet,fixed,7,12,912,25.333333015441895
ISIC,WIPT,0.0,7,12,912,25.333333015441895
ISIC,Support-only Transformer,0.0,7,12,912,22.66666740179062
ISIC,ProtoNet,fixed,7,13,913,13.333334028720856
ISIC,WIPT,0.0,7,13,913,18.666666746139526
ISIC,Support-only Transformer,0.0,7,13,913,15.999999642372131
ISIC,ProtoNet,fixed,7,14,914,24.000000953674316
ISIC,WIPT,0.0,7,14,914,28.00000011920929
ISIC,Support-only Transformer,0.0,7,14,914,22.66666740179062
ISIC,ProtoNet,fixed,7,15,915,24.000000953674316
ISIC,WIPT,0.0,7,15,915,26.66666805744171
ISIC,Support-only Transformer,0.0,7,15,915,29.333335161209106
ISIC,ProtoNet,fixed,7,16,916,26.66666805744171
ISIC,WIPT,0.0,7,16,916,22.66666740179062
ISIC,Support-only Transformer,0.0,7,16,916,21.33333384990692
ISIC,ProtoNet,fixed,7,17,917,45.33333480358124
ISIC,WIPT,0.0,7,17,917,45.33333480358124
ISIC,Support-only Transformer,0.0,7,17,917,34.66666638851166
ISIC,ProtoNet,fixed,7,18,918,25.333333015441895
ISIC,WIPT,0.0,7,18,918,24.000000953674316
ISIC,Support-only Transformer,0.0,7,18,918,25.333333015441895
ISIC,ProtoNet,fixed,7,19,919,21.33333384990692
ISIC,WIPT,0.0,7,19,919,24.000000953674316
ISIC,Support-only Transformer,0.0,7,19,919,26.66666805744171
ISIC,ProtoNet,fixed,7,20,920,25.333333015441895
ISIC,WIPT,0.0,7,20,920,26.66666805744171
ISIC,Support-only Transformer,0.0,7,20,920,22.66666740179062
ISIC,ProtoNet,fixed,7,21,921,24.000000953674316
ISIC,WIPT,0.0,7,21,921,26.66666805744171
ISIC,Support-only Transformer,0.0,7,21,921,25.333333015441895
ISIC,ProtoNet,fixed,7,22,922,36.000001430511475
ISIC,WIPT,0.0,7,22,922,31.999999284744263
ISIC,Support-only Transformer,0.0,7,22,922,29.333335161209106
ISIC,ProtoNet,fixed,7,23,923,30.666667222976685
ISIC,WIPT,0.0,7,23,923,29.333335161209106
ISIC,Support-only Transformer,0.0,7,23,923,31.999999284744263
ISIC,ProtoNet,fixed,7,24,924,29.333335161209106
ISIC,WIPT,0.0,7,24,924,29.333335161209106
ISIC,Support-only Transformer,0.0,7,24,924,38.66666853427887
ISIC,ProtoNet,fixed,7,25,925,28.00000011920929
ISIC,WIPT,0.0,7,25,925,28.00000011920929
ISIC,Support-only Transformer,0.0,7,25,925,26.66666805744171
ISIC,ProtoNet,fixed,7,26,926,36.000001430511475
ISIC,WIPT,0.0,7,26,926,33.33333432674408
ISIC,Support-only Transformer,0.0,7,26,926,30.666667222976685
ISIC,ProtoNet,fixed,7,27,927,30.666667222976685
ISIC,WIPT,0.0,7,27,927,28.00000011920929
ISIC,Support-only Transformer,0.0,7,27,927,25.333333015441895
ISIC,ProtoNet,fixed,7,28,928,29.333335161209106
ISIC,WIPT,0.0,7,28,928,26.66666805744171
ISIC,Support-only Transformer,0.0,7,28,928,25.333333015441895
ISIC,ProtoNet,fixed,7,29,929,28.00000011920929
ISIC,WIPT,0.0,7,29,929,28.00000011920929
ISIC,Support-only Transformer,0.0,7,29,929,29.333335161209106
ISIC,ProtoNet,fixed,7,30,930,31.999999284744263
ISIC,WIPT,0.0,7,30,930,33.33333432674408
ISIC,Support-only Transformer,0.0,7,30,930,37.33333349227905
ISIC,ProtoNet,fixed,7,31,931,33.33333432674408
ISIC,WIPT,0.0,7,31,931,34.66666638851166
ISIC,Support-only Transformer,0.0,7,31,931,31.999999284744263
ISIC,ProtoNet,fixed,7,32,932,34.66666638851166
ISIC,WIPT,0.0,7,32,932,37.33333349227905
ISIC,Support-only Transformer,0.0,7,32,932,33.33333432674408
ISIC,ProtoNet,fixed,7,33,933,29.333335161209106
ISIC,WIPT,0.0,7,33,933,31.999999284744263
ISIC,Support-only Transformer,0.0,7,33,933,28.00000011920929
ISIC,ProtoNet,fixed,7,34,934,31.999999284744263
ISIC,WIPT,0.0,7,34,934,25.333333015441895
ISIC,Support-only Transformer,0.0,7,34,934,18.666666746139526
ISIC,ProtoNet,fixed,7,35,935,24.000000953674316
ISIC,WIPT,0.0,7,35,935,29.333335161209106
ISIC,Support-only Transformer,0.0,7,35,935,28.00000011920929
ISIC,ProtoNet,fixed,7,36,936,26.66666805744171
ISIC,WIPT,0.0,7,36,936,24.000000953674316
ISIC,Support-only Transformer,0.0,7,36,936,24.000000953674316
ISIC,ProtoNet,fixed,7,37,937,26.66666805744171
ISIC,WIPT,0.0,7,37,937,28.00000011920929
ISIC,Support-only Transformer,0.0,7,37,937,25.333333015441895
ISIC,ProtoNet,fixed,7,38,938,21.33333384990692
ISIC,WIPT,0.0,7,38,938,22.66666740179062
ISIC,Support-only Transformer,0.0,7,38,938,28.00000011920929
ISIC,ProtoNet,fixed,7,39,939,36.000001430511475
ISIC,WIPT,0.0,7,39,939,33.33333432674408
ISIC,Support-only Transformer,0.0,7,39,939,37.33333349227905
ISIC,ProtoNet,fixed,7,40,940,24.000000953674316
ISIC,WIPT,0.0,7,40,940,24.000000953674316
ISIC,Support-only Transformer,0.0,7,40,940,22.66666740179062
ISIC,ProtoNet,fixed,7,41,941,24.000000953674316
ISIC,WIPT,0.0,7,41,941,22.66666740179062
ISIC,Support-only Transformer,0.0,7,41,941,21.33333384990692
ISIC,ProtoNet,fixed,7,42,942,34.66666638851166
ISIC,WIPT,0.0,7,42,942,34.66666638851166
ISIC,Support-only Transformer,0.0,7,42,942,36.000001430511475
ISIC,ProtoNet,fixed,7,43,943,31.999999284744263
ISIC,WIPT,0.0,7,43,943,31.999999284744263
ISIC,Support-only Transformer,0.0,7,43,943,29.333335161209106
ISIC,ProtoNet,fixed,7,44,944,25.333333015441895
ISIC,WIPT,0.0,7,44,944,24.000000953674316
ISIC,Support-only Transformer,0.0,7,44,944,25.333333015441895
ISIC,ProtoNet,fixed,7,45,945,37.33333349227905
ISIC,WIPT,0.0,7,45,945,36.000001430511475
ISIC,Support-only Transformer,0.0,7,45,945,31.999999284744263
ISIC,ProtoNet,fixed,7,46,946,21.33333384990692
ISIC,WIPT,0.0,7,46,946,22.66666740179062
ISIC,Support-only Transformer,0.0,7,46,946,22.66666740179062
ISIC,ProtoNet,fixed,7,47,947,26.66666805744171
ISIC,WIPT,0.0,7,47,947,29.333335161209106
ISIC,Support-only Transformer,0.0,7,47,947,34.66666638851166
ISIC,ProtoNet,fixed,7,48,948,28.00000011920929
ISIC,WIPT,0.0,7,48,948,28.00000011920929
ISIC,Support-only Transformer,0.0,7,48,948,28.00000011920929
ISIC,ProtoNet,fixed,7,49,949,28.00000011920929
ISIC,WIPT,0.0,7,49,949,28.00000011920929
ISIC,Support-only Transformer,0.0,7,49,949,28.00000011920929
ISIC,ProtoNet,fixed,7,50,950,29.333335161209106
ISIC,WIPT,0.0,7,50,950,28.00000011920929
ISIC,Support-only Transformer,0.0,7,50,950,30.666667222976685
ISIC,ProtoNet,fixed,7,51,951,26.66666805744171
ISIC,WIPT,0.0,7,51,951,29.333335161209106
ISIC,Support-only Transformer,0.0,7,51,951,28.00000011920929
ISIC,ProtoNet,fixed,7,52,952,30.666667222976685
ISIC,WIPT,0.0,7,52,952,30.666667222976685
ISIC,Support-only Transformer,0.0,7,52,952,28.00000011920929
ISIC,ProtoNet,fixed,7,53,953,29.333335161209106
ISIC,WIPT,0.0,7,53,953,24.000000953674316
ISIC,Support-only Transformer,0.0,7,53,953,26.66666805744171
ISIC,ProtoNet,fixed,7,54,954,34.66666638851166
ISIC,WIPT,0.0,7,54,954,34.66666638851166
ISIC,Support-only Transformer,0.0,7,54,954,33.33333432674408
ISIC,ProtoNet,fixed,7,55,955,25.333333015441895
ISIC,WIPT,0.0,7,55,955,30.666667222976685
ISIC,Support-only Transformer,0.0,7,55,955,36.000001430511475
ISIC,ProtoNet,fixed,7,56,956,31.999999284744263
ISIC,WIPT,0.0,7,56,956,31.999999284744263
ISIC,Support-only Transformer,0.0,7,56,956,26.66666805744171
ISIC,ProtoNet,fixed,7,57,957,25.333333015441895
ISIC,WIPT,0.0,7,57,957,25.333333015441895
ISIC,Support-only Transformer,0.0,7,57,957,25.333333015441895
ISIC,ProtoNet,fixed,7,58,958,38.66666853427887
ISIC,WIPT,0.0,7,58,958,37.33333349227905
ISIC,Support-only Transformer,0.0,7,58,958,36.000001430511475
ISIC,ProtoNet,fixed,7,59,959,30.666667222976685
ISIC,WIPT,0.0,7,59,959,29.333335161209106
ISIC,Support-only Transformer,0.0,7,59,959,29.333335161209106
ISIC,ProtoNet,fixed,7,60,960,31.999999284744263
ISIC,WIPT,0.0,7,60,960,24.000000953674316
ISIC,Support-only Transformer,0.0,7,60,960,21.33333384990692
ISIC,ProtoNet,fixed,7,61,961,25.333333015441895
ISIC,WIPT,0.0,7,61,961,26.66666805744171
ISIC,Support-only Transformer,0.0,7,61,961,31.999999284744263
ISIC,ProtoNet,fixed,7,62,962,21.33333384990692
ISIC,WIPT,0.0,7,62,962,21.33333384990692
ISIC,Support-only Transformer,0.0,7,62,962,25.333333015441895
ISIC,ProtoNet,fixed,7,63,963,28.00000011920929
ISIC,WIPT,0.0,7,63,963,26.66666805744171
ISIC,Support-only Transformer,0.0,7,63,963,26.66666805744171
ISIC,ProtoNet,fixed,7,64,964,26.66666805744171
ISIC,WIPT,0.0,7,64,964,26.66666805744171
ISIC,Support-only Transformer,0.0,7,64,964,28.00000011920929
ISIC,ProtoNet,fixed,7,65,965,20.000000298023224
ISIC,WIPT,0.0,7,65,965,17.33333319425583
ISIC,Support-only Transformer,0.0,7,65,965,21.33333384990692
ISIC,ProtoNet,fixed,7,66,966,18.666666746139526
ISIC,WIPT,0.0,7,66,966,17.33333319425583
ISIC,Support-only Transformer,0.0,7,66,966,20.000000298023224
ISIC,ProtoNet,fixed,7,67,967,29.333335161209106
ISIC,WIPT,0.0,7,67,967,25.333333015441895
ISIC,Support-only Transformer,0.0,7,67,967,28.00000011920929
ISIC,ProtoNet,fixed,7,68,968,18.666666746139526
ISIC,WIPT,0.0,7,68,968,18.666666746139526
ISIC,Support-only Transformer,0.0,7,68,968,18.666666746139526
ISIC,ProtoNet,fixed,7,69,969,28.00000011920929
ISIC,WIPT,0.0,7,69,969,29.333335161209106
ISIC,Support-only Transformer,0.0,7,69,969,25.333333015441895
ISIC,ProtoNet,fixed,7,70,970,30.666667222976685
ISIC,WIPT,0.0,7,70,970,30.666667222976685
ISIC,Support-only Transformer,0.0,7,70,970,30.666667222976685
ISIC,ProtoNet,fixed,7,71,971,25.333333015441895
ISIC,WIPT,0.0,7,71,971,28.00000011920929
ISIC,Support-only Transformer,0.0,7,71,971,24.000000953674316
ISIC,ProtoNet,fixed,7,72,972,22.66666740179062
ISIC,WIPT,0.0,7,72,972,21.33333384990692
ISIC,Support-only Transformer,0.0,7,72,972,25.333333015441895
ISIC,ProtoNet,fixed,7,73,973,33.33333432674408
ISIC,WIPT,0.0,7,73,973,31.999999284744263
ISIC,Support-only Transformer,0.0,7,73,973,34.66666638851166
ISIC,ProtoNet,fixed,7,74,974,45.33333480358124
ISIC,WIPT,0.0,7,74,974,48.00000190734863
ISIC,Support-only Transformer,0.0,7,74,974,43.99999976158142
ISIC,ProtoNet,fixed,7,75,975,30.666667222976685
ISIC,WIPT,0.0,7,75,975,26.66666805744171
ISIC,Support-only Transformer,0.0,7,75,975,26.66666805744171
ISIC,ProtoNet,fixed,7,76,976,30.666667222976685
ISIC,WIPT,0.0,7,76,976,25.333333015441895
ISIC,Support-only Transformer,0.0,7,76,976,28.00000011920929
ISIC,ProtoNet,fixed,7,77,977,25.333333015441895
ISIC,WIPT,0.0,7,77,977,26.66666805744171
ISIC,Support-only Transformer,0.0,7,77,977,28.00000011920929
ISIC,ProtoNet,fixed,7,78,978,26.66666805744171
ISIC,WIPT,0.0,7,78,978,28.00000011920929
ISIC,Support-only Transformer,0.0,7,78,978,26.66666805744171
ISIC,ProtoNet,fixed,7,79,979,22.66666740179062
ISIC,WIPT,0.0,7,79,979,25.333333015441895
ISIC,Support-only Transformer,0.0,7,79,979,22.66666740179062
ISIC,ProtoNet,fixed,7,80,980,29.333335161209106
ISIC,WIPT,0.0,7,80,980,26.66666805744171
ISIC,Support-only Transformer,0.0,7,80,980,29.333335161209106
ISIC,ProtoNet,fixed,7,81,981,38.66666853427887
ISIC,WIPT,0.0,7,81,981,37.33333349227905
ISIC,Support-only Transformer,0.0,7,81,981,31.999999284744263
ISIC,ProtoNet,fixed,7,82,982,34.66666638851166
ISIC,WIPT,0.0,7,82,982,31.999999284744263
ISIC,Support-only Transformer,0.0,7,82,982,34.66666638851166
ISIC,ProtoNet,fixed,7,83,983,15.999999642372131
ISIC,WIPT,0.0,7,83,983,13.333334028720856
ISIC,Support-only Transformer,0.0,7,83,983,10.66666692495346
ISIC,ProtoNet,fixed,7,84,984,12.000000476837158
ISIC,WIPT,0.0,7,84,984,12.000000476837158
ISIC,Support-only Transformer,0.0,7,84,984,13.333334028720856
ISIC,ProtoNet,fixed,7,85,985,31.999999284744263
ISIC,WIPT,0.0,7,85,985,37.33333349227905
ISIC,Support-only Transformer,0.0,7,85,985,34.66666638851166
ISIC,ProtoNet,fixed,7,86,986,26.66666805744171
ISIC,WIPT,0.0,7,86,986,25.333333015441895
ISIC,Support-only Transformer,0.0,7,86,986,24.000000953674316
ISIC,ProtoNet,fixed,7,87,987,43.99999976158142
ISIC,WIPT,0.0,7,87,987,43.99999976158142
ISIC,Support-only Transformer,0.0,7,87,987,48.00000190734863
ISIC,ProtoNet,fixed,7,88,988,36.000001430511475
ISIC,WIPT,0.0,7,88,988,31.999999284744263
ISIC,Support-only Transformer,0.0,7,88,988,31.999999284744263
ISIC,ProtoNet,fixed,7,89,989,24.000000953674316
ISIC,WIPT,0.0,7,89,989,24.000000953674316
ISIC,Support-only Transformer,0.0,7,89,989,29.333335161209106
ISIC,ProtoNet,fixed,7,90,990,30.666667222976685
ISIC,WIPT,0.0,7,90,990,25.333333015441895
ISIC,Support-only Transformer,0.0,7,90,990,30.666667222976685
ISIC,ProtoNet,fixed,7,91,991,33.33333432674408
ISIC,WIPT,0.0,7,91,991,31.999999284744263
ISIC,Support-only Transformer,0.0,7,91,991,28.00000011920929
ISIC,ProtoNet,fixed,7,92,992,41.333335638046265
ISIC,WIPT,0.0,7,92,992,40.00000059604645
ISIC,Support-only Transformer,0.0,7,92,992,33.33333432674408
ISIC,ProtoNet,fixed,7,93,993,24.000000953674316
ISIC,WIPT,0.0,7,93,993,18.666666746139526
ISIC,Support-only Transformer,0.0,7,93,993,24.000000953674316
ISIC,ProtoNet,fixed,7,94,994,24.000000953674316
ISIC,WIPT,0.0,7,94,994,26.66666805744171
ISIC,Support-only Transformer,0.0,7,94,994,25.333333015441895
ISIC,ProtoNet,fixed,7,95,995,30.666667222976685
ISIC,WIPT,0.0,7,95,995,30.666667222976685
ISIC,Support-only Transformer,0.0,7,95,995,33.33333432674408
ISIC,ProtoNet,fixed,7,96,996,24.000000953674316
ISIC,WIPT,0.0,7,96,996,24.000000953674316
ISIC,Support-only Transformer,0.0,7,96,996,25.333333015441895
ISIC,ProtoNet,fixed,7,97,997,22.66666740179062
ISIC,WIPT,0.0,7,97,997,21.33333384990692
ISIC,Support-only Transformer,0.0,7,97,997,26.66666805744171
ISIC,ProtoNet,fixed,7,98,998,28.00000011920929
ISIC,WIPT,0.0,7,98,998,29.333335161209106
ISIC,Support-only Transformer,0.0,7,98,998,28.00000011920929
ISIC,ProtoNet,fixed,7,99,999,25.333333015441895
ISIC,WIPT,0.0,7,99,999,22.66666740179062
ISIC,Support-only Transformer,0.0,7,99,999,25.333333015441895
ISIC,ProtoNet,fixed,7,100,1000,30.666667222976685
ISIC,WIPT,0.0,7,100,1000,30.666667222976685
ISIC,Support-only Transformer,0.0,7,100,1000,24.000000953674316
ISIC,ProtoNet,fixed,7,101,1001,26.66666805744171
ISIC,WIPT,0.0,7,101,1001,26.66666805744171
ISIC,Support-only Transformer,0.0,7,101,1001,26.66666805744171
ISIC,ProtoNet,fixed,7,102,1002,26.66666805744171
ISIC,WIPT,0.0,7,102,1002,26.66666805744171
ISIC,Support-only Transformer,0.0,7,102,1002,29.333335161209106
ISIC,ProtoNet,fixed,7,103,1003,25.333333015441895
ISIC,WIPT,0.0,7,103,1003,24.000000953674316
ISIC,Support-only Transformer,0.0,7,103,1003,25.333333015441895
ISIC,ProtoNet,fixed,7,104,1004,31.999999284744263
ISIC,WIPT,0.0,7,104,1004,30.666667222976685
ISIC,Support-only Transformer,0.0,7,104,1004,31.999999284744263
ISIC,ProtoNet,fixed,7,105,1005,24.000000953674316
ISIC,WIPT,0.0,7,105,1005,22.66666740179062
ISIC,Support-only Transformer,0.0,7,105,1005,22.66666740179062
ISIC,ProtoNet,fixed,7,106,1006,33.33333432674408
ISIC,WIPT,0.0,7,106,1006,26.66666805744171
ISIC,Support-only Transformer,0.0,7,106,1006,21.33333384990692
ISIC,ProtoNet,fixed,7,107,1007,31.999999284744263
ISIC,WIPT,0.0,7,107,1007,31.999999284744263
ISIC,Support-only Transformer,0.0,7,107,1007,30.666667222976685
ISIC,ProtoNet,fixed,7,108,1008,25.333333015441895
ISIC,WIPT,0.0,7,108,1008,25.333333015441895
ISIC,Support-only Transformer,0.0,7,108,1008,29.333335161209106
ISIC,ProtoNet,fixed,7,109,1009,33.33333432674408
ISIC,WIPT,0.0,7,109,1009,31.999999284744263
ISIC,Support-only Transformer,0.0,7,109,1009,28.00000011920929
ISIC,ProtoNet,fixed,7,110,1010,25.333333015441895
ISIC,WIPT,0.0,7,110,1010,26.66666805744171
ISIC,Support-only Transformer,0.0,7,110,1010,25.333333015441895
ISIC,ProtoNet,fixed,7,111,1011,26.66666805744171
ISIC,WIPT,0.0,7,111,1011,29.333335161209106
ISIC,Support-only Transformer,0.0,7,111,1011,26.66666805744171
ISIC,ProtoNet,fixed,7,112,1012,24.000000953674316
ISIC,WIPT,0.0,7,112,1012,24.000000953674316
ISIC,Support-only Transformer,0.0,7,112,1012,17.33333319425583
ISIC,ProtoNet,fixed,7,113,1013,34.66666638851166
ISIC,WIPT,0.0,7,113,1013,33.33333432674408
ISIC,Support-only Transformer,0.0,7,113,1013,38.66666853427887
ISIC,ProtoNet,fixed,7,114,1014,33.33333432674408
ISIC,WIPT,0.0,7,114,1014,30.666667222976685
ISIC,Support-only Transformer,0.0,7,114,1014,28.00000011920929
ISIC,ProtoNet,fixed,7,115,1015,17.33333319425583
ISIC,WIPT,0.0,7,115,1015,18.666666746139526
ISIC,Support-only Transformer,0.0,7,115,1015,22.66666740179062
ISIC,ProtoNet,fixed,7,116,1016,31.999999284744263
ISIC,WIPT,0.0,7,116,1016,31.999999284744263
ISIC,Support-only Transformer,0.0,7,116,1016,22.66666740179062
ISIC,ProtoNet,fixed,7,117,1017,38.66666853427887
ISIC,WIPT,0.0,7,117,1017,38.66666853427887
ISIC,Support-only Transformer,0.0,7,117,1017,33.33333432674408
ISIC,ProtoNet,fixed,7,118,1018,29.333335161209106
ISIC,WIPT,0.0,7,118,1018,29.333335161209106
ISIC,Support-only Transformer,0.0,7,118,1018,26.66666805744171
ISIC,ProtoNet,fixed,7,119,1019,34.66666638851166
ISIC,WIPT,0.0,7,119,1019,34.66666638851166
ISIC,Support-only Transformer,0.0,7,119,1019,33.33333432674408
ISIC,ProtoNet,fixed,7,120,1020,26.66666805744171
ISIC,WIPT,0.0,7,120,1020,20.000000298023224
ISIC,Support-only Transformer,0.0,7,120,1020,22.66666740179062
ISIC,ProtoNet,fixed,7,121,1021,25.333333015441895
ISIC,WIPT,0.0,7,121,1021,24.000000953674316
ISIC,Support-only Transformer,0.0,7,121,1021,21.33333384990692
ISIC,ProtoNet,fixed,7,122,1022,25.333333015441895
ISIC,WIPT,0.0,7,122,1022,26.66666805744171
ISIC,Support-only Transformer,0.0,7,122,1022,29.333335161209106
ISIC,ProtoNet,fixed,7,123,1023,30.666667222976685
ISIC,WIPT,0.0,7,123,1023,29.333335161209106
ISIC,Support-only Transformer,0.0,7,123,1023,24.000000953674316
ISIC,ProtoNet,fixed,7,124,1024,28.00000011920929
ISIC,WIPT,0.0,7,124,1024,25.333333015441895
ISIC,Support-only Transformer,0.0,7,124,1024,28.00000011920929
ISIC,ProtoNet,fixed,7,125,1025,33.33333432674408
ISIC,WIPT,0.0,7,125,1025,29.333335161209106
ISIC,Support-only Transformer,0.0,7,125,1025,29.333335161209106
ISIC,ProtoNet,fixed,7,126,1026,26.66666805744171
ISIC,WIPT,0.0,7,126,1026,28.00000011920929
ISIC,Support-only Transformer,0.0,7,126,1026,22.66666740179062
ISIC,ProtoNet,fixed,7,127,1027,30.666667222976685
ISIC,WIPT,0.0,7,127,1027,31.999999284744263
ISIC,Support-only Transformer,0.0,7,127,1027,33.33333432674408
ISIC,ProtoNet,fixed,7,128,1028,34.66666638851166
ISIC,WIPT,0.0,7,128,1028,31.999999284744263
ISIC,Support-only Transformer,0.0,7,128,1028,21.33333384990692
ISIC,ProtoNet,fixed,7,129,1029,28.00000011920929
ISIC,WIPT,0.0,7,129,1029,29.333335161209106
ISIC,Support-only Transformer,0.0,7,129,1029,26.66666805744171
ISIC,ProtoNet,fixed,7,130,1030,31.999999284744263
ISIC,WIPT,0.0,7,130,1030,29.333335161209106
ISIC,Support-only Transformer,0.0,7,130,1030,36.000001430511475
ISIC,ProtoNet,fixed,7,131,1031,21.33333384990692
ISIC,WIPT,0.0,7,131,1031,22.66666740179062
ISIC,Support-only Transformer,0.0,7,131,1031,22.66666740179062
ISIC,ProtoNet,fixed,7,132,1032,15.999999642372131
ISIC,WIPT,0.0,7,132,1032,18.666666746139526
ISIC,Support-only Transformer,0.0,7,132,1032,22.66666740179062
ISIC,ProtoNet,fixed,7,133,1033,37.33333349227905
ISIC,WIPT,0.0,7,133,1033,38.66666853427887
ISIC,Support-only Transformer,0.0,7,133,1033,36.000001430511475
ISIC,ProtoNet,fixed,7,134,1034,15.999999642372131
ISIC,WIPT,0.0,7,134,1034,15.999999642372131
ISIC,Support-only Transformer,0.0,7,134,1034,14.666667580604553
ISIC,ProtoNet,fixed,7,135,1035,28.00000011920929
ISIC,WIPT,0.0,7,135,1035,31.999999284744263
ISIC,Support-only Transformer,0.0,7,135,1035,25.333333015441895
ISIC,ProtoNet,fixed,7,136,1036,26.66666805744171
ISIC,WIPT,0.0,7,136,1036,25.333333015441895
ISIC,Support-only Transformer,0.0,7,136,1036,25.333333015441895
ISIC,ProtoNet,fixed,7,137,1037,29.333335161209106
ISIC,WIPT,0.0,7,137,1037,29.333335161209106
ISIC,Support-only Transformer,0.0,7,137,1037,29.333335161209106
ISIC,ProtoNet,fixed,7,138,1038,33.33333432674408
ISIC,WIPT,0.0,7,138,1038,30.666667222976685
ISIC,Support-only Transformer,0.0,7,138,1038,30.666667222976685
ISIC,ProtoNet,fixed,7,139,1039,30.666667222976685
ISIC,WIPT,0.0,7,139,1039,26.66666805744171
ISIC,Support-only Transformer,0.0,7,139,1039,24.000000953674316
ISIC,ProtoNet,fixed,7,140,1040,33.33333432674408
ISIC,WIPT,0.0,7,140,1040,34.66666638851166
ISIC,Support-only Transformer,0.0,7,140,1040,33.33333432674408
ISIC,ProtoNet,fixed,7,141,1041,26.66666805744171
ISIC,WIPT,0.0,7,141,1041,31.999999284744263
ISIC,Support-only Transformer,0.0,7,141,1041,37.33333349227905
ISIC,ProtoNet,fixed,7,142,1042,30.666667222976685
ISIC,WIPT,0.0,7,142,1042,30.666667222976685
ISIC,Support-only Transformer,0.0,7,142,1042,21.33333384990692
ISIC,ProtoNet,fixed,7,143,1043,21.33333384990692
ISIC,WIPT,0.0,7,143,1043,21.33333384990692
ISIC,Support-only Transformer,0.0,7,143,1043,15.999999642372131
ISIC,ProtoNet,fixed,7,144,1044,31.999999284744263
ISIC,WIPT,0.0,7,144,1044,31.999999284744263
ISIC,Support-only Transformer,0.0,7,144,1044,29.333335161209106
ISIC,ProtoNet,fixed,7,145,1045,24.000000953674316
ISIC,WIPT,0.0,7,145,1045,21.33333384990692
ISIC,Support-only Transformer,0.0,7,145,1045,26.66666805744171
ISIC,ProtoNet,fixed,7,146,1046,20.000000298023224
ISIC,WIPT,0.0,7,146,1046,25.333333015441895
ISIC,Support-only Transformer,0.0,7,146,1046,24.000000953674316
ISIC,ProtoNet,fixed,7,147,1047,29.333335161209106
ISIC,WIPT,0.0,7,147,1047,28.00000011920929
ISIC,Support-only Transformer,0.0,7,147,1047,25.333333015441895
ISIC,ProtoNet,fixed,7,148,1048,30.666667222976685
ISIC,WIPT,0.0,7,148,1048,28.00000011920929
ISIC,Support-only Transformer,0.0,7,148,1048,31.999999284744263
ISIC,ProtoNet,fixed,7,149,1049,31.999999284744263
ISIC,WIPT,0.0,7,149,1049,30.666667222976685
ISIC,Support-only Transformer,0.0,7,149,1049,29.333335161209106
ISIC,ProtoNet,fixed,7,150,1050,22.66666740179062
ISIC,WIPT,0.0,7,150,1050,22.66666740179062
ISIC,Support-only Transformer,0.0,7,150,1050,25.333333015441895
ISIC,ProtoNet,fixed,7,151,1051,22.66666740179062
ISIC,WIPT,0.0,7,151,1051,26.66666805744171
ISIC,Support-only Transformer,0.0,7,151,1051,25.333333015441895
ISIC,ProtoNet,fixed,7,152,1052,33.33333432674408
ISIC,WIPT,0.0,7,152,1052,34.66666638851166
ISIC,Support-only Transformer,0.0,7,152,1052,31.999999284744263
ISIC,ProtoNet,fixed,7,153,1053,28.00000011920929
ISIC,WIPT,0.0,7,153,1053,25.333333015441895
ISIC,Support-only Transformer,0.0,7,153,1053,22.66666740179062
ISIC,ProtoNet,fixed,7,154,1054,29.333335161209106
ISIC,WIPT,0.0,7,154,1054,33.33333432674408
ISIC,Support-only Transformer,0.0,7,154,1054,28.00000011920929
ISIC,ProtoNet,fixed,7,155,1055,28.00000011920929
ISIC,WIPT,0.0,7,155,1055,26.66666805744171
ISIC,Support-only Transformer,0.0,7,155,1055,25.333333015441895
ISIC,ProtoNet,fixed,7,156,1056,30.666667222976685
ISIC,WIPT,0.0,7,156,1056,29.333335161209106
ISIC,Support-only Transformer,0.0,7,156,1056,30.666667222976685
ISIC,ProtoNet,fixed,7,157,1057,29.333335161209106
ISIC,WIPT,0.0,7,157,1057,28.00000011920929
ISIC,Support-only Transformer,0.0,7,157,1057,30.666667222976685
ISIC,ProtoNet,fixed,7,158,1058,29.333335161209106
ISIC,WIPT,0.0,7,158,1058,28.00000011920929
ISIC,Support-only Transformer,0.0,7,158,1058,24.000000953674316
ISIC,ProtoNet,fixed,7,159,1059,25.333333015441895
ISIC,WIPT,0.0,7,159,1059,26.66666805744171
ISIC,Support-only Transformer,0.0,7,159,1059,29.333335161209106
ISIC,ProtoNet,fixed,7,160,1060,30.666667222976685
ISIC,WIPT,0.0,7,160,1060,31.999999284744263
ISIC,Support-only Transformer,0.0,7,160,1060,36.000001430511475
ISIC,ProtoNet,fixed,7,161,1061,37.33333349227905
ISIC,WIPT,0.0,7,161,1061,36.000001430511475
ISIC,Support-only Transformer,0.0,7,161,1061,30.666667222976685
ISIC,ProtoNet,fixed,7,162,1062,26.66666805744171
ISIC,WIPT,0.0,7,162,1062,29.333335161209106
ISIC,Support-only Transformer,0.0,7,162,1062,29.333335161209106
ISIC,ProtoNet,fixed,7,163,1063,26.66666805744171
ISIC,WIPT,0.0,7,163,1063,24.000000953674316
ISIC,Support-only Transformer,0.0,7,163,1063,29.333335161209106
ISIC,ProtoNet,fixed,7,164,1064,25.333333015441895
ISIC,WIPT,0.0,7,164,1064,22.66666740179062
ISIC,Support-only Transformer,0.0,7,164,1064,18.666666746139526
ISIC,ProtoNet,fixed,7,165,1065,17.33333319425583
ISIC,WIPT,0.0,7,165,1065,20.000000298023224
ISIC,Support-only Transformer,0.0,7,165,1065,21.33333384990692
ISIC,ProtoNet,fixed,7,166,1066,15.999999642372131
ISIC,WIPT,0.0,7,166,1066,13.333334028720856
ISIC,Support-only Transformer,0.0,7,166,1066,9.333333373069763
ISIC,ProtoNet,fixed,7,167,1067,42.66666769981384
ISIC,WIPT,0.0,7,167,1067,42.66666769981384
ISIC,Support-only Transformer,0.0,7,167,1067,43.99999976158142
ISIC,ProtoNet,fixed,7,168,1068,18.666666746139526
ISIC,WIPT,0.0,7,168,1068,18.666666746139526
ISIC,Support-only Transformer,0.0,7,168,1068,20.000000298023224
ISIC,ProtoNet,fixed,7,169,1069,17.33333319425583
ISIC,WIPT,0.0,7,169,1069,14.666667580604553
ISIC,Support-only Transformer,0.0,7,169,1069,15.999999642372131
ISIC,ProtoNet,fixed,7,170,1070,29.333335161209106
ISIC,WIPT,0.0,7,170,1070,29.333335161209106
ISIC,Support-only Transformer,0.0,7,170,1070,22.66666740179062
ISIC,ProtoNet,fixed,7,171,1071,34.66666638851166
ISIC,WIPT,0.0,7,171,1071,34.66666638851166
ISIC,Support-only Transformer,0.0,7,171,1071,30.666667222976685
ISIC,ProtoNet,fixed,7,172,1072,31.999999284744263
ISIC,WIPT,0.0,7,172,1072,29.333335161209106
ISIC,Support-only Transformer,0.0,7,172,1072,28.00000011920929
ISIC,ProtoNet,fixed,7,173,1073,29.333335161209106
ISIC,WIPT,0.0,7,173,1073,25.333333015441895
ISIC,Support-only Transformer,0.0,7,173,1073,26.66666805744171
ISIC,ProtoNet,fixed,7,174,1074,34.66666638851166
ISIC,WIPT,0.0,7,174,1074,36.000001430511475
ISIC,Support-only Transformer,0.0,7,174,1074,33.33333432674408
ISIC,ProtoNet,fixed,7,175,1075,24.000000953674316
ISIC,WIPT,0.0,7,175,1075,21.33333384990692
ISIC,Support-only Transformer,0.0,7,175,1075,24.000000953674316
ISIC,ProtoNet,fixed,7,176,1076,31.999999284744263
ISIC,WIPT,0.0,7,176,1076,33.33333432674408
ISIC,Support-only Transformer,0.0,7,176,1076,38.66666853427887
ISIC,ProtoNet,fixed,7,177,1077,28.00000011920929
ISIC,WIPT,0.0,7,177,1077,30.666667222976685
ISIC,Support-only Transformer,0.0,7,177,1077,26.66666805744171
ISIC,ProtoNet,fixed,7,178,1078,30.666667222976685
ISIC,WIPT,0.0,7,178,1078,26.66666805744171
ISIC,Support-only Transformer,0.0,7,178,1078,22.66666740179062
ISIC,ProtoNet,fixed,7,179,1079,25.333333015441895
ISIC,WIPT,0.0,7,179,1079,24.000000953674316
ISIC,Support-only Transformer,0.0,7,179,1079,22.66666740179062
ISIC,ProtoNet,fixed,7,180,1080,22.66666740179062
ISIC,WIPT,0.0,7,180,1080,22.66666740179062
ISIC,Support-only Transformer,0.0,7,180,1080,24.000000953674316
ISIC,ProtoNet,fixed,7,181,1081,31.999999284744263
ISIC,WIPT,0.0,7,181,1081,31.999999284744263
ISIC,Support-only Transformer,0.0,7,181,1081,31.999999284744263
ISIC,ProtoNet,fixed,7,182,1082,18.666666746139526
ISIC,WIPT,0.0,7,182,1082,15.999999642372131
ISIC,Support-only Transformer,0.0,7,182,1082,15.999999642372131
ISIC,ProtoNet,fixed,7,183,1083,25.333333015441895
ISIC,WIPT,0.0,7,183,1083,25.333333015441895
ISIC,Support-only Transformer,0.0,7,183,1083,21.33333384990692
ISIC,ProtoNet,fixed,7,184,1084,40.00000059604645
ISIC,WIPT,0.0,7,184,1084,40.00000059604645
ISIC,Support-only Transformer,0.0,7,184,1084,33.33333432674408
ISIC,ProtoNet,fixed,7,185,1085,37.33333349227905
ISIC,WIPT,0.0,7,185,1085,37.33333349227905
ISIC,Support-only Transformer,0.0,7,185,1085,29.333335161209106
ISIC,ProtoNet,fixed,7,186,1086,31.999999284744263
ISIC,WIPT,0.0,7,186,1086,31.999999284744263
ISIC,Support-only Transformer,0.0,7,186,1086,36.000001430511475
ISIC,ProtoNet,fixed,7,187,1087,37.33333349227905
ISIC,WIPT,0.0,7,187,1087,37.33333349227905
ISIC,Support-only Transformer,0.0,7,187,1087,38.66666853427887
ISIC,ProtoNet,fixed,7,188,1088,20.000000298023224
ISIC,WIPT,0.0,7,188,1088,20.000000298023224
ISIC,Support-only Transformer,0.0,7,188,1088,25.333333015441895
ISIC,ProtoNet,fixed,7,189,1089,26.66666805744171
ISIC,WIPT,0.0,7,189,1089,25.333333015441895
ISIC,Support-only Transformer,0.0,7,189,1089,26.66666805744171
ISIC,ProtoNet,fixed,7,190,1090,18.666666746139526
ISIC,WIPT,0.0,7,190,1090,20.000000298023224
ISIC,Support-only Transformer,0.0,7,190,1090,24.000000953674316
ISIC,ProtoNet,fixed,7,191,1091,22.66666740179062
ISIC,WIPT,0.0,7,191,1091,18.666666746139526
ISIC,Support-only Transformer,0.0,7,191,1091,22.66666740179062
ISIC,ProtoNet,fixed,7,192,1092,24.000000953674316
ISIC,WIPT,0.0,7,192,1092,26.66666805744171
ISIC,Support-only Transformer,0.0,7,192,1092,25.333333015441895
ISIC,ProtoNet,fixed,7,193,1093,18.666666746139526
ISIC,WIPT,0.0,7,193,1093,15.999999642372131
ISIC,Support-only Transformer,0.0,7,193,1093,18.666666746139526
ISIC,ProtoNet,fixed,7,194,1094,40.00000059604645
ISIC,WIPT,0.0,7,194,1094,37.33333349227905
ISIC,Support-only Transformer,0.0,7,194,1094,33.33333432674408
ISIC,ProtoNet,fixed,7,195,1095,30.666667222976685
ISIC,WIPT,0.0,7,195,1095,25.333333015441895
ISIC,Support-only Transformer,0.0,7,195,1095,26.66666805744171
ISIC,ProtoNet,fixed,7,196,1096,18.666666746139526
ISIC,WIPT,0.0,7,196,1096,20.000000298023224
ISIC,Support-only Transformer,0.0,7,196,1096,20.000000298023224
ISIC,ProtoNet,fixed,7,197,1097,26.66666805744171
ISIC,WIPT,0.0,7,197,1097,21.33333384990692
ISIC,Support-only Transformer,0.0,7,197,1097,24.000000953674316
ISIC,ProtoNet,fixed,7,198,1098,37.33333349227905
ISIC,WIPT,0.0,7,198,1098,36.000001430511475
ISIC,Support-only Transformer,0.0,7,198,1098,36.000001430511475
ISIC,ProtoNet,fixed,7,199,1099,22.66666740179062
ISIC,WIPT,0.0,7,199,1099,25.333333015441895
ISIC,Support-only Transformer,0.0,7,199,1099,24.000000953674316
ISIC,ProtoNet,fixed,7,200,1100,21.33333384990692
ISIC,WIPT,0.0,7,200,1100,21.33333384990692
ISIC,Support-only Transformer,0.0,7,200,1100,21.33333384990692
ISIC,ProtoNet,fixed,7,201,1101,21.33333384990692
ISIC,WIPT,0.0,7,201,1101,21.33333384990692
ISIC,Support-only Transformer,0.0,7,201,1101,20.000000298023224
ISIC,ProtoNet,fixed,7,202,1102,33.33333432674408
ISIC,WIPT,0.0,7,202,1102,30.666667222976685
ISIC,Support-only Transformer,0.0,7,202,1102,30.666667222976685
ISIC,ProtoNet,fixed,7,203,1103,28.00000011920929
ISIC,WIPT,0.0,7,203,1103,28.00000011920929
ISIC,Support-only Transformer,0.0,7,203,1103,24.000000953674316
ISIC,ProtoNet,fixed,7,204,1104,28.00000011920929
ISIC,WIPT,0.0,7,204,1104,26.66666805744171
ISIC,Support-only Transformer,0.0,7,204,1104,25.333333015441895
ISIC,ProtoNet,fixed,7,205,1105,21.33333384990692
ISIC,WIPT,0.0,7,205,1105,22.66666740179062
ISIC,Support-only Transformer,0.0,7,205,1105,24.000000953674316
ISIC,ProtoNet,fixed,7,206,1106,26.66666805744171
ISIC,WIPT,0.0,7,206,1106,29.333335161209106
ISIC,Support-only Transformer,0.0,7,206,1106,31.999999284744263
ISIC,ProtoNet,fixed,7,207,1107,24.000000953674316
ISIC,WIPT,0.0,7,207,1107,22.66666740179062
ISIC,Support-only Transformer,0.0,7,207,1107,26.66666805744171
ISIC,ProtoNet,fixed,7,208,1108,25.333333015441895
ISIC,WIPT,0.0,7,208,1108,22.66666740179062
ISIC,Support-only Transformer,0.0,7,208,1108,26.66666805744171
ISIC,ProtoNet,fixed,7,209,1109,22.66666740179062
ISIC,WIPT,0.0,7,209,1109,21.33333384990692
ISIC,Support-only Transformer,0.0,7,209,1109,20.000000298023224
ISIC,ProtoNet,fixed,7,210,1110,26.66666805744171
ISIC,WIPT,0.0,7,210,1110,29.333335161209106
ISIC,Support-only Transformer,0.0,7,210,1110,24.000000953674316
ISIC,ProtoNet,fixed,7,211,1111,28.00000011920929
ISIC,WIPT,0.0,7,211,1111,28.00000011920929
ISIC,Support-only Transformer,0.0,7,211,1111,25.333333015441895
ISIC,ProtoNet,fixed,7,212,1112,38.66666853427887
ISIC,WIPT,0.0,7,212,1112,36.000001430511475
ISIC,Support-only Transformer,0.0,7,212,1112,36.000001430511475
ISIC,ProtoNet,fixed,7,213,1113,26.66666805744171
ISIC,WIPT,0.0,7,213,1113,26.66666805744171
ISIC,Support-only Transformer,0.0,7,213,1113,20.000000298023224
ISIC,ProtoNet,fixed,7,214,1114,20.000000298023224
ISIC,WIPT,0.0,7,214,1114,21.33333384990692
ISIC,Support-only Transformer,0.0,7,214,1114,20.000000298023224
ISIC,ProtoNet,fixed,7,215,1115,20.000000298023224
ISIC,WIPT,0.0,7,215,1115,22.66666740179062
ISIC,Support-only Transformer,0.0,7,215,1115,24.000000953674316
ISIC,ProtoNet,fixed,7,216,1116,25.333333015441895
ISIC,WIPT,0.0,7,216,1116,25.333333015441895
ISIC,Support-only Transformer,0.0,7,216,1116,24.000000953674316
ISIC,ProtoNet,fixed,7,217,1117,24.000000953674316
ISIC,WIPT,0.0,7,217,1117,26.66666805744171
ISIC,Support-only Transformer,0.0,7,217,1117,17.33333319425583
ISIC,ProtoNet,fixed,7,218,1118,28.00000011920929
ISIC,WIPT,0.0,7,218,1118,28.00000011920929
ISIC,Support-only Transformer,0.0,7,218,1118,26.66666805744171
ISIC,ProtoNet,fixed,7,219,1119,25.333333015441895
ISIC,WIPT,0.0,7,219,1119,28.00000011920929
ISIC,Support-only Transformer,0.0,7,219,1119,25.333333015441895
ISIC,ProtoNet,fixed,7,220,1120,28.00000011920929
ISIC,WIPT,0.0,7,220,1120,30.666667222976685
ISIC,Support-only Transformer,0.0,7,220,1120,29.333335161209106
ISIC,ProtoNet,fixed,7,221,1121,21.33333384990692
ISIC,WIPT,0.0,7,221,1121,22.66666740179062
ISIC,Support-only Transformer,0.0,7,221,1121,24.000000953674316
ISIC,ProtoNet,fixed,7,222,1122,31.999999284744263
ISIC,WIPT,0.0,7,222,1122,31.999999284744263
ISIC,Support-only Transformer,0.0,7,222,1122,34.66666638851166
ISIC,ProtoNet,fixed,7,223,1123,22.66666740179062
ISIC,WIPT,0.0,7,223,1123,21.33333384990692
ISIC,Support-only Transformer,0.0,7,223,1123,25.333333015441895
ISIC,ProtoNet,fixed,7,224,1124,37.33333349227905
ISIC,WIPT,0.0,7,224,1124,36.000001430511475
ISIC,Support-only Transformer,0.0,7,224,1124,38.66666853427887
ISIC,ProtoNet,fixed,7,225,1125,25.333333015441895
ISIC,WIPT,0.0,7,225,1125,28.00000011920929
ISIC,Support-only Transformer,0.0,7,225,1125,24.000000953674316
ISIC,ProtoNet,fixed,7,226,1126,22.66666740179062
ISIC,WIPT,0.0,7,226,1126,22.66666740179062
ISIC,Support-only Transformer,0.0,7,226,1126,28.00000011920929
ISIC,ProtoNet,fixed,7,227,1127,28.00000011920929
ISIC,WIPT,0.0,7,227,1127,29.333335161209106
ISIC,Support-only Transformer,0.0,7,227,1127,25.333333015441895
ISIC,ProtoNet,fixed,7,228,1128,18.666666746139526
ISIC,WIPT,0.0,7,228,1128,22.66666740179062
ISIC,Support-only Transformer,0.0,7,228,1128,22.66666740179062
ISIC,ProtoNet,fixed,7,229,1129,29.333335161209106
ISIC,WIPT,0.0,7,229,1129,29.333335161209106
ISIC,Support-only Transformer,0.0,7,229,1129,28.00000011920929
ISIC,ProtoNet,fixed,7,230,1130,34.66666638851166
ISIC,WIPT,0.0,7,230,1130,36.000001430511475
ISIC,Support-only Transformer,0.0,7,230,1130,34.66666638851166
ISIC,ProtoNet,fixed,7,231,1131,31.999999284744263
ISIC,WIPT,0.0,7,231,1131,30.666667222976685
ISIC,Support-only Transformer,0.0,7,231,1131,30.666667222976685
ISIC,ProtoNet,fixed,7,232,1132,36.000001430511475
ISIC,WIPT,0.0,7,232,1132,31.999999284744263
ISIC,Support-only Transformer,0.0,7,232,1132,34.66666638851166
ISIC,ProtoNet,fixed,7,233,1133,26.66666805744171
ISIC,WIPT,0.0,7,233,1133,25.333333015441895
ISIC,Support-only Transformer,0.0,7,233,1133,28.00000011920929
ISIC,ProtoNet,fixed,7,234,1134,37.33333349227905
ISIC,WIPT,0.0,7,234,1134,34.66666638851166
ISIC,Support-only Transformer,0.0,7,234,1134,37.33333349227905
ISIC,ProtoNet,fixed,7,235,1135,34.66666638851166
ISIC,WIPT,0.0,7,235,1135,31.999999284744263
ISIC,Support-only Transformer,0.0,7,235,1135,31.999999284744263
ISIC,ProtoNet,fixed,7,236,1136,31.999999284744263
ISIC,WIPT,0.0,7,236,1136,33.33333432674408
ISIC,Support-only Transformer,0.0,7,236,1136,37.33333349227905
ISIC,ProtoNet,fixed,7,237,1137,40.00000059604645
ISIC,WIPT,0.0,7,237,1137,41.333335638046265
ISIC,Support-only Transformer,0.0,7,237,1137,37.33333349227905
ISIC,ProtoNet,fixed,7,238,1138,28.00000011920929
ISIC,WIPT,0.0,7,238,1138,26.66666805744171
ISIC,Support-only Transformer,0.0,7,238,1138,29.333335161209106
ISIC,ProtoNet,fixed,7,239,1139,29.333335161209106
ISIC,WIPT,0.0,7,239,1139,28.00000011920929
ISIC,Support-only Transformer,0.0,7,239,1139,26.66666805744171
ISIC,ProtoNet,fixed,7,240,1140,28.00000011920929
ISIC,WIPT,0.0,7,240,1140,24.000000953674316
ISIC,Support-only Transformer,0.0,7,240,1140,18.666666746139526
ISIC,ProtoNet,fixed,7,241,1141,24.000000953674316
ISIC,WIPT,0.0,7,241,1141,22.66666740179062
ISIC,Support-only Transformer,0.0,7,241,1141,21.33333384990692
ISIC,ProtoNet,fixed,7,242,1142,34.66666638851166
ISIC,WIPT,0.0,7,242,1142,36.000001430511475
ISIC,Support-only Transformer,0.0,7,242,1142,34.66666638851166
ISIC,ProtoNet,fixed,7,243,1143,36.000001430511475
ISIC,WIPT,0.0,7,243,1143,29.333335161209106
ISIC,Support-only Transformer,0.0,7,243,1143,33.33333432674408
ISIC,ProtoNet,fixed,7,244,1144,31.999999284744263
ISIC,WIPT,0.0,7,244,1144,30.666667222976685
ISIC,Support-only Transformer,0.0,7,244,1144,25.333333015441895
ISIC,ProtoNet,fixed,7,245,1145,29.333335161209106
ISIC,WIPT,0.0,7,245,1145,30.666667222976685
ISIC,Support-only Transformer,0.0,7,245,1145,26.66666805744171
ISIC,ProtoNet,fixed,7,246,1146,34.66666638851166
ISIC,WIPT,0.0,7,246,1146,31.999999284744263
ISIC,Support-only Transformer,0.0,7,246,1146,33.33333432674408
ISIC,ProtoNet,fixed,7,247,1147,12.000000476837158
ISIC,WIPT,0.0,7,247,1147,10.66666692495346
ISIC,Support-only Transformer,0.0,7,247,1147,17.33333319425583
ISIC,ProtoNet,fixed,7,248,1148,26.66666805744171
ISIC,WIPT,0.0,7,248,1148,29.333335161209106
ISIC,Support-only Transformer,0.0,7,248,1148,22.66666740179062
ISIC,ProtoNet,fixed,7,249,1149,31.999999284744263
ISIC,WIPT,0.0,7,249,1149,33.33333432674408
ISIC,Support-only Transformer,0.0,7,249,1149,34.66666638851166
ISIC,ProtoNet,fixed,7,250,1150,37.33333349227905
ISIC,WIPT,0.0,7,250,1150,31.999999284744263
ISIC,Support-only Transformer,0.0,7,250,1150,30.666667222976685
ISIC,ProtoNet,fixed,7,251,1151,37.33333349227905
ISIC,WIPT,0.0,7,251,1151,34.66666638851166
ISIC,Support-only Transformer,0.0,7,251,1151,37.33333349227905
ISIC,ProtoNet,fixed,7,252,1152,26.66666805744171
ISIC,WIPT,0.0,7,252,1152,26.66666805744171
ISIC,Support-only Transformer,0.0,7,252,1152,21.33333384990692
ISIC,ProtoNet,fixed,7,253,1153,33.33333432674408
ISIC,WIPT,0.0,7,253,1153,31.999999284744263
ISIC,Support-only Transformer,0.0,7,253,1153,29.333335161209106
ISIC,ProtoNet,fixed,7,254,1154,21.33333384990692
ISIC,WIPT,0.0,7,254,1154,21.33333384990692
ISIC,Support-only Transformer,0.0,7,254,1154,21.33333384990692
ISIC,ProtoNet,fixed,7,255,1155,36.000001430511475
ISIC,WIPT,0.0,7,255,1155,36.000001430511475
ISIC,Support-only Transformer,0.0,7,255,1155,31.999999284744263
ISIC,ProtoNet,fixed,7,256,1156,28.00000011920929
ISIC,WIPT,0.0,7,256,1156,31.999999284744263
ISIC,Support-only Transformer,0.0,7,256,1156,28.00000011920929
ISIC,ProtoNet,fixed,7,257,1157,26.66666805744171
ISIC,WIPT,0.0,7,257,1157,26.66666805744171
ISIC,Support-only Transformer,0.0,7,257,1157,29.333335161209106
ISIC,ProtoNet,fixed,7,258,1158,29.333335161209106
ISIC,WIPT,0.0,7,258,1158,31.999999284744263
ISIC,Support-only Transformer,0.0,7,258,1158,30.666667222976685
ISIC,ProtoNet,fixed,7,259,1159,29.333335161209106
ISIC,WIPT,0.0,7,259,1159,31.999999284744263
ISIC,Support-only Transformer,0.0,7,259,1159,31.999999284744263
ISIC,ProtoNet,fixed,7,260,1160,20.000000298023224
ISIC,WIPT,0.0,7,260,1160,17.33333319425583
ISIC,Support-only Transformer,0.0,7,260,1160,22.66666740179062
ISIC,ProtoNet,fixed,7,261,1161,25.333333015441895
ISIC,WIPT,0.0,7,261,1161,25.333333015441895
ISIC,Support-only Transformer,0.0,7,261,1161,18.666666746139526
ISIC,ProtoNet,fixed,7,262,1162,29.333335161209106
ISIC,WIPT,0.0,7,262,1162,29.333335161209106
ISIC,Support-only Transformer,0.0,7,262,1162,29.333335161209106
ISIC,ProtoNet,fixed,7,263,1163,36.000001430511475
ISIC,WIPT,0.0,7,263,1163,36.000001430511475
ISIC,Support-only Transformer,0.0,7,263,1163,34.66666638851166
ISIC,ProtoNet,fixed,7,264,1164,22.66666740179062
ISIC,WIPT,0.0,7,264,1164,22.66666740179062
ISIC,Support-only Transformer,0.0,7,264,1164,26.66666805744171
ISIC,ProtoNet,fixed,7,265,1165,29.333335161209106
ISIC,WIPT,0.0,7,265,1165,28.00000011920929
ISIC,Support-only Transformer,0.0,7,265,1165,25.333333015441895
ISIC,ProtoNet,fixed,7,266,1166,17.33333319425583
ISIC,WIPT,0.0,7,266,1166,17.33333319425583
ISIC,Support-only Transformer,0.0,7,266,1166,21.33333384990692
ISIC,ProtoNet,fixed,7,267,1167,26.66666805744171
ISIC,WIPT,0.0,7,267,1167,28.00000011920929
ISIC,Support-only Transformer,0.0,7,267,1167,29.333335161209106
ISIC,ProtoNet,fixed,7,268,1168,26.66666805744171
ISIC,WIPT,0.0,7,268,1168,26.66666805744171
ISIC,Support-only Transformer,0.0,7,268,1168,26.66666805744171
ISIC,ProtoNet,fixed,7,269,1169,28.00000011920929
ISIC,WIPT,0.0,7,269,1169,29.333335161209106
ISIC,Support-only Transformer,0.0,7,269,1169,24.000000953674316
ISIC,ProtoNet,fixed,7,270,1170,21.33333384990692
ISIC,WIPT,0.0,7,270,1170,18.666666746139526
ISIC,Support-only Transformer,0.0,7,270,1170,25.333333015441895
ISIC,ProtoNet,fixed,7,271,1171,28.00000011920929
ISIC,WIPT,0.0,7,271,1171,26.66666805744171
ISIC,Support-only Transformer,0.0,7,271,1171,24.000000953674316
ISIC,ProtoNet,fixed,7,272,1172,31.999999284744263
ISIC,WIPT,0.0,7,272,1172,36.000001430511475
ISIC,Support-only Transformer,0.0,7,272,1172,37.33333349227905
ISIC,ProtoNet,fixed,7,273,1173,31.999999284744263
ISIC,WIPT,0.0,7,273,1173,30.666667222976685
ISIC,Support-only Transformer,0.0,7,273,1173,29.333335161209106
ISIC,ProtoNet,fixed,7,274,1174,31.999999284744263
ISIC,WIPT,0.0,7,274,1174,31.999999284744263
ISIC,Support-only Transformer,0.0,7,274,1174,30.666667222976685
ISIC,ProtoNet,fixed,7,275,1175,29.333335161209106
ISIC,WIPT,0.0,7,275,1175,29.333335161209106
ISIC,Support-only Transformer,0.0,7,275,1175,28.00000011920929
ISIC,ProtoNet,fixed,7,276,1176,29.333335161209106
ISIC,WIPT,0.0,7,276,1176,25.333333015441895
ISIC,Support-only Transformer,0.0,7,276,1176,26.66666805744171
ISIC,ProtoNet,fixed,7,277,1177,40.00000059604645
ISIC,WIPT,0.0,7,277,1177,37.33333349227905
ISIC,Support-only Transformer,0.0,7,277,1177,31.999999284744263
ISIC,ProtoNet,fixed,7,278,1178,36.000001430511475
ISIC,WIPT,0.0,7,278,1178,29.333335161209106
ISIC,Support-only Transformer,0.0,7,278,1178,30.666667222976685
ISIC,ProtoNet,fixed,7,279,1179,29.333335161209106
ISIC,WIPT,0.0,7,279,1179,33.33333432674408
ISIC,Support-only Transformer,0.0,7,279,1179,30.666667222976685
ISIC,ProtoNet,fixed,7,280,1180,24.000000953674316
ISIC,WIPT,0.0,7,280,1180,25.333333015441895
ISIC,Support-only Transformer,0.0,7,280,1180,22.66666740179062
ISIC,ProtoNet,fixed,7,281,1181,31.999999284744263
ISIC,WIPT,0.0,7,281,1181,29.333335161209106
ISIC,Support-only Transformer,0.0,7,281,1181,26.66666805744171
ISIC,ProtoNet,fixed,7,282,1182,25.333333015441895
ISIC,WIPT,0.0,7,282,1182,20.000000298023224
ISIC,Support-only Transformer,0.0,7,282,1182,22.66666740179062
ISIC,ProtoNet,fixed,7,283,1183,26.66666805744171
ISIC,WIPT,0.0,7,283,1183,28.00000011920929
ISIC,Support-only Transformer,0.0,7,283,1183,24.000000953674316
ISIC,ProtoNet,fixed,7,284,1184,28.00000011920929
ISIC,WIPT,0.0,7,284,1184,31.999999284744263
ISIC,Support-only Transformer,0.0,7,284,1184,34.66666638851166
ISIC,ProtoNet,fixed,7,285,1185,42.66666769981384
ISIC,WIPT,0.0,7,285,1185,42.66666769981384
ISIC,Support-only Transformer,0.0,7,285,1185,41.333335638046265
ISIC,ProtoNet,fixed,7,286,1186,31.999999284744263
ISIC,WIPT,0.0,7,286,1186,33.33333432674408
ISIC,Support-only Transformer,0.0,7,286,1186,25.333333015441895
ISIC,ProtoNet,fixed,7,287,1187,36.000001430511475
ISIC,WIPT,0.0,7,287,1187,37.33333349227905
ISIC,Support-only Transformer,0.0,7,287,1187,33.33333432674408
ISIC,ProtoNet,fixed,7,288,1188,41.333335638046265
ISIC,WIPT,0.0,7,288,1188,36.000001430511475
ISIC,Support-only Transformer,0.0,7,288,1188,40.00000059604645
ISIC,ProtoNet,fixed,7,289,1189,29.333335161209106
ISIC,WIPT,0.0,7,289,1189,28.00000011920929
ISIC,Support-only Transformer,0.0,7,289,1189,24.000000953674316
ISIC,ProtoNet,fixed,7,290,1190,33.33333432674408
ISIC,WIPT,0.0,7,290,1190,29.333335161209106
ISIC,Support-only Transformer,0.0,7,290,1190,26.66666805744171
ISIC,ProtoNet,fixed,7,291,1191,21.33333384990692
ISIC,WIPT,0.0,7,291,1191,20.000000298023224
ISIC,Support-only Transformer,0.0,7,291,1191,20.000000298023224
ISIC,ProtoNet,fixed,7,292,1192,40.00000059604645
ISIC,WIPT,0.0,7,292,1192,36.000001430511475
ISIC,Support-only Transformer,0.0,7,292,1192,40.00000059604645
ISIC,ProtoNet,fixed,7,293,1193,36.000001430511475
ISIC,WIPT,0.0,7,293,1193,37.33333349227905
ISIC,Support-only Transformer,0.0,7,293,1193,34.66666638851166
ISIC,ProtoNet,fixed,7,294,1194,26.66666805744171
ISIC,WIPT,0.0,7,294,1194,24.000000953674316
ISIC,Support-only Transformer,0.0,7,294,1194,26.66666805744171
ISIC,ProtoNet,fixed,7,295,1195,25.333333015441895
ISIC,WIPT,0.0,7,295,1195,26.66666805744171
ISIC,Support-only Transformer,0.0,7,295,1195,26.66666805744171
ISIC,ProtoNet,fixed,7,296,1196,26.66666805744171
ISIC,WIPT,0.0,7,296,1196,25.333333015441895
ISIC,Support-only Transformer,0.0,7,296,1196,26.66666805744171
ISIC,ProtoNet,fixed,7,297,1197,31.999999284744263
ISIC,WIPT,0.0,7,297,1197,30.666667222976685
ISIC,Support-only Transformer,0.0,7,297,1197,31.999999284744263
ISIC,ProtoNet,fixed,7,298,1198,29.333335161209106
ISIC,WIPT,0.0,7,298,1198,24.000000953674316
ISIC,Support-only Transformer,0.0,7,298,1198,31.999999284744263
ISIC,ProtoNet,fixed,7,299,1199,37.33333349227905
ISIC,WIPT,0.0,7,299,1199,38.66666853427887
ISIC,Support-only Transformer,0.0,7,299,1199,41.333335638046265
ISIC,ProtoNet,fixed,999,0,1200,30.666667222976685
ISIC,WIPT,0.0,999,0,1200,33.33333432674408
ISIC,Support-only Transformer,0.0,999,0,1200,26.66666805744171
ISIC,ProtoNet,fixed,999,1,1201,22.66666740179062
ISIC,WIPT,0.0,999,1,1201,20.000000298023224
ISIC,Support-only Transformer,0.0,999,1,1201,18.666666746139526
ISIC,ProtoNet,fixed,999,2,1202,28.00000011920929
ISIC,WIPT,0.0,999,2,1202,28.00000011920929
ISIC,Support-only Transformer,0.0,999,2,1202,29.333335161209106
ISIC,ProtoNet,fixed,999,3,1203,31.999999284744263
ISIC,WIPT,0.0,999,3,1203,33.33333432674408
ISIC,Support-only Transformer,0.0,999,3,1203,36.000001430511475
ISIC,ProtoNet,fixed,999,4,1204,38.66666853427887
ISIC,WIPT,0.0,999,4,1204,41.333335638046265
ISIC,Support-only Transformer,0.0,999,4,1204,38.66666853427887
ISIC,ProtoNet,fixed,999,5,1205,30.666667222976685
ISIC,WIPT,0.0,999,5,1205,31.999999284744263
ISIC,Support-only Transformer,0.0,999,5,1205,33.33333432674408
ISIC,ProtoNet,fixed,999,6,1206,37.33333349227905
ISIC,WIPT,0.0,999,6,1206,38.66666853427887
ISIC,Support-only Transformer,0.0,999,6,1206,42.66666769981384
ISIC,ProtoNet,fixed,999,7,1207,22.66666740179062
ISIC,WIPT,0.0,999,7,1207,24.000000953674316
ISIC,Support-only Transformer,0.0,999,7,1207,18.666666746139526
ISIC,ProtoNet,fixed,999,8,1208,30.666667222976685
ISIC,WIPT,0.0,999,8,1208,31.999999284744263
ISIC,Support-only Transformer,0.0,999,8,1208,30.666667222976685
ISIC,ProtoNet,fixed,999,9,1209,21.33333384990692
ISIC,WIPT,0.0,999,9,1209,21.33333384990692
ISIC,Support-only Transformer,0.0,999,9,1209,22.66666740179062
ISIC,ProtoNet,fixed,999,10,1210,36.000001430511475
ISIC,WIPT,0.0,999,10,1210,34.66666638851166
ISIC,Support-only Transformer,0.0,999,10,1210,33.33333432674408
ISIC,ProtoNet,fixed,999,11,1211,40.00000059604645
ISIC,WIPT,0.0,999,11,1211,37.33333349227905
ISIC,Support-only Transformer,0.0,999,11,1211,37.33333349227905
ISIC,ProtoNet,fixed,999,12,1212,24.000000953674316
ISIC,WIPT,0.0,999,12,1212,24.000000953674316
ISIC,Support-only Transformer,0.0,999,12,1212,28.00000011920929
ISIC,ProtoNet,fixed,999,13,1213,25.333333015441895
ISIC,WIPT,0.0,999,13,1213,29.333335161209106
ISIC,Support-only Transformer,0.0,999,13,1213,24.000000953674316
ISIC,ProtoNet,fixed,999,14,1214,21.33333384990692
ISIC,WIPT,0.0,999,14,1214,21.33333384990692
ISIC,Support-only Transformer,0.0,999,14,1214,22.66666740179062
ISIC,ProtoNet,fixed,999,15,1215,30.666667222976685
ISIC,WIPT,0.0,999,15,1215,25.333333015441895
ISIC,Support-only Transformer,0.0,999,15,1215,25.333333015441895
ISIC,ProtoNet,fixed,999,16,1216,20.000000298023224
ISIC,WIPT,0.0,999,16,1216,18.666666746139526
ISIC,Support-only Transformer,0.0,999,16,1216,26.66666805744171
ISIC,ProtoNet,fixed,999,17,1217,28.00000011920929
ISIC,WIPT,0.0,999,17,1217,26.66666805744171
ISIC,Support-only Transformer,0.0,999,17,1217,29.333335161209106
ISIC,ProtoNet,fixed,999,18,1218,24.000000953674316
ISIC,WIPT,0.0,999,18,1218,24.000000953674316
ISIC,Support-only Transformer,0.0,999,18,1218,24.000000953674316
ISIC,ProtoNet,fixed,999,19,1219,33.33333432674408
ISIC,WIPT,0.0,999,19,1219,31.999999284744263
ISIC,Support-only Transformer,0.0,999,19,1219,29.333335161209106
ISIC,ProtoNet,fixed,999,20,1220,33.33333432674408
ISIC,WIPT,0.0,999,20,1220,33.33333432674408
ISIC,Support-only Transformer,0.0,999,20,1220,30.666667222976685
ISIC,ProtoNet,fixed,999,21,1221,22.66666740179062
ISIC,WIPT,0.0,999,21,1221,18.666666746139526
ISIC,Support-only Transformer,0.0,999,21,1221,21.33333384990692
ISIC,ProtoNet,fixed,999,22,1222,20.000000298023224
ISIC,WIPT,0.0,999,22,1222,21.33333384990692
ISIC,Support-only Transformer,0.0,999,22,1222,21.33333384990692
ISIC,ProtoNet,fixed,999,23,1223,26.66666805744171
ISIC,WIPT,0.0,999,23,1223,22.66666740179062
ISIC,Support-only Transformer,0.0,999,23,1223,29.333335161209106
ISIC,ProtoNet,fixed,999,24,1224,31.999999284744263
ISIC,WIPT,0.0,999,24,1224,29.333335161209106
ISIC,Support-only Transformer,0.0,999,24,1224,29.333335161209106
ISIC,ProtoNet,fixed,999,25,1225,42.66666769981384
ISIC,WIPT,0.0,999,25,1225,52.000004053115845
ISIC,Support-only Transformer,0.0,999,25,1225,46.666666865348816
ISIC,ProtoNet,fixed,999,26,1226,28.00000011920929
ISIC,WIPT,0.0,999,26,1226,29.333335161209106
ISIC,Support-only Transformer,0.0,999,26,1226,28.00000011920929
ISIC,ProtoNet,fixed,999,27,1227,28.00000011920929
ISIC,WIPT,0.0,999,27,1227,26.66666805744171
ISIC,Support-only Transformer,0.0,999,27,1227,20.000000298023224
ISIC,ProtoNet,fixed,999,28,1228,18.666666746139526
ISIC,WIPT,0.0,999,28,1228,18.666666746139526
ISIC,Support-only Transformer,0.0,999,28,1228,20.000000298023224
ISIC,ProtoNet,fixed,999,29,1229,34.66666638851166
ISIC,WIPT,0.0,999,29,1229,37.33333349227905
ISIC,Support-only Transformer,0.0,999,29,1229,37.33333349227905
ISIC,ProtoNet,fixed,999,30,1230,31.999999284744263
ISIC,WIPT,0.0,999,30,1230,29.333335161209106
ISIC,Support-only Transformer,0.0,999,30,1230,33.33333432674408
ISIC,ProtoNet,fixed,999,31,1231,33.33333432674408
ISIC,WIPT,0.0,999,31,1231,30.666667222976685
ISIC,Support-only Transformer,0.0,999,31,1231,30.666667222976685
ISIC,ProtoNet,fixed,999,32,1232,25.333333015441895
ISIC,WIPT,0.0,999,32,1232,22.66666740179062
ISIC,Support-only Transformer,0.0,999,32,1232,18.666666746139526
ISIC,ProtoNet,fixed,999,33,1233,29.333335161209106
ISIC,WIPT,0.0,999,33,1233,28.00000011920929
ISIC,Support-only Transformer,0.0,999,33,1233,25.333333015441895
ISIC,ProtoNet,fixed,999,34,1234,26.66666805744171
ISIC,WIPT,0.0,999,34,1234,24.000000953674316
ISIC,Support-only Transformer,0.0,999,34,1234,26.66666805744171
ISIC,ProtoNet,fixed,999,35,1235,25.333333015441895
ISIC,WIPT,0.0,999,35,1235,30.666667222976685
ISIC,Support-only Transformer,0.0,999,35,1235,29.333335161209106
ISIC,ProtoNet,fixed,999,36,1236,24.000000953674316
ISIC,WIPT,0.0,999,36,1236,20.000000298023224
ISIC,Support-only Transformer,0.0,999,36,1236,21.33333384990692
ISIC,ProtoNet,fixed,999,37,1237,15.999999642372131
ISIC,WIPT,0.0,999,37,1237,15.999999642372131
ISIC,Support-only Transformer,0.0,999,37,1237,14.666667580604553
ISIC,ProtoNet,fixed,999,38,1238,18.666666746139526
ISIC,WIPT,0.0,999,38,1238,18.666666746139526
ISIC,Support-only Transformer,0.0,999,38,1238,21.33333384990692
ISIC,ProtoNet,fixed,999,39,1239,42.66666769981384
ISIC,WIPT,0.0,999,39,1239,43.99999976158142
ISIC,Support-only Transformer,0.0,999,39,1239,40.00000059604645
ISIC,ProtoNet,fixed,999,40,1240,25.333333015441895
ISIC,WIPT,0.0,999,40,1240,22.66666740179062
ISIC,Support-only Transformer,0.0,999,40,1240,25.333333015441895
ISIC,ProtoNet,fixed,999,41,1241,41.333335638046265
ISIC,WIPT,0.0,999,41,1241,41.333335638046265
ISIC,Support-only Transformer,0.0,999,41,1241,41.333335638046265
ISIC,ProtoNet,fixed,999,42,1242,30.666667222976685
ISIC,WIPT,0.0,999,42,1242,28.00000011920929
ISIC,Support-only Transformer,0.0,999,42,1242,26.66666805744171
ISIC,ProtoNet,fixed,999,43,1243,20.000000298023224
ISIC,WIPT,0.0,999,43,1243,18.666666746139526
ISIC,Support-only Transformer,0.0,999,43,1243,20.000000298023224
ISIC,ProtoNet,fixed,999,44,1244,20.000000298023224
ISIC,WIPT,0.0,999,44,1244,21.33333384990692
ISIC,Support-only Transformer,0.0,999,44,1244,24.000000953674316
ISIC,ProtoNet,fixed,999,45,1245,24.000000953674316
ISIC,WIPT,0.0,999,45,1245,25.333333015441895
ISIC,Support-only Transformer,0.0,999,45,1245,30.666667222976685
ISIC,ProtoNet,fixed,999,46,1246,25.333333015441895
ISIC,WIPT,0.0,999,46,1246,25.333333015441895
ISIC,Support-only Transformer,0.0,999,46,1246,29.333335161209106
ISIC,ProtoNet,fixed,999,47,1247,24.000000953674316
ISIC,WIPT,0.0,999,47,1247,26.66666805744171
ISIC,Support-only Transformer,0.0,999,47,1247,22.66666740179062
ISIC,ProtoNet,fixed,999,48,1248,30.666667222976685
ISIC,WIPT,0.0,999,48,1248,29.333335161209106
ISIC,Support-only Transformer,0.0,999,48,1248,26.66666805744171
ISIC,ProtoNet,fixed,999,49,1249,29.333335161209106
ISIC,WIPT,0.0,999,49,1249,29.333335161209106
ISIC,Support-only Transformer,0.0,999,49,1249,30.666667222976685
ISIC,ProtoNet,fixed,999,50,1250,34.66666638851166
ISIC,WIPT,0.0,999,50,1250,31.999999284744263
ISIC,Support-only Transformer,0.0,999,50,1250,31.999999284744263
ISIC,ProtoNet,fixed,999,51,1251,26.66666805744171
ISIC,WIPT,0.0,999,51,1251,31.999999284744263
ISIC,Support-only Transformer,0.0,999,51,1251,29.333335161209106
ISIC,ProtoNet,fixed,999,52,1252,20.000000298023224
ISIC,WIPT,0.0,999,52,1252,18.666666746139526
ISIC,Support-only Transformer,0.0,999,52,1252,18.666666746139526
ISIC,ProtoNet,fixed,999,53,1253,28.00000011920929
ISIC,WIPT,0.0,999,53,1253,26.66666805744171
ISIC,Support-only Transformer,0.0,999,53,1253,24.000000953674316
ISIC,ProtoNet,fixed,999,54,1254,33.33333432674408
ISIC,WIPT,0.0,999,54,1254,34.66666638851166
ISIC,Support-only Transformer,0.0,999,54,1254,30.666667222976685
ISIC,ProtoNet,fixed,999,55,1255,24.000000953674316
ISIC,WIPT,0.0,999,55,1255,28.00000011920929
ISIC,Support-only Transformer,0.0,999,55,1255,24.000000953674316
ISIC,ProtoNet,fixed,999,56,1256,24.000000953674316
ISIC,WIPT,0.0,999,56,1256,25.333333015441895
ISIC,Support-only Transformer,0.0,999,56,1256,25.333333015441895
ISIC,ProtoNet,fixed,999,57,1257,41.333335638046265
ISIC,WIPT,0.0,999,57,1257,41.333335638046265
ISIC,Support-only Transformer,0.0,999,57,1257,33.33333432674408
ISIC,ProtoNet,fixed,999,58,1258,26.66666805744171
ISIC,WIPT,0.0,999,58,1258,26.66666805744171
ISIC,Support-only Transformer,0.0,999,58,1258,28.00000011920929
ISIC,ProtoNet,fixed,999,59,1259,29.333335161209106
ISIC,WIPT,0.0,999,59,1259,29.333335161209106
ISIC,Support-only Transformer,0.0,999,59,1259,26.66666805744171
ISIC,ProtoNet,fixed,999,60,1260,30.666667222976685
ISIC,WIPT,0.0,999,60,1260,31.999999284744263
ISIC,Support-only Transformer,0.0,999,60,1260,33.33333432674408
ISIC,ProtoNet,fixed,999,61,1261,25.333333015441895
ISIC,WIPT,0.0,999,61,1261,22.66666740179062
ISIC,Support-only Transformer,0.0,999,61,1261,22.66666740179062
ISIC,ProtoNet,fixed,999,62,1262,29.333335161209106
ISIC,WIPT,0.0,999,62,1262,28.00000011920929
ISIC,Support-only Transformer,0.0,999,62,1262,31.999999284744263
ISIC,ProtoNet,fixed,999,63,1263,25.333333015441895
ISIC,WIPT,0.0,999,63,1263,25.333333015441895
ISIC,Support-only Transformer,0.0,999,63,1263,20.000000298023224
ISIC,ProtoNet,fixed,999,64,1264,38.66666853427887
ISIC,WIPT,0.0,999,64,1264,36.000001430511475
ISIC,Support-only Transformer,0.0,999,64,1264,31.999999284744263
ISIC,ProtoNet,fixed,999,65,1265,38.66666853427887
ISIC,WIPT,0.0,999,65,1265,31.999999284744263
ISIC,Support-only Transformer,0.0,999,65,1265,36.000001430511475
ISIC,ProtoNet,fixed,999,66,1266,26.66666805744171
ISIC,WIPT,0.0,999,66,1266,28.00000011920929
ISIC,Support-only Transformer,0.0,999,66,1266,25.333333015441895
ISIC,ProtoNet,fixed,999,67,1267,24.000000953674316
ISIC,WIPT,0.0,999,67,1267,25.333333015441895
ISIC,Support-only Transformer,0.0,999,67,1267,26.66666805744171
ISIC,ProtoNet,fixed,999,68,1268,21.33333384990692
ISIC,WIPT,0.0,999,68,1268,21.33333384990692
ISIC,Support-only Transformer,0.0,999,68,1268,21.33333384990692
ISIC,ProtoNet,fixed,999,69,1269,28.00000011920929
ISIC,WIPT,0.0,999,69,1269,26.66666805744171
ISIC,Support-only Transformer,0.0,999,69,1269,28.00000011920929
ISIC,ProtoNet,fixed,999,70,1270,36.000001430511475
ISIC,WIPT,0.0,999,70,1270,36.000001430511475
ISIC,Support-only Transformer,0.0,999,70,1270,34.66666638851166
ISIC,ProtoNet,fixed,999,71,1271,21.33333384990692
ISIC,WIPT,0.0,999,71,1271,24.000000953674316
ISIC,Support-only Transformer,0.0,999,71,1271,21.33333384990692
ISIC,ProtoNet,fixed,999,72,1272,15.999999642372131
ISIC,WIPT,0.0,999,72,1272,18.666666746139526
ISIC,Support-only Transformer,0.0,999,72,1272,21.33333384990692
ISIC,ProtoNet,fixed,999,73,1273,26.66666805744171
ISIC,WIPT,0.0,999,73,1273,26.66666805744171
ISIC,Support-only Transformer,0.0,999,73,1273,26.66666805744171
ISIC,ProtoNet,fixed,999,74,1274,28.00000011920929
ISIC,WIPT,0.0,999,74,1274,30.666667222976685
ISIC,Support-only Transformer,0.0,999,74,1274,33.33333432674408
ISIC,ProtoNet,fixed,999,75,1275,31.999999284744263
ISIC,WIPT,0.0,999,75,1275,30.666667222976685
ISIC,Support-only Transformer,0.0,999,75,1275,33.33333432674408
ISIC,ProtoNet,fixed,999,76,1276,29.333335161209106
ISIC,WIPT,0.0,999,76,1276,28.00000011920929
ISIC,Support-only Transformer,0.0,999,76,1276,26.66666805744171
ISIC,ProtoNet,fixed,999,77,1277,28.00000011920929
ISIC,WIPT,0.0,999,77,1277,28.00000011920929
ISIC,Support-only Transformer,0.0,999,77,1277,29.333335161209106
ISIC,ProtoNet,fixed,999,78,1278,22.66666740179062
ISIC,WIPT,0.0,999,78,1278,22.66666740179062
ISIC,Support-only Transformer,0.0,999,78,1278,24.000000953674316
ISIC,ProtoNet,fixed,999,79,1279,21.33333384990692
ISIC,WIPT,0.0,999,79,1279,17.33333319425583
ISIC,Support-only Transformer,0.0,999,79,1279,13.333334028720856
ISIC,ProtoNet,fixed,999,80,1280,28.00000011920929
ISIC,WIPT,0.0,999,80,1280,33.33333432674408
ISIC,Support-only Transformer,0.0,999,80,1280,31.999999284744263
ISIC,ProtoNet,fixed,999,81,1281,36.000001430511475
ISIC,WIPT,0.0,999,81,1281,37.33333349227905
ISIC,Support-only Transformer,0.0,999,81,1281,37.33333349227905
ISIC,ProtoNet,fixed,999,82,1282,34.66666638851166
ISIC,WIPT,0.0,999,82,1282,30.666667222976685
ISIC,Support-only Transformer,0.0,999,82,1282,33.33333432674408
ISIC,ProtoNet,fixed,999,83,1283,24.000000953674316
ISIC,WIPT,0.0,999,83,1283,24.000000953674316
ISIC,Support-only Transformer,0.0,999,83,1283,29.333335161209106
ISIC,ProtoNet,fixed,999,84,1284,30.666667222976685
ISIC,WIPT,0.0,999,84,1284,31.999999284744263
ISIC,Support-only Transformer,0.0,999,84,1284,28.00000011920929
ISIC,ProtoNet,fixed,999,85,1285,24.000000953674316
ISIC,WIPT,0.0,999,85,1285,18.666666746139526
ISIC,Support-only Transformer,0.0,999,85,1285,22.66666740179062
ISIC,ProtoNet,fixed,999,86,1286,33.33333432674408
ISIC,WIPT,0.0,999,86,1286,36.000001430511475
ISIC,Support-only Transformer,0.0,999,86,1286,38.66666853427887
ISIC,ProtoNet,fixed,999,87,1287,22.66666740179062
ISIC,WIPT,0.0,999,87,1287,26.66666805744171
ISIC,Support-only Transformer,0.0,999,87,1287,28.00000011920929
ISIC,ProtoNet,fixed,999,88,1288,15.999999642372131
ISIC,WIPT,0.0,999,88,1288,15.999999642372131
ISIC,Support-only Transformer,0.0,999,88,1288,20.000000298023224
ISIC,ProtoNet,fixed,999,89,1289,28.00000011920929
ISIC,WIPT,0.0,999,89,1289,26.66666805744171
ISIC,Support-only Transformer,0.0,999,89,1289,29.333335161209106
ISIC,ProtoNet,fixed,999,90,1290,24.000000953674316
ISIC,WIPT,0.0,999,90,1290,21.33333384990692
ISIC,Support-only Transformer,0.0,999,90,1290,22.66666740179062
ISIC,ProtoNet,fixed,999,91,1291,29.333335161209106
ISIC,WIPT,0.0,999,91,1291,30.666667222976685
ISIC,Support-only Transformer,0.0,999,91,1291,30.666667222976685
ISIC,ProtoNet,fixed,999,92,1292,15.999999642372131
ISIC,WIPT,0.0,999,92,1292,18.666666746139526
ISIC,Support-only Transformer,0.0,999,92,1292,17.33333319425583
ISIC,ProtoNet,fixed,999,93,1293,17.33333319425583
ISIC,WIPT,0.0,999,93,1293,18.666666746139526
ISIC,Support-only Transformer,0.0,999,93,1293,20.000000298023224
ISIC,ProtoNet,fixed,999,94,1294,36.000001430511475
ISIC,WIPT,0.0,999,94,1294,37.33333349227905
ISIC,Support-only Transformer,0.0,999,94,1294,41.333335638046265
ISIC,ProtoNet,fixed,999,95,1295,24.000000953674316
ISIC,WIPT,0.0,999,95,1295,29.333335161209106
ISIC,Support-only Transformer,0.0,999,95,1295,29.333335161209106
ISIC,ProtoNet,fixed,999,96,1296,24.000000953674316
ISIC,WIPT,0.0,999,96,1296,21.33333384990692
ISIC,Support-only Transformer,0.0,999,96,1296,24.000000953674316
ISIC,ProtoNet,fixed,999,97,1297,26.66666805744171
ISIC,WIPT,0.0,999,97,1297,26.66666805744171
ISIC,Support-only Transformer,0.0,999,97,1297,24.000000953674316
ISIC,ProtoNet,fixed,999,98,1298,34.66666638851166
ISIC,WIPT,0.0,999,98,1298,34.66666638851166
ISIC,Support-only Transformer,0.0,999,98,1298,31.999999284744263
ISIC,ProtoNet,fixed,999,99,1299,26.66666805744171
ISIC,WIPT,0.0,999,99,1299,26.66666805744171
ISIC,Support-only Transformer,0.0,999,99,1299,28.00000011920929
ISIC,ProtoNet,fixed,999,100,1300,24.000000953674316
ISIC,WIPT,0.0,999,100,1300,25.333333015441895
ISIC,Support-only Transformer,0.0,999,100,1300,24.000000953674316
ISIC,ProtoNet,fixed,999,101,1301,31.999999284744263
ISIC,WIPT,0.0,999,101,1301,31.999999284744263
ISIC,Support-only Transformer,0.0,999,101,1301,33.33333432674408
ISIC,ProtoNet,fixed,999,102,1302,24.000000953674316
ISIC,WIPT,0.0,999,102,1302,25.333333015441895
ISIC,Support-only Transformer,0.0,999,102,1302,25.333333015441895
ISIC,ProtoNet,fixed,999,103,1303,29.333335161209106
ISIC,WIPT,0.0,999,103,1303,24.000000953674316
ISIC,Support-only Transformer,0.0,999,103,1303,25.333333015441895
ISIC,ProtoNet,fixed,999,104,1304,31.999999284744263
ISIC,WIPT,0.0,999,104,1304,31.999999284744263
ISIC,Support-only Transformer,0.0,999,104,1304,30.666667222976685
ISIC,ProtoNet,fixed,999,105,1305,29.333335161209106
ISIC,WIPT,0.0,999,105,1305,28.00000011920929
ISIC,Support-only Transformer,0.0,999,105,1305,21.33333384990692
ISIC,ProtoNet,fixed,999,106,1306,31.999999284744263
ISIC,WIPT,0.0,999,106,1306,29.333335161209106
ISIC,Support-only Transformer,0.0,999,106,1306,30.666667222976685
ISIC,ProtoNet,fixed,999,107,1307,18.666666746139526
ISIC,WIPT,0.0,999,107,1307,17.33333319425583
ISIC,Support-only Transformer,0.0,999,107,1307,17.33333319425583
ISIC,ProtoNet,fixed,999,108,1308,17.33333319425583
ISIC,WIPT,0.0,999,108,1308,20.000000298023224
ISIC,Support-only Transformer,0.0,999,108,1308,17.33333319425583
ISIC,ProtoNet,fixed,999,109,1309,24.000000953674316
ISIC,WIPT,0.0,999,109,1309,22.66666740179062
ISIC,Support-only Transformer,0.0,999,109,1309,24.000000953674316
ISIC,ProtoNet,fixed,999,110,1310,28.00000011920929
ISIC,WIPT,0.0,999,110,1310,26.66666805744171
ISIC,Support-only Transformer,0.0,999,110,1310,26.66666805744171
ISIC,ProtoNet,fixed,999,111,1311,34.66666638851166
ISIC,WIPT,0.0,999,111,1311,33.33333432674408
ISIC,Support-only Transformer,0.0,999,111,1311,28.00000011920929
ISIC,ProtoNet,fixed,999,112,1312,20.000000298023224
ISIC,WIPT,0.0,999,112,1312,18.666666746139526
ISIC,Support-only Transformer,0.0,999,112,1312,17.33333319425583
ISIC,ProtoNet,fixed,999,113,1313,25.333333015441895
ISIC,WIPT,0.0,999,113,1313,22.66666740179062
ISIC,Support-only Transformer,0.0,999,113,1313,24.000000953674316
ISIC,ProtoNet,fixed,999,114,1314,24.000000953674316
ISIC,WIPT,0.0,999,114,1314,24.000000953674316
ISIC,Support-only Transformer,0.0,999,114,1314,25.333333015441895
ISIC,ProtoNet,fixed,999,115,1315,26.66666805744171
ISIC,WIPT,0.0,999,115,1315,30.666667222976685
ISIC,Support-only Transformer,0.0,999,115,1315,28.00000011920929
ISIC,ProtoNet,fixed,999,116,1316,24.000000953674316
ISIC,WIPT,0.0,999,116,1316,24.000000953674316
ISIC,Support-only Transformer,0.0,999,116,1316,25.333333015441895
ISIC,ProtoNet,fixed,999,117,1317,18.666666746139526
ISIC,WIPT,0.0,999,117,1317,18.666666746139526
ISIC,Support-only Transformer,0.0,999,117,1317,15.999999642372131
ISIC,ProtoNet,fixed,999,118,1318,31.999999284744263
ISIC,WIPT,0.0,999,118,1318,28.00000011920929
ISIC,Support-only Transformer,0.0,999,118,1318,29.333335161209106
ISIC,ProtoNet,fixed,999,119,1319,29.333335161209106
ISIC,WIPT,0.0,999,119,1319,30.666667222976685
ISIC,Support-only Transformer,0.0,999,119,1319,31.999999284744263
ISIC,ProtoNet,fixed,999,120,1320,29.333335161209106
ISIC,WIPT,0.0,999,120,1320,28.00000011920929
ISIC,Support-only Transformer,0.0,999,120,1320,28.00000011920929
ISIC,ProtoNet,fixed,999,121,1321,29.333335161209106
ISIC,WIPT,0.0,999,121,1321,29.333335161209106
ISIC,Support-only Transformer,0.0,999,121,1321,29.333335161209106
ISIC,ProtoNet,fixed,999,122,1322,30.666667222976685
ISIC,WIPT,0.0,999,122,1322,25.333333015441895
ISIC,Support-only Transformer,0.0,999,122,1322,29.333335161209106
ISIC,ProtoNet,fixed,999,123,1323,34.66666638851166
ISIC,WIPT,0.0,999,123,1323,34.66666638851166
ISIC,Support-only Transformer,0.0,999,123,1323,33.33333432674408
ISIC,ProtoNet,fixed,999,124,1324,28.00000011920929
ISIC,WIPT,0.0,999,124,1324,28.00000011920929
ISIC,Support-only Transformer,0.0,999,124,1324,33.33333432674408
ISIC,ProtoNet,fixed,999,125,1325,28.00000011920929
ISIC,WIPT,0.0,999,125,1325,28.00000011920929
ISIC,Support-only Transformer,0.0,999,125,1325,26.66666805744171
ISIC,ProtoNet,fixed,999,126,1326,18.666666746139526
ISIC,WIPT,0.0,999,126,1326,21.33333384990692
ISIC,Support-only Transformer,0.0,999,126,1326,20.000000298023224
ISIC,ProtoNet,fixed,999,127,1327,33.33333432674408
ISIC,WIPT,0.0,999,127,1327,28.00000011920929
ISIC,Support-only Transformer,0.0,999,127,1327,31.999999284744263
ISIC,ProtoNet,fixed,999,128,1328,40.00000059604645
ISIC,WIPT,0.0,999,128,1328,42.66666769981384
ISIC,Support-only Transformer,0.0,999,128,1328,37.33333349227905
ISIC,ProtoNet,fixed,999,129,1329,26.66666805744171
ISIC,WIPT,0.0,999,129,1329,26.66666805744171
ISIC,Support-only Transformer,0.0,999,129,1329,28.00000011920929
ISIC,ProtoNet,fixed,999,130,1330,25.333333015441895
ISIC,WIPT,0.0,999,130,1330,18.666666746139526
ISIC,Support-only Transformer,0.0,999,130,1330,17.33333319425583
ISIC,ProtoNet,fixed,999,131,1331,25.333333015441895
ISIC,WIPT,0.0,999,131,1331,28.00000011920929
ISIC,Support-only Transformer,0.0,999,131,1331,21.33333384990692
ISIC,ProtoNet,fixed,999,132,1332,28.00000011920929
ISIC,WIPT,0.0,999,132,1332,29.333335161209106
ISIC,Support-only Transformer,0.0,999,132,1332,28.00000011920929
ISIC,ProtoNet,fixed,999,133,1333,31.999999284744263
ISIC,WIPT,0.0,999,133,1333,28.00000011920929
ISIC,Support-only Transformer,0.0,999,133,1333,24.000000953674316
ISIC,ProtoNet,fixed,999,134,1334,26.66666805744171
ISIC,WIPT,0.0,999,134,1334,28.00000011920929
ISIC,Support-only Transformer,0.0,999,134,1334,25.333333015441895
ISIC,ProtoNet,fixed,999,135,1335,24.000000953674316
ISIC,WIPT,0.0,999,135,1335,25.333333015441895
ISIC,Support-only Transformer,0.0,999,135,1335,21.33333384990692
ISIC,ProtoNet,fixed,999,136,1336,28.00000011920929
ISIC,WIPT,0.0,999,136,1336,26.66666805744171
ISIC,Support-only Transformer,0.0,999,136,1336,25.333333015441895
ISIC,ProtoNet,fixed,999,137,1337,21.33333384990692
ISIC,WIPT,0.0,999,137,1337,22.66666740179062
ISIC,Support-only Transformer,0.0,999,137,1337,24.000000953674316
ISIC,ProtoNet,fixed,999,138,1338,31.999999284744263
ISIC,WIPT,0.0,999,138,1338,30.666667222976685
ISIC,Support-only Transformer,0.0,999,138,1338,26.66666805744171
ISIC,ProtoNet,fixed,999,139,1339,25.333333015441895
ISIC,WIPT,0.0,999,139,1339,25.333333015441895
ISIC,Support-only Transformer,0.0,999,139,1339,28.00000011920929
ISIC,ProtoNet,fixed,999,140,1340,28.00000011920929
ISIC,WIPT,0.0,999,140,1340,25.333333015441895
ISIC,Support-only Transformer,0.0,999,140,1340,21.33333384990692
ISIC,ProtoNet,fixed,999,141,1341,26.66666805744171
ISIC,WIPT,0.0,999,141,1341,24.000000953674316
ISIC,Support-only Transformer,0.0,999,141,1341,26.66666805744171
ISIC,ProtoNet,fixed,999,142,1342,28.00000011920929
ISIC,WIPT,0.0,999,142,1342,29.333335161209106
ISIC,Support-only Transformer,0.0,999,142,1342,28.00000011920929
ISIC,ProtoNet,fixed,999,143,1343,24.000000953674316
ISIC,WIPT,0.0,999,143,1343,28.00000011920929
ISIC,Support-only Transformer,0.0,999,143,1343,25.333333015441895
ISIC,ProtoNet,fixed,999,144,1344,29.333335161209106
ISIC,WIPT,0.0,999,144,1344,28.00000011920929
ISIC,Support-only Transformer,0.0,999,144,1344,29.333335161209106
ISIC,ProtoNet,fixed,999,145,1345,31.999999284744263
ISIC,WIPT,0.0,999,145,1345,28.00000011920929
ISIC,Support-only Transformer,0.0,999,145,1345,29.333335161209106
ISIC,ProtoNet,fixed,999,146,1346,31.999999284744263
ISIC,WIPT,0.0,999,146,1346,31.999999284744263
ISIC,Support-only Transformer,0.0,999,146,1346,33.33333432674408
ISIC,ProtoNet,fixed,999,147,1347,33.33333432674408
ISIC,WIPT,0.0,999,147,1347,33.33333432674408
ISIC,Support-only Transformer,0.0,999,147,1347,34.66666638851166
ISIC,ProtoNet,fixed,999,148,1348,30.666667222976685
ISIC,WIPT,0.0,999,148,1348,28.00000011920929
ISIC,Support-only Transformer,0.0,999,148,1348,28.00000011920929
ISIC,ProtoNet,fixed,999,149,1349,29.333335161209106
ISIC,WIPT,0.0,999,149,1349,33.33333432674408
ISIC,Support-only Transformer,0.0,999,149,1349,30.666667222976685
ISIC,ProtoNet,fixed,999,150,1350,21.33333384990692
ISIC,WIPT,0.0,999,150,1350,21.33333384990692
ISIC,Support-only Transformer,0.0,999,150,1350,20.000000298023224
ISIC,ProtoNet,fixed,999,151,1351,13.333334028720856
ISIC,WIPT,0.0,999,151,1351,14.666667580604553
ISIC,Support-only Transformer,0.0,999,151,1351,18.666666746139526
ISIC,ProtoNet,fixed,999,152,1352,30.666667222976685
ISIC,WIPT,0.0,999,152,1352,28.00000011920929
ISIC,Support-only Transformer,0.0,999,152,1352,29.333335161209106
ISIC,ProtoNet,fixed,999,153,1353,37.33333349227905
ISIC,WIPT,0.0,999,153,1353,36.000001430511475
ISIC,Support-only Transformer,0.0,999,153,1353,38.66666853427887
ISIC,ProtoNet,fixed,999,154,1354,29.333335161209106
ISIC,WIPT,0.0,999,154,1354,30.666667222976685
ISIC,Support-only Transformer,0.0,999,154,1354,33.33333432674408
ISIC,ProtoNet,fixed,999,155,1355,26.66666805744171
ISIC,WIPT,0.0,999,155,1355,24.000000953674316
ISIC,Support-only Transformer,0.0,999,155,1355,24.000000953674316
ISIC,ProtoNet,fixed,999,156,1356,31.999999284744263
ISIC,WIPT,0.0,999,156,1356,29.333335161209106
ISIC,Support-only Transformer,0.0,999,156,1356,33.33333432674408
ISIC,ProtoNet,fixed,999,157,1357,40.00000059604645
ISIC,WIPT,0.0,999,157,1357,42.66666769981384
ISIC,Support-only Transformer,0.0,999,157,1357,38.66666853427887
ISIC,ProtoNet,fixed,999,158,1358,30.666667222976685
ISIC,WIPT,0.0,999,158,1358,29.333335161209106
ISIC,Support-only Transformer,0.0,999,158,1358,28.00000011920929
ISIC,ProtoNet,fixed,999,159,1359,33.33333432674408
ISIC,WIPT,0.0,999,159,1359,33.33333432674408
ISIC,Support-only Transformer,0.0,999,159,1359,36.000001430511475
ISIC,ProtoNet,fixed,999,160,1360,30.666667222976685
ISIC,WIPT,0.0,999,160,1360,29.333335161209106
ISIC,Support-only Transformer,0.0,999,160,1360,31.999999284744263
ISIC,ProtoNet,fixed,999,161,1361,34.66666638851166
ISIC,WIPT,0.0,999,161,1361,34.66666638851166
ISIC,Support-only Transformer,0.0,999,161,1361,29.333335161209106
ISIC,ProtoNet,fixed,999,162,1362,30.666667222976685
ISIC,WIPT,0.0,999,162,1362,29.333335161209106
ISIC,Support-only Transformer,0.0,999,162,1362,30.666667222976685
ISIC,ProtoNet,fixed,999,163,1363,26.66666805744171
ISIC,WIPT,0.0,999,163,1363,28.00000011920929
ISIC,Support-only Transformer,0.0,999,163,1363,24.000000953674316
ISIC,ProtoNet,fixed,999,164,1364,26.66666805744171
ISIC,WIPT,0.0,999,164,1364,25.333333015441895
ISIC,Support-only Transformer,0.0,999,164,1364,26.66666805744171
ISIC,ProtoNet,fixed,999,165,1365,18.666666746139526
ISIC,WIPT,0.0,999,165,1365,20.000000298023224
ISIC,Support-only Transformer,0.0,999,165,1365,17.33333319425583
ISIC,ProtoNet,fixed,999,166,1366,42.66666769981384
ISIC,WIPT,0.0,999,166,1366,41.333335638046265
ISIC,Support-only Transformer,0.0,999,166,1366,38.66666853427887
ISIC,ProtoNet,fixed,999,167,1367,21.33333384990692
ISIC,WIPT,0.0,999,167,1367,22.66666740179062
ISIC,Support-only Transformer,0.0,999,167,1367,20.000000298023224
ISIC,ProtoNet,fixed,999,168,1368,31.999999284744263
ISIC,WIPT,0.0,999,168,1368,31.999999284744263
ISIC,Support-only Transformer,0.0,999,168,1368,30.666667222976685
ISIC,ProtoNet,fixed,999,169,1369,21.33333384990692
ISIC,WIPT,0.0,999,169,1369,20.000000298023224
ISIC,Support-only Transformer,0.0,999,169,1369,18.666666746139526
ISIC,ProtoNet,fixed,999,170,1370,34.66666638851166
ISIC,WIPT,0.0,999,170,1370,34.66666638851166
ISIC,Support-only Transformer,0.0,999,170,1370,37.33333349227905
ISIC,ProtoNet,fixed,999,171,1371,22.66666740179062
ISIC,WIPT,0.0,999,171,1371,21.33333384990692
ISIC,Support-only Transformer,0.0,999,171,1371,20.000000298023224
ISIC,ProtoNet,fixed,999,172,1372,40.00000059604645
ISIC,WIPT,0.0,999,172,1372,38.66666853427887
ISIC,Support-only Transformer,0.0,999,172,1372,31.999999284744263
ISIC,ProtoNet,fixed,999,173,1373,20.000000298023224
ISIC,WIPT,0.0,999,173,1373,21.33333384990692
ISIC,Support-only Transformer,0.0,999,173,1373,21.33333384990692
ISIC,ProtoNet,fixed,999,174,1374,18.666666746139526
ISIC,WIPT,0.0,999,174,1374,14.666667580604553
ISIC,Support-only Transformer,0.0,999,174,1374,17.33333319425583
ISIC,ProtoNet,fixed,999,175,1375,22.66666740179062
ISIC,WIPT,0.0,999,175,1375,28.00000011920929
ISIC,Support-only Transformer,0.0,999,175,1375,29.333335161209106
ISIC,ProtoNet,fixed,999,176,1376,30.666667222976685
ISIC,WIPT,0.0,999,176,1376,30.666667222976685
ISIC,Support-only Transformer,0.0,999,176,1376,36.000001430511475
ISIC,ProtoNet,fixed,999,177,1377,29.333335161209106
ISIC,WIPT,0.0,999,177,1377,25.333333015441895
ISIC,Support-only Transformer,0.0,999,177,1377,24.000000953674316
ISIC,ProtoNet,fixed,999,178,1378,20.000000298023224
ISIC,WIPT,0.0,999,178,1378,20.000000298023224
ISIC,Support-only Transformer,0.0,999,178,1378,18.666666746139526
ISIC,ProtoNet,fixed,999,179,1379,31.999999284744263
ISIC,WIPT,0.0,999,179,1379,31.999999284744263
ISIC,Support-only Transformer,0.0,999,179,1379,25.333333015441895
ISIC,ProtoNet,fixed,999,180,1380,30.666667222976685
ISIC,WIPT,0.0,999,180,1380,34.66666638851166
ISIC,Support-only Transformer,0.0,999,180,1380,30.666667222976685
ISIC,ProtoNet,fixed,999,181,1381,31.999999284744263
ISIC,WIPT,0.0,999,181,1381,30.666667222976685
ISIC,Support-only Transformer,0.0,999,181,1381,29.333335161209106
ISIC,ProtoNet,fixed,999,182,1382,36.000001430511475
ISIC,WIPT,0.0,999,182,1382,37.33333349227905
ISIC,Support-only Transformer,0.0,999,182,1382,34.66666638851166
ISIC,ProtoNet,fixed,999,183,1383,28.00000011920929
ISIC,WIPT,0.0,999,183,1383,31.999999284744263
ISIC,Support-only Transformer,0.0,999,183,1383,30.666667222976685
ISIC,ProtoNet,fixed,999,184,1384,21.33333384990692
ISIC,WIPT,0.0,999,184,1384,20.000000298023224
ISIC,Support-only Transformer,0.0,999,184,1384,18.666666746139526
ISIC,ProtoNet,fixed,999,185,1385,34.66666638851166
ISIC,WIPT,0.0,999,185,1385,36.000001430511475
ISIC,Support-only Transformer,0.0,999,185,1385,34.66666638851166
ISIC,ProtoNet,fixed,999,186,1386,34.66666638851166
ISIC,WIPT,0.0,999,186,1386,31.999999284744263
ISIC,Support-only Transformer,0.0,999,186,1386,22.66666740179062
ISIC,ProtoNet,fixed,999,187,1387,30.666667222976685
ISIC,WIPT,0.0,999,187,1387,29.333335161209106
ISIC,Support-only Transformer,0.0,999,187,1387,31.999999284744263
ISIC,ProtoNet,fixed,999,188,1388,29.333335161209106
ISIC,WIPT,0.0,999,188,1388,30.666667222976685
ISIC,Support-only Transformer,0.0,999,188,1388,31.999999284744263
ISIC,ProtoNet,fixed,999,189,1389,21.33333384990692
ISIC,WIPT,0.0,999,189,1389,22.66666740179062
ISIC,Support-only Transformer,0.0,999,189,1389,24.000000953674316
ISIC,ProtoNet,fixed,999,190,1390,22.66666740179062
ISIC,WIPT,0.0,999,190,1390,25.333333015441895
ISIC,Support-only Transformer,0.0,999,190,1390,28.00000011920929
ISIC,ProtoNet,fixed,999,191,1391,26.66666805744171
ISIC,WIPT,0.0,999,191,1391,28.00000011920929
ISIC,Support-only Transformer,0.0,999,191,1391,31.999999284744263
ISIC,ProtoNet,fixed,999,192,1392,22.66666740179062
ISIC,WIPT,0.0,999,192,1392,22.66666740179062
ISIC,Support-only Transformer,0.0,999,192,1392,24.000000953674316
ISIC,ProtoNet,fixed,999,193,1393,24.000000953674316
ISIC,WIPT,0.0,999,193,1393,21.33333384990692
ISIC,Support-only Transformer,0.0,999,193,1393,21.33333384990692
ISIC,ProtoNet,fixed,999,194,1394,26.66666805744171
ISIC,WIPT,0.0,999,194,1394,29.333335161209106
ISIC,Support-only Transformer,0.0,999,194,1394,34.66666638851166
ISIC,ProtoNet,fixed,999,195,1395,28.00000011920929
ISIC,WIPT,0.0,999,195,1395,29.333335161209106
ISIC,Support-only Transformer,0.0,999,195,1395,34.66666638851166
ISIC,ProtoNet,fixed,999,196,1396,25.333333015441895
ISIC,WIPT,0.0,999,196,1396,29.333335161209106
ISIC,Support-only Transformer,0.0,999,196,1396,30.666667222976685
ISIC,ProtoNet,fixed,999,197,1397,34.66666638851166
ISIC,WIPT,0.0,999,197,1397,37.33333349227905
ISIC,Support-only Transformer,0.0,999,197,1397,30.666667222976685
ISIC,ProtoNet,fixed,999,198,1398,25.333333015441895
ISIC,WIPT,0.0,999,198,1398,25.333333015441895
ISIC,Support-only Transformer,0.0,999,198,1398,29.333335161209106
ISIC,ProtoNet,fixed,999,199,1399,33.33333432674408
ISIC,WIPT,0.0,999,199,1399,41.333335638046265
ISIC,Support-only Transformer,0.0,999,199,1399,40.00000059604645
ISIC,ProtoNet,fixed,999,200,1400,22.66666740179062
ISIC,WIPT,0.0,999,200,1400,22.66666740179062
ISIC,Support-only Transformer,0.0,999,200,1400,21.33333384990692
ISIC,ProtoNet,fixed,999,201,1401,15.999999642372131
ISIC,WIPT,0.0,999,201,1401,18.666666746139526
ISIC,Support-only Transformer,0.0,999,201,1401,18.666666746139526
ISIC,ProtoNet,fixed,999,202,1402,37.33333349227905
ISIC,WIPT,0.0,999,202,1402,37.33333349227905
ISIC,Support-only Transformer,0.0,999,202,1402,33.33333432674408
ISIC,ProtoNet,fixed,999,203,1403,31.999999284744263
ISIC,WIPT,0.0,999,203,1403,31.999999284744263
ISIC,Support-only Transformer,0.0,999,203,1403,29.333335161209106
ISIC,ProtoNet,fixed,999,204,1404,33.33333432674408
ISIC,WIPT,0.0,999,204,1404,28.00000011920929
ISIC,Support-only Transformer,0.0,999,204,1404,30.666667222976685
ISIC,ProtoNet,fixed,999,205,1405,29.333335161209106
ISIC,WIPT,0.0,999,205,1405,26.66666805744171
ISIC,Support-only Transformer,0.0,999,205,1405,26.66666805744171
ISIC,ProtoNet,fixed,999,206,1406,24.000000953674316
ISIC,WIPT,0.0,999,206,1406,28.00000011920929
ISIC,Support-only Transformer,0.0,999,206,1406,21.33333384990692
ISIC,ProtoNet,fixed,999,207,1407,26.66666805744171
ISIC,WIPT,0.0,999,207,1407,28.00000011920929
ISIC,Support-only Transformer,0.0,999,207,1407,26.66666805744171
ISIC,ProtoNet,fixed,999,208,1408,25.333333015441895
ISIC,WIPT,0.0,999,208,1408,24.000000953674316
ISIC,Support-only Transformer,0.0,999,208,1408,26.66666805744171
ISIC,ProtoNet,fixed,999,209,1409,30.666667222976685
ISIC,WIPT,0.0,999,209,1409,29.333335161209106
ISIC,Support-only Transformer,0.0,999,209,1409,31.999999284744263
ISIC,ProtoNet,fixed,999,210,1410,26.66666805744171
ISIC,WIPT,0.0,999,210,1410,30.666667222976685
ISIC,Support-only Transformer,0.0,999,210,1410,31.999999284744263
ISIC,ProtoNet,fixed,999,211,1411,22.66666740179062
ISIC,WIPT,0.0,999,211,1411,22.66666740179062
ISIC,Support-only Transformer,0.0,999,211,1411,22.66666740179062
ISIC,ProtoNet,fixed,999,212,1412,28.00000011920929
ISIC,WIPT,0.0,999,212,1412,24.000000953674316
ISIC,Support-only Transformer,0.0,999,212,1412,18.666666746139526
ISIC,ProtoNet,fixed,999,213,1413,24.000000953674316
ISIC,WIPT,0.0,999,213,1413,22.66666740179062
ISIC,Support-only Transformer,0.0,999,213,1413,26.66666805744171
ISIC,ProtoNet,fixed,999,214,1414,25.333333015441895
ISIC,WIPT,0.0,999,214,1414,24.000000953674316
ISIC,Support-only Transformer,0.0,999,214,1414,29.333335161209106
ISIC,ProtoNet,fixed,999,215,1415,25.333333015441895
ISIC,WIPT,0.0,999,215,1415,28.00000011920929
ISIC,Support-only Transformer,0.0,999,215,1415,21.33333384990692
ISIC,ProtoNet,fixed,999,216,1416,36.000001430511475
ISIC,WIPT,0.0,999,216,1416,37.33333349227905
ISIC,Support-only Transformer,0.0,999,216,1416,34.66666638851166
ISIC,ProtoNet,fixed,999,217,1417,28.00000011920929
ISIC,WIPT,0.0,999,217,1417,25.333333015441895
ISIC,Support-only Transformer,0.0,999,217,1417,26.66666805744171
ISIC,ProtoNet,fixed,999,218,1418,30.666667222976685
ISIC,WIPT,0.0,999,218,1418,34.66666638851166
ISIC,Support-only Transformer,0.0,999,218,1418,36.000001430511475
ISIC,ProtoNet,fixed,999,219,1419,45.33333480358124
ISIC,WIPT,0.0,999,219,1419,42.66666769981384
ISIC,Support-only Transformer,0.0,999,219,1419,45.33333480358124
ISIC,ProtoNet,fixed,999,220,1420,45.33333480358124
ISIC,WIPT,0.0,999,220,1420,45.33333480358124
ISIC,Support-only Transformer,0.0,999,220,1420,45.33333480358124
ISIC,ProtoNet,fixed,999,221,1421,33.33333432674408
ISIC,WIPT,0.0,999,221,1421,34.66666638851166
ISIC,Support-only Transformer,0.0,999,221,1421,41.333335638046265
ISIC,ProtoNet,fixed,999,222,1422,26.66666805744171
ISIC,WIPT,0.0,999,222,1422,28.00000011920929
ISIC,Support-only Transformer,0.0,999,222,1422,31.999999284744263
ISIC,ProtoNet,fixed,999,223,1423,31.999999284744263
ISIC,WIPT,0.0,999,223,1423,29.333335161209106
ISIC,Support-only Transformer,0.0,999,223,1423,28.00000011920929
ISIC,ProtoNet,fixed,999,224,1424,24.000000953674316
ISIC,WIPT,0.0,999,224,1424,30.666667222976685
ISIC,Support-only Transformer,0.0,999,224,1424,25.333333015441895
ISIC,ProtoNet,fixed,999,225,1425,24.000000953674316
ISIC,WIPT,0.0,999,225,1425,22.66666740179062
ISIC,Support-only Transformer,0.0,999,225,1425,26.66666805744171
ISIC,ProtoNet,fixed,999,226,1426,31.999999284744263
ISIC,WIPT,0.0,999,226,1426,29.333335161209106
ISIC,Support-only Transformer,0.0,999,226,1426,29.333335161209106
ISIC,ProtoNet,fixed,999,227,1427,18.666666746139526
ISIC,WIPT,0.0,999,227,1427,20.000000298023224
ISIC,Support-only Transformer,0.0,999,227,1427,24.000000953674316
ISIC,ProtoNet,fixed,999,228,1428,29.333335161209106
ISIC,WIPT,0.0,999,228,1428,31.999999284744263
ISIC,Support-only Transformer,0.0,999,228,1428,34.66666638851166
ISIC,ProtoNet,fixed,999,229,1429,29.333335161209106
ISIC,WIPT,0.0,999,229,1429,25.333333015441895
ISIC,Support-only Transformer,0.0,999,229,1429,22.66666740179062
ISIC,ProtoNet,fixed,999,230,1430,36.000001430511475
ISIC,WIPT,0.0,999,230,1430,34.66666638851166
ISIC,Support-only Transformer,0.0,999,230,1430,30.666667222976685
ISIC,ProtoNet,fixed,999,231,1431,26.66666805744171
ISIC,WIPT,0.0,999,231,1431,28.00000011920929
ISIC,Support-only Transformer,0.0,999,231,1431,25.333333015441895
ISIC,ProtoNet,fixed,999,232,1432,26.66666805744171
ISIC,WIPT,0.0,999,232,1432,24.000000953674316
ISIC,Support-only Transformer,0.0,999,232,1432,21.33333384990692
ISIC,ProtoNet,fixed,999,233,1433,33.33333432674408
ISIC,WIPT,0.0,999,233,1433,33.33333432674408
ISIC,Support-only Transformer,0.0,999,233,1433,33.33333432674408
ISIC,ProtoNet,fixed,999,234,1434,20.000000298023224
ISIC,WIPT,0.0,999,234,1434,21.33333384990692
ISIC,Support-only Transformer,0.0,999,234,1434,15.999999642372131
ISIC,ProtoNet,fixed,999,235,1435,31.999999284744263
ISIC,WIPT,0.0,999,235,1435,28.00000011920929
ISIC,Support-only Transformer,0.0,999,235,1435,25.333333015441895
ISIC,ProtoNet,fixed,999,236,1436,31.999999284744263
ISIC,WIPT,0.0,999,236,1436,25.333333015441895
ISIC,Support-only Transformer,0.0,999,236,1436,28.00000011920929
ISIC,ProtoNet,fixed,999,237,1437,31.999999284744263
ISIC,WIPT,0.0,999,237,1437,28.00000011920929
ISIC,Support-only Transformer,0.0,999,237,1437,29.333335161209106
ISIC,ProtoNet,fixed,999,238,1438,24.000000953674316
ISIC,WIPT,0.0,999,238,1438,22.66666740179062
ISIC,Support-only Transformer,0.0,999,238,1438,21.33333384990692
ISIC,ProtoNet,fixed,999,239,1439,28.00000011920929
ISIC,WIPT,0.0,999,239,1439,28.00000011920929
ISIC,Support-only Transformer,0.0,999,239,1439,28.00000011920929
ISIC,ProtoNet,fixed,999,240,1440,33.33333432674408
ISIC,WIPT,0.0,999,240,1440,31.999999284744263
ISIC,Support-only Transformer,0.0,999,240,1440,31.999999284744263
ISIC,ProtoNet,fixed,999,241,1441,31.999999284744263
ISIC,WIPT,0.0,999,241,1441,33.33333432674408
ISIC,Support-only Transformer,0.0,999,241,1441,31.999999284744263
ISIC,ProtoNet,fixed,999,242,1442,26.66666805744171
ISIC,WIPT,0.0,999,242,1442,26.66666805744171
ISIC,Support-only Transformer,0.0,999,242,1442,29.333335161209106
ISIC,ProtoNet,fixed,999,243,1443,26.66666805744171
ISIC,WIPT,0.0,999,243,1443,25.333333015441895
ISIC,Support-only Transformer,0.0,999,243,1443,25.333333015441895
ISIC,ProtoNet,fixed,999,244,1444,31.999999284744263
ISIC,WIPT,0.0,999,244,1444,33.33333432674408
ISIC,Support-only Transformer,0.0,999,244,1444,33.33333432674408
ISIC,ProtoNet,fixed,999,245,1445,24.000000953674316
ISIC,WIPT,0.0,999,245,1445,24.000000953674316
ISIC,Support-only Transformer,0.0,999,245,1445,20.000000298023224
ISIC,ProtoNet,fixed,999,246,1446,26.66666805744171
ISIC,WIPT,0.0,999,246,1446,25.333333015441895
ISIC,Support-only Transformer,0.0,999,246,1446,26.66666805744171
ISIC,ProtoNet,fixed,999,247,1447,20.000000298023224
ISIC,WIPT,0.0,999,247,1447,17.33333319425583
ISIC,Support-only Transformer,0.0,999,247,1447,18.666666746139526
ISIC,ProtoNet,fixed,999,248,1448,25.333333015441895
ISIC,WIPT,0.0,999,248,1448,25.333333015441895
ISIC,Support-only Transformer,0.0,999,248,1448,24.000000953674316
ISIC,ProtoNet,fixed,999,249,1449,29.333335161209106
ISIC,WIPT,0.0,999,249,1449,28.00000011920929
ISIC,Support-only Transformer,0.0,999,249,1449,26.66666805744171
ISIC,ProtoNet,fixed,999,250,1450,18.666666746139526
ISIC,WIPT,0.0,999,250,1450,20.000000298023224
ISIC,Support-only Transformer,0.0,999,250,1450,20.000000298023224
ISIC,ProtoNet,fixed,999,251,1451,20.000000298023224
ISIC,WIPT,0.0,999,251,1451,21.33333384990692
ISIC,Support-only Transformer,0.0,999,251,1451,21.33333384990692
ISIC,ProtoNet,fixed,999,252,1452,24.000000953674316
ISIC,WIPT,0.0,999,252,1452,25.333333015441895
ISIC,Support-only Transformer,0.0,999,252,1452,25.333333015441895
ISIC,ProtoNet,fixed,999,253,1453,33.33333432674408
ISIC,WIPT,0.0,999,253,1453,30.666667222976685
ISIC,Support-only Transformer,0.0,999,253,1453,31.999999284744263
ISIC,ProtoNet,fixed,999,254,1454,34.66666638851166
ISIC,WIPT,0.0,999,254,1454,34.66666638851166
ISIC,Support-only Transformer,0.0,999,254,1454,36.000001430511475
ISIC,ProtoNet,fixed,999,255,1455,26.66666805744171
ISIC,WIPT,0.0,999,255,1455,22.66666740179062
ISIC,Support-only Transformer,0.0,999,255,1455,22.66666740179062
ISIC,ProtoNet,fixed,999,256,1456,26.66666805744171
ISIC,WIPT,0.0,999,256,1456,25.333333015441895
ISIC,Support-only Transformer,0.0,999,256,1456,29.333335161209106
ISIC,ProtoNet,fixed,999,257,1457,18.666666746139526
ISIC,WIPT,0.0,999,257,1457,18.666666746139526
ISIC,Support-only Transformer,0.0,999,257,1457,20.000000298023224
ISIC,ProtoNet,fixed,999,258,1458,36.000001430511475
ISIC,WIPT,0.0,999,258,1458,34.66666638851166
ISIC,Support-only Transformer,0.0,999,258,1458,34.66666638851166
ISIC,ProtoNet,fixed,999,259,1459,26.66666805744171
ISIC,WIPT,0.0,999,259,1459,30.666667222976685
ISIC,Support-only Transformer,0.0,999,259,1459,28.00000011920929
ISIC,ProtoNet,fixed,999,260,1460,25.333333015441895
ISIC,WIPT,0.0,999,260,1460,29.333335161209106
ISIC,Support-only Transformer,0.0,999,260,1460,24.000000953674316
ISIC,ProtoNet,fixed,999,261,1461,26.66666805744171
ISIC,WIPT,0.0,999,261,1461,25.333333015441895
ISIC,Support-only Transformer,0.0,999,261,1461,25.333333015441895
ISIC,ProtoNet,fixed,999,262,1462,26.66666805744171
ISIC,WIPT,0.0,999,262,1462,30.666667222976685
ISIC,Support-only Transformer,0.0,999,262,1462,25.333333015441895
ISIC,ProtoNet,fixed,999,263,1463,17.33333319425583
ISIC,WIPT,0.0,999,263,1463,15.999999642372131
ISIC,Support-only Transformer,0.0,999,263,1463,18.666666746139526
ISIC,ProtoNet,fixed,999,264,1464,40.00000059604645
ISIC,WIPT,0.0,999,264,1464,36.000001430511475
ISIC,Support-only Transformer,0.0,999,264,1464,41.333335638046265
ISIC,ProtoNet,fixed,999,265,1465,25.333333015441895
ISIC,WIPT,0.0,999,265,1465,28.00000011920929
ISIC,Support-only Transformer,0.0,999,265,1465,25.333333015441895
ISIC,ProtoNet,fixed,999,266,1466,29.333335161209106
ISIC,WIPT,0.0,999,266,1466,26.66666805744171
ISIC,Support-only Transformer,0.0,999,266,1466,29.333335161209106
ISIC,ProtoNet,fixed,999,267,1467,36.000001430511475
ISIC,WIPT,0.0,999,267,1467,38.66666853427887
ISIC,Support-only Transformer,0.0,999,267,1467,36.000001430511475
ISIC,ProtoNet,fixed,999,268,1468,31.999999284744263
ISIC,WIPT,0.0,999,268,1468,36.000001430511475
ISIC,Support-only Transformer,0.0,999,268,1468,33.33333432674408
ISIC,ProtoNet,fixed,999,269,1469,22.66666740179062
ISIC,WIPT,0.0,999,269,1469,24.000000953674316
ISIC,Support-only Transformer,0.0,999,269,1469,26.66666805744171
ISIC,ProtoNet,fixed,999,270,1470,29.333335161209106
ISIC,WIPT,0.0,999,270,1470,30.666667222976685
ISIC,Support-only Transformer,0.0,999,270,1470,29.333335161209106
ISIC,ProtoNet,fixed,999,271,1471,34.66666638851166
ISIC,WIPT,0.0,999,271,1471,34.66666638851166
ISIC,Support-only Transformer,0.0,999,271,1471,30.666667222976685
ISIC,ProtoNet,fixed,999,272,1472,33.33333432674408
ISIC,WIPT,0.0,999,272,1472,34.66666638851166
ISIC,Support-only Transformer,0.0,999,272,1472,33.33333432674408
ISIC,ProtoNet,fixed,999,273,1473,30.666667222976685
ISIC,WIPT,0.0,999,273,1473,28.00000011920929
ISIC,Support-only Transformer,0.0,999,273,1473,26.66666805744171
ISIC,ProtoNet,fixed,999,274,1474,28.00000011920929
ISIC,WIPT,0.0,999,274,1474,29.333335161209106
ISIC,Support-only Transformer,0.0,999,274,1474,21.33333384990692
ISIC,ProtoNet,fixed,999,275,1475,22.66666740179062
ISIC,WIPT,0.0,999,275,1475,20.000000298023224
ISIC,Support-only Transformer,0.0,999,275,1475,21.33333384990692
ISIC,ProtoNet,fixed,999,276,1476,26.66666805744171
ISIC,WIPT,0.0,999,276,1476,25.333333015441895
ISIC,Support-only Transformer,0.0,999,276,1476,28.00000011920929
ISIC,ProtoNet,fixed,999,277,1477,25.333333015441895
ISIC,WIPT,0.0,999,277,1477,25.333333015441895
ISIC,Support-only Transformer,0.0,999,277,1477,22.66666740179062
ISIC,ProtoNet,fixed,999,278,1478,29.333335161209106
ISIC,WIPT,0.0,999,278,1478,30.666667222976685
ISIC,Support-only Transformer,0.0,999,278,1478,29.333335161209106
ISIC,ProtoNet,fixed,999,279,1479,28.00000011920929
ISIC,WIPT,0.0,999,279,1479,28.00000011920929
ISIC,Support-only Transformer,0.0,999,279,1479,30.666667222976685
ISIC,ProtoNet,fixed,999,280,1480,26.66666805744171
ISIC,WIPT,0.0,999,280,1480,26.66666805744171
ISIC,Support-only Transformer,0.0,999,280,1480,26.66666805744171
ISIC,ProtoNet,fixed,999,281,1481,34.66666638851166
ISIC,WIPT,0.0,999,281,1481,33.33333432674408
ISIC,Support-only Transformer,0.0,999,281,1481,30.666667222976685
ISIC,ProtoNet,fixed,999,282,1482,20.000000298023224
ISIC,WIPT,0.0,999,282,1482,17.33333319425583
ISIC,Support-only Transformer,0.0,999,282,1482,17.33333319425583
ISIC,ProtoNet,fixed,999,283,1483,34.66666638851166
ISIC,WIPT,0.0,999,283,1483,31.999999284744263
ISIC,Support-only Transformer,0.0,999,283,1483,31.999999284744263
ISIC,ProtoNet,fixed,999,284,1484,22.66666740179062
ISIC,WIPT,0.0,999,284,1484,21.33333384990692
ISIC,Support-only Transformer,0.0,999,284,1484,21.33333384990692
ISIC,ProtoNet,fixed,999,285,1485,29.333335161209106
ISIC,WIPT,0.0,999,285,1485,29.333335161209106
ISIC,Support-only Transformer,0.0,999,285,1485,25.333333015441895
ISIC,ProtoNet,fixed,999,286,1486,18.666666746139526
ISIC,WIPT,0.0,999,286,1486,20.000000298023224
ISIC,Support-only Transformer,0.0,999,286,1486,18.666666746139526
ISIC,ProtoNet,fixed,999,287,1487,30.666667222976685
ISIC,WIPT,0.0,999,287,1487,26.66666805744171
ISIC,Support-only Transformer,0.0,999,287,1487,28.00000011920929
ISIC,ProtoNet,fixed,999,288,1488,28.00000011920929
ISIC,WIPT,0.0,999,288,1488,29.333335161209106
ISIC,Support-only Transformer,0.0,999,288,1488,25.333333015441895
ISIC,ProtoNet,fixed,999,289,1489,24.000000953674316
ISIC,WIPT,0.0,999,289,1489,22.66666740179062
ISIC,Support-only Transformer,0.0,999,289,1489,26.66666805744171
ISIC,ProtoNet,fixed,999,290,1490,36.000001430511475
ISIC,WIPT,0.0,999,290,1490,40.00000059604645
ISIC,Support-only Transformer,0.0,999,290,1490,41.333335638046265
ISIC,ProtoNet,fixed,999,291,1491,29.333335161209106
ISIC,WIPT,0.0,999,291,1491,26.66666805744171
ISIC,Support-only Transformer,0.0,999,291,1491,29.333335161209106
ISIC,ProtoNet,fixed,999,292,1492,34.66666638851166
ISIC,WIPT,0.0,999,292,1492,37.33333349227905
ISIC,Support-only Transformer,0.0,999,292,1492,33.33333432674408
ISIC,ProtoNet,fixed,999,293,1493,31.999999284744263
ISIC,WIPT,0.0,999,293,1493,31.999999284744263
ISIC,Support-only Transformer,0.0,999,293,1493,30.666667222976685
ISIC,ProtoNet,fixed,999,294,1494,24.000000953674316
ISIC,WIPT,0.0,999,294,1494,25.333333015441895
ISIC,Support-only Transformer,0.0,999,294,1494,24.000000953674316
ISIC,ProtoNet,fixed,999,295,1495,30.666667222976685
ISIC,WIPT,0.0,999,295,1495,26.66666805744171
ISIC,Support-only Transformer,0.0,999,295,1495,31.999999284744263
ISIC,ProtoNet,fixed,999,296,1496,29.333335161209106
ISIC,WIPT,0.0,999,296,1496,29.333335161209106
ISIC,Support-only Transformer,0.0,999,296,1496,26.66666805744171
ISIC,ProtoNet,fixed,999,297,1497,26.66666805744171
ISIC,WIPT,0.0,999,297,1497,25.333333015441895
ISIC,Support-only Transformer,0.0,999,297,1497,18.666666746139526
ISIC,ProtoNet,fixed,999,298,1498,28.00000011920929
ISIC,WIPT,0.0,999,298,1498,25.333333015441895
ISIC,Support-only Transformer,0.0,999,298,1498,21.33333384990692
ISIC,ProtoNet,fixed,999,299,1499,36.000001430511475
ISIC,WIPT,0.0,999,299,1499,29.333335161209106
ISIC,Support-only Transformer,0.0,999,299,1499,28.00000011920929
