dataset,model,training_seed,eval_seed,episode_in_seed,episode,accuracy
CUB,ProtoNet,fixed,42,0,0,98.66666793823242
CUB,WIPT,0.0,42,0,0,98.66666793823242
CUB,Support-only Transformer,0.0,42,0,0,100.0
CUB,ProtoNet,fixed,42,1,1,100.0
CUB,WIPT,0.0,42,1,1,100.0
CUB,Support-only Transformer,0.0,42,1,1,100.0
CUB,ProtoNet,fixed,42,2,2,93.33333373069763
CUB,WIPT,0.0,42,2,2,93.33333373069763
CUB,Support-only Transformer,0.0,42,2,2,96.00000381469727
CUB,ProtoNet,fixed,42,3,3,96.00000381469727
CUB,WIPT,0.0,42,3,3,96.00000381469727
CUB,Support-only Transformer,0.0,42,3,3,96.00000381469727
CUB,ProtoNet,fixed,42,4,4,100.0
CUB,WIPT,0.0,42,4,4,100.0
CUB,Support-only Transformer,0.0,42,4,4,100.0
CUB,ProtoNet,fixed,42,5,5,98.66666793823242
CUB,WIPT,0.0,42,5,5,98.66666793823242
CUB,Support-only Transformer,0.0,42,5,5,98.66666793823242
CUB,ProtoNet,fixed,42,6,6,100.0
CUB,WIPT,0.0,42,6,6,100.0
CUB,Support-only Transformer,0.0,42,6,6,100.0
CUB,ProtoNet,fixed,42,7,7,100.0
CUB,WIPT,0.0,42,7,7,100.0
CUB,Support-only Transformer,0.0,42,7,7,100.0
CUB,ProtoNet,fixed,42,8,8,98.66666793823242
CUB,WIPT,0.0,42,8,8,98.66666793823242
CUB,Support-only Transformer,0.0,42,8,8,98.66666793823242
CUB,ProtoNet,fixed,42,9,9,100.0
CUB,WIPT,0.0,42,9,9,100.0
CUB,Support-only Transformer,0.0,42,9,9,100.0
CUB,ProtoNet,fixed,42,10,10,100.0
CUB,WIPT,0.0,42,10,10,100.0
CUB,Support-only Transformer,0.0,42,10,10,100.0
CUB,ProtoNet,fixed,42,11,11,98.66666793823242
CUB,WIPT,0.0,42,11,11,100.0
CUB,Support-only Transformer,0.0,42,11,11,100.0
CUB,ProtoNet,fixed,42,12,12,100.0
CUB,WIPT,0.0,42,12,12,100.0
CUB,Support-only Transformer,0.0,42,12,12,100.0
CUB,ProtoNet,fixed,42,13,13,100.0
CUB,WIPT,0.0,42,13,13,98.66666793823242
CUB,Support-only Transformer,0.0,42,13,13,98.66666793823242
CUB,ProtoNet,fixed,42,14,14,98.66666793823242
CUB,WIPT,0.0,42,14,14,98.66666793823242
CUB,Support-only Transformer,0.0,42,14,14,98.66666793823242
CUB,ProtoNet,fixed,42,15,15,98.66666793823242
CUB,WIPT,0.0,42,15,15,98.66666793823242
CUB,Support-only Transformer,0.0,42,15,15,98.66666793823242
CUB,ProtoNet,fixed,42,16,16,100.0
CUB,WIPT,0.0,42,16,16,100.0
CUB,Support-only Transformer,0.0,42,16,16,100.0
CUB,ProtoNet,fixed,42,17,17,98.66666793823242
CUB,WIPT,0.0,42,17,17,98.66666793823242
CUB,Support-only Transformer,0.0,42,17,17,98.66666793823242
CUB,ProtoNet,fixed,42,18,18,100.0
CUB,WIPT,0.0,42,18,18,100.0
CUB,Support-only Transformer,0.0,42,18,18,100.0
CUB,ProtoNet,fixed,42,19,19,100.0
CUB,WIPT,0.0,42,19,19,100.0
CUB,Support-only Transformer,0.0,42,19,19,100.0
CUB,ProtoNet,fixed,42,20,20,100.0
CUB,WIPT,0.0,42,20,20,100.0
CUB,Support-only Transformer,0.0,42,20,20,100.0
CUB,ProtoNet,fixed,42,21,21,98.66666793823242
CUB,WIPT,0.0,42,21,21,98.66666793823242
CUB,Support-only Transformer,0.0,42,21,21,98.66666793823242
CUB,ProtoNet,fixed,42,22,22,100.0
CUB,WIPT,0.0,42,22,22,100.0
CUB,Support-only Transformer,0.0,42,22,22,100.0
CUB,ProtoNet,fixed,42,23,23,92.00000166893005
CUB,WIPT,0.0,42,23,23,93.33333373069763
CUB,Support-only Transformer,0.0,42,23,23,93.33333373069763
CUB,ProtoNet,fixed,42,24,24,87.99999952316284
CUB,WIPT,0.0,42,24,24,86.66666746139526
CUB,Support-only Transformer,0.0,42,24,24,87.99999952316284
CUB,ProtoNet,fixed,42,25,25,98.66666793823242
CUB,WIPT,0.0,42,25,25,98.66666793823242
CUB,Support-only Transformer,0.0,42,25,25,98.66666793823242
CUB,ProtoNet,fixed,42,26,26,100.0
CUB,WIPT,0.0,42,26,26,100.0
CUB,Support-only Transformer,0.0,42,26,26,100.0
CUB,ProtoNet,fixed,42,27,27,97.33333587646484
CUB,WIPT,0.0,42,27,27,97.33333587646484
CUB,Support-only Transformer,0.0,42,27,27,97.33333587646484
CUB,ProtoNet,fixed,42,28,28,100.0
CUB,WIPT,0.0,42,28,28,100.0
CUB,Support-only Transformer,0.0,42,28,28,100.0
CUB,ProtoNet,fixed,42,29,29,100.0
CUB,WIPT,0.0,42,29,29,100.0
CUB,Support-only Transformer,0.0,42,29,29,100.0
CUB,ProtoNet,fixed,42,30,30,100.0
CUB,WIPT,0.0,42,30,30,100.0
CUB,Support-only Transformer,0.0,42,30,30,100.0
CUB,ProtoNet,fixed,42,31,31,98.66666793823242
CUB,WIPT,0.0,42,31,31,100.0
CUB,Support-only Transformer,0.0,42,31,31,100.0
CUB,ProtoNet,fixed,42,32,32,100.0
CUB,WIPT,0.0,42,32,32,100.0
CUB,Support-only Transformer,0.0,42,32,32,100.0
CUB,ProtoNet,fixed,42,33,33,97.33333587646484
CUB,WIPT,0.0,42,33,33,98.66666793823242
CUB,Support-only Transformer,0.0,42,33,33,97.33333587646484
CUB,ProtoNet,fixed,42,34,34,97.33333587646484
CUB,WIPT,0.0,42,34,34,96.00000381469727
CUB,Support-only Transformer,0.0,42,34,34,94.66667175292969
CUB,ProtoNet,fixed,42,35,35,100.0
CUB,WIPT,0.0,42,35,35,100.0
CUB,Support-only Transformer,0.0,42,35,35,100.0
CUB,ProtoNet,fixed,42,36,36,98.66666793823242
CUB,WIPT,0.0,42,36,36,98.66666793823242
CUB,Support-only Transformer,0.0,42,36,36,97.33333587646484
CUB,ProtoNet,fixed,42,37,37,97.33333587646484
CUB,WIPT,0.0,42,37,37,98.66666793823242
CUB,Support-only Transformer,0.0,42,37,37,97.33333587646484
CUB,ProtoNet,fixed,42,38,38,98.66666793823242
CUB,WIPT,0.0,42,38,38,98.66666793823242
CUB,Support-only Transformer,0.0,42,38,38,100.0
CUB,ProtoNet,fixed,42,39,39,100.0
CUB,WIPT,0.0,42,39,39,100.0
CUB,Support-only Transformer,0.0,42,39,39,100.0
CUB,ProtoNet,fixed,42,40,40,100.0
CUB,WIPT,0.0,42,40,40,100.0
CUB,Support-only Transformer,0.0,42,40,40,100.0
CUB,ProtoNet,fixed,42,41,41,98.66666793823242
CUB,WIPT,0.0,42,41,41,98.66666793823242
CUB,Support-only Transformer,0.0,42,41,41,98.66666793823242
CUB,ProtoNet,fixed,42,42,42,87.99999952316284
CUB,WIPT,0.0,42,42,42,87.99999952316284
CUB,Support-only Transformer,0.0,42,42,42,87.99999952316284
CUB,ProtoNet,fixed,42,43,43,94.66667175292969
CUB,WIPT,0.0,42,43,43,94.66667175292969
CUB,Support-only Transformer,0.0,42,43,43,96.00000381469727
CUB,ProtoNet,fixed,42,44,44,87.99999952316284
CUB,WIPT,0.0,42,44,44,87.99999952316284
CUB,Support-only Transformer,0.0,42,44,44,82.66667127609253
CUB,ProtoNet,fixed,42,45,45,100.0
CUB,WIPT,0.0,42,45,45,100.0
CUB,Support-only Transformer,0.0,42,45,45,100.0
CUB,ProtoNet,fixed,42,46,46,98.66666793823242
CUB,WIPT,0.0,42,46,46,98.66666793823242
CUB,Support-only Transformer,0.0,42,46,46,98.66666793823242
CUB,ProtoNet,fixed,42,47,47,93.33333373069763
CUB,WIPT,0.0,42,47,47,93.33333373069763
CUB,Support-only Transformer,0.0,42,47,47,93.33333373069763
CUB,ProtoNet,fixed,42,48,48,100.0
CUB,WIPT,0.0,42,48,48,100.0
CUB,Support-only Transformer,0.0,42,48,48,100.0
CUB,ProtoNet,fixed,42,49,49,84.00000333786011
CUB,WIPT,0.0,42,49,49,81.33333325386047
CUB,Support-only Transformer,0.0,42,49,49,82.66667127609253
CUB,ProtoNet,fixed,42,50,50,100.0
CUB,WIPT,0.0,42,50,50,100.0
CUB,Support-only Transformer,0.0,42,50,50,100.0
CUB,ProtoNet,fixed,42,51,51,100.0
CUB,WIPT,0.0,42,51,51,100.0
CUB,Support-only Transformer,0.0,42,51,51,100.0
CUB,ProtoNet,fixed,42,52,52,96.00000381469727
CUB,WIPT,0.0,42,52,52,96.00000381469727
CUB,Support-only Transformer,0.0,42,52,52,96.00000381469727
CUB,ProtoNet,fixed,42,53,53,100.0
CUB,WIPT,0.0,42,53,53,100.0
CUB,Support-only Transformer,0.0,42,53,53,100.0
CUB,ProtoNet,fixed,42,54,54,97.33333587646484
CUB,WIPT,0.0,42,54,54,98.66666793823242
CUB,Support-only Transformer,0.0,42,54,54,97.33333587646484
CUB,ProtoNet,fixed,42,55,55,98.66666793823242
CUB,WIPT,0.0,42,55,55,98.66666793823242
CUB,Support-only Transformer,0.0,42,55,55,98.66666793823242
CUB,ProtoNet,fixed,42,56,56,98.66666793823242
CUB,WIPT,0.0,42,56,56,98.66666793823242
CUB,Support-only Transformer,0.0,42,56,56,98.66666793823242
CUB,ProtoNet,fixed,42,57,57,98.66666793823242
CUB,WIPT,0.0,42,57,57,98.66666793823242
CUB,Support-only Transformer,0.0,42,57,57,98.66666793823242
CUB,ProtoNet,fixed,42,58,58,97.33333587646484
CUB,WIPT,0.0,42,58,58,98.66666793823242
CUB,Support-only Transformer,0.0,42,58,58,97.33333587646484
CUB,ProtoNet,fixed,42,59,59,100.0
CUB,WIPT,0.0,42,59,59,100.0
CUB,Support-only Transformer,0.0,42,59,59,100.0
CUB,ProtoNet,fixed,42,60,60,100.0
CUB,WIPT,0.0,42,60,60,100.0
CUB,Support-only Transformer,0.0,42,60,60,100.0
CUB,ProtoNet,fixed,42,61,61,98.66666793823242
CUB,WIPT,0.0,42,61,61,98.66666793823242
CUB,Support-only Transformer,0.0,42,61,61,98.66666793823242
CUB,ProtoNet,fixed,42,62,62,96.00000381469727
CUB,WIPT,0.0,42,62,62,96.00000381469727
CUB,Support-only Transformer,0.0,42,62,62,96.00000381469727
CUB,ProtoNet,fixed,42,63,63,94.66667175292969
CUB,WIPT,0.0,42,63,63,94.66667175292969
CUB,Support-only Transformer,0.0,42,63,63,94.66667175292969
CUB,ProtoNet,fixed,42,64,64,100.0
CUB,WIPT,0.0,42,64,64,100.0
CUB,Support-only Transformer,0.0,42,64,64,100.0
CUB,ProtoNet,fixed,42,65,65,97.33333587646484
CUB,WIPT,0.0,42,65,65,97.33333587646484
CUB,Support-only Transformer,0.0,42,65,65,97.33333587646484
CUB,ProtoNet,fixed,42,66,66,100.0
CUB,WIPT,0.0,42,66,66,100.0
CUB,Support-only Transformer,0.0,42,66,66,100.0
CUB,ProtoNet,fixed,42,67,67,100.0
CUB,WIPT,0.0,42,67,67,100.0
CUB,Support-only Transformer,0.0,42,67,67,100.0
CUB,ProtoNet,fixed,42,68,68,93.33333373069763
CUB,WIPT,0.0,42,68,68,93.33333373069763
CUB,Support-only Transformer,0.0,42,68,68,93.33333373069763
CUB,ProtoNet,fixed,42,69,69,97.33333587646484
CUB,WIPT,0.0,42,69,69,97.33333587646484
CUB,Support-only Transformer,0.0,42,69,69,97.33333587646484
CUB,ProtoNet,fixed,42,70,70,100.0
CUB,WIPT,0.0,42,70,70,100.0
CUB,Support-only Transformer,0.0,42,70,70,100.0
CUB,ProtoNet,fixed,42,71,71,97.33333587646484
CUB,WIPT,0.0,42,71,71,97.33333587646484
CUB,Support-only Transformer,0.0,42,71,71,97.33333587646484
CUB,ProtoNet,fixed,42,72,72,98.66666793823242
CUB,WIPT,0.0,42,72,72,98.66666793823242
CUB,Support-only Transformer,0.0,42,72,72,98.66666793823242
CUB,ProtoNet,fixed,42,73,73,97.33333587646484
CUB,WIPT,0.0,42,73,73,97.33333587646484
CUB,Support-only Transformer,0.0,42,73,73,97.33333587646484
CUB,ProtoNet,fixed,42,74,74,97.33333587646484
CUB,WIPT,0.0,42,74,74,97.33333587646484
CUB,Support-only Transformer,0.0,42,74,74,97.33333587646484
CUB,ProtoNet,fixed,42,75,75,90.66666960716248
CUB,WIPT,0.0,42,75,75,90.66666960716248
CUB,Support-only Transformer,0.0,42,75,75,82.66667127609253
CUB,ProtoNet,fixed,42,76,76,97.33333587646484
CUB,WIPT,0.0,42,76,76,97.33333587646484
CUB,Support-only Transformer,0.0,42,76,76,100.0
CUB,ProtoNet,fixed,42,77,77,98.66666793823242
CUB,WIPT,0.0,42,77,77,97.33333587646484
CUB,Support-only Transformer,0.0,42,77,77,94.66667175292969
CUB,ProtoNet,fixed,42,78,78,90.66666960716248
CUB,WIPT,0.0,42,78,78,92.00000166893005
CUB,Support-only Transformer,0.0,42,78,78,90.66666960716248
CUB,ProtoNet,fixed,42,79,79,98.66666793823242
CUB,WIPT,0.0,42,79,79,98.66666793823242
CUB,Support-only Transformer,0.0,42,79,79,98.66666793823242
CUB,ProtoNet,fixed,42,80,80,100.0
CUB,WIPT,0.0,42,80,80,100.0
CUB,Support-only Transformer,0.0,42,80,80,98.66666793823242
CUB,ProtoNet,fixed,42,81,81,94.66667175292969
CUB,WIPT,0.0,42,81,81,96.00000381469727
CUB,Support-only Transformer,0.0,42,81,81,98.66666793823242
CUB,ProtoNet,fixed,42,82,82,97.33333587646484
CUB,WIPT,0.0,42,82,82,97.33333587646484
CUB,Support-only Transformer,0.0,42,82,82,98.66666793823242
CUB,ProtoNet,fixed,42,83,83,98.66666793823242
CUB,WIPT,0.0,42,83,83,98.66666793823242
CUB,Support-only Transformer,0.0,42,83,83,98.66666793823242
CUB,ProtoNet,fixed,42,84,84,98.66666793823242
CUB,WIPT,0.0,42,84,84,98.66666793823242
CUB,Support-only Transformer,0.0,42,84,84,98.66666793823242
CUB,ProtoNet,fixed,42,85,85,100.0
CUB,WIPT,0.0,42,85,85,100.0
CUB,Support-only Transformer,0.0,42,85,85,100.0
CUB,ProtoNet,fixed,42,86,86,98.66666793823242
CUB,WIPT,0.0,42,86,86,98.66666793823242
CUB,Support-only Transformer,0.0,42,86,86,98.66666793823242
CUB,ProtoNet,fixed,42,87,87,98.66666793823242
CUB,WIPT,0.0,42,87,87,98.66666793823242
CUB,Support-only Transformer,0.0,42,87,87,98.66666793823242
CUB,ProtoNet,fixed,42,88,88,100.0
CUB,WIPT,0.0,42,88,88,100.0
CUB,Support-only Transformer,0.0,42,88,88,100.0
CUB,ProtoNet,fixed,42,89,89,98.66666793823242
CUB,WIPT,0.0,42,89,89,98.66666793823242
CUB,Support-only Transformer,0.0,42,89,89,98.66666793823242
CUB,ProtoNet,fixed,42,90,90,97.33333587646484
CUB,WIPT,0.0,42,90,90,97.33333587646484
CUB,Support-only Transformer,0.0,42,90,90,100.0
CUB,ProtoNet,fixed,42,91,91,97.33333587646484
CUB,WIPT,0.0,42,91,91,97.33333587646484
CUB,Support-only Transformer,0.0,42,91,91,97.33333587646484
CUB,ProtoNet,fixed,42,92,92,96.00000381469727
CUB,WIPT,0.0,42,92,92,96.00000381469727
CUB,Support-only Transformer,0.0,42,92,92,97.33333587646484
CUB,ProtoNet,fixed,42,93,93,100.0
CUB,WIPT,0.0,42,93,93,100.0
CUB,Support-only Transformer,0.0,42,93,93,100.0
CUB,ProtoNet,fixed,42,94,94,98.66666793823242
CUB,WIPT,0.0,42,94,94,98.66666793823242
CUB,Support-only Transformer,0.0,42,94,94,98.66666793823242
CUB,ProtoNet,fixed,42,95,95,98.66666793823242
CUB,WIPT,0.0,42,95,95,94.66667175292969
CUB,Support-only Transformer,0.0,42,95,95,97.33333587646484
CUB,ProtoNet,fixed,42,96,96,100.0
CUB,WIPT,0.0,42,96,96,98.66666793823242
CUB,Support-only Transformer,0.0,42,96,96,98.66666793823242
CUB,ProtoNet,fixed,42,97,97,100.0
CUB,WIPT,0.0,42,97,97,100.0
CUB,Support-only Transformer,0.0,42,97,97,100.0
CUB,ProtoNet,fixed,42,98,98,100.0
CUB,WIPT,0.0,42,98,98,100.0
CUB,Support-only Transformer,0.0,42,98,98,100.0
CUB,ProtoNet,fixed,42,99,99,100.0
CUB,WIPT,0.0,42,99,99,100.0
CUB,Support-only Transformer,0.0,42,99,99,100.0
CUB,ProtoNet,fixed,42,100,100,89.3333375453949
CUB,WIPT,0.0,42,100,100,89.3333375453949
CUB,Support-only Transformer,0.0,42,100,100,90.66666960716248
CUB,ProtoNet,fixed,42,101,101,97.33333587646484
CUB,WIPT,0.0,42,101,101,96.00000381469727
CUB,Support-only Transformer,0.0,42,101,101,96.00000381469727
CUB,ProtoNet,fixed,42,102,102,98.66666793823242
CUB,WIPT,0.0,42,102,102,96.00000381469727
CUB,Support-only Transformer,0.0,42,102,102,96.00000381469727
CUB,ProtoNet,fixed,42,103,103,100.0
CUB,WIPT,0.0,42,103,103,100.0
CUB,Support-only Transformer,0.0,42,103,103,100.0
CUB,ProtoNet,fixed,42,104,104,90.66666960716248
CUB,WIPT,0.0,42,104,104,90.66666960716248
CUB,Support-only Transformer,0.0,42,104,104,86.66666746139526
CUB,ProtoNet,fixed,42,105,105,100.0
CUB,WIPT,0.0,42,105,105,100.0
CUB,Support-only Transformer,0.0,42,105,105,100.0
CUB,ProtoNet,fixed,42,106,106,100.0
CUB,WIPT,0.0,42,106,106,100.0
CUB,Support-only Transformer,0.0,42,106,106,100.0
CUB,ProtoNet,fixed,42,107,107,100.0
CUB,WIPT,0.0,42,107,107,100.0
CUB,Support-only Transformer,0.0,42,107,107,100.0
CUB,ProtoNet,fixed,42,108,108,92.00000166893005
CUB,WIPT,0.0,42,108,108,92.00000166893005
CUB,Support-only Transformer,0.0,42,108,108,90.66666960716248
CUB,ProtoNet,fixed,42,109,109,93.33333373069763
CUB,WIPT,0.0,42,109,109,93.33333373069763
CUB,Support-only Transformer,0.0,42,109,109,94.66667175292969
CUB,ProtoNet,fixed,42,110,110,100.0
CUB,WIPT,0.0,42,110,110,100.0
CUB,Support-only Transformer,0.0,42,110,110,100.0
CUB,ProtoNet,fixed,42,111,111,100.0
CUB,WIPT,0.0,42,111,111,98.66666793823242
CUB,Support-only Transformer,0.0,42,111,111,97.33333587646484
CUB,ProtoNet,fixed,42,112,112,100.0
CUB,WIPT,0.0,42,112,112,100.0
CUB,Support-only Transformer,0.0,42,112,112,100.0
CUB,ProtoNet,fixed,42,113,113,98.66666793823242
CUB,WIPT,0.0,42,113,113,98.66666793823242
CUB,Support-only Transformer,0.0,42,113,113,98.66666793823242
CUB,ProtoNet,fixed,42,114,114,100.0
CUB,WIPT,0.0,42,114,114,100.0
CUB,Support-only Transformer,0.0,42,114,114,98.66666793823242
CUB,ProtoNet,fixed,42,115,115,100.0
CUB,WIPT,0.0,42,115,115,100.0
CUB,Support-only Transformer,0.0,42,115,115,100.0
CUB,ProtoNet,fixed,42,116,116,97.33333587646484
CUB,WIPT,0.0,42,116,116,97.33333587646484
CUB,Support-only Transformer,0.0,42,116,116,97.33333587646484
CUB,ProtoNet,fixed,42,117,117,100.0
CUB,WIPT,0.0,42,117,117,100.0
CUB,Support-only Transformer,0.0,42,117,117,100.0
CUB,ProtoNet,fixed,42,118,118,100.0
CUB,WIPT,0.0,42,118,118,100.0
CUB,Support-only Transformer,0.0,42,118,118,100.0
CUB,ProtoNet,fixed,42,119,119,89.3333375453949
CUB,WIPT,0.0,42,119,119,89.3333375453949
CUB,Support-only Transformer,0.0,42,119,119,90.66666960716248
CUB,ProtoNet,fixed,42,120,120,98.66666793823242
CUB,WIPT,0.0,42,120,120,98.66666793823242
CUB,Support-only Transformer,0.0,42,120,120,100.0
CUB,ProtoNet,fixed,42,121,121,100.0
CUB,WIPT,0.0,42,121,121,100.0
CUB,Support-only Transformer,0.0,42,121,121,96.00000381469727
CUB,ProtoNet,fixed,42,122,122,98.66666793823242
CUB,WIPT,0.0,42,122,122,98.66666793823242
CUB,Support-only Transformer,0.0,42,122,122,98.66666793823242
CUB,ProtoNet,fixed,42,123,123,98.66666793823242
CUB,WIPT,0.0,42,123,123,98.66666793823242
CUB,Support-only Transformer,0.0,42,123,123,98.66666793823242
CUB,ProtoNet,fixed,42,124,124,100.0
CUB,WIPT,0.0,42,124,124,100.0
CUB,Support-only Transformer,0.0,42,124,124,98.66666793823242
CUB,ProtoNet,fixed,42,125,125,100.0
CUB,WIPT,0.0,42,125,125,100.0
CUB,Support-only Transformer,0.0,42,125,125,100.0
CUB,ProtoNet,fixed,42,126,126,97.33333587646484
CUB,WIPT,0.0,42,126,126,97.33333587646484
CUB,Support-only Transformer,0.0,42,126,126,97.33333587646484
CUB,ProtoNet,fixed,42,127,127,94.66667175292969
CUB,WIPT,0.0,42,127,127,94.66667175292969
CUB,Support-only Transformer,0.0,42,127,127,92.00000166893005
CUB,ProtoNet,fixed,42,128,128,98.66666793823242
CUB,WIPT,0.0,42,128,128,98.66666793823242
CUB,Support-only Transformer,0.0,42,128,128,96.00000381469727
CUB,ProtoNet,fixed,42,129,129,97.33333587646484
CUB,WIPT,0.0,42,129,129,97.33333587646484
CUB,Support-only Transformer,0.0,42,129,129,98.66666793823242
CUB,ProtoNet,fixed,42,130,130,100.0
CUB,WIPT,0.0,42,130,130,100.0
CUB,Support-only Transformer,0.0,42,130,130,100.0
CUB,ProtoNet,fixed,42,131,131,100.0
CUB,WIPT,0.0,42,131,131,100.0
CUB,Support-only Transformer,0.0,42,131,131,100.0
CUB,ProtoNet,fixed,42,132,132,97.33333587646484
CUB,WIPT,0.0,42,132,132,97.33333587646484
CUB,Support-only Transformer,0.0,42,132,132,97.33333587646484
CUB,ProtoNet,fixed,42,133,133,100.0
CUB,WIPT,0.0,42,133,133,100.0
CUB,Support-only Transformer,0.0,42,133,133,100.0
CUB,ProtoNet,fixed,42,134,134,100.0
CUB,WIPT,0.0,42,134,134,100.0
CUB,Support-only Transformer,0.0,42,134,134,98.66666793823242
CUB,ProtoNet,fixed,42,135,135,98.66666793823242
CUB,WIPT,0.0,42,135,135,98.66666793823242
CUB,Support-only Transformer,0.0,42,135,135,98.66666793823242
CUB,ProtoNet,fixed,42,136,136,100.0
CUB,WIPT,0.0,42,136,136,100.0
CUB,Support-only Transformer,0.0,42,136,136,100.0
CUB,ProtoNet,fixed,42,137,137,81.33333325386047
CUB,WIPT,0.0,42,137,137,81.33333325386047
CUB,Support-only Transformer,0.0,42,137,137,81.33333325386047
CUB,ProtoNet,fixed,42,138,138,98.66666793823242
CUB,WIPT,0.0,42,138,138,98.66666793823242
CUB,Support-only Transformer,0.0,42,138,138,100.0
CUB,ProtoNet,fixed,42,139,139,100.0
CUB,WIPT,0.0,42,139,139,100.0
CUB,Support-only Transformer,0.0,42,139,139,100.0
CUB,ProtoNet,fixed,42,140,140,100.0
CUB,WIPT,0.0,42,140,140,100.0
CUB,Support-only Transformer,0.0,42,140,140,100.0
CUB,ProtoNet,fixed,42,141,141,98.66666793823242
CUB,WIPT,0.0,42,141,141,98.66666793823242
CUB,Support-only Transformer,0.0,42,141,141,100.0
CUB,ProtoNet,fixed,42,142,142,98.66666793823242
CUB,WIPT,0.0,42,142,142,98.66666793823242
CUB,Support-only Transformer,0.0,42,142,142,98.66666793823242
CUB,ProtoNet,fixed,42,143,143,97.33333587646484
CUB,WIPT,0.0,42,143,143,97.33333587646484
CUB,Support-only Transformer,0.0,42,143,143,98.66666793823242
CUB,ProtoNet,fixed,42,144,144,97.33333587646484
CUB,WIPT,0.0,42,144,144,97.33333587646484
CUB,Support-only Transformer,0.0,42,144,144,94.66667175292969
CUB,ProtoNet,fixed,42,145,145,97.33333587646484
CUB,WIPT,0.0,42,145,145,97.33333587646484
CUB,Support-only Transformer,0.0,42,145,145,97.33333587646484
CUB,ProtoNet,fixed,42,146,146,100.0
CUB,WIPT,0.0,42,146,146,100.0
CUB,Support-only Transformer,0.0,42,146,146,100.0
CUB,ProtoNet,fixed,42,147,147,98.66666793823242
CUB,WIPT,0.0,42,147,147,100.0
CUB,Support-only Transformer,0.0,42,147,147,97.33333587646484
CUB,ProtoNet,fixed,42,148,148,94.66667175292969
CUB,WIPT,0.0,42,148,148,94.66667175292969
CUB,Support-only Transformer,0.0,42,148,148,96.00000381469727
CUB,ProtoNet,fixed,42,149,149,100.0
CUB,WIPT,0.0,42,149,149,100.0
CUB,Support-only Transformer,0.0,42,149,149,100.0
CUB,ProtoNet,fixed,42,150,150,92.00000166893005
CUB,WIPT,0.0,42,150,150,92.00000166893005
CUB,Support-only Transformer,0.0,42,150,150,92.00000166893005
CUB,ProtoNet,fixed,42,151,151,100.0
CUB,WIPT,0.0,42,151,151,98.66666793823242
CUB,Support-only Transformer,0.0,42,151,151,100.0
CUB,ProtoNet,fixed,42,152,152,100.0
CUB,WIPT,0.0,42,152,152,100.0
CUB,Support-only Transformer,0.0,42,152,152,100.0
CUB,ProtoNet,fixed,42,153,153,98.66666793823242
CUB,WIPT,0.0,42,153,153,98.66666793823242
CUB,Support-only Transformer,0.0,42,153,153,98.66666793823242
CUB,ProtoNet,fixed,42,154,154,100.0
CUB,WIPT,0.0,42,154,154,100.0
CUB,Support-only Transformer,0.0,42,154,154,100.0
CUB,ProtoNet,fixed,42,155,155,97.33333587646484
CUB,WIPT,0.0,42,155,155,96.00000381469727
CUB,Support-only Transformer,0.0,42,155,155,96.00000381469727
CUB,ProtoNet,fixed,42,156,156,78.66666913032532
CUB,WIPT,0.0,42,156,156,78.66666913032532
CUB,Support-only Transformer,0.0,42,156,156,77.33333706855774
CUB,ProtoNet,fixed,42,157,157,98.66666793823242
CUB,WIPT,0.0,42,157,157,98.66666793823242
CUB,Support-only Transformer,0.0,42,157,157,97.33333587646484
CUB,ProtoNet,fixed,42,158,158,98.66666793823242
CUB,WIPT,0.0,42,158,158,98.66666793823242
CUB,Support-only Transformer,0.0,42,158,158,98.66666793823242
CUB,ProtoNet,fixed,42,159,159,96.00000381469727
CUB,WIPT,0.0,42,159,159,96.00000381469727
CUB,Support-only Transformer,0.0,42,159,159,97.33333587646484
CUB,ProtoNet,fixed,42,160,160,100.0
CUB,WIPT,0.0,42,160,160,100.0
CUB,Support-only Transformer,0.0,42,160,160,100.0
CUB,ProtoNet,fixed,42,161,161,100.0
CUB,WIPT,0.0,42,161,161,100.0
CUB,Support-only Transformer,0.0,42,161,161,100.0
CUB,ProtoNet,fixed,42,162,162,100.0
CUB,WIPT,0.0,42,162,162,100.0
CUB,Support-only Transformer,0.0,42,162,162,100.0
CUB,ProtoNet,fixed,42,163,163,98.66666793823242
CUB,WIPT,0.0,42,163,163,100.0
CUB,Support-only Transformer,0.0,42,163,163,98.66666793823242
CUB,ProtoNet,fixed,42,164,164,100.0
CUB,WIPT,0.0,42,164,164,100.0
CUB,Support-only Transformer,0.0,42,164,164,100.0
CUB,ProtoNet,fixed,42,165,165,100.0
CUB,WIPT,0.0,42,165,165,100.0
CUB,Support-only Transformer,0.0,42,165,165,100.0
CUB,ProtoNet,fixed,42,166,166,98.66666793823242
CUB,WIPT,0.0,42,166,166,97.33333587646484
CUB,Support-only Transformer,0.0,42,166,166,97.33333587646484
CUB,ProtoNet,fixed,42,167,167,98.66666793823242
CUB,WIPT,0.0,42,167,167,97.33333587646484
CUB,Support-only Transformer,0.0,42,167,167,100.0
CUB,ProtoNet,fixed,42,168,168,98.66666793823242
CUB,WIPT,0.0,42,168,168,98.66666793823242
CUB,Support-only Transformer,0.0,42,168,168,97.33333587646484
CUB,ProtoNet,fixed,42,169,169,100.0
CUB,WIPT,0.0,42,169,169,100.0
CUB,Support-only Transformer,0.0,42,169,169,100.0
CUB,ProtoNet,fixed,42,170,170,96.00000381469727
CUB,WIPT,0.0,42,170,170,96.00000381469727
CUB,Support-only Transformer,0.0,42,170,170,96.00000381469727
CUB,ProtoNet,fixed,42,171,171,97.33333587646484
CUB,WIPT,0.0,42,171,171,97.33333587646484
CUB,Support-only Transformer,0.0,42,171,171,96.00000381469727
CUB,ProtoNet,fixed,42,172,172,100.0
CUB,WIPT,0.0,42,172,172,100.0
CUB,Support-only Transformer,0.0,42,172,172,100.0
CUB,ProtoNet,fixed,42,173,173,98.66666793823242
CUB,WIPT,0.0,42,173,173,98.66666793823242
CUB,Support-only Transformer,0.0,42,173,173,98.66666793823242
CUB,ProtoNet,fixed,42,174,174,98.66666793823242
CUB,WIPT,0.0,42,174,174,98.66666793823242
CUB,Support-only Transformer,0.0,42,174,174,98.66666793823242
CUB,ProtoNet,fixed,42,175,175,100.0
CUB,WIPT,0.0,42,175,175,100.0
CUB,Support-only Transformer,0.0,42,175,175,100.0
CUB,ProtoNet,fixed,42,176,176,100.0
CUB,WIPT,0.0,42,176,176,100.0
CUB,Support-only Transformer,0.0,42,176,176,100.0
CUB,ProtoNet,fixed,42,177,177,100.0
CUB,WIPT,0.0,42,177,177,100.0
CUB,Support-only Transformer,0.0,42,177,177,100.0
CUB,ProtoNet,fixed,42,178,178,98.66666793823242
CUB,WIPT,0.0,42,178,178,98.66666793823242
CUB,Support-only Transformer,0.0,42,178,178,98.66666793823242
CUB,ProtoNet,fixed,42,179,179,100.0
CUB,WIPT,0.0,42,179,179,100.0
CUB,Support-only Transformer,0.0,42,179,179,100.0
CUB,ProtoNet,fixed,42,180,180,98.66666793823242
CUB,WIPT,0.0,42,180,180,98.66666793823242
CUB,Support-only Transformer,0.0,42,180,180,97.33333587646484
CUB,ProtoNet,fixed,42,181,181,97.33333587646484
CUB,WIPT,0.0,42,181,181,97.33333587646484
CUB,Support-only Transformer,0.0,42,181,181,96.00000381469727
CUB,ProtoNet,fixed,42,182,182,98.66666793823242
CUB,WIPT,0.0,42,182,182,98.66666793823242
CUB,Support-only Transformer,0.0,42,182,182,98.66666793823242
CUB,ProtoNet,fixed,42,183,183,100.0
CUB,WIPT,0.0,42,183,183,100.0
CUB,Support-only Transformer,0.0,42,183,183,100.0
CUB,ProtoNet,fixed,42,184,184,100.0
CUB,WIPT,0.0,42,184,184,100.0
CUB,Support-only Transformer,0.0,42,184,184,100.0
CUB,ProtoNet,fixed,42,185,185,100.0
CUB,WIPT,0.0,42,185,185,100.0
CUB,Support-only Transformer,0.0,42,185,185,100.0
CUB,ProtoNet,fixed,42,186,186,100.0
CUB,WIPT,0.0,42,186,186,100.0
CUB,Support-only Transformer,0.0,42,186,186,100.0
CUB,ProtoNet,fixed,42,187,187,100.0
CUB,WIPT,0.0,42,187,187,100.0
CUB,Support-only Transformer,0.0,42,187,187,100.0
CUB,ProtoNet,fixed,42,188,188,100.0
CUB,WIPT,0.0,42,188,188,100.0
CUB,Support-only Transformer,0.0,42,188,188,100.0
CUB,ProtoNet,fixed,42,189,189,94.66667175292969
CUB,WIPT,0.0,42,189,189,94.66667175292969
CUB,Support-only Transformer,0.0,42,189,189,96.00000381469727
CUB,ProtoNet,fixed,42,190,190,100.0
CUB,WIPT,0.0,42,190,190,100.0
CUB,Support-only Transformer,0.0,42,190,190,100.0
CUB,ProtoNet,fixed,42,191,191,100.0
CUB,WIPT,0.0,42,191,191,100.0
CUB,Support-only Transformer,0.0,42,191,191,100.0
CUB,ProtoNet,fixed,42,192,192,100.0
CUB,WIPT,0.0,42,192,192,100.0
CUB,Support-only Transformer,0.0,42,192,192,100.0
CUB,ProtoNet,fixed,42,193,193,94.66667175292969
CUB,WIPT,0.0,42,193,193,94.66667175292969
CUB,Support-only Transformer,0.0,42,193,193,94.66667175292969
CUB,ProtoNet,fixed,42,194,194,100.0
CUB,WIPT,0.0,42,194,194,100.0
CUB,Support-only Transformer,0.0,42,194,194,100.0
CUB,ProtoNet,fixed,42,195,195,96.00000381469727
CUB,WIPT,0.0,42,195,195,96.00000381469727
CUB,Support-only Transformer,0.0,42,195,195,96.00000381469727
CUB,ProtoNet,fixed,42,196,196,100.0
CUB,WIPT,0.0,42,196,196,100.0
CUB,Support-only Transformer,0.0,42,196,196,100.0
CUB,ProtoNet,fixed,42,197,197,77.33333706855774
CUB,WIPT,0.0,42,197,197,77.33333706855774
CUB,Support-only Transformer,0.0,42,197,197,81.33333325386047
CUB,ProtoNet,fixed,42,198,198,100.0
CUB,WIPT,0.0,42,198,198,98.66666793823242
CUB,Support-only Transformer,0.0,42,198,198,100.0
CUB,ProtoNet,fixed,42,199,199,97.33333587646484
CUB,WIPT,0.0,42,199,199,97.33333587646484
CUB,Support-only Transformer,0.0,42,199,199,98.66666793823242
CUB,ProtoNet,fixed,42,200,200,100.0
CUB,WIPT,0.0,42,200,200,98.66666793823242
CUB,Support-only Transformer,0.0,42,200,200,98.66666793823242
CUB,ProtoNet,fixed,42,201,201,96.00000381469727
CUB,WIPT,0.0,42,201,201,96.00000381469727
CUB,Support-only Transformer,0.0,42,201,201,93.33333373069763
CUB,ProtoNet,fixed,42,202,202,97.33333587646484
CUB,WIPT,0.0,42,202,202,97.33333587646484
CUB,Support-only Transformer,0.0,42,202,202,97.33333587646484
CUB,ProtoNet,fixed,42,203,203,98.66666793823242
CUB,WIPT,0.0,42,203,203,98.66666793823242
CUB,Support-only Transformer,0.0,42,203,203,98.66666793823242
CUB,ProtoNet,fixed,42,204,204,100.0
CUB,WIPT,0.0,42,204,204,100.0
CUB,Support-only Transformer,0.0,42,204,204,100.0
CUB,ProtoNet,fixed,42,205,205,100.0
CUB,WIPT,0.0,42,205,205,100.0
CUB,Support-only Transformer,0.0,42,205,205,100.0
CUB,ProtoNet,fixed,42,206,206,98.66666793823242
CUB,WIPT,0.0,42,206,206,98.66666793823242
CUB,Support-only Transformer,0.0,42,206,206,98.66666793823242
CUB,ProtoNet,fixed,42,207,207,97.33333587646484
CUB,WIPT,0.0,42,207,207,97.33333587646484
CUB,Support-only Transformer,0.0,42,207,207,97.33333587646484
CUB,ProtoNet,fixed,42,208,208,96.00000381469727
CUB,WIPT,0.0,42,208,208,96.00000381469727
CUB,Support-only Transformer,0.0,42,208,208,97.33333587646484
CUB,ProtoNet,fixed,42,209,209,100.0
CUB,WIPT,0.0,42,209,209,100.0
CUB,Support-only Transformer,0.0,42,209,209,100.0
CUB,ProtoNet,fixed,42,210,210,100.0
CUB,WIPT,0.0,42,210,210,100.0
CUB,Support-only Transformer,0.0,42,210,210,100.0
CUB,ProtoNet,fixed,42,211,211,96.00000381469727
CUB,WIPT,0.0,42,211,211,96.00000381469727
CUB,Support-only Transformer,0.0,42,211,211,97.33333587646484
CUB,ProtoNet,fixed,42,212,212,98.66666793823242
CUB,WIPT,0.0,42,212,212,100.0
CUB,Support-only Transformer,0.0,42,212,212,100.0
CUB,ProtoNet,fixed,42,213,213,97.33333587646484
CUB,WIPT,0.0,42,213,213,98.66666793823242
CUB,Support-only Transformer,0.0,42,213,213,98.66666793823242
CUB,ProtoNet,fixed,42,214,214,98.66666793823242
CUB,WIPT,0.0,42,214,214,98.66666793823242
CUB,Support-only Transformer,0.0,42,214,214,98.66666793823242
CUB,ProtoNet,fixed,42,215,215,96.00000381469727
CUB,WIPT,0.0,42,215,215,96.00000381469727
CUB,Support-only Transformer,0.0,42,215,215,97.33333587646484
CUB,ProtoNet,fixed,42,216,216,98.66666793823242
CUB,WIPT,0.0,42,216,216,100.0
CUB,Support-only Transformer,0.0,42,216,216,100.0
CUB,ProtoNet,fixed,42,217,217,97.33333587646484
CUB,WIPT,0.0,42,217,217,97.33333587646484
CUB,Support-only Transformer,0.0,42,217,217,97.33333587646484
CUB,ProtoNet,fixed,42,218,218,92.00000166893005
CUB,WIPT,0.0,42,218,218,92.00000166893005
CUB,Support-only Transformer,0.0,42,218,218,90.66666960716248
CUB,ProtoNet,fixed,42,219,219,97.33333587646484
CUB,WIPT,0.0,42,219,219,96.00000381469727
CUB,Support-only Transformer,0.0,42,219,219,97.33333587646484
CUB,ProtoNet,fixed,42,220,220,100.0
CUB,WIPT,0.0,42,220,220,100.0
CUB,Support-only Transformer,0.0,42,220,220,98.66666793823242
CUB,ProtoNet,fixed,42,221,221,100.0
CUB,WIPT,0.0,42,221,221,100.0
CUB,Support-only Transformer,0.0,42,221,221,100.0
CUB,ProtoNet,fixed,42,222,222,100.0
CUB,WIPT,0.0,42,222,222,100.0
CUB,Support-only Transformer,0.0,42,222,222,100.0
CUB,ProtoNet,fixed,42,223,223,89.3333375453949
CUB,WIPT,0.0,42,223,223,87.99999952316284
CUB,Support-only Transformer,0.0,42,223,223,92.00000166893005
CUB,ProtoNet,fixed,42,224,224,96.00000381469727
CUB,WIPT,0.0,42,224,224,96.00000381469727
CUB,Support-only Transformer,0.0,42,224,224,96.00000381469727
CUB,ProtoNet,fixed,42,225,225,100.0
CUB,WIPT,0.0,42,225,225,100.0
CUB,Support-only Transformer,0.0,42,225,225,100.0
CUB,ProtoNet,fixed,42,226,226,100.0
CUB,WIPT,0.0,42,226,226,100.0
CUB,Support-only Transformer,0.0,42,226,226,100.0
CUB,ProtoNet,fixed,42,227,227,100.0
CUB,WIPT,0.0,42,227,227,100.0
CUB,Support-only Transformer,0.0,42,227,227,100.0
CUB,ProtoNet,fixed,42,228,228,100.0
CUB,WIPT,0.0,42,228,228,100.0
CUB,Support-only Transformer,0.0,42,228,228,100.0
CUB,ProtoNet,fixed,42,229,229,100.0
CUB,WIPT,0.0,42,229,229,100.0
CUB,Support-only Transformer,0.0,42,229,229,100.0
CUB,ProtoNet,fixed,42,230,230,100.0
CUB,WIPT,0.0,42,230,230,100.0
CUB,Support-only Transformer,0.0,42,230,230,100.0
CUB,ProtoNet,fixed,42,231,231,97.33333587646484
CUB,WIPT,0.0,42,231,231,97.33333587646484
CUB,Support-only Transformer,0.0,42,231,231,100.0
CUB,ProtoNet,fixed,42,232,232,100.0
CUB,WIPT,0.0,42,232,232,100.0
CUB,Support-only Transformer,0.0,42,232,232,100.0
CUB,ProtoNet,fixed,42,233,233,100.0
CUB,WIPT,0.0,42,233,233,100.0
CUB,Support-only Transformer,0.0,42,233,233,100.0
CUB,ProtoNet,fixed,42,234,234,98.66666793823242
CUB,WIPT,0.0,42,234,234,98.66666793823242
CUB,Support-only Transformer,0.0,42,234,234,98.66666793823242
CUB,ProtoNet,fixed,42,235,235,100.0
CUB,WIPT,0.0,42,235,235,100.0
CUB,Support-only Transformer,0.0,42,235,235,100.0
CUB,ProtoNet,fixed,42,236,236,98.66666793823242
CUB,WIPT,0.0,42,236,236,98.66666793823242
CUB,Support-only Transformer,0.0,42,236,236,98.66666793823242
CUB,ProtoNet,fixed,42,237,237,100.0
CUB,WIPT,0.0,42,237,237,100.0
CUB,Support-only Transformer,0.0,42,237,237,100.0
CUB,ProtoNet,fixed,42,238,238,100.0
CUB,WIPT,0.0,42,238,238,100.0
CUB,Support-only Transformer,0.0,42,238,238,100.0
CUB,ProtoNet,fixed,42,239,239,94.66667175292969
CUB,WIPT,0.0,42,239,239,94.66667175292969
CUB,Support-only Transformer,0.0,42,239,239,94.66667175292969
CUB,ProtoNet,fixed,42,240,240,97.33333587646484
CUB,WIPT,0.0,42,240,240,97.33333587646484
CUB,Support-only Transformer,0.0,42,240,240,97.33333587646484
CUB,ProtoNet,fixed,42,241,241,100.0
CUB,WIPT,0.0,42,241,241,100.0
CUB,Support-only Transformer,0.0,42,241,241,100.0
CUB,ProtoNet,fixed,42,242,242,97.33333587646484
CUB,WIPT,0.0,42,242,242,94.66667175292969
CUB,Support-only Transformer,0.0,42,242,242,94.66667175292969
CUB,ProtoNet,fixed,42,243,243,100.0
CUB,WIPT,0.0,42,243,243,100.0
CUB,Support-only Transformer,0.0,42,243,243,100.0
CUB,ProtoNet,fixed,42,244,244,100.0
CUB,WIPT,0.0,42,244,244,100.0
CUB,Support-only Transformer,0.0,42,244,244,100.0
CUB,ProtoNet,fixed,42,245,245,94.66667175292969
CUB,WIPT,0.0,42,245,245,93.33333373069763
CUB,Support-only Transformer,0.0,42,245,245,96.00000381469727
CUB,ProtoNet,fixed,42,246,246,98.66666793823242
CUB,WIPT,0.0,42,246,246,100.0
CUB,Support-only Transformer,0.0,42,246,246,98.66666793823242
CUB,ProtoNet,fixed,42,247,247,97.33333587646484
CUB,WIPT,0.0,42,247,247,97.33333587646484
CUB,Support-only Transformer,0.0,42,247,247,97.33333587646484
CUB,ProtoNet,fixed,42,248,248,98.66666793823242
CUB,WIPT,0.0,42,248,248,98.66666793823242
CUB,Support-only Transformer,0.0,42,248,248,97.33333587646484
CUB,ProtoNet,fixed,42,249,249,100.0
CUB,WIPT,0.0,42,249,249,100.0
CUB,Support-only Transformer,0.0,42,249,249,100.0
CUB,ProtoNet,fixed,42,250,250,93.33333373069763
CUB,WIPT,0.0,42,250,250,94.66667175292969
CUB,Support-only Transformer,0.0,42,250,250,94.66667175292969
CUB,ProtoNet,fixed,42,251,251,90.66666960716248
CUB,WIPT,0.0,42,251,251,87.99999952316284
CUB,Support-only Transformer,0.0,42,251,251,90.66666960716248
CUB,ProtoNet,fixed,42,252,252,100.0
CUB,WIPT,0.0,42,252,252,100.0
CUB,Support-only Transformer,0.0,42,252,252,100.0
CUB,ProtoNet,fixed,42,253,253,100.0
CUB,WIPT,0.0,42,253,253,98.66666793823242
CUB,Support-only Transformer,0.0,42,253,253,98.66666793823242
CUB,ProtoNet,fixed,42,254,254,100.0
CUB,WIPT,0.0,42,254,254,100.0
CUB,Support-only Transformer,0.0,42,254,254,100.0
CUB,ProtoNet,fixed,42,255,255,98.66666793823242
CUB,WIPT,0.0,42,255,255,98.66666793823242
CUB,Support-only Transformer,0.0,42,255,255,96.00000381469727
CUB,ProtoNet,fixed,42,256,256,82.66667127609253
CUB,WIPT,0.0,42,256,256,80.0000011920929
CUB,Support-only Transformer,0.0,42,256,256,80.0000011920929
CUB,ProtoNet,fixed,42,257,257,98.66666793823242
CUB,WIPT,0.0,42,257,257,98.66666793823242
CUB,Support-only Transformer,0.0,42,257,257,98.66666793823242
CUB,ProtoNet,fixed,42,258,258,96.00000381469727
CUB,WIPT,0.0,42,258,258,97.33333587646484
CUB,Support-only Transformer,0.0,42,258,258,98.66666793823242
CUB,ProtoNet,fixed,42,259,259,100.0
CUB,WIPT,0.0,42,259,259,100.0
CUB,Support-only Transformer,0.0,42,259,259,100.0
CUB,ProtoNet,fixed,42,260,260,100.0
CUB,WIPT,0.0,42,260,260,100.0
CUB,Support-only Transformer,0.0,42,260,260,100.0
CUB,ProtoNet,fixed,42,261,261,97.33333587646484
CUB,WIPT,0.0,42,261,261,96.00000381469727
CUB,Support-only Transformer,0.0,42,261,261,98.66666793823242
CUB,ProtoNet,fixed,42,262,262,97.33333587646484
CUB,WIPT,0.0,42,262,262,97.33333587646484
CUB,Support-only Transformer,0.0,42,262,262,98.66666793823242
CUB,ProtoNet,fixed,42,263,263,98.66666793823242
CUB,WIPT,0.0,42,263,263,100.0
CUB,Support-only Transformer,0.0,42,263,263,100.0
CUB,ProtoNet,fixed,42,264,264,100.0
CUB,WIPT,0.0,42,264,264,100.0
CUB,Support-only Transformer,0.0,42,264,264,100.0
CUB,ProtoNet,fixed,42,265,265,97.33333587646484
CUB,WIPT,0.0,42,265,265,96.00000381469727
CUB,Support-only Transformer,0.0,42,265,265,97.33333587646484
CUB,ProtoNet,fixed,42,266,266,96.00000381469727
CUB,WIPT,0.0,42,266,266,97.33333587646484
CUB,Support-only Transformer,0.0,42,266,266,94.66667175292969
CUB,ProtoNet,fixed,42,267,267,100.0
CUB,WIPT,0.0,42,267,267,100.0
CUB,Support-only Transformer,0.0,42,267,267,100.0
CUB,ProtoNet,fixed,42,268,268,100.0
CUB,WIPT,0.0,42,268,268,100.0
CUB,Support-only Transformer,0.0,42,268,268,100.0
CUB,ProtoNet,fixed,42,269,269,98.66666793823242
CUB,WIPT,0.0,42,269,269,98.66666793823242
CUB,Support-only Transformer,0.0,42,269,269,98.66666793823242
CUB,ProtoNet,fixed,42,270,270,100.0
CUB,WIPT,0.0,42,270,270,100.0
CUB,Support-only Transformer,0.0,42,270,270,100.0
CUB,ProtoNet,fixed,42,271,271,100.0
CUB,WIPT,0.0,42,271,271,100.0
CUB,Support-only Transformer,0.0,42,271,271,98.66666793823242
CUB,ProtoNet,fixed,42,272,272,98.66666793823242
CUB,WIPT,0.0,42,272,272,98.66666793823242
CUB,Support-only Transformer,0.0,42,272,272,98.66666793823242
CUB,ProtoNet,fixed,42,273,273,100.0
CUB,WIPT,0.0,42,273,273,100.0
CUB,Support-only Transformer,0.0,42,273,273,100.0
CUB,ProtoNet,fixed,42,274,274,100.0
CUB,WIPT,0.0,42,274,274,100.0
CUB,Support-only Transformer,0.0,42,274,274,100.0
CUB,ProtoNet,fixed,42,275,275,97.33333587646484
CUB,WIPT,0.0,42,275,275,97.33333587646484
CUB,Support-only Transformer,0.0,42,275,275,98.66666793823242
CUB,ProtoNet,fixed,42,276,276,93.33333373069763
CUB,WIPT,0.0,42,276,276,90.66666960716248
CUB,Support-only Transformer,0.0,42,276,276,93.33333373069763
CUB,ProtoNet,fixed,42,277,277,97.33333587646484
CUB,WIPT,0.0,42,277,277,97.33333587646484
CUB,Support-only Transformer,0.0,42,277,277,97.33333587646484
CUB,ProtoNet,fixed,42,278,278,98.66666793823242
CUB,WIPT,0.0,42,278,278,98.66666793823242
CUB,Support-only Transformer,0.0,42,278,278,98.66666793823242
CUB,ProtoNet,fixed,42,279,279,98.66666793823242
CUB,WIPT,0.0,42,279,279,98.66666793823242
CUB,Support-only Transformer,0.0,42,279,279,100.0
CUB,ProtoNet,fixed,42,280,280,100.0
CUB,WIPT,0.0,42,280,280,100.0
CUB,Support-only Transformer,0.0,42,280,280,97.33333587646484
CUB,ProtoNet,fixed,42,281,281,92.00000166893005
CUB,WIPT,0.0,42,281,281,89.3333375453949
CUB,Support-only Transformer,0.0,42,281,281,86.66666746139526
CUB,ProtoNet,fixed,42,282,282,100.0
CUB,WIPT,0.0,42,282,282,100.0
CUB,Support-only Transformer,0.0,42,282,282,100.0
CUB,ProtoNet,fixed,42,283,283,100.0
CUB,WIPT,0.0,42,283,283,100.0
CUB,Support-only Transformer,0.0,42,283,283,100.0
CUB,ProtoNet,fixed,42,284,284,100.0
CUB,WIPT,0.0,42,284,284,100.0
CUB,Support-only Transformer,0.0,42,284,284,100.0
CUB,ProtoNet,fixed,42,285,285,98.66666793823242
CUB,WIPT,0.0,42,285,285,97.33333587646484
CUB,Support-only Transformer,0.0,42,285,285,98.66666793823242
CUB,ProtoNet,fixed,42,286,286,87.99999952316284
CUB,WIPT,0.0,42,286,286,86.66666746139526
CUB,Support-only Transformer,0.0,42,286,286,87.99999952316284
CUB,ProtoNet,fixed,42,287,287,92.00000166893005
CUB,WIPT,0.0,42,287,287,92.00000166893005
CUB,Support-only Transformer,0.0,42,287,287,93.33333373069763
CUB,ProtoNet,fixed,42,288,288,100.0
CUB,WIPT,0.0,42,288,288,100.0
CUB,Support-only Transformer,0.0,42,288,288,100.0
CUB,ProtoNet,fixed,42,289,289,100.0
CUB,WIPT,0.0,42,289,289,100.0
CUB,Support-only Transformer,0.0,42,289,289,100.0
CUB,ProtoNet,fixed,42,290,290,98.66666793823242
CUB,WIPT,0.0,42,290,290,96.00000381469727
CUB,Support-only Transformer,0.0,42,290,290,98.66666793823242
CUB,ProtoNet,fixed,42,291,291,98.66666793823242
CUB,WIPT,0.0,42,291,291,98.66666793823242
CUB,Support-only Transformer,0.0,42,291,291,97.33333587646484
CUB,ProtoNet,fixed,42,292,292,98.66666793823242
CUB,WIPT,0.0,42,292,292,98.66666793823242
CUB,Support-only Transformer,0.0,42,292,292,97.33333587646484
CUB,ProtoNet,fixed,42,293,293,97.33333587646484
CUB,WIPT,0.0,42,293,293,97.33333587646484
CUB,Support-only Transformer,0.0,42,293,293,97.33333587646484
CUB,ProtoNet,fixed,42,294,294,100.0
CUB,WIPT,0.0,42,294,294,100.0
CUB,Support-only Transformer,0.0,42,294,294,100.0
CUB,ProtoNet,fixed,42,295,295,100.0
CUB,WIPT,0.0,42,295,295,100.0
CUB,Support-only Transformer,0.0,42,295,295,100.0
CUB,ProtoNet,fixed,42,296,296,81.33333325386047
CUB,WIPT,0.0,42,296,296,81.33333325386047
CUB,Support-only Transformer,0.0,42,296,296,81.33333325386047
CUB,ProtoNet,fixed,42,297,297,100.0
CUB,WIPT,0.0,42,297,297,97.33333587646484
CUB,Support-only Transformer,0.0,42,297,297,100.0
CUB,ProtoNet,fixed,42,298,298,100.0
CUB,WIPT,0.0,42,298,298,100.0
CUB,Support-only Transformer,0.0,42,298,298,100.0
CUB,ProtoNet,fixed,42,299,299,97.33333587646484
CUB,WIPT,0.0,42,299,299,97.33333587646484
CUB,Support-only Transformer,0.0,42,299,299,100.0
CUB,ProtoNet,fixed,123,0,300,100.0
CUB,WIPT,0.0,123,0,300,100.0
CUB,Support-only Transformer,0.0,123,0,300,100.0
CUB,ProtoNet,fixed,123,1,301,100.0
CUB,WIPT,0.0,123,1,301,100.0
CUB,Support-only Transformer,0.0,123,1,301,100.0
CUB,ProtoNet,fixed,123,2,302,100.0
CUB,WIPT,0.0,123,2,302,100.0
CUB,Support-only Transformer,0.0,123,2,302,100.0
CUB,ProtoNet,fixed,123,3,303,100.0
CUB,WIPT,0.0,123,3,303,100.0
CUB,Support-only Transformer,0.0,123,3,303,100.0
CUB,ProtoNet,fixed,123,4,304,86.66666746139526
CUB,WIPT,0.0,123,4,304,84.00000333786011
CUB,Support-only Transformer,0.0,123,4,304,86.66666746139526
CUB,ProtoNet,fixed,123,5,305,97.33333587646484
CUB,WIPT,0.0,123,5,305,97.33333587646484
CUB,Support-only Transformer,0.0,123,5,305,98.66666793823242
CUB,ProtoNet,fixed,123,6,306,100.0
CUB,WIPT,0.0,123,6,306,100.0
CUB,Support-only Transformer,0.0,123,6,306,100.0
CUB,ProtoNet,fixed,123,7,307,100.0
CUB,WIPT,0.0,123,7,307,100.0
CUB,Support-only Transformer,0.0,123,7,307,100.0
CUB,ProtoNet,fixed,123,8,308,96.00000381469727
CUB,WIPT,0.0,123,8,308,96.00000381469727
CUB,Support-only Transformer,0.0,123,8,308,97.33333587646484
CUB,ProtoNet,fixed,123,9,309,100.0
CUB,WIPT,0.0,123,9,309,100.0
CUB,Support-only Transformer,0.0,123,9,309,100.0
CUB,ProtoNet,fixed,123,10,310,98.66666793823242
CUB,WIPT,0.0,123,10,310,98.66666793823242
CUB,Support-only Transformer,0.0,123,10,310,98.66666793823242
CUB,ProtoNet,fixed,123,11,311,100.0
CUB,WIPT,0.0,123,11,311,100.0
CUB,Support-only Transformer,0.0,123,11,311,100.0
CUB,ProtoNet,fixed,123,12,312,100.0
CUB,WIPT,0.0,123,12,312,100.0
CUB,Support-only Transformer,0.0,123,12,312,100.0
CUB,ProtoNet,fixed,123,13,313,100.0
CUB,WIPT,0.0,123,13,313,100.0
CUB,Support-only Transformer,0.0,123,13,313,100.0
CUB,ProtoNet,fixed,123,14,314,96.00000381469727
CUB,WIPT,0.0,123,14,314,97.33333587646484
CUB,Support-only Transformer,0.0,123,14,314,96.00000381469727
CUB,ProtoNet,fixed,123,15,315,100.0
CUB,WIPT,0.0,123,15,315,100.0
CUB,Support-only Transformer,0.0,123,15,315,100.0
CUB,ProtoNet,fixed,123,16,316,100.0
CUB,WIPT,0.0,123,16,316,100.0
CUB,Support-only Transformer,0.0,123,16,316,100.0
CUB,ProtoNet,fixed,123,17,317,98.66666793823242
CUB,WIPT,0.0,123,17,317,98.66666793823242
CUB,Support-only Transformer,0.0,123,17,317,98.66666793823242
CUB,ProtoNet,fixed,123,18,318,97.33333587646484
CUB,WIPT,0.0,123,18,318,97.33333587646484
CUB,Support-only Transformer,0.0,123,18,318,94.66667175292969
CUB,ProtoNet,fixed,123,19,319,100.0
CUB,WIPT,0.0,123,19,319,100.0
CUB,Support-only Transformer,0.0,123,19,319,100.0
CUB,ProtoNet,fixed,123,20,320,96.00000381469727
CUB,WIPT,0.0,123,20,320,96.00000381469727
CUB,Support-only Transformer,0.0,123,20,320,89.3333375453949
CUB,ProtoNet,fixed,123,21,321,100.0
CUB,WIPT,0.0,123,21,321,100.0
CUB,Support-only Transformer,0.0,123,21,321,100.0
CUB,ProtoNet,fixed,123,22,322,100.0
CUB,WIPT,0.0,123,22,322,100.0
CUB,Support-only Transformer,0.0,123,22,322,100.0
CUB,ProtoNet,fixed,123,23,323,97.33333587646484
CUB,WIPT,0.0,123,23,323,97.33333587646484
CUB,Support-only Transformer,0.0,123,23,323,97.33333587646484
CUB,ProtoNet,fixed,123,24,324,100.0
CUB,WIPT,0.0,123,24,324,100.0
CUB,Support-only Transformer,0.0,123,24,324,100.0
CUB,ProtoNet,fixed,123,25,325,98.66666793823242
CUB,WIPT,0.0,123,25,325,98.66666793823242
CUB,Support-only Transformer,0.0,123,25,325,98.66666793823242
CUB,ProtoNet,fixed,123,26,326,100.0
CUB,WIPT,0.0,123,26,326,100.0
CUB,Support-only Transformer,0.0,123,26,326,100.0
CUB,ProtoNet,fixed,123,27,327,98.66666793823242
CUB,WIPT,0.0,123,27,327,100.0
CUB,Support-only Transformer,0.0,123,27,327,100.0
CUB,ProtoNet,fixed,123,28,328,96.00000381469727
CUB,WIPT,0.0,123,28,328,97.33333587646484
CUB,Support-only Transformer,0.0,123,28,328,97.33333587646484
CUB,ProtoNet,fixed,123,29,329,100.0
CUB,WIPT,0.0,123,29,329,100.0
CUB,Support-only Transformer,0.0,123,29,329,100.0
CUB,ProtoNet,fixed,123,30,330,97.33333587646484
CUB,WIPT,0.0,123,30,330,97.33333587646484
CUB,Support-only Transformer,0.0,123,30,330,97.33333587646484
CUB,ProtoNet,fixed,123,31,331,100.0
CUB,WIPT,0.0,123,31,331,100.0
CUB,Support-only Transformer,0.0,123,31,331,100.0
CUB,ProtoNet,fixed,123,32,332,100.0
CUB,WIPT,0.0,123,32,332,100.0
CUB,Support-only Transformer,0.0,123,32,332,98.66666793823242
CUB,ProtoNet,fixed,123,33,333,97.33333587646484
CUB,WIPT,0.0,123,33,333,97.33333587646484
CUB,Support-only Transformer,0.0,123,33,333,97.33333587646484
CUB,ProtoNet,fixed,123,34,334,100.0
CUB,WIPT,0.0,123,34,334,100.0
CUB,Support-only Transformer,0.0,123,34,334,100.0
CUB,ProtoNet,fixed,123,35,335,98.66666793823242
CUB,WIPT,0.0,123,35,335,98.66666793823242
CUB,Support-only Transformer,0.0,123,35,335,97.33333587646484
CUB,ProtoNet,fixed,123,36,336,98.66666793823242
CUB,WIPT,0.0,123,36,336,98.66666793823242
CUB,Support-only Transformer,0.0,123,36,336,98.66666793823242
CUB,ProtoNet,fixed,123,37,337,100.0
CUB,WIPT,0.0,123,37,337,100.0
CUB,Support-only Transformer,0.0,123,37,337,100.0
CUB,ProtoNet,fixed,123,38,338,98.66666793823242
CUB,WIPT,0.0,123,38,338,98.66666793823242
CUB,Support-only Transformer,0.0,123,38,338,97.33333587646484
CUB,ProtoNet,fixed,123,39,339,100.0
CUB,WIPT,0.0,123,39,339,100.0
CUB,Support-only Transformer,0.0,123,39,339,100.0
CUB,ProtoNet,fixed,123,40,340,90.66666960716248
CUB,WIPT,0.0,123,40,340,90.66666960716248
CUB,Support-only Transformer,0.0,123,40,340,89.3333375453949
CUB,ProtoNet,fixed,123,41,341,100.0
CUB,WIPT,0.0,123,41,341,100.0
CUB,Support-only Transformer,0.0,123,41,341,100.0
CUB,ProtoNet,fixed,123,42,342,100.0
CUB,WIPT,0.0,123,42,342,100.0
CUB,Support-only Transformer,0.0,123,42,342,100.0
CUB,ProtoNet,fixed,123,43,343,96.00000381469727
CUB,WIPT,0.0,123,43,343,96.00000381469727
CUB,Support-only Transformer,0.0,123,43,343,97.33333587646484
CUB,ProtoNet,fixed,123,44,344,100.0
CUB,WIPT,0.0,123,44,344,100.0
CUB,Support-only Transformer,0.0,123,44,344,100.0
CUB,ProtoNet,fixed,123,45,345,98.66666793823242
CUB,WIPT,0.0,123,45,345,98.66666793823242
CUB,Support-only Transformer,0.0,123,45,345,98.66666793823242
CUB,ProtoNet,fixed,123,46,346,80.0000011920929
CUB,WIPT,0.0,123,46,346,81.33333325386047
CUB,Support-only Transformer,0.0,123,46,346,84.00000333786011
CUB,ProtoNet,fixed,123,47,347,100.0
CUB,WIPT,0.0,123,47,347,100.0
CUB,Support-only Transformer,0.0,123,47,347,100.0
CUB,ProtoNet,fixed,123,48,348,100.0
CUB,WIPT,0.0,123,48,348,100.0
CUB,Support-only Transformer,0.0,123,48,348,100.0
CUB,ProtoNet,fixed,123,49,349,96.00000381469727
CUB,WIPT,0.0,123,49,349,97.33333587646484
CUB,Support-only Transformer,0.0,123,49,349,96.00000381469727
CUB,ProtoNet,fixed,123,50,350,97.33333587646484
CUB,WIPT,0.0,123,50,350,97.33333587646484
CUB,Support-only Transformer,0.0,123,50,350,97.33333587646484
CUB,ProtoNet,fixed,123,51,351,96.00000381469727
CUB,WIPT,0.0,123,51,351,96.00000381469727
CUB,Support-only Transformer,0.0,123,51,351,93.33333373069763
CUB,ProtoNet,fixed,123,52,352,94.66667175292969
CUB,WIPT,0.0,123,52,352,93.33333373069763
CUB,Support-only Transformer,0.0,123,52,352,89.3333375453949
CUB,ProtoNet,fixed,123,53,353,97.33333587646484
CUB,WIPT,0.0,123,53,353,97.33333587646484
CUB,Support-only Transformer,0.0,123,53,353,97.33333587646484
CUB,ProtoNet,fixed,123,54,354,100.0
CUB,WIPT,0.0,123,54,354,100.0
CUB,Support-only Transformer,0.0,123,54,354,100.0
CUB,ProtoNet,fixed,123,55,355,100.0
CUB,WIPT,0.0,123,55,355,100.0
CUB,Support-only Transformer,0.0,123,55,355,97.33333587646484
CUB,ProtoNet,fixed,123,56,356,100.0
CUB,WIPT,0.0,123,56,356,100.0
CUB,Support-only Transformer,0.0,123,56,356,100.0
CUB,ProtoNet,fixed,123,57,357,96.00000381469727
CUB,WIPT,0.0,123,57,357,96.00000381469727
CUB,Support-only Transformer,0.0,123,57,357,94.66667175292969
CUB,ProtoNet,fixed,123,58,358,97.33333587646484
CUB,WIPT,0.0,123,58,358,97.33333587646484
CUB,Support-only Transformer,0.0,123,58,358,98.66666793823242
CUB,ProtoNet,fixed,123,59,359,100.0
CUB,WIPT,0.0,123,59,359,100.0
CUB,Support-only Transformer,0.0,123,59,359,100.0
CUB,ProtoNet,fixed,123,60,360,86.66666746139526
CUB,WIPT,0.0,123,60,360,89.3333375453949
CUB,Support-only Transformer,0.0,123,60,360,85.33333539962769
CUB,ProtoNet,fixed,123,61,361,100.0
CUB,WIPT,0.0,123,61,361,100.0
CUB,Support-only Transformer,0.0,123,61,361,100.0
CUB,ProtoNet,fixed,123,62,362,90.66666960716248
CUB,WIPT,0.0,123,62,362,90.66666960716248
CUB,Support-only Transformer,0.0,123,62,362,90.66666960716248
CUB,ProtoNet,fixed,123,63,363,100.0
CUB,WIPT,0.0,123,63,363,100.0
CUB,Support-only Transformer,0.0,123,63,363,100.0
CUB,ProtoNet,fixed,123,64,364,100.0
CUB,WIPT,0.0,123,64,364,98.66666793823242
CUB,Support-only Transformer,0.0,123,64,364,98.66666793823242
CUB,ProtoNet,fixed,123,65,365,92.00000166893005
CUB,WIPT,0.0,123,65,365,92.00000166893005
CUB,Support-only Transformer,0.0,123,65,365,90.66666960716248
CUB,ProtoNet,fixed,123,66,366,84.00000333786011
CUB,WIPT,0.0,123,66,366,84.00000333786011
CUB,Support-only Transformer,0.0,123,66,366,81.33333325386047
CUB,ProtoNet,fixed,123,67,367,100.0
CUB,WIPT,0.0,123,67,367,100.0
CUB,Support-only Transformer,0.0,123,67,367,100.0
CUB,ProtoNet,fixed,123,68,368,100.0
CUB,WIPT,0.0,123,68,368,100.0
CUB,Support-only Transformer,0.0,123,68,368,100.0
CUB,ProtoNet,fixed,123,69,369,97.33333587646484
CUB,WIPT,0.0,123,69,369,96.00000381469727
CUB,Support-only Transformer,0.0,123,69,369,97.33333587646484
CUB,ProtoNet,fixed,123,70,370,100.0
CUB,WIPT,0.0,123,70,370,100.0
CUB,Support-only Transformer,0.0,123,70,370,100.0
CUB,ProtoNet,fixed,123,71,371,100.0
CUB,WIPT,0.0,123,71,371,100.0
CUB,Support-only Transformer,0.0,123,71,371,100.0
CUB,ProtoNet,fixed,123,72,372,93.33333373069763
CUB,WIPT,0.0,123,72,372,93.33333373069763
CUB,Support-only Transformer,0.0,123,72,372,89.3333375453949
CUB,ProtoNet,fixed,123,73,373,100.0
CUB,WIPT,0.0,123,73,373,100.0
CUB,Support-only Transformer,0.0,123,73,373,100.0
CUB,ProtoNet,fixed,123,74,374,98.66666793823242
CUB,WIPT,0.0,123,74,374,100.0
CUB,Support-only Transformer,0.0,123,74,374,98.66666793823242
CUB,ProtoNet,fixed,123,75,375,100.0
CUB,WIPT,0.0,123,75,375,100.0
CUB,Support-only Transformer,0.0,123,75,375,100.0
CUB,ProtoNet,fixed,123,76,376,97.33333587646484
CUB,WIPT,0.0,123,76,376,97.33333587646484
CUB,Support-only Transformer,0.0,123,76,376,100.0
CUB,ProtoNet,fixed,123,77,377,100.0
CUB,WIPT,0.0,123,77,377,100.0
CUB,Support-only Transformer,0.0,123,77,377,100.0
CUB,ProtoNet,fixed,123,78,378,100.0
CUB,WIPT,0.0,123,78,378,100.0
CUB,Support-only Transformer,0.0,123,78,378,100.0
CUB,ProtoNet,fixed,123,79,379,100.0
CUB,WIPT,0.0,123,79,379,100.0
CUB,Support-only Transformer,0.0,123,79,379,100.0
CUB,ProtoNet,fixed,123,80,380,98.66666793823242
CUB,WIPT,0.0,123,80,380,98.66666793823242
CUB,Support-only Transformer,0.0,123,80,380,98.66666793823242
CUB,ProtoNet,fixed,123,81,381,98.66666793823242
CUB,WIPT,0.0,123,81,381,98.66666793823242
CUB,Support-only Transformer,0.0,123,81,381,96.00000381469727
CUB,ProtoNet,fixed,123,82,382,98.66666793823242
CUB,WIPT,0.0,123,82,382,98.66666793823242
CUB,Support-only Transformer,0.0,123,82,382,98.66666793823242
CUB,ProtoNet,fixed,123,83,383,100.0
CUB,WIPT,0.0,123,83,383,100.0
CUB,Support-only Transformer,0.0,123,83,383,100.0
CUB,ProtoNet,fixed,123,84,384,100.0
CUB,WIPT,0.0,123,84,384,100.0
CUB,Support-only Transformer,0.0,123,84,384,100.0
CUB,ProtoNet,fixed,123,85,385,98.66666793823242
CUB,WIPT,0.0,123,85,385,97.33333587646484
CUB,Support-only Transformer,0.0,123,85,385,96.00000381469727
CUB,ProtoNet,fixed,123,86,386,100.0
CUB,WIPT,0.0,123,86,386,100.0
CUB,Support-only Transformer,0.0,123,86,386,100.0
CUB,ProtoNet,fixed,123,87,387,100.0
CUB,WIPT,0.0,123,87,387,100.0
CUB,Support-only Transformer,0.0,123,87,387,100.0
CUB,ProtoNet,fixed,123,88,388,98.66666793823242
CUB,WIPT,0.0,123,88,388,96.00000381469727
CUB,Support-only Transformer,0.0,123,88,388,97.33333587646484
CUB,ProtoNet,fixed,123,89,389,100.0
CUB,WIPT,0.0,123,89,389,100.0
CUB,Support-only Transformer,0.0,123,89,389,100.0
CUB,ProtoNet,fixed,123,90,390,98.66666793823242
CUB,WIPT,0.0,123,90,390,98.66666793823242
CUB,Support-only Transformer,0.0,123,90,390,98.66666793823242
CUB,ProtoNet,fixed,123,91,391,98.66666793823242
CUB,WIPT,0.0,123,91,391,98.66666793823242
CUB,Support-only Transformer,0.0,123,91,391,98.66666793823242
CUB,ProtoNet,fixed,123,92,392,98.66666793823242
CUB,WIPT,0.0,123,92,392,98.66666793823242
CUB,Support-only Transformer,0.0,123,92,392,100.0
CUB,ProtoNet,fixed,123,93,393,100.0
CUB,WIPT,0.0,123,93,393,100.0
CUB,Support-only Transformer,0.0,123,93,393,100.0
CUB,ProtoNet,fixed,123,94,394,96.00000381469727
CUB,WIPT,0.0,123,94,394,96.00000381469727
CUB,Support-only Transformer,0.0,123,94,394,98.66666793823242
CUB,ProtoNet,fixed,123,95,395,98.66666793823242
CUB,WIPT,0.0,123,95,395,100.0
CUB,Support-only Transformer,0.0,123,95,395,100.0
CUB,ProtoNet,fixed,123,96,396,100.0
CUB,WIPT,0.0,123,96,396,100.0
CUB,Support-only Transformer,0.0,123,96,396,100.0
CUB,ProtoNet,fixed,123,97,397,100.0
CUB,WIPT,0.0,123,97,397,100.0
CUB,Support-only Transformer,0.0,123,97,397,100.0
CUB,ProtoNet,fixed,123,98,398,96.00000381469727
CUB,WIPT,0.0,123,98,398,96.00000381469727
CUB,Support-only Transformer,0.0,123,98,398,98.66666793823242
CUB,ProtoNet,fixed,123,99,399,97.33333587646484
CUB,WIPT,0.0,123,99,399,97.33333587646484
CUB,Support-only Transformer,0.0,123,99,399,97.33333587646484
CUB,ProtoNet,fixed,123,100,400,97.33333587646484
CUB,WIPT,0.0,123,100,400,97.33333587646484
CUB,Support-only Transformer,0.0,123,100,400,97.33333587646484
CUB,ProtoNet,fixed,123,101,401,100.0
CUB,WIPT,0.0,123,101,401,100.0
CUB,Support-only Transformer,0.0,123,101,401,100.0
CUB,ProtoNet,fixed,123,102,402,98.66666793823242
CUB,WIPT,0.0,123,102,402,98.66666793823242
CUB,Support-only Transformer,0.0,123,102,402,98.66666793823242
CUB,ProtoNet,fixed,123,103,403,98.66666793823242
CUB,WIPT,0.0,123,103,403,98.66666793823242
CUB,Support-only Transformer,0.0,123,103,403,98.66666793823242
CUB,ProtoNet,fixed,123,104,404,100.0
CUB,WIPT,0.0,123,104,404,100.0
CUB,Support-only Transformer,0.0,123,104,404,100.0
CUB,ProtoNet,fixed,123,105,405,100.0
CUB,WIPT,0.0,123,105,405,100.0
CUB,Support-only Transformer,0.0,123,105,405,97.33333587646484
CUB,ProtoNet,fixed,123,106,406,90.66666960716248
CUB,WIPT,0.0,123,106,406,87.99999952316284
CUB,Support-only Transformer,0.0,123,106,406,87.99999952316284
CUB,ProtoNet,fixed,123,107,407,94.66667175292969
CUB,WIPT,0.0,123,107,407,93.33333373069763
CUB,Support-only Transformer,0.0,123,107,407,94.66667175292969
CUB,ProtoNet,fixed,123,108,408,100.0
CUB,WIPT,0.0,123,108,408,100.0
CUB,Support-only Transformer,0.0,123,108,408,100.0
CUB,ProtoNet,fixed,123,109,409,100.0
CUB,WIPT,0.0,123,109,409,100.0
CUB,Support-only Transformer,0.0,123,109,409,100.0
CUB,ProtoNet,fixed,123,110,410,100.0
CUB,WIPT,0.0,123,110,410,100.0
CUB,Support-only Transformer,0.0,123,110,410,100.0
CUB,ProtoNet,fixed,123,111,411,100.0
CUB,WIPT,0.0,123,111,411,100.0
CUB,Support-only Transformer,0.0,123,111,411,100.0
CUB,ProtoNet,fixed,123,112,412,98.66666793823242
CUB,WIPT,0.0,123,112,412,98.66666793823242
CUB,Support-only Transformer,0.0,123,112,412,98.66666793823242
CUB,ProtoNet,fixed,123,113,413,100.0
CUB,WIPT,0.0,123,113,413,100.0
CUB,Support-only Transformer,0.0,123,113,413,100.0
CUB,ProtoNet,fixed,123,114,414,100.0
CUB,WIPT,0.0,123,114,414,100.0
CUB,Support-only Transformer,0.0,123,114,414,100.0
CUB,ProtoNet,fixed,123,115,415,94.66667175292969
CUB,WIPT,0.0,123,115,415,94.66667175292969
CUB,Support-only Transformer,0.0,123,115,415,96.00000381469727
CUB,ProtoNet,fixed,123,116,416,98.66666793823242
CUB,WIPT,0.0,123,116,416,98.66666793823242
CUB,Support-only Transformer,0.0,123,116,416,100.0
CUB,ProtoNet,fixed,123,117,417,100.0
CUB,WIPT,0.0,123,117,417,98.66666793823242
CUB,Support-only Transformer,0.0,123,117,417,98.66666793823242
CUB,ProtoNet,fixed,123,118,418,97.33333587646484
CUB,WIPT,0.0,123,118,418,97.33333587646484
CUB,Support-only Transformer,0.0,123,118,418,98.66666793823242
CUB,ProtoNet,fixed,123,119,419,80.0000011920929
CUB,WIPT,0.0,123,119,419,80.0000011920929
CUB,Support-only Transformer,0.0,123,119,419,80.0000011920929
CUB,ProtoNet,fixed,123,120,420,98.66666793823242
CUB,WIPT,0.0,123,120,420,98.66666793823242
CUB,Support-only Transformer,0.0,123,120,420,97.33333587646484
CUB,ProtoNet,fixed,123,121,421,100.0
CUB,WIPT,0.0,123,121,421,100.0
CUB,Support-only Transformer,0.0,123,121,421,100.0
CUB,ProtoNet,fixed,123,122,422,98.66666793823242
CUB,WIPT,0.0,123,122,422,98.66666793823242
CUB,Support-only Transformer,0.0,123,122,422,97.33333587646484
CUB,ProtoNet,fixed,123,123,423,100.0
CUB,WIPT,0.0,123,123,423,100.0
CUB,Support-only Transformer,0.0,123,123,423,100.0
CUB,ProtoNet,fixed,123,124,424,98.66666793823242
CUB,WIPT,0.0,123,124,424,98.66666793823242
CUB,Support-only Transformer,0.0,123,124,424,97.33333587646484
CUB,ProtoNet,fixed,123,125,425,87.99999952316284
CUB,WIPT,0.0,123,125,425,87.99999952316284
CUB,Support-only Transformer,0.0,123,125,425,87.99999952316284
CUB,ProtoNet,fixed,123,126,426,98.66666793823242
CUB,WIPT,0.0,123,126,426,100.0
CUB,Support-only Transformer,0.0,123,126,426,98.66666793823242
CUB,ProtoNet,fixed,123,127,427,98.66666793823242
CUB,WIPT,0.0,123,127,427,98.66666793823242
CUB,Support-only Transformer,0.0,123,127,427,98.66666793823242
CUB,ProtoNet,fixed,123,128,428,98.66666793823242
CUB,WIPT,0.0,123,128,428,98.66666793823242
CUB,Support-only Transformer,0.0,123,128,428,98.66666793823242
CUB,ProtoNet,fixed,123,129,429,98.66666793823242
CUB,WIPT,0.0,123,129,429,98.66666793823242
CUB,Support-only Transformer,0.0,123,129,429,98.66666793823242
CUB,ProtoNet,fixed,123,130,430,100.0
CUB,WIPT,0.0,123,130,430,100.0
CUB,Support-only Transformer,0.0,123,130,430,100.0
CUB,ProtoNet,fixed,123,131,431,100.0
CUB,WIPT,0.0,123,131,431,100.0
CUB,Support-only Transformer,0.0,123,131,431,100.0
CUB,ProtoNet,fixed,123,132,432,98.66666793823242
CUB,WIPT,0.0,123,132,432,97.33333587646484
CUB,Support-only Transformer,0.0,123,132,432,98.66666793823242
CUB,ProtoNet,fixed,123,133,433,98.66666793823242
CUB,WIPT,0.0,123,133,433,98.66666793823242
CUB,Support-only Transformer,0.0,123,133,433,98.66666793823242
CUB,ProtoNet,fixed,123,134,434,94.66667175292969
CUB,WIPT,0.0,123,134,434,94.66667175292969
CUB,Support-only Transformer,0.0,123,134,434,96.00000381469727
CUB,ProtoNet,fixed,123,135,435,90.66666960716248
CUB,WIPT,0.0,123,135,435,92.00000166893005
CUB,Support-only Transformer,0.0,123,135,435,93.33333373069763
CUB,ProtoNet,fixed,123,136,436,98.66666793823242
CUB,WIPT,0.0,123,136,436,98.66666793823242
CUB,Support-only Transformer,0.0,123,136,436,98.66666793823242
CUB,ProtoNet,fixed,123,137,437,96.00000381469727
CUB,WIPT,0.0,123,137,437,96.00000381469727
CUB,Support-only Transformer,0.0,123,137,437,98.66666793823242
CUB,ProtoNet,fixed,123,138,438,98.66666793823242
CUB,WIPT,0.0,123,138,438,98.66666793823242
CUB,Support-only Transformer,0.0,123,138,438,98.66666793823242
CUB,ProtoNet,fixed,123,139,439,100.0
CUB,WIPT,0.0,123,139,439,100.0
CUB,Support-only Transformer,0.0,123,139,439,100.0
CUB,ProtoNet,fixed,123,140,440,100.0
CUB,WIPT,0.0,123,140,440,100.0
CUB,Support-only Transformer,0.0,123,140,440,98.66666793823242
CUB,ProtoNet,fixed,123,141,441,98.66666793823242
CUB,WIPT,0.0,123,141,441,98.66666793823242
CUB,Support-only Transformer,0.0,123,141,441,98.66666793823242
CUB,ProtoNet,fixed,123,142,442,98.66666793823242
CUB,WIPT,0.0,123,142,442,98.66666793823242
CUB,Support-only Transformer,0.0,123,142,442,100.0
CUB,ProtoNet,fixed,123,143,443,97.33333587646484
CUB,WIPT,0.0,123,143,443,97.33333587646484
CUB,Support-only Transformer,0.0,123,143,443,97.33333587646484
CUB,ProtoNet,fixed,123,144,444,96.00000381469727
CUB,WIPT,0.0,123,144,444,96.00000381469727
CUB,Support-only Transformer,0.0,123,144,444,96.00000381469727
CUB,ProtoNet,fixed,123,145,445,96.00000381469727
CUB,WIPT,0.0,123,145,445,94.66667175292969
CUB,Support-only Transformer,0.0,123,145,445,98.66666793823242
CUB,ProtoNet,fixed,123,146,446,100.0
CUB,WIPT,0.0,123,146,446,100.0
CUB,Support-only Transformer,0.0,123,146,446,100.0
CUB,ProtoNet,fixed,123,147,447,98.66666793823242
CUB,WIPT,0.0,123,147,447,98.66666793823242
CUB,Support-only Transformer,0.0,123,147,447,98.66666793823242
CUB,ProtoNet,fixed,123,148,448,78.66666913032532
CUB,WIPT,0.0,123,148,448,80.0000011920929
CUB,Support-only Transformer,0.0,123,148,448,77.33333706855774
CUB,ProtoNet,fixed,123,149,449,100.0
CUB,WIPT,0.0,123,149,449,100.0
CUB,Support-only Transformer,0.0,123,149,449,100.0
CUB,ProtoNet,fixed,123,150,450,96.00000381469727
CUB,WIPT,0.0,123,150,450,94.66667175292969
CUB,Support-only Transformer,0.0,123,150,450,96.00000381469727
CUB,ProtoNet,fixed,123,151,451,98.66666793823242
CUB,WIPT,0.0,123,151,451,98.66666793823242
CUB,Support-only Transformer,0.0,123,151,451,100.0
CUB,ProtoNet,fixed,123,152,452,100.0
CUB,WIPT,0.0,123,152,452,100.0
CUB,Support-only Transformer,0.0,123,152,452,100.0
CUB,ProtoNet,fixed,123,153,453,100.0
CUB,WIPT,0.0,123,153,453,100.0
CUB,Support-only Transformer,0.0,123,153,453,100.0
CUB,ProtoNet,fixed,123,154,454,89.3333375453949
CUB,WIPT,0.0,123,154,454,90.66666960716248
CUB,Support-only Transformer,0.0,123,154,454,93.33333373069763
CUB,ProtoNet,fixed,123,155,455,89.3333375453949
CUB,WIPT,0.0,123,155,455,90.66666960716248
CUB,Support-only Transformer,0.0,123,155,455,86.66666746139526
CUB,ProtoNet,fixed,123,156,456,100.0
CUB,WIPT,0.0,123,156,456,100.0
CUB,Support-only Transformer,0.0,123,156,456,100.0
CUB,ProtoNet,fixed,123,157,457,100.0
CUB,WIPT,0.0,123,157,457,100.0
CUB,Support-only Transformer,0.0,123,157,457,100.0
CUB,ProtoNet,fixed,123,158,458,94.66667175292969
CUB,WIPT,0.0,123,158,458,94.66667175292969
CUB,Support-only Transformer,0.0,123,158,458,100.0
CUB,ProtoNet,fixed,123,159,459,93.33333373069763
CUB,WIPT,0.0,123,159,459,93.33333373069763
CUB,Support-only Transformer,0.0,123,159,459,92.00000166893005
CUB,ProtoNet,fixed,123,160,460,100.0
CUB,WIPT,0.0,123,160,460,100.0
CUB,Support-only Transformer,0.0,123,160,460,100.0
CUB,ProtoNet,fixed,123,161,461,97.33333587646484
CUB,WIPT,0.0,123,161,461,97.33333587646484
CUB,Support-only Transformer,0.0,123,161,461,92.00000166893005
CUB,ProtoNet,fixed,123,162,462,98.66666793823242
CUB,WIPT,0.0,123,162,462,98.66666793823242
CUB,Support-only Transformer,0.0,123,162,462,98.66666793823242
CUB,ProtoNet,fixed,123,163,463,98.66666793823242
CUB,WIPT,0.0,123,163,463,98.66666793823242
CUB,Support-only Transformer,0.0,123,163,463,100.0
CUB,ProtoNet,fixed,123,164,464,100.0
CUB,WIPT,0.0,123,164,464,100.0
CUB,Support-only Transformer,0.0,123,164,464,100.0
CUB,ProtoNet,fixed,123,165,465,93.33333373069763
CUB,WIPT,0.0,123,165,465,93.33333373069763
CUB,Support-only Transformer,0.0,123,165,465,96.00000381469727
CUB,ProtoNet,fixed,123,166,466,98.66666793823242
CUB,WIPT,0.0,123,166,466,98.66666793823242
CUB,Support-only Transformer,0.0,123,166,466,98.66666793823242
CUB,ProtoNet,fixed,123,167,467,100.0
CUB,WIPT,0.0,123,167,467,100.0
CUB,Support-only Transformer,0.0,123,167,467,100.0
CUB,ProtoNet,fixed,123,168,468,97.33333587646484
CUB,WIPT,0.0,123,168,468,97.33333587646484
CUB,Support-only Transformer,0.0,123,168,468,97.33333587646484
CUB,ProtoNet,fixed,123,169,469,98.66666793823242
CUB,WIPT,0.0,123,169,469,98.66666793823242
CUB,Support-only Transformer,0.0,123,169,469,98.66666793823242
CUB,ProtoNet,fixed,123,170,470,100.0
CUB,WIPT,0.0,123,170,470,100.0
CUB,Support-only Transformer,0.0,123,170,470,100.0
CUB,ProtoNet,fixed,123,171,471,98.66666793823242
CUB,WIPT,0.0,123,171,471,98.66666793823242
CUB,Support-only Transformer,0.0,123,171,471,98.66666793823242
CUB,ProtoNet,fixed,123,172,472,98.66666793823242
CUB,WIPT,0.0,123,172,472,98.66666793823242
CUB,Support-only Transformer,0.0,123,172,472,98.66666793823242
CUB,ProtoNet,fixed,123,173,473,98.66666793823242
CUB,WIPT,0.0,123,173,473,97.33333587646484
CUB,Support-only Transformer,0.0,123,173,473,98.66666793823242
CUB,ProtoNet,fixed,123,174,474,98.66666793823242
CUB,WIPT,0.0,123,174,474,98.66666793823242
CUB,Support-only Transformer,0.0,123,174,474,98.66666793823242
CUB,ProtoNet,fixed,123,175,475,94.66667175292969
CUB,WIPT,0.0,123,175,475,97.33333587646484
CUB,Support-only Transformer,0.0,123,175,475,97.33333587646484
CUB,ProtoNet,fixed,123,176,476,97.33333587646484
CUB,WIPT,0.0,123,176,476,97.33333587646484
CUB,Support-only Transformer,0.0,123,176,476,96.00000381469727
CUB,ProtoNet,fixed,123,177,477,100.0
CUB,WIPT,0.0,123,177,477,98.66666793823242
CUB,Support-only Transformer,0.0,123,177,477,100.0
CUB,ProtoNet,fixed,123,178,478,85.33333539962769
CUB,WIPT,0.0,123,178,478,82.66667127609253
CUB,Support-only Transformer,0.0,123,178,478,85.33333539962769
CUB,ProtoNet,fixed,123,179,479,98.66666793823242
CUB,WIPT,0.0,123,179,479,98.66666793823242
CUB,Support-only Transformer,0.0,123,179,479,98.66666793823242
CUB,ProtoNet,fixed,123,180,480,100.0
CUB,WIPT,0.0,123,180,480,100.0
CUB,Support-only Transformer,0.0,123,180,480,100.0
CUB,ProtoNet,fixed,123,181,481,100.0
CUB,WIPT,0.0,123,181,481,100.0
CUB,Support-only Transformer,0.0,123,181,481,100.0
CUB,ProtoNet,fixed,123,182,482,100.0
CUB,WIPT,0.0,123,182,482,100.0
CUB,Support-only Transformer,0.0,123,182,482,97.33333587646484
CUB,ProtoNet,fixed,123,183,483,81.33333325386047
CUB,WIPT,0.0,123,183,483,78.66666913032532
CUB,Support-only Transformer,0.0,123,183,483,75.99999904632568
CUB,ProtoNet,fixed,123,184,484,100.0
CUB,WIPT,0.0,123,184,484,100.0
CUB,Support-only Transformer,0.0,123,184,484,98.66666793823242
CUB,ProtoNet,fixed,123,185,485,100.0
CUB,WIPT,0.0,123,185,485,100.0
CUB,Support-only Transformer,0.0,123,185,485,100.0
CUB,ProtoNet,fixed,123,186,486,100.0
CUB,WIPT,0.0,123,186,486,100.0
CUB,Support-only Transformer,0.0,123,186,486,100.0
CUB,ProtoNet,fixed,123,187,487,98.66666793823242
CUB,WIPT,0.0,123,187,487,98.66666793823242
CUB,Support-only Transformer,0.0,123,187,487,97.33333587646484
CUB,ProtoNet,fixed,123,188,488,98.66666793823242
CUB,WIPT,0.0,123,188,488,97.33333587646484
CUB,Support-only Transformer,0.0,123,188,488,97.33333587646484
CUB,ProtoNet,fixed,123,189,489,98.66666793823242
CUB,WIPT,0.0,123,189,489,98.66666793823242
CUB,Support-only Transformer,0.0,123,189,489,97.33333587646484
CUB,ProtoNet,fixed,123,190,490,100.0
CUB,WIPT,0.0,123,190,490,100.0
CUB,Support-only Transformer,0.0,123,190,490,100.0
CUB,ProtoNet,fixed,123,191,491,92.00000166893005
CUB,WIPT,0.0,123,191,491,93.33333373069763
CUB,Support-only Transformer,0.0,123,191,491,90.66666960716248
CUB,ProtoNet,fixed,123,192,492,100.0
CUB,WIPT,0.0,123,192,492,100.0
CUB,Support-only Transformer,0.0,123,192,492,100.0
CUB,ProtoNet,fixed,123,193,493,100.0
CUB,WIPT,0.0,123,193,493,100.0
CUB,Support-only Transformer,0.0,123,193,493,100.0
CUB,ProtoNet,fixed,123,194,494,98.66666793823242
CUB,WIPT,0.0,123,194,494,98.66666793823242
CUB,Support-only Transformer,0.0,123,194,494,100.0
CUB,ProtoNet,fixed,123,195,495,93.33333373069763
CUB,WIPT,0.0,123,195,495,92.00000166893005
CUB,Support-only Transformer,0.0,123,195,495,97.33333587646484
CUB,ProtoNet,fixed,123,196,496,98.66666793823242
CUB,WIPT,0.0,123,196,496,98.66666793823242
CUB,Support-only Transformer,0.0,123,196,496,100.0
CUB,ProtoNet,fixed,123,197,497,100.0
CUB,WIPT,0.0,123,197,497,100.0
CUB,Support-only Transformer,0.0,123,197,497,100.0
CUB,ProtoNet,fixed,123,198,498,97.33333587646484
CUB,WIPT,0.0,123,198,498,97.33333587646484
CUB,Support-only Transformer,0.0,123,198,498,97.33333587646484
CUB,ProtoNet,fixed,123,199,499,100.0
CUB,WIPT,0.0,123,199,499,98.66666793823242
CUB,Support-only Transformer,0.0,123,199,499,100.0
CUB,ProtoNet,fixed,123,200,500,100.0
CUB,WIPT,0.0,123,200,500,100.0
CUB,Support-only Transformer,0.0,123,200,500,100.0
CUB,ProtoNet,fixed,123,201,501,90.66666960716248
CUB,WIPT,0.0,123,201,501,92.00000166893005
CUB,Support-only Transformer,0.0,123,201,501,89.3333375453949
CUB,ProtoNet,fixed,123,202,502,100.0
CUB,WIPT,0.0,123,202,502,100.0
CUB,Support-only Transformer,0.0,123,202,502,100.0
CUB,ProtoNet,fixed,123,203,503,98.66666793823242
CUB,WIPT,0.0,123,203,503,97.33333587646484
CUB,Support-only Transformer,0.0,123,203,503,98.66666793823242
CUB,ProtoNet,fixed,123,204,504,98.66666793823242
CUB,WIPT,0.0,123,204,504,98.66666793823242
CUB,Support-only Transformer,0.0,123,204,504,98.66666793823242
CUB,ProtoNet,fixed,123,205,505,100.0
CUB,WIPT,0.0,123,205,505,100.0
CUB,Support-only Transformer,0.0,123,205,505,100.0
CUB,ProtoNet,fixed,123,206,506,98.66666793823242
CUB,WIPT,0.0,123,206,506,98.66666793823242
CUB,Support-only Transformer,0.0,123,206,506,100.0
CUB,ProtoNet,fixed,123,207,507,97.33333587646484
CUB,WIPT,0.0,123,207,507,97.33333587646484
CUB,Support-only Transformer,0.0,123,207,507,96.00000381469727
CUB,ProtoNet,fixed,123,208,508,100.0
CUB,WIPT,0.0,123,208,508,100.0
CUB,Support-only Transformer,0.0,123,208,508,100.0
CUB,ProtoNet,fixed,123,209,509,100.0
CUB,WIPT,0.0,123,209,509,100.0
CUB,Support-only Transformer,0.0,123,209,509,100.0
CUB,ProtoNet,fixed,123,210,510,100.0
CUB,WIPT,0.0,123,210,510,100.0
CUB,Support-only Transformer,0.0,123,210,510,100.0
CUB,ProtoNet,fixed,123,211,511,100.0
CUB,WIPT,0.0,123,211,511,100.0
CUB,Support-only Transformer,0.0,123,211,511,100.0
CUB,ProtoNet,fixed,123,212,512,97.33333587646484
CUB,WIPT,0.0,123,212,512,98.66666793823242
CUB,Support-only Transformer,0.0,123,212,512,100.0
CUB,ProtoNet,fixed,123,213,513,94.66667175292969
CUB,WIPT,0.0,123,213,513,94.66667175292969
CUB,Support-only Transformer,0.0,123,213,513,94.66667175292969
CUB,ProtoNet,fixed,123,214,514,100.0
CUB,WIPT,0.0,123,214,514,100.0
CUB,Support-only Transformer,0.0,123,214,514,100.0
CUB,ProtoNet,fixed,123,215,515,98.66666793823242
CUB,WIPT,0.0,123,215,515,100.0
CUB,Support-only Transformer,0.0,123,215,515,100.0
CUB,ProtoNet,fixed,123,216,516,100.0
CUB,WIPT,0.0,123,216,516,100.0
CUB,Support-only Transformer,0.0,123,216,516,100.0
CUB,ProtoNet,fixed,123,217,517,98.66666793823242
CUB,WIPT,0.0,123,217,517,98.66666793823242
CUB,Support-only Transformer,0.0,123,217,517,97.33333587646484
CUB,ProtoNet,fixed,123,218,518,97.33333587646484
CUB,WIPT,0.0,123,218,518,97.33333587646484
CUB,Support-only Transformer,0.0,123,218,518,98.66666793823242
CUB,ProtoNet,fixed,123,219,519,98.66666793823242
CUB,WIPT,0.0,123,219,519,98.66666793823242
CUB,Support-only Transformer,0.0,123,219,519,98.66666793823242
CUB,ProtoNet,fixed,123,220,520,97.33333587646484
CUB,WIPT,0.0,123,220,520,96.00000381469727
CUB,Support-only Transformer,0.0,123,220,520,97.33333587646484
CUB,ProtoNet,fixed,123,221,521,98.66666793823242
CUB,WIPT,0.0,123,221,521,98.66666793823242
CUB,Support-only Transformer,0.0,123,221,521,97.33333587646484
CUB,ProtoNet,fixed,123,222,522,100.0
CUB,WIPT,0.0,123,222,522,100.0
CUB,Support-only Transformer,0.0,123,222,522,100.0
CUB,ProtoNet,fixed,123,223,523,100.0
CUB,WIPT,0.0,123,223,523,100.0
CUB,Support-only Transformer,0.0,123,223,523,100.0
CUB,ProtoNet,fixed,123,224,524,97.33333587646484
CUB,WIPT,0.0,123,224,524,98.66666793823242
CUB,Support-only Transformer,0.0,123,224,524,100.0
CUB,ProtoNet,fixed,123,225,525,97.33333587646484
CUB,WIPT,0.0,123,225,525,97.33333587646484
CUB,Support-only Transformer,0.0,123,225,525,97.33333587646484
CUB,ProtoNet,fixed,123,226,526,96.00000381469727
CUB,WIPT,0.0,123,226,526,97.33333587646484
CUB,Support-only Transformer,0.0,123,226,526,98.66666793823242
CUB,ProtoNet,fixed,123,227,527,94.66667175292969
CUB,WIPT,0.0,123,227,527,96.00000381469727
CUB,Support-only Transformer,0.0,123,227,527,97.33333587646484
CUB,ProtoNet,fixed,123,228,528,100.0
CUB,WIPT,0.0,123,228,528,100.0
CUB,Support-only Transformer,0.0,123,228,528,100.0
CUB,ProtoNet,fixed,123,229,529,97.33333587646484
CUB,WIPT,0.0,123,229,529,97.33333587646484
CUB,Support-only Transformer,0.0,123,229,529,98.66666793823242
CUB,ProtoNet,fixed,123,230,530,100.0
CUB,WIPT,0.0,123,230,530,98.66666793823242
CUB,Support-only Transformer,0.0,123,230,530,100.0
CUB,ProtoNet,fixed,123,231,531,100.0
CUB,WIPT,0.0,123,231,531,100.0
CUB,Support-only Transformer,0.0,123,231,531,98.66666793823242
CUB,ProtoNet,fixed,123,232,532,100.0
CUB,WIPT,0.0,123,232,532,100.0
CUB,Support-only Transformer,0.0,123,232,532,96.00000381469727
CUB,ProtoNet,fixed,123,233,533,100.0
CUB,WIPT,0.0,123,233,533,100.0
CUB,Support-only Transformer,0.0,123,233,533,100.0
CUB,ProtoNet,fixed,123,234,534,98.66666793823242
CUB,WIPT,0.0,123,234,534,98.66666793823242
CUB,Support-only Transformer,0.0,123,234,534,97.33333587646484
CUB,ProtoNet,fixed,123,235,535,100.0
CUB,WIPT,0.0,123,235,535,100.0
CUB,Support-only Transformer,0.0,123,235,535,100.0
CUB,ProtoNet,fixed,123,236,536,98.66666793823242
CUB,WIPT,0.0,123,236,536,97.33333587646484
CUB,Support-only Transformer,0.0,123,236,536,94.66667175292969
CUB,ProtoNet,fixed,123,237,537,97.33333587646484
CUB,WIPT,0.0,123,237,537,97.33333587646484
CUB,Support-only Transformer,0.0,123,237,537,98.66666793823242
CUB,ProtoNet,fixed,123,238,538,98.66666793823242
CUB,WIPT,0.0,123,238,538,98.66666793823242
CUB,Support-only Transformer,0.0,123,238,538,97.33333587646484
CUB,ProtoNet,fixed,123,239,539,98.66666793823242
CUB,WIPT,0.0,123,239,539,100.0
CUB,Support-only Transformer,0.0,123,239,539,100.0
CUB,ProtoNet,fixed,123,240,540,98.66666793823242
CUB,WIPT,0.0,123,240,540,98.66666793823242
CUB,Support-only Transformer,0.0,123,240,540,100.0
CUB,ProtoNet,fixed,123,241,541,98.66666793823242
CUB,WIPT,0.0,123,241,541,98.66666793823242
CUB,Support-only Transformer,0.0,123,241,541,98.66666793823242
CUB,ProtoNet,fixed,123,242,542,90.66666960716248
CUB,WIPT,0.0,123,242,542,89.3333375453949
CUB,Support-only Transformer,0.0,123,242,542,86.66666746139526
CUB,ProtoNet,fixed,123,243,543,100.0
CUB,WIPT,0.0,123,243,543,98.66666793823242
CUB,Support-only Transformer,0.0,123,243,543,100.0
CUB,ProtoNet,fixed,123,244,544,100.0
CUB,WIPT,0.0,123,244,544,100.0
CUB,Support-only Transformer,0.0,123,244,544,100.0
CUB,ProtoNet,fixed,123,245,545,100.0
CUB,WIPT,0.0,123,245,545,100.0
CUB,Support-only Transformer,0.0,123,245,545,100.0
CUB,ProtoNet,fixed,123,246,546,100.0
CUB,WIPT,0.0,123,246,546,100.0
CUB,Support-only Transformer,0.0,123,246,546,100.0
CUB,ProtoNet,fixed,123,247,547,100.0
CUB,WIPT,0.0,123,247,547,100.0
CUB,Support-only Transformer,0.0,123,247,547,100.0
CUB,ProtoNet,fixed,123,248,548,97.33333587646484
CUB,WIPT,0.0,123,248,548,97.33333587646484
CUB,Support-only Transformer,0.0,123,248,548,97.33333587646484
CUB,ProtoNet,fixed,123,249,549,96.00000381469727
CUB,WIPT,0.0,123,249,549,96.00000381469727
CUB,Support-only Transformer,0.0,123,249,549,96.00000381469727
CUB,ProtoNet,fixed,123,250,550,97.33333587646484
CUB,WIPT,0.0,123,250,550,97.33333587646484
CUB,Support-only Transformer,0.0,123,250,550,98.66666793823242
CUB,ProtoNet,fixed,123,251,551,98.66666793823242
CUB,WIPT,0.0,123,251,551,98.66666793823242
CUB,Support-only Transformer,0.0,123,251,551,98.66666793823242
CUB,ProtoNet,fixed,123,252,552,100.0
CUB,WIPT,0.0,123,252,552,100.0
CUB,Support-only Transformer,0.0,123,252,552,100.0
CUB,ProtoNet,fixed,123,253,553,98.66666793823242
CUB,WIPT,0.0,123,253,553,98.66666793823242
CUB,Support-only Transformer,0.0,123,253,553,98.66666793823242
CUB,ProtoNet,fixed,123,254,554,100.0
CUB,WIPT,0.0,123,254,554,100.0
CUB,Support-only Transformer,0.0,123,254,554,100.0
CUB,ProtoNet,fixed,123,255,555,100.0
CUB,WIPT,0.0,123,255,555,100.0
CUB,Support-only Transformer,0.0,123,255,555,100.0
CUB,ProtoNet,fixed,123,256,556,100.0
CUB,WIPT,0.0,123,256,556,100.0
CUB,Support-only Transformer,0.0,123,256,556,100.0
CUB,ProtoNet,fixed,123,257,557,98.66666793823242
CUB,WIPT,0.0,123,257,557,100.0
CUB,Support-only Transformer,0.0,123,257,557,97.33333587646484
CUB,ProtoNet,fixed,123,258,558,96.00000381469727
CUB,WIPT,0.0,123,258,558,96.00000381469727
CUB,Support-only Transformer,0.0,123,258,558,96.00000381469727
CUB,ProtoNet,fixed,123,259,559,98.66666793823242
CUB,WIPT,0.0,123,259,559,98.66666793823242
CUB,Support-only Transformer,0.0,123,259,559,98.66666793823242
CUB,ProtoNet,fixed,123,260,560,96.00000381469727
CUB,WIPT,0.0,123,260,560,94.66667175292969
CUB,Support-only Transformer,0.0,123,260,560,94.66667175292969
CUB,ProtoNet,fixed,123,261,561,98.66666793823242
CUB,WIPT,0.0,123,261,561,98.66666793823242
CUB,Support-only Transformer,0.0,123,261,561,97.33333587646484
CUB,ProtoNet,fixed,123,262,562,100.0
CUB,WIPT,0.0,123,262,562,100.0
CUB,Support-only Transformer,0.0,123,262,562,100.0
CUB,ProtoNet,fixed,123,263,563,94.66667175292969
CUB,WIPT,0.0,123,263,563,96.00000381469727
CUB,Support-only Transformer,0.0,123,263,563,97.33333587646484
CUB,ProtoNet,fixed,123,264,564,100.0
CUB,WIPT,0.0,123,264,564,100.0
CUB,Support-only Transformer,0.0,123,264,564,100.0
CUB,ProtoNet,fixed,123,265,565,100.0
CUB,WIPT,0.0,123,265,565,100.0
CUB,Support-only Transformer,0.0,123,265,565,100.0
CUB,ProtoNet,fixed,123,266,566,97.33333587646484
CUB,WIPT,0.0,123,266,566,98.66666793823242
CUB,Support-only Transformer,0.0,123,266,566,98.66666793823242
CUB,ProtoNet,fixed,123,267,567,96.00000381469727
CUB,WIPT,0.0,123,267,567,96.00000381469727
CUB,Support-only Transformer,0.0,123,267,567,94.66667175292969
CUB,ProtoNet,fixed,123,268,568,100.0
CUB,WIPT,0.0,123,268,568,100.0
CUB,Support-only Transformer,0.0,123,268,568,100.0
CUB,ProtoNet,fixed,123,269,569,98.66666793823242
CUB,WIPT,0.0,123,269,569,98.66666793823242
CUB,Support-only Transformer,0.0,123,269,569,100.0
CUB,ProtoNet,fixed,123,270,570,100.0
CUB,WIPT,0.0,123,270,570,100.0
CUB,Support-only Transformer,0.0,123,270,570,100.0
CUB,ProtoNet,fixed,123,271,571,92.00000166893005
CUB,WIPT,0.0,123,271,571,92.00000166893005
CUB,Support-only Transformer,0.0,123,271,571,89.3333375453949
CUB,ProtoNet,fixed,123,272,572,100.0
CUB,WIPT,0.0,123,272,572,100.0
CUB,Support-only Transformer,0.0,123,272,572,100.0
CUB,ProtoNet,fixed,123,273,573,100.0
CUB,WIPT,0.0,123,273,573,100.0
CUB,Support-only Transformer,0.0,123,273,573,100.0
CUB,ProtoNet,fixed,123,274,574,97.33333587646484
CUB,WIPT,0.0,123,274,574,97.33333587646484
CUB,Support-only Transformer,0.0,123,274,574,97.33333587646484
CUB,ProtoNet,fixed,123,275,575,100.0
CUB,WIPT,0.0,123,275,575,100.0
CUB,Support-only Transformer,0.0,123,275,575,100.0
CUB,ProtoNet,fixed,123,276,576,97.33333587646484
CUB,WIPT,0.0,123,276,576,97.33333587646484
CUB,Support-only Transformer,0.0,123,276,576,97.33333587646484
CUB,ProtoNet,fixed,123,277,577,98.66666793823242
CUB,WIPT,0.0,123,277,577,98.66666793823242
CUB,Support-only Transformer,0.0,123,277,577,98.66666793823242
CUB,ProtoNet,fixed,123,278,578,94.66667175292969
CUB,WIPT,0.0,123,278,578,93.33333373069763
CUB,Support-only Transformer,0.0,123,278,578,94.66667175292969
CUB,ProtoNet,fixed,123,279,579,100.0
CUB,WIPT,0.0,123,279,579,100.0
CUB,Support-only Transformer,0.0,123,279,579,100.0
CUB,ProtoNet,fixed,123,280,580,84.00000333786011
CUB,WIPT,0.0,123,280,580,85.33333539962769
CUB,Support-only Transformer,0.0,123,280,580,85.33333539962769
CUB,ProtoNet,fixed,123,281,581,100.0
CUB,WIPT,0.0,123,281,581,100.0
CUB,Support-only Transformer,0.0,123,281,581,100.0
CUB,ProtoNet,fixed,123,282,582,96.00000381469727
CUB,WIPT,0.0,123,282,582,94.66667175292969
CUB,Support-only Transformer,0.0,123,282,582,92.00000166893005
CUB,ProtoNet,fixed,123,283,583,100.0
CUB,WIPT,0.0,123,283,583,100.0
CUB,Support-only Transformer,0.0,123,283,583,100.0
CUB,ProtoNet,fixed,123,284,584,100.0
CUB,WIPT,0.0,123,284,584,100.0
CUB,Support-only Transformer,0.0,123,284,584,100.0
CUB,ProtoNet,fixed,123,285,585,92.00000166893005
CUB,WIPT,0.0,123,285,585,92.00000166893005
CUB,Support-only Transformer,0.0,123,285,585,92.00000166893005
CUB,ProtoNet,fixed,123,286,586,97.33333587646484
CUB,WIPT,0.0,123,286,586,97.33333587646484
CUB,Support-only Transformer,0.0,123,286,586,97.33333587646484
CUB,ProtoNet,fixed,123,287,587,100.0
CUB,WIPT,0.0,123,287,587,100.0
CUB,Support-only Transformer,0.0,123,287,587,100.0
CUB,ProtoNet,fixed,123,288,588,100.0
CUB,WIPT,0.0,123,288,588,100.0
CUB,Support-only Transformer,0.0,123,288,588,100.0
CUB,ProtoNet,fixed,123,289,589,98.66666793823242
CUB,WIPT,0.0,123,289,589,98.66666793823242
CUB,Support-only Transformer,0.0,123,289,589,97.33333587646484
CUB,ProtoNet,fixed,123,290,590,100.0
CUB,WIPT,0.0,123,290,590,100.0
CUB,Support-only Transformer,0.0,123,290,590,100.0
CUB,ProtoNet,fixed,123,291,591,100.0
CUB,WIPT,0.0,123,291,591,100.0
CUB,Support-only Transformer,0.0,123,291,591,100.0
CUB,ProtoNet,fixed,123,292,592,96.00000381469727
CUB,WIPT,0.0,123,292,592,96.00000381469727
CUB,Support-only Transformer,0.0,123,292,592,96.00000381469727
CUB,ProtoNet,fixed,123,293,593,100.0
CUB,WIPT,0.0,123,293,593,100.0
CUB,Support-only Transformer,0.0,123,293,593,100.0
CUB,ProtoNet,fixed,123,294,594,97.33333587646484
CUB,WIPT,0.0,123,294,594,97.33333587646484
CUB,Support-only Transformer,0.0,123,294,594,98.66666793823242
CUB,ProtoNet,fixed,123,295,595,97.33333587646484
CUB,WIPT,0.0,123,295,595,97.33333587646484
CUB,Support-only Transformer,0.0,123,295,595,94.66667175292969
CUB,ProtoNet,fixed,123,296,596,92.00000166893005
CUB,WIPT,0.0,123,296,596,92.00000166893005
CUB,Support-only Transformer,0.0,123,296,596,85.33333539962769
CUB,ProtoNet,fixed,123,297,597,98.66666793823242
CUB,WIPT,0.0,123,297,597,98.66666793823242
CUB,Support-only Transformer,0.0,123,297,597,98.66666793823242
CUB,ProtoNet,fixed,123,298,598,100.0
CUB,WIPT,0.0,123,298,598,100.0
CUB,Support-only Transformer,0.0,123,298,598,100.0
CUB,ProtoNet,fixed,123,299,599,97.33333587646484
CUB,WIPT,0.0,123,299,599,96.00000381469727
CUB,Support-only Transformer,0.0,123,299,599,97.33333587646484
CUB,ProtoNet,fixed,2024,0,600,100.0
CUB,WIPT,0.0,2024,0,600,100.0
CUB,Support-only Transformer,0.0,2024,0,600,100.0
CUB,ProtoNet,fixed,2024,1,601,90.66666960716248
CUB,WIPT,0.0,2024,1,601,92.00000166893005
CUB,Support-only Transformer,0.0,2024,1,601,93.33333373069763
CUB,ProtoNet,fixed,2024,2,602,97.33333587646484
CUB,WIPT,0.0,2024,2,602,96.00000381469727
CUB,Support-only Transformer,0.0,2024,2,602,97.33333587646484
CUB,ProtoNet,fixed,2024,3,603,100.0
CUB,WIPT,0.0,2024,3,603,100.0
CUB,Support-only Transformer,0.0,2024,3,603,100.0
CUB,ProtoNet,fixed,2024,4,604,100.0
CUB,WIPT,0.0,2024,4,604,100.0
CUB,Support-only Transformer,0.0,2024,4,604,100.0
CUB,ProtoNet,fixed,2024,5,605,97.33333587646484
CUB,WIPT,0.0,2024,5,605,97.33333587646484
CUB,Support-only Transformer,0.0,2024,5,605,96.00000381469727
CUB,ProtoNet,fixed,2024,6,606,98.66666793823242
CUB,WIPT,0.0,2024,6,606,98.66666793823242
CUB,Support-only Transformer,0.0,2024,6,606,98.66666793823242
CUB,ProtoNet,fixed,2024,7,607,100.0
CUB,WIPT,0.0,2024,7,607,100.0
CUB,Support-only Transformer,0.0,2024,7,607,100.0
CUB,ProtoNet,fixed,2024,8,608,98.66666793823242
CUB,WIPT,0.0,2024,8,608,98.66666793823242
CUB,Support-only Transformer,0.0,2024,8,608,98.66666793823242
CUB,ProtoNet,fixed,2024,9,609,98.66666793823242
CUB,WIPT,0.0,2024,9,609,98.66666793823242
CUB,Support-only Transformer,0.0,2024,9,609,98.66666793823242
CUB,ProtoNet,fixed,2024,10,610,98.66666793823242
CUB,WIPT,0.0,2024,10,610,98.66666793823242
CUB,Support-only Transformer,0.0,2024,10,610,100.0
CUB,ProtoNet,fixed,2024,11,611,100.0
CUB,WIPT,0.0,2024,11,611,100.0
CUB,Support-only Transformer,0.0,2024,11,611,100.0
CUB,ProtoNet,fixed,2024,12,612,92.00000166893005
CUB,WIPT,0.0,2024,12,612,94.66667175292969
CUB,Support-only Transformer,0.0,2024,12,612,92.00000166893005
CUB,ProtoNet,fixed,2024,13,613,93.33333373069763
CUB,WIPT,0.0,2024,13,613,94.66667175292969
CUB,Support-only Transformer,0.0,2024,13,613,93.33333373069763
CUB,ProtoNet,fixed,2024,14,614,98.66666793823242
CUB,WIPT,0.0,2024,14,614,98.66666793823242
CUB,Support-only Transformer,0.0,2024,14,614,100.0
CUB,ProtoNet,fixed,2024,15,615,100.0
CUB,WIPT,0.0,2024,15,615,100.0
CUB,Support-only Transformer,0.0,2024,15,615,100.0
CUB,ProtoNet,fixed,2024,16,616,87.99999952316284
CUB,WIPT,0.0,2024,16,616,84.00000333786011
CUB,Support-only Transformer,0.0,2024,16,616,87.99999952316284
CUB,ProtoNet,fixed,2024,17,617,100.0
CUB,WIPT,0.0,2024,17,617,100.0
CUB,Support-only Transformer,0.0,2024,17,617,100.0
CUB,ProtoNet,fixed,2024,18,618,100.0
CUB,WIPT,0.0,2024,18,618,100.0
CUB,Support-only Transformer,0.0,2024,18,618,100.0
CUB,ProtoNet,fixed,2024,19,619,100.0
CUB,WIPT,0.0,2024,19,619,100.0
CUB,Support-only Transformer,0.0,2024,19,619,100.0
CUB,ProtoNet,fixed,2024,20,620,98.66666793823242
CUB,WIPT,0.0,2024,20,620,96.00000381469727
CUB,Support-only Transformer,0.0,2024,20,620,100.0
CUB,ProtoNet,fixed,2024,21,621,94.66667175292969
CUB,WIPT,0.0,2024,21,621,94.66667175292969
CUB,Support-only Transformer,0.0,2024,21,621,94.66667175292969
CUB,ProtoNet,fixed,2024,22,622,97.33333587646484
CUB,WIPT,0.0,2024,22,622,97.33333587646484
CUB,Support-only Transformer,0.0,2024,22,622,97.33333587646484
CUB,ProtoNet,fixed,2024,23,623,98.66666793823242
CUB,WIPT,0.0,2024,23,623,98.66666793823242
CUB,Support-only Transformer,0.0,2024,23,623,98.66666793823242
CUB,ProtoNet,fixed,2024,24,624,100.0
CUB,WIPT,0.0,2024,24,624,98.66666793823242
CUB,Support-only Transformer,0.0,2024,24,624,98.66666793823242
CUB,ProtoNet,fixed,2024,25,625,94.66667175292969
CUB,WIPT,0.0,2024,25,625,96.00000381469727
CUB,Support-only Transformer,0.0,2024,25,625,96.00000381469727
CUB,ProtoNet,fixed,2024,26,626,98.66666793823242
CUB,WIPT,0.0,2024,26,626,98.66666793823242
CUB,Support-only Transformer,0.0,2024,26,626,100.0
CUB,ProtoNet,fixed,2024,27,627,98.66666793823242
CUB,WIPT,0.0,2024,27,627,98.66666793823242
CUB,Support-only Transformer,0.0,2024,27,627,98.66666793823242
CUB,ProtoNet,fixed,2024,28,628,100.0
CUB,WIPT,0.0,2024,28,628,100.0
CUB,Support-only Transformer,0.0,2024,28,628,98.66666793823242
CUB,ProtoNet,fixed,2024,29,629,100.0
CUB,WIPT,0.0,2024,29,629,100.0
CUB,Support-only Transformer,0.0,2024,29,629,100.0
CUB,ProtoNet,fixed,2024,30,630,98.66666793823242
CUB,WIPT,0.0,2024,30,630,98.66666793823242
CUB,Support-only Transformer,0.0,2024,30,630,98.66666793823242
CUB,ProtoNet,fixed,2024,31,631,98.66666793823242
CUB,WIPT,0.0,2024,31,631,98.66666793823242
CUB,Support-only Transformer,0.0,2024,31,631,98.66666793823242
CUB,ProtoNet,fixed,2024,32,632,98.66666793823242
CUB,WIPT,0.0,2024,32,632,100.0
CUB,Support-only Transformer,0.0,2024,32,632,100.0
CUB,ProtoNet,fixed,2024,33,633,94.66667175292969
CUB,WIPT,0.0,2024,33,633,94.66667175292969
CUB,Support-only Transformer,0.0,2024,33,633,92.00000166893005
CUB,ProtoNet,fixed,2024,34,634,97.33333587646484
CUB,WIPT,0.0,2024,34,634,97.33333587646484
CUB,Support-only Transformer,0.0,2024,34,634,96.00000381469727
CUB,ProtoNet,fixed,2024,35,635,100.0
CUB,WIPT,0.0,2024,35,635,100.0
CUB,Support-only Transformer,0.0,2024,35,635,100.0
CUB,ProtoNet,fixed,2024,36,636,98.66666793823242
CUB,WIPT,0.0,2024,36,636,98.66666793823242
CUB,Support-only Transformer,0.0,2024,36,636,98.66666793823242
CUB,ProtoNet,fixed,2024,37,637,96.00000381469727
CUB,WIPT,0.0,2024,37,637,96.00000381469727
CUB,Support-only Transformer,0.0,2024,37,637,98.66666793823242
CUB,ProtoNet,fixed,2024,38,638,94.66667175292969
CUB,WIPT,0.0,2024,38,638,93.33333373069763
CUB,Support-only Transformer,0.0,2024,38,638,94.66667175292969
CUB,ProtoNet,fixed,2024,39,639,97.33333587646484
CUB,WIPT,0.0,2024,39,639,98.66666793823242
CUB,Support-only Transformer,0.0,2024,39,639,98.66666793823242
CUB,ProtoNet,fixed,2024,40,640,92.00000166893005
CUB,WIPT,0.0,2024,40,640,93.33333373069763
CUB,Support-only Transformer,0.0,2024,40,640,96.00000381469727
CUB,ProtoNet,fixed,2024,41,641,94.66667175292969
CUB,WIPT,0.0,2024,41,641,96.00000381469727
CUB,Support-only Transformer,0.0,2024,41,641,96.00000381469727
CUB,ProtoNet,fixed,2024,42,642,100.0
CUB,WIPT,0.0,2024,42,642,100.0
CUB,Support-only Transformer,0.0,2024,42,642,98.66666793823242
CUB,ProtoNet,fixed,2024,43,643,100.0
CUB,WIPT,0.0,2024,43,643,100.0
CUB,Support-only Transformer,0.0,2024,43,643,100.0
CUB,ProtoNet,fixed,2024,44,644,97.33333587646484
CUB,WIPT,0.0,2024,44,644,97.33333587646484
CUB,Support-only Transformer,0.0,2024,44,644,97.33333587646484
CUB,ProtoNet,fixed,2024,45,645,100.0
CUB,WIPT,0.0,2024,45,645,100.0
CUB,Support-only Transformer,0.0,2024,45,645,100.0
CUB,ProtoNet,fixed,2024,46,646,98.66666793823242
CUB,WIPT,0.0,2024,46,646,98.66666793823242
CUB,Support-only Transformer,0.0,2024,46,646,98.66666793823242
CUB,ProtoNet,fixed,2024,47,647,100.0
CUB,WIPT,0.0,2024,47,647,100.0
CUB,Support-only Transformer,0.0,2024,47,647,100.0
CUB,ProtoNet,fixed,2024,48,648,98.66666793823242
CUB,WIPT,0.0,2024,48,648,100.0
CUB,Support-only Transformer,0.0,2024,48,648,100.0
CUB,ProtoNet,fixed,2024,49,649,94.66667175292969
CUB,WIPT,0.0,2024,49,649,93.33333373069763
CUB,Support-only Transformer,0.0,2024,49,649,92.00000166893005
CUB,ProtoNet,fixed,2024,50,650,84.00000333786011
CUB,WIPT,0.0,2024,50,650,84.00000333786011
CUB,Support-only Transformer,0.0,2024,50,650,84.00000333786011
CUB,ProtoNet,fixed,2024,51,651,97.33333587646484
CUB,WIPT,0.0,2024,51,651,97.33333587646484
CUB,Support-only Transformer,0.0,2024,51,651,97.33333587646484
CUB,ProtoNet,fixed,2024,52,652,100.0
CUB,WIPT,0.0,2024,52,652,100.0
CUB,Support-only Transformer,0.0,2024,52,652,100.0
CUB,ProtoNet,fixed,2024,53,653,98.66666793823242
CUB,WIPT,0.0,2024,53,653,98.66666793823242
CUB,Support-only Transformer,0.0,2024,53,653,98.66666793823242
CUB,ProtoNet,fixed,2024,54,654,100.0
CUB,WIPT,0.0,2024,54,654,100.0
CUB,Support-only Transformer,0.0,2024,54,654,100.0
CUB,ProtoNet,fixed,2024,55,655,100.0
CUB,WIPT,0.0,2024,55,655,100.0
CUB,Support-only Transformer,0.0,2024,55,655,100.0
CUB,ProtoNet,fixed,2024,56,656,100.0
CUB,WIPT,0.0,2024,56,656,100.0
CUB,Support-only Transformer,0.0,2024,56,656,100.0
CUB,ProtoNet,fixed,2024,57,657,98.66666793823242
CUB,WIPT,0.0,2024,57,657,98.66666793823242
CUB,Support-only Transformer,0.0,2024,57,657,98.66666793823242
CUB,ProtoNet,fixed,2024,58,658,92.00000166893005
CUB,WIPT,0.0,2024,58,658,92.00000166893005
CUB,Support-only Transformer,0.0,2024,58,658,93.33333373069763
CUB,ProtoNet,fixed,2024,59,659,100.0
CUB,WIPT,0.0,2024,59,659,100.0
CUB,Support-only Transformer,0.0,2024,59,659,100.0
CUB,ProtoNet,fixed,2024,60,660,98.66666793823242
CUB,WIPT,0.0,2024,60,660,98.66666793823242
CUB,Support-only Transformer,0.0,2024,60,660,98.66666793823242
CUB,ProtoNet,fixed,2024,61,661,97.33333587646484
CUB,WIPT,0.0,2024,61,661,97.33333587646484
CUB,Support-only Transformer,0.0,2024,61,661,96.00000381469727
CUB,ProtoNet,fixed,2024,62,662,98.66666793823242
CUB,WIPT,0.0,2024,62,662,97.33333587646484
CUB,Support-only Transformer,0.0,2024,62,662,97.33333587646484
CUB,ProtoNet,fixed,2024,63,663,98.66666793823242
CUB,WIPT,0.0,2024,63,663,98.66666793823242
CUB,Support-only Transformer,0.0,2024,63,663,98.66666793823242
CUB,ProtoNet,fixed,2024,64,664,98.66666793823242
CUB,WIPT,0.0,2024,64,664,98.66666793823242
CUB,Support-only Transformer,0.0,2024,64,664,100.0
CUB,ProtoNet,fixed,2024,65,665,97.33333587646484
CUB,WIPT,0.0,2024,65,665,97.33333587646484
CUB,Support-only Transformer,0.0,2024,65,665,100.0
CUB,ProtoNet,fixed,2024,66,666,98.66666793823242
CUB,WIPT,0.0,2024,66,666,98.66666793823242
CUB,Support-only Transformer,0.0,2024,66,666,98.66666793823242
CUB,ProtoNet,fixed,2024,67,667,94.66667175292969
CUB,WIPT,0.0,2024,67,667,94.66667175292969
CUB,Support-only Transformer,0.0,2024,67,667,94.66667175292969
CUB,ProtoNet,fixed,2024,68,668,98.66666793823242
CUB,WIPT,0.0,2024,68,668,98.66666793823242
CUB,Support-only Transformer,0.0,2024,68,668,98.66666793823242
CUB,ProtoNet,fixed,2024,69,669,97.33333587646484
CUB,WIPT,0.0,2024,69,669,97.33333587646484
CUB,Support-only Transformer,0.0,2024,69,669,96.00000381469727
CUB,ProtoNet,fixed,2024,70,670,98.66666793823242
CUB,WIPT,0.0,2024,70,670,98.66666793823242
CUB,Support-only Transformer,0.0,2024,70,670,98.66666793823242
CUB,ProtoNet,fixed,2024,71,671,100.0
CUB,WIPT,0.0,2024,71,671,100.0
CUB,Support-only Transformer,0.0,2024,71,671,98.66666793823242
CUB,ProtoNet,fixed,2024,72,672,100.0
CUB,WIPT,0.0,2024,72,672,98.66666793823242
CUB,Support-only Transformer,0.0,2024,72,672,100.0
CUB,ProtoNet,fixed,2024,73,673,96.00000381469727
CUB,WIPT,0.0,2024,73,673,96.00000381469727
CUB,Support-only Transformer,0.0,2024,73,673,96.00000381469727
CUB,ProtoNet,fixed,2024,74,674,97.33333587646484
CUB,WIPT,0.0,2024,74,674,97.33333587646484
CUB,Support-only Transformer,0.0,2024,74,674,98.66666793823242
CUB,ProtoNet,fixed,2024,75,675,100.0
CUB,WIPT,0.0,2024,75,675,100.0
CUB,Support-only Transformer,0.0,2024,75,675,100.0
CUB,ProtoNet,fixed,2024,76,676,97.33333587646484
CUB,WIPT,0.0,2024,76,676,97.33333587646484
CUB,Support-only Transformer,0.0,2024,76,676,97.33333587646484
CUB,ProtoNet,fixed,2024,77,677,100.0
CUB,WIPT,0.0,2024,77,677,100.0
CUB,Support-only Transformer,0.0,2024,77,677,100.0
CUB,ProtoNet,fixed,2024,78,678,93.33333373069763
CUB,WIPT,0.0,2024,78,678,93.33333373069763
CUB,Support-only Transformer,0.0,2024,78,678,89.3333375453949
CUB,ProtoNet,fixed,2024,79,679,100.0
CUB,WIPT,0.0,2024,79,679,98.66666793823242
CUB,Support-only Transformer,0.0,2024,79,679,100.0
CUB,ProtoNet,fixed,2024,80,680,100.0
CUB,WIPT,0.0,2024,80,680,100.0
CUB,Support-only Transformer,0.0,2024,80,680,100.0
CUB,ProtoNet,fixed,2024,81,681,97.33333587646484
CUB,WIPT,0.0,2024,81,681,97.33333587646484
CUB,Support-only Transformer,0.0,2024,81,681,97.33333587646484
CUB,ProtoNet,fixed,2024,82,682,100.0
CUB,WIPT,0.0,2024,82,682,100.0
CUB,Support-only Transformer,0.0,2024,82,682,100.0
CUB,ProtoNet,fixed,2024,83,683,94.66667175292969
CUB,WIPT,0.0,2024,83,683,96.00000381469727
CUB,Support-only Transformer,0.0,2024,83,683,94.66667175292969
CUB,ProtoNet,fixed,2024,84,684,97.33333587646484
CUB,WIPT,0.0,2024,84,684,96.00000381469727
CUB,Support-only Transformer,0.0,2024,84,684,97.33333587646484
CUB,ProtoNet,fixed,2024,85,685,98.66666793823242
CUB,WIPT,0.0,2024,85,685,98.66666793823242
CUB,Support-only Transformer,0.0,2024,85,685,98.66666793823242
CUB,ProtoNet,fixed,2024,86,686,96.00000381469727
CUB,WIPT,0.0,2024,86,686,97.33333587646484
CUB,Support-only Transformer,0.0,2024,86,686,94.66667175292969
CUB,ProtoNet,fixed,2024,87,687,100.0
CUB,WIPT,0.0,2024,87,687,100.0
CUB,Support-only Transformer,0.0,2024,87,687,100.0
CUB,ProtoNet,fixed,2024,88,688,92.00000166893005
CUB,WIPT,0.0,2024,88,688,92.00000166893005
CUB,Support-only Transformer,0.0,2024,88,688,96.00000381469727
CUB,ProtoNet,fixed,2024,89,689,98.66666793823242
CUB,WIPT,0.0,2024,89,689,98.66666793823242
CUB,Support-only Transformer,0.0,2024,89,689,98.66666793823242
CUB,ProtoNet,fixed,2024,90,690,97.33333587646484
CUB,WIPT,0.0,2024,90,690,94.66667175292969
CUB,Support-only Transformer,0.0,2024,90,690,97.33333587646484
CUB,ProtoNet,fixed,2024,91,691,97.33333587646484
CUB,WIPT,0.0,2024,91,691,97.33333587646484
CUB,Support-only Transformer,0.0,2024,91,691,98.66666793823242
CUB,ProtoNet,fixed,2024,92,692,96.00000381469727
CUB,WIPT,0.0,2024,92,692,96.00000381469727
CUB,Support-only Transformer,0.0,2024,92,692,94.66667175292969
CUB,ProtoNet,fixed,2024,93,693,100.0
CUB,WIPT,0.0,2024,93,693,100.0
CUB,Support-only Transformer,0.0,2024,93,693,100.0
CUB,ProtoNet,fixed,2024,94,694,93.33333373069763
CUB,WIPT,0.0,2024,94,694,94.66667175292969
CUB,Support-only Transformer,0.0,2024,94,694,96.00000381469727
CUB,ProtoNet,fixed,2024,95,695,100.0
CUB,WIPT,0.0,2024,95,695,100.0
CUB,Support-only Transformer,0.0,2024,95,695,100.0
CUB,ProtoNet,fixed,2024,96,696,90.66666960716248
CUB,WIPT,0.0,2024,96,696,90.66666960716248
CUB,Support-only Transformer,0.0,2024,96,696,89.3333375453949
CUB,ProtoNet,fixed,2024,97,697,93.33333373069763
CUB,WIPT,0.0,2024,97,697,92.00000166893005
CUB,Support-only Transformer,0.0,2024,97,697,92.00000166893005
CUB,ProtoNet,fixed,2024,98,698,98.66666793823242
CUB,WIPT,0.0,2024,98,698,100.0
CUB,Support-only Transformer,0.0,2024,98,698,100.0
CUB,ProtoNet,fixed,2024,99,699,90.66666960716248
CUB,WIPT,0.0,2024,99,699,93.33333373069763
CUB,Support-only Transformer,0.0,2024,99,699,96.00000381469727
CUB,ProtoNet,fixed,2024,100,700,98.66666793823242
CUB,WIPT,0.0,2024,100,700,98.66666793823242
CUB,Support-only Transformer,0.0,2024,100,700,100.0
CUB,ProtoNet,fixed,2024,101,701,100.0
CUB,WIPT,0.0,2024,101,701,100.0
CUB,Support-only Transformer,0.0,2024,101,701,100.0
CUB,ProtoNet,fixed,2024,102,702,100.0
CUB,WIPT,0.0,2024,102,702,100.0
CUB,Support-only Transformer,0.0,2024,102,702,100.0
CUB,ProtoNet,fixed,2024,103,703,100.0
CUB,WIPT,0.0,2024,103,703,100.0
CUB,Support-only Transformer,0.0,2024,103,703,100.0
CUB,ProtoNet,fixed,2024,104,704,98.66666793823242
CUB,WIPT,0.0,2024,104,704,98.66666793823242
CUB,Support-only Transformer,0.0,2024,104,704,100.0
CUB,ProtoNet,fixed,2024,105,705,100.0
CUB,WIPT,0.0,2024,105,705,100.0
CUB,Support-only Transformer,0.0,2024,105,705,100.0
CUB,ProtoNet,fixed,2024,106,706,100.0
CUB,WIPT,0.0,2024,106,706,100.0
CUB,Support-only Transformer,0.0,2024,106,706,100.0
CUB,ProtoNet,fixed,2024,107,707,94.66667175292969
CUB,WIPT,0.0,2024,107,707,93.33333373069763
CUB,Support-only Transformer,0.0,2024,107,707,90.66666960716248
CUB,ProtoNet,fixed,2024,108,708,100.0
CUB,WIPT,0.0,2024,108,708,100.0
CUB,Support-only Transformer,0.0,2024,108,708,100.0
CUB,ProtoNet,fixed,2024,109,709,97.33333587646484
CUB,WIPT,0.0,2024,109,709,97.33333587646484
CUB,Support-only Transformer,0.0,2024,109,709,97.33333587646484
CUB,ProtoNet,fixed,2024,110,710,100.0
CUB,WIPT,0.0,2024,110,710,100.0
CUB,Support-only Transformer,0.0,2024,110,710,100.0
CUB,ProtoNet,fixed,2024,111,711,98.66666793823242
CUB,WIPT,0.0,2024,111,711,98.66666793823242
CUB,Support-only Transformer,0.0,2024,111,711,98.66666793823242
CUB,ProtoNet,fixed,2024,112,712,93.33333373069763
CUB,WIPT,0.0,2024,112,712,93.33333373069763
CUB,Support-only Transformer,0.0,2024,112,712,93.33333373069763
CUB,ProtoNet,fixed,2024,113,713,100.0
CUB,WIPT,0.0,2024,113,713,100.0
CUB,Support-only Transformer,0.0,2024,113,713,100.0
CUB,ProtoNet,fixed,2024,114,714,97.33333587646484
CUB,WIPT,0.0,2024,114,714,97.33333587646484
CUB,Support-only Transformer,0.0,2024,114,714,98.66666793823242
CUB,ProtoNet,fixed,2024,115,715,96.00000381469727
CUB,WIPT,0.0,2024,115,715,96.00000381469727
CUB,Support-only Transformer,0.0,2024,115,715,96.00000381469727
CUB,ProtoNet,fixed,2024,116,716,100.0
CUB,WIPT,0.0,2024,116,716,100.0
CUB,Support-only Transformer,0.0,2024,116,716,98.66666793823242
CUB,ProtoNet,fixed,2024,117,717,98.66666793823242
CUB,WIPT,0.0,2024,117,717,98.66666793823242
CUB,Support-only Transformer,0.0,2024,117,717,98.66666793823242
CUB,ProtoNet,fixed,2024,118,718,97.33333587646484
CUB,WIPT,0.0,2024,118,718,97.33333587646484
CUB,Support-only Transformer,0.0,2024,118,718,100.0
CUB,ProtoNet,fixed,2024,119,719,93.33333373069763
CUB,WIPT,0.0,2024,119,719,96.00000381469727
CUB,Support-only Transformer,0.0,2024,119,719,93.33333373069763
CUB,ProtoNet,fixed,2024,120,720,100.0
CUB,WIPT,0.0,2024,120,720,100.0
CUB,Support-only Transformer,0.0,2024,120,720,100.0
CUB,ProtoNet,fixed,2024,121,721,96.00000381469727
CUB,WIPT,0.0,2024,121,721,96.00000381469727
CUB,Support-only Transformer,0.0,2024,121,721,96.00000381469727
CUB,ProtoNet,fixed,2024,122,722,84.00000333786011
CUB,WIPT,0.0,2024,122,722,81.33333325386047
CUB,Support-only Transformer,0.0,2024,122,722,82.66667127609253
CUB,ProtoNet,fixed,2024,123,723,87.99999952316284
CUB,WIPT,0.0,2024,123,723,87.99999952316284
CUB,Support-only Transformer,0.0,2024,123,723,90.66666960716248
CUB,ProtoNet,fixed,2024,124,724,100.0
CUB,WIPT,0.0,2024,124,724,100.0
CUB,Support-only Transformer,0.0,2024,124,724,100.0
CUB,ProtoNet,fixed,2024,125,725,94.66667175292969
CUB,WIPT,0.0,2024,125,725,94.66667175292969
CUB,Support-only Transformer,0.0,2024,125,725,94.66667175292969
CUB,ProtoNet,fixed,2024,126,726,100.0
CUB,WIPT,0.0,2024,126,726,100.0
CUB,Support-only Transformer,0.0,2024,126,726,100.0
CUB,ProtoNet,fixed,2024,127,727,100.0
CUB,WIPT,0.0,2024,127,727,98.66666793823242
CUB,Support-only Transformer,0.0,2024,127,727,98.66666793823242
CUB,ProtoNet,fixed,2024,128,728,98.66666793823242
CUB,WIPT,0.0,2024,128,728,94.66667175292969
CUB,Support-only Transformer,0.0,2024,128,728,94.66667175292969
CUB,ProtoNet,fixed,2024,129,729,100.0
CUB,WIPT,0.0,2024,129,729,100.0
CUB,Support-only Transformer,0.0,2024,129,729,100.0
CUB,ProtoNet,fixed,2024,130,730,96.00000381469727
CUB,WIPT,0.0,2024,130,730,96.00000381469727
CUB,Support-only Transformer,0.0,2024,130,730,96.00000381469727
CUB,ProtoNet,fixed,2024,131,731,100.0
CUB,WIPT,0.0,2024,131,731,100.0
CUB,Support-only Transformer,0.0,2024,131,731,100.0
CUB,ProtoNet,fixed,2024,132,732,100.0
CUB,WIPT,0.0,2024,132,732,100.0
CUB,Support-only Transformer,0.0,2024,132,732,100.0
CUB,ProtoNet,fixed,2024,133,733,100.0
CUB,WIPT,0.0,2024,133,733,100.0
CUB,Support-only Transformer,0.0,2024,133,733,100.0
CUB,ProtoNet,fixed,2024,134,734,98.66666793823242
CUB,WIPT,0.0,2024,134,734,98.66666793823242
CUB,Support-only Transformer,0.0,2024,134,734,100.0
CUB,ProtoNet,fixed,2024,135,735,97.33333587646484
CUB,WIPT,0.0,2024,135,735,97.33333587646484
CUB,Support-only Transformer,0.0,2024,135,735,97.33333587646484
CUB,ProtoNet,fixed,2024,136,736,97.33333587646484
CUB,WIPT,0.0,2024,136,736,97.33333587646484
CUB,Support-only Transformer,0.0,2024,136,736,94.66667175292969
CUB,ProtoNet,fixed,2024,137,737,96.00000381469727
CUB,WIPT,0.0,2024,137,737,96.00000381469727
CUB,Support-only Transformer,0.0,2024,137,737,96.00000381469727
CUB,ProtoNet,fixed,2024,138,738,98.66666793823242
CUB,WIPT,0.0,2024,138,738,98.66666793823242
CUB,Support-only Transformer,0.0,2024,138,738,98.66666793823242
CUB,ProtoNet,fixed,2024,139,739,100.0
CUB,WIPT,0.0,2024,139,739,100.0
CUB,Support-only Transformer,0.0,2024,139,739,100.0
CUB,ProtoNet,fixed,2024,140,740,100.0
CUB,WIPT,0.0,2024,140,740,100.0
CUB,Support-only Transformer,0.0,2024,140,740,100.0
CUB,ProtoNet,fixed,2024,141,741,85.33333539962769
CUB,WIPT,0.0,2024,141,741,84.00000333786011
CUB,Support-only Transformer,0.0,2024,141,741,82.66667127609253
CUB,ProtoNet,fixed,2024,142,742,97.33333587646484
CUB,WIPT,0.0,2024,142,742,97.33333587646484
CUB,Support-only Transformer,0.0,2024,142,742,100.0
CUB,ProtoNet,fixed,2024,143,743,100.0
CUB,WIPT,0.0,2024,143,743,100.0
CUB,Support-only Transformer,0.0,2024,143,743,100.0
CUB,ProtoNet,fixed,2024,144,744,98.66666793823242
CUB,WIPT,0.0,2024,144,744,98.66666793823242
CUB,Support-only Transformer,0.0,2024,144,744,98.66666793823242
CUB,ProtoNet,fixed,2024,145,745,100.0
CUB,WIPT,0.0,2024,145,745,100.0
CUB,Support-only Transformer,0.0,2024,145,745,100.0
CUB,ProtoNet,fixed,2024,146,746,97.33333587646484
CUB,WIPT,0.0,2024,146,746,97.33333587646484
CUB,Support-only Transformer,0.0,2024,146,746,97.33333587646484
CUB,ProtoNet,fixed,2024,147,747,100.0
CUB,WIPT,0.0,2024,147,747,100.0
CUB,Support-only Transformer,0.0,2024,147,747,98.66666793823242
CUB,ProtoNet,fixed,2024,148,748,100.0
CUB,WIPT,0.0,2024,148,748,100.0
CUB,Support-only Transformer,0.0,2024,148,748,100.0
CUB,ProtoNet,fixed,2024,149,749,98.66666793823242
CUB,WIPT,0.0,2024,149,749,98.66666793823242
CUB,Support-only Transformer,0.0,2024,149,749,100.0
CUB,ProtoNet,fixed,2024,150,750,100.0
CUB,WIPT,0.0,2024,150,750,100.0
CUB,Support-only Transformer,0.0,2024,150,750,100.0
CUB,ProtoNet,fixed,2024,151,751,97.33333587646484
CUB,WIPT,0.0,2024,151,751,97.33333587646484
CUB,Support-only Transformer,0.0,2024,151,751,97.33333587646484
CUB,ProtoNet,fixed,2024,152,752,98.66666793823242
CUB,WIPT,0.0,2024,152,752,98.66666793823242
CUB,Support-only Transformer,0.0,2024,152,752,98.66666793823242
CUB,ProtoNet,fixed,2024,153,753,100.0
CUB,WIPT,0.0,2024,153,753,100.0
CUB,Support-only Transformer,0.0,2024,153,753,100.0
CUB,ProtoNet,fixed,2024,154,754,93.33333373069763
CUB,WIPT,0.0,2024,154,754,94.66667175292969
CUB,Support-only Transformer,0.0,2024,154,754,94.66667175292969
CUB,ProtoNet,fixed,2024,155,755,96.00000381469727
CUB,WIPT,0.0,2024,155,755,96.00000381469727
CUB,Support-only Transformer,0.0,2024,155,755,96.00000381469727
CUB,ProtoNet,fixed,2024,156,756,97.33333587646484
CUB,WIPT,0.0,2024,156,756,97.33333587646484
CUB,Support-only Transformer,0.0,2024,156,756,97.33333587646484
CUB,ProtoNet,fixed,2024,157,757,100.0
CUB,WIPT,0.0,2024,157,757,100.0
CUB,Support-only Transformer,0.0,2024,157,757,100.0
CUB,ProtoNet,fixed,2024,158,758,98.66666793823242
CUB,WIPT,0.0,2024,158,758,98.66666793823242
CUB,Support-only Transformer,0.0,2024,158,758,97.33333587646484
CUB,ProtoNet,fixed,2024,159,759,98.66666793823242
CUB,WIPT,0.0,2024,159,759,98.66666793823242
CUB,Support-only Transformer,0.0,2024,159,759,98.66666793823242
CUB,ProtoNet,fixed,2024,160,760,97.33333587646484
CUB,WIPT,0.0,2024,160,760,97.33333587646484
CUB,Support-only Transformer,0.0,2024,160,760,97.33333587646484
CUB,ProtoNet,fixed,2024,161,761,100.0
CUB,WIPT,0.0,2024,161,761,100.0
CUB,Support-only Transformer,0.0,2024,161,761,100.0
CUB,ProtoNet,fixed,2024,162,762,100.0
CUB,WIPT,0.0,2024,162,762,100.0
CUB,Support-only Transformer,0.0,2024,162,762,100.0
CUB,ProtoNet,fixed,2024,163,763,97.33333587646484
CUB,WIPT,0.0,2024,163,763,97.33333587646484
CUB,Support-only Transformer,0.0,2024,163,763,98.66666793823242
CUB,ProtoNet,fixed,2024,164,764,98.66666793823242
CUB,WIPT,0.0,2024,164,764,98.66666793823242
CUB,Support-only Transformer,0.0,2024,164,764,97.33333587646484
CUB,ProtoNet,fixed,2024,165,765,87.99999952316284
CUB,WIPT,0.0,2024,165,765,87.99999952316284
CUB,Support-only Transformer,0.0,2024,165,765,86.66666746139526
CUB,ProtoNet,fixed,2024,166,766,100.0
CUB,WIPT,0.0,2024,166,766,100.0
CUB,Support-only Transformer,0.0,2024,166,766,100.0
CUB,ProtoNet,fixed,2024,167,767,100.0
CUB,WIPT,0.0,2024,167,767,100.0
CUB,Support-only Transformer,0.0,2024,167,767,100.0
CUB,ProtoNet,fixed,2024,168,768,90.66666960716248
CUB,WIPT,0.0,2024,168,768,92.00000166893005
CUB,Support-only Transformer,0.0,2024,168,768,92.00000166893005
CUB,ProtoNet,fixed,2024,169,769,100.0
CUB,WIPT,0.0,2024,169,769,98.66666793823242
CUB,Support-only Transformer,0.0,2024,169,769,100.0
CUB,ProtoNet,fixed,2024,170,770,92.00000166893005
CUB,WIPT,0.0,2024,170,770,89.3333375453949
CUB,Support-only Transformer,0.0,2024,170,770,90.66666960716248
CUB,ProtoNet,fixed,2024,171,771,100.0
CUB,WIPT,0.0,2024,171,771,98.66666793823242
CUB,Support-only Transformer,0.0,2024,171,771,98.66666793823242
CUB,ProtoNet,fixed,2024,172,772,98.66666793823242
CUB,WIPT,0.0,2024,172,772,98.66666793823242
CUB,Support-only Transformer,0.0,2024,172,772,98.66666793823242
CUB,ProtoNet,fixed,2024,173,773,98.66666793823242
CUB,WIPT,0.0,2024,173,773,98.66666793823242
CUB,Support-only Transformer,0.0,2024,173,773,100.0
CUB,ProtoNet,fixed,2024,174,774,85.33333539962769
CUB,WIPT,0.0,2024,174,774,87.99999952316284
CUB,Support-only Transformer,0.0,2024,174,774,82.66667127609253
CUB,ProtoNet,fixed,2024,175,775,100.0
CUB,WIPT,0.0,2024,175,775,98.66666793823242
CUB,Support-only Transformer,0.0,2024,175,775,98.66666793823242
CUB,ProtoNet,fixed,2024,176,776,98.66666793823242
CUB,WIPT,0.0,2024,176,776,100.0
CUB,Support-only Transformer,0.0,2024,176,776,97.33333587646484
CUB,ProtoNet,fixed,2024,177,777,97.33333587646484
CUB,WIPT,0.0,2024,177,777,98.66666793823242
CUB,Support-only Transformer,0.0,2024,177,777,97.33333587646484
CUB,ProtoNet,fixed,2024,178,778,98.66666793823242
CUB,WIPT,0.0,2024,178,778,98.66666793823242
CUB,Support-only Transformer,0.0,2024,178,778,98.66666793823242
CUB,ProtoNet,fixed,2024,179,779,100.0
CUB,WIPT,0.0,2024,179,779,100.0
CUB,Support-only Transformer,0.0,2024,179,779,100.0
CUB,ProtoNet,fixed,2024,180,780,100.0
CUB,WIPT,0.0,2024,180,780,100.0
CUB,Support-only Transformer,0.0,2024,180,780,100.0
CUB,ProtoNet,fixed,2024,181,781,100.0
CUB,WIPT,0.0,2024,181,781,100.0
CUB,Support-only Transformer,0.0,2024,181,781,100.0
CUB,ProtoNet,fixed,2024,182,782,92.00000166893005
CUB,WIPT,0.0,2024,182,782,92.00000166893005
CUB,Support-only Transformer,0.0,2024,182,782,94.66667175292969
CUB,ProtoNet,fixed,2024,183,783,98.66666793823242
CUB,WIPT,0.0,2024,183,783,98.66666793823242
CUB,Support-only Transformer,0.0,2024,183,783,98.66666793823242
CUB,ProtoNet,fixed,2024,184,784,98.66666793823242
CUB,WIPT,0.0,2024,184,784,97.33333587646484
CUB,Support-only Transformer,0.0,2024,184,784,97.33333587646484
CUB,ProtoNet,fixed,2024,185,785,98.66666793823242
CUB,WIPT,0.0,2024,185,785,98.66666793823242
CUB,Support-only Transformer,0.0,2024,185,785,98.66666793823242
CUB,ProtoNet,fixed,2024,186,786,97.33333587646484
CUB,WIPT,0.0,2024,186,786,97.33333587646484
CUB,Support-only Transformer,0.0,2024,186,786,97.33333587646484
CUB,ProtoNet,fixed,2024,187,787,97.33333587646484
CUB,WIPT,0.0,2024,187,787,98.66666793823242
CUB,Support-only Transformer,0.0,2024,187,787,98.66666793823242
CUB,ProtoNet,fixed,2024,188,788,100.0
CUB,WIPT,0.0,2024,188,788,100.0
CUB,Support-only Transformer,0.0,2024,188,788,100.0
CUB,ProtoNet,fixed,2024,189,789,100.0
CUB,WIPT,0.0,2024,189,789,100.0
CUB,Support-only Transformer,0.0,2024,189,789,100.0
CUB,ProtoNet,fixed,2024,190,790,98.66666793823242
CUB,WIPT,0.0,2024,190,790,98.66666793823242
CUB,Support-only Transformer,0.0,2024,190,790,100.0
CUB,ProtoNet,fixed,2024,191,791,97.33333587646484
CUB,WIPT,0.0,2024,191,791,97.33333587646484
CUB,Support-only Transformer,0.0,2024,191,791,97.33333587646484
CUB,ProtoNet,fixed,2024,192,792,100.0
CUB,WIPT,0.0,2024,192,792,100.0
CUB,Support-only Transformer,0.0,2024,192,792,100.0
CUB,ProtoNet,fixed,2024,193,793,100.0
CUB,WIPT,0.0,2024,193,793,100.0
CUB,Support-only Transformer,0.0,2024,193,793,100.0
CUB,ProtoNet,fixed,2024,194,794,96.00000381469727
CUB,WIPT,0.0,2024,194,794,97.33333587646484
CUB,Support-only Transformer,0.0,2024,194,794,96.00000381469727
CUB,ProtoNet,fixed,2024,195,795,100.0
CUB,WIPT,0.0,2024,195,795,100.0
CUB,Support-only Transformer,0.0,2024,195,795,100.0
CUB,ProtoNet,fixed,2024,196,796,86.66666746139526
CUB,WIPT,0.0,2024,196,796,89.3333375453949
CUB,Support-only Transformer,0.0,2024,196,796,86.66666746139526
CUB,ProtoNet,fixed,2024,197,797,93.33333373069763
CUB,WIPT,0.0,2024,197,797,93.33333373069763
CUB,Support-only Transformer,0.0,2024,197,797,93.33333373069763
CUB,ProtoNet,fixed,2024,198,798,98.66666793823242
CUB,WIPT,0.0,2024,198,798,100.0
CUB,Support-only Transformer,0.0,2024,198,798,98.66666793823242
CUB,ProtoNet,fixed,2024,199,799,100.0
CUB,WIPT,0.0,2024,199,799,100.0
CUB,Support-only Transformer,0.0,2024,199,799,100.0
CUB,ProtoNet,fixed,2024,200,800,93.33333373069763
CUB,WIPT,0.0,2024,200,800,94.66667175292969
CUB,Support-only Transformer,0.0,2024,200,800,94.66667175292969
CUB,ProtoNet,fixed,2024,201,801,94.66667175292969
CUB,WIPT,0.0,2024,201,801,94.66667175292969
CUB,Support-only Transformer,0.0,2024,201,801,93.33333373069763
CUB,ProtoNet,fixed,2024,202,802,93.33333373069763
CUB,WIPT,0.0,2024,202,802,93.33333373069763
CUB,Support-only Transformer,0.0,2024,202,802,92.00000166893005
CUB,ProtoNet,fixed,2024,203,803,98.66666793823242
CUB,WIPT,0.0,2024,203,803,98.66666793823242
CUB,Support-only Transformer,0.0,2024,203,803,94.66667175292969
CUB,ProtoNet,fixed,2024,204,804,96.00000381469727
CUB,WIPT,0.0,2024,204,804,94.66667175292969
CUB,Support-only Transformer,0.0,2024,204,804,94.66667175292969
CUB,ProtoNet,fixed,2024,205,805,100.0
CUB,WIPT,0.0,2024,205,805,100.0
CUB,Support-only Transformer,0.0,2024,205,805,100.0
CUB,ProtoNet,fixed,2024,206,806,97.33333587646484
CUB,WIPT,0.0,2024,206,806,97.33333587646484
CUB,Support-only Transformer,0.0,2024,206,806,92.00000166893005
CUB,ProtoNet,fixed,2024,207,807,100.0
CUB,WIPT,0.0,2024,207,807,100.0
CUB,Support-only Transformer,0.0,2024,207,807,100.0
CUB,ProtoNet,fixed,2024,208,808,100.0
CUB,WIPT,0.0,2024,208,808,100.0
CUB,Support-only Transformer,0.0,2024,208,808,100.0
CUB,ProtoNet,fixed,2024,209,809,100.0
CUB,WIPT,0.0,2024,209,809,100.0
CUB,Support-only Transformer,0.0,2024,209,809,100.0
CUB,ProtoNet,fixed,2024,210,810,97.33333587646484
CUB,WIPT,0.0,2024,210,810,97.33333587646484
CUB,Support-only Transformer,0.0,2024,210,810,97.33333587646484
CUB,ProtoNet,fixed,2024,211,811,98.66666793823242
CUB,WIPT,0.0,2024,211,811,98.66666793823242
CUB,Support-only Transformer,0.0,2024,211,811,98.66666793823242
CUB,ProtoNet,fixed,2024,212,812,100.0
CUB,WIPT,0.0,2024,212,812,100.0
CUB,Support-only Transformer,0.0,2024,212,812,100.0
CUB,ProtoNet,fixed,2024,213,813,100.0
CUB,WIPT,0.0,2024,213,813,100.0
CUB,Support-only Transformer,0.0,2024,213,813,100.0
CUB,ProtoNet,fixed,2024,214,814,100.0
CUB,WIPT,0.0,2024,214,814,100.0
CUB,Support-only Transformer,0.0,2024,214,814,100.0
CUB,ProtoNet,fixed,2024,215,815,100.0
CUB,WIPT,0.0,2024,215,815,100.0
CUB,Support-only Transformer,0.0,2024,215,815,100.0
CUB,ProtoNet,fixed,2024,216,816,100.0
CUB,WIPT,0.0,2024,216,816,100.0
CUB,Support-only Transformer,0.0,2024,216,816,100.0
CUB,ProtoNet,fixed,2024,217,817,100.0
CUB,WIPT,0.0,2024,217,817,100.0
CUB,Support-only Transformer,0.0,2024,217,817,100.0
CUB,ProtoNet,fixed,2024,218,818,100.0
CUB,WIPT,0.0,2024,218,818,100.0
CUB,Support-only Transformer,0.0,2024,218,818,100.0
CUB,ProtoNet,fixed,2024,219,819,98.66666793823242
CUB,WIPT,0.0,2024,219,819,98.66666793823242
CUB,Support-only Transformer,0.0,2024,219,819,97.33333587646484
CUB,ProtoNet,fixed,2024,220,820,98.66666793823242
CUB,WIPT,0.0,2024,220,820,98.66666793823242
CUB,Support-only Transformer,0.0,2024,220,820,98.66666793823242
CUB,ProtoNet,fixed,2024,221,821,98.66666793823242
CUB,WIPT,0.0,2024,221,821,98.66666793823242
CUB,Support-only Transformer,0.0,2024,221,821,98.66666793823242
CUB,ProtoNet,fixed,2024,222,822,97.33333587646484
CUB,WIPT,0.0,2024,222,822,97.33333587646484
CUB,Support-only Transformer,0.0,2024,222,822,97.33333587646484
CUB,ProtoNet,fixed,2024,223,823,100.0
CUB,WIPT,0.0,2024,223,823,98.66666793823242
CUB,Support-only Transformer,0.0,2024,223,823,98.66666793823242
CUB,ProtoNet,fixed,2024,224,824,98.66666793823242
CUB,WIPT,0.0,2024,224,824,96.00000381469727
CUB,Support-only Transformer,0.0,2024,224,824,98.66666793823242
CUB,ProtoNet,fixed,2024,225,825,98.66666793823242
CUB,WIPT,0.0,2024,225,825,98.66666793823242
CUB,Support-only Transformer,0.0,2024,225,825,98.66666793823242
CUB,ProtoNet,fixed,2024,226,826,94.66667175292969
CUB,WIPT,0.0,2024,226,826,94.66667175292969
CUB,Support-only Transformer,0.0,2024,226,826,94.66667175292969
CUB,ProtoNet,fixed,2024,227,827,100.0
CUB,WIPT,0.0,2024,227,827,100.0
CUB,Support-only Transformer,0.0,2024,227,827,100.0
CUB,ProtoNet,fixed,2024,228,828,98.66666793823242
CUB,WIPT,0.0,2024,228,828,98.66666793823242
CUB,Support-only Transformer,0.0,2024,228,828,97.33333587646484
CUB,ProtoNet,fixed,2024,229,829,98.66666793823242
CUB,WIPT,0.0,2024,229,829,98.66666793823242
CUB,Support-only Transformer,0.0,2024,229,829,98.66666793823242
CUB,ProtoNet,fixed,2024,230,830,100.0
CUB,WIPT,0.0,2024,230,830,100.0
CUB,Support-only Transformer,0.0,2024,230,830,100.0
CUB,ProtoNet,fixed,2024,231,831,100.0
CUB,WIPT,0.0,2024,231,831,100.0
CUB,Support-only Transformer,0.0,2024,231,831,100.0
CUB,ProtoNet,fixed,2024,232,832,100.0
CUB,WIPT,0.0,2024,232,832,100.0
CUB,Support-only Transformer,0.0,2024,232,832,98.66666793823242
CUB,ProtoNet,fixed,2024,233,833,100.0
CUB,WIPT,0.0,2024,233,833,100.0
CUB,Support-only Transformer,0.0,2024,233,833,100.0
CUB,ProtoNet,fixed,2024,234,834,97.33333587646484
CUB,WIPT,0.0,2024,234,834,97.33333587646484
CUB,Support-only Transformer,0.0,2024,234,834,93.33333373069763
CUB,ProtoNet,fixed,2024,235,835,100.0
CUB,WIPT,0.0,2024,235,835,100.0
CUB,Support-only Transformer,0.0,2024,235,835,100.0
CUB,ProtoNet,fixed,2024,236,836,97.33333587646484
CUB,WIPT,0.0,2024,236,836,97.33333587646484
CUB,Support-only Transformer,0.0,2024,236,836,98.66666793823242
CUB,ProtoNet,fixed,2024,237,837,97.33333587646484
CUB,WIPT,0.0,2024,237,837,97.33333587646484
CUB,Support-only Transformer,0.0,2024,237,837,94.66667175292969
CUB,ProtoNet,fixed,2024,238,838,98.66666793823242
CUB,WIPT,0.0,2024,238,838,98.66666793823242
CUB,Support-only Transformer,0.0,2024,238,838,100.0
CUB,ProtoNet,fixed,2024,239,839,98.66666793823242
CUB,WIPT,0.0,2024,239,839,98.66666793823242
CUB,Support-only Transformer,0.0,2024,239,839,98.66666793823242
CUB,ProtoNet,fixed,2024,240,840,100.0
CUB,WIPT,0.0,2024,240,840,100.0
CUB,Support-only Transformer,0.0,2024,240,840,100.0
CUB,ProtoNet,fixed,2024,241,841,97.33333587646484
CUB,WIPT,0.0,2024,241,841,98.66666793823242
CUB,Support-only Transformer,0.0,2024,241,841,100.0
CUB,ProtoNet,fixed,2024,242,842,97.33333587646484
CUB,WIPT,0.0,2024,242,842,98.66666793823242
CUB,Support-only Transformer,0.0,2024,242,842,97.33333587646484
CUB,ProtoNet,fixed,2024,243,843,100.0
CUB,WIPT,0.0,2024,243,843,97.33333587646484
CUB,Support-only Transformer,0.0,2024,243,843,98.66666793823242
CUB,ProtoNet,fixed,2024,244,844,98.66666793823242
CUB,WIPT,0.0,2024,244,844,98.66666793823242
CUB,Support-only Transformer,0.0,2024,244,844,98.66666793823242
CUB,ProtoNet,fixed,2024,245,845,100.0
CUB,WIPT,0.0,2024,245,845,100.0
CUB,Support-only Transformer,0.0,2024,245,845,100.0
CUB,ProtoNet,fixed,2024,246,846,100.0
CUB,WIPT,0.0,2024,246,846,100.0
CUB,Support-only Transformer,0.0,2024,246,846,100.0
CUB,ProtoNet,fixed,2024,247,847,100.0
CUB,WIPT,0.0,2024,247,847,100.0
CUB,Support-only Transformer,0.0,2024,247,847,100.0
CUB,ProtoNet,fixed,2024,248,848,98.66666793823242
CUB,WIPT,0.0,2024,248,848,97.33333587646484
CUB,Support-only Transformer,0.0,2024,248,848,98.66666793823242
CUB,ProtoNet,fixed,2024,249,849,97.33333587646484
CUB,WIPT,0.0,2024,249,849,96.00000381469727
CUB,Support-only Transformer,0.0,2024,249,849,94.66667175292969
CUB,ProtoNet,fixed,2024,250,850,96.00000381469727
CUB,WIPT,0.0,2024,250,850,96.00000381469727
CUB,Support-only Transformer,0.0,2024,250,850,96.00000381469727
CUB,ProtoNet,fixed,2024,251,851,100.0
CUB,WIPT,0.0,2024,251,851,98.66666793823242
CUB,Support-only Transformer,0.0,2024,251,851,98.66666793823242
CUB,ProtoNet,fixed,2024,252,852,92.00000166893005
CUB,WIPT,0.0,2024,252,852,90.66666960716248
CUB,Support-only Transformer,0.0,2024,252,852,78.66666913032532
CUB,ProtoNet,fixed,2024,253,853,96.00000381469727
CUB,WIPT,0.0,2024,253,853,96.00000381469727
CUB,Support-only Transformer,0.0,2024,253,853,89.3333375453949
CUB,ProtoNet,fixed,2024,254,854,98.66666793823242
CUB,WIPT,0.0,2024,254,854,98.66666793823242
CUB,Support-only Transformer,0.0,2024,254,854,98.66666793823242
CUB,ProtoNet,fixed,2024,255,855,100.0
CUB,WIPT,0.0,2024,255,855,100.0
CUB,Support-only Transformer,0.0,2024,255,855,100.0
CUB,ProtoNet,fixed,2024,256,856,97.33333587646484
CUB,WIPT,0.0,2024,256,856,98.66666793823242
CUB,Support-only Transformer,0.0,2024,256,856,97.33333587646484
CUB,ProtoNet,fixed,2024,257,857,96.00000381469727
CUB,WIPT,0.0,2024,257,857,96.00000381469727
CUB,Support-only Transformer,0.0,2024,257,857,96.00000381469727
CUB,ProtoNet,fixed,2024,258,858,98.66666793823242
CUB,WIPT,0.0,2024,258,858,98.66666793823242
CUB,Support-only Transformer,0.0,2024,258,858,98.66666793823242
CUB,ProtoNet,fixed,2024,259,859,94.66667175292969
CUB,WIPT,0.0,2024,259,859,94.66667175292969
CUB,Support-only Transformer,0.0,2024,259,859,94.66667175292969
CUB,ProtoNet,fixed,2024,260,860,98.66666793823242
CUB,WIPT,0.0,2024,260,860,98.66666793823242
CUB,Support-only Transformer,0.0,2024,260,860,93.33333373069763
CUB,ProtoNet,fixed,2024,261,861,100.0
CUB,WIPT,0.0,2024,261,861,100.0
CUB,Support-only Transformer,0.0,2024,261,861,100.0
CUB,ProtoNet,fixed,2024,262,862,100.0
CUB,WIPT,0.0,2024,262,862,100.0
CUB,Support-only Transformer,0.0,2024,262,862,100.0
CUB,ProtoNet,fixed,2024,263,863,84.00000333786011
CUB,WIPT,0.0,2024,263,863,84.00000333786011
CUB,Support-only Transformer,0.0,2024,263,863,78.66666913032532
CUB,ProtoNet,fixed,2024,264,864,100.0
CUB,WIPT,0.0,2024,264,864,100.0
CUB,Support-only Transformer,0.0,2024,264,864,100.0
CUB,ProtoNet,fixed,2024,265,865,87.99999952316284
CUB,WIPT,0.0,2024,265,865,84.00000333786011
CUB,Support-only Transformer,0.0,2024,265,865,90.66666960716248
CUB,ProtoNet,fixed,2024,266,866,100.0
CUB,WIPT,0.0,2024,266,866,100.0
CUB,Support-only Transformer,0.0,2024,266,866,100.0
CUB,ProtoNet,fixed,2024,267,867,100.0
CUB,WIPT,0.0,2024,267,867,100.0
CUB,Support-only Transformer,0.0,2024,267,867,100.0
CUB,ProtoNet,fixed,2024,268,868,100.0
CUB,WIPT,0.0,2024,268,868,100.0
CUB,Support-only Transformer,0.0,2024,268,868,100.0
CUB,ProtoNet,fixed,2024,269,869,100.0
CUB,WIPT,0.0,2024,269,869,100.0
CUB,Support-only Transformer,0.0,2024,269,869,100.0
CUB,ProtoNet,fixed,2024,270,870,98.66666793823242
CUB,WIPT,0.0,2024,270,870,98.66666793823242
CUB,Support-only Transformer,0.0,2024,270,870,98.66666793823242
CUB,ProtoNet,fixed,2024,271,871,98.66666793823242
CUB,WIPT,0.0,2024,271,871,98.66666793823242
CUB,Support-only Transformer,0.0,2024,271,871,97.33333587646484
CUB,ProtoNet,fixed,2024,272,872,100.0
CUB,WIPT,0.0,2024,272,872,100.0
CUB,Support-only Transformer,0.0,2024,272,872,100.0
CUB,ProtoNet,fixed,2024,273,873,100.0
CUB,WIPT,0.0,2024,273,873,100.0
CUB,Support-only Transformer,0.0,2024,273,873,100.0
CUB,ProtoNet,fixed,2024,274,874,100.0
CUB,WIPT,0.0,2024,274,874,100.0
CUB,Support-only Transformer,0.0,2024,274,874,100.0
CUB,ProtoNet,fixed,2024,275,875,94.66667175292969
CUB,WIPT,0.0,2024,275,875,96.00000381469727
CUB,Support-only Transformer,0.0,2024,275,875,89.3333375453949
CUB,ProtoNet,fixed,2024,276,876,98.66666793823242
CUB,WIPT,0.0,2024,276,876,98.66666793823242
CUB,Support-only Transformer,0.0,2024,276,876,100.0
CUB,ProtoNet,fixed,2024,277,877,97.33333587646484
CUB,WIPT,0.0,2024,277,877,97.33333587646484
CUB,Support-only Transformer,0.0,2024,277,877,96.00000381469727
CUB,ProtoNet,fixed,2024,278,878,93.33333373069763
CUB,WIPT,0.0,2024,278,878,93.33333373069763
CUB,Support-only Transformer,0.0,2024,278,878,94.66667175292969
CUB,ProtoNet,fixed,2024,279,879,98.66666793823242
CUB,WIPT,0.0,2024,279,879,98.66666793823242
CUB,Support-only Transformer,0.0,2024,279,879,100.0
CUB,ProtoNet,fixed,2024,280,880,100.0
CUB,WIPT,0.0,2024,280,880,100.0
CUB,Support-only Transformer,0.0,2024,280,880,100.0
CUB,ProtoNet,fixed,2024,281,881,98.66666793823242
CUB,WIPT,0.0,2024,281,881,98.66666793823242
CUB,Support-only Transformer,0.0,2024,281,881,98.66666793823242
CUB,ProtoNet,fixed,2024,282,882,100.0
CUB,WIPT,0.0,2024,282,882,100.0
CUB,Support-only Transformer,0.0,2024,282,882,100.0
CUB,ProtoNet,fixed,2024,283,883,97.33333587646484
CUB,WIPT,0.0,2024,283,883,98.66666793823242
CUB,Support-only Transformer,0.0,2024,283,883,93.33333373069763
CUB,ProtoNet,fixed,2024,284,884,97.33333587646484
CUB,WIPT,0.0,2024,284,884,97.33333587646484
CUB,Support-only Transformer,0.0,2024,284,884,97.33333587646484
CUB,ProtoNet,fixed,2024,285,885,100.0
CUB,WIPT,0.0,2024,285,885,100.0
CUB,Support-only Transformer,0.0,2024,285,885,100.0
CUB,ProtoNet,fixed,2024,286,886,100.0
CUB,WIPT,0.0,2024,286,886,100.0
CUB,Support-only Transformer,0.0,2024,286,886,100.0
CUB,ProtoNet,fixed,2024,287,887,100.0
CUB,WIPT,0.0,2024,287,887,100.0
CUB,Support-only Transformer,0.0,2024,287,887,100.0
CUB,ProtoNet,fixed,2024,288,888,98.66666793823242
CUB,WIPT,0.0,2024,288,888,98.66666793823242
CUB,Support-only Transformer,0.0,2024,288,888,97.33333587646484
CUB,ProtoNet,fixed,2024,289,889,98.66666793823242
CUB,WIPT,0.0,2024,289,889,98.66666793823242
CUB,Support-only Transformer,0.0,2024,289,889,98.66666793823242
CUB,ProtoNet,fixed,2024,290,890,100.0
CUB,WIPT,0.0,2024,290,890,100.0
CUB,Support-only Transformer,0.0,2024,290,890,100.0
CUB,ProtoNet,fixed,2024,291,891,98.66666793823242
CUB,WIPT,0.0,2024,291,891,98.66666793823242
CUB,Support-only Transformer,0.0,2024,291,891,98.66666793823242
CUB,ProtoNet,fixed,2024,292,892,100.0
CUB,WIPT,0.0,2024,292,892,100.0
CUB,Support-only Transformer,0.0,2024,292,892,100.0
CUB,ProtoNet,fixed,2024,293,893,100.0
CUB,WIPT,0.0,2024,293,893,100.0
CUB,Support-only Transformer,0.0,2024,293,893,100.0
CUB,ProtoNet,fixed,2024,294,894,97.33333587646484
CUB,WIPT,0.0,2024,294,894,97.33333587646484
CUB,Support-only Transformer,0.0,2024,294,894,97.33333587646484
CUB,ProtoNet,fixed,2024,295,895,100.0
CUB,WIPT,0.0,2024,295,895,100.0
CUB,Support-only Transformer,0.0,2024,295,895,100.0
CUB,ProtoNet,fixed,2024,296,896,96.00000381469727
CUB,WIPT,0.0,2024,296,896,96.00000381469727
CUB,Support-only Transformer,0.0,2024,296,896,94.66667175292969
CUB,ProtoNet,fixed,2024,297,897,98.66666793823242
CUB,WIPT,0.0,2024,297,897,98.66666793823242
CUB,Support-only Transformer,0.0,2024,297,897,98.66666793823242
CUB,ProtoNet,fixed,2024,298,898,100.0
CUB,WIPT,0.0,2024,298,898,100.0
CUB,Support-only Transformer,0.0,2024,298,898,100.0
CUB,ProtoNet,fixed,2024,299,899,96.00000381469727
CUB,WIPT,0.0,2024,299,899,96.00000381469727
CUB,Support-only Transformer,0.0,2024,299,899,98.66666793823242
CUB,ProtoNet,fixed,7,0,900,94.66667175292969
CUB,WIPT,0.0,7,0,900,93.33333373069763
CUB,Support-only Transformer,0.0,7,0,900,96.00000381469727
CUB,ProtoNet,fixed,7,1,901,93.33333373069763
CUB,WIPT,0.0,7,1,901,94.66667175292969
CUB,Support-only Transformer,0.0,7,1,901,94.66667175292969
CUB,ProtoNet,fixed,7,2,902,100.0
CUB,WIPT,0.0,7,2,902,100.0
CUB,Support-only Transformer,0.0,7,2,902,100.0
CUB,ProtoNet,fixed,7,3,903,92.00000166893005
CUB,WIPT,0.0,7,3,903,92.00000166893005
CUB,Support-only Transformer,0.0,7,3,903,92.00000166893005
CUB,ProtoNet,fixed,7,4,904,100.0
CUB,WIPT,0.0,7,4,904,100.0
CUB,Support-only Transformer,0.0,7,4,904,100.0
CUB,ProtoNet,fixed,7,5,905,98.66666793823242
CUB,WIPT,0.0,7,5,905,98.66666793823242
CUB,Support-only Transformer,0.0,7,5,905,100.0
CUB,ProtoNet,fixed,7,6,906,100.0
CUB,WIPT,0.0,7,6,906,100.0
CUB,Support-only Transformer,0.0,7,6,906,100.0
CUB,ProtoNet,fixed,7,7,907,98.66666793823242
CUB,WIPT,0.0,7,7,907,98.66666793823242
CUB,Support-only Transformer,0.0,7,7,907,100.0
CUB,ProtoNet,fixed,7,8,908,97.33333587646484
CUB,WIPT,0.0,7,8,908,97.33333587646484
CUB,Support-only Transformer,0.0,7,8,908,97.33333587646484
CUB,ProtoNet,fixed,7,9,909,100.0
CUB,WIPT,0.0,7,9,909,100.0
CUB,Support-only Transformer,0.0,7,9,909,100.0
CUB,ProtoNet,fixed,7,10,910,97.33333587646484
CUB,WIPT,0.0,7,10,910,97.33333587646484
CUB,Support-only Transformer,0.0,7,10,910,98.66666793823242
CUB,ProtoNet,fixed,7,11,911,100.0
CUB,WIPT,0.0,7,11,911,100.0
CUB,Support-only Transformer,0.0,7,11,911,98.66666793823242
CUB,ProtoNet,fixed,7,12,912,98.66666793823242
CUB,WIPT,0.0,7,12,912,100.0
CUB,Support-only Transformer,0.0,7,12,912,100.0
CUB,ProtoNet,fixed,7,13,913,100.0
CUB,WIPT,0.0,7,13,913,100.0
CUB,Support-only Transformer,0.0,7,13,913,100.0
CUB,ProtoNet,fixed,7,14,914,100.0
CUB,WIPT,0.0,7,14,914,100.0
CUB,Support-only Transformer,0.0,7,14,914,100.0
CUB,ProtoNet,fixed,7,15,915,100.0
CUB,WIPT,0.0,7,15,915,100.0
CUB,Support-only Transformer,0.0,7,15,915,100.0
CUB,ProtoNet,fixed,7,16,916,98.66666793823242
CUB,WIPT,0.0,7,16,916,98.66666793823242
CUB,Support-only Transformer,0.0,7,16,916,98.66666793823242
CUB,ProtoNet,fixed,7,17,917,100.0
CUB,WIPT,0.0,7,17,917,100.0
CUB,Support-only Transformer,0.0,7,17,917,100.0
CUB,ProtoNet,fixed,7,18,918,98.66666793823242
CUB,WIPT,0.0,7,18,918,98.66666793823242
CUB,Support-only Transformer,0.0,7,18,918,98.66666793823242
CUB,ProtoNet,fixed,7,19,919,100.0
CUB,WIPT,0.0,7,19,919,100.0
CUB,Support-only Transformer,0.0,7,19,919,100.0
CUB,ProtoNet,fixed,7,20,920,98.66666793823242
CUB,WIPT,0.0,7,20,920,98.66666793823242
CUB,Support-only Transformer,0.0,7,20,920,98.66666793823242
CUB,ProtoNet,fixed,7,21,921,100.0
CUB,WIPT,0.0,7,21,921,100.0
CUB,Support-only Transformer,0.0,7,21,921,100.0
CUB,ProtoNet,fixed,7,22,922,100.0
CUB,WIPT,0.0,7,22,922,100.0
CUB,Support-only Transformer,0.0,7,22,922,100.0
CUB,ProtoNet,fixed,7,23,923,100.0
CUB,WIPT,0.0,7,23,923,100.0
CUB,Support-only Transformer,0.0,7,23,923,100.0
CUB,ProtoNet,fixed,7,24,924,98.66666793823242
CUB,WIPT,0.0,7,24,924,98.66666793823242
CUB,Support-only Transformer,0.0,7,24,924,98.66666793823242
CUB,ProtoNet,fixed,7,25,925,100.0
CUB,WIPT,0.0,7,25,925,98.66666793823242
CUB,Support-only Transformer,0.0,7,25,925,98.66666793823242
CUB,ProtoNet,fixed,7,26,926,97.33333587646484
CUB,WIPT,0.0,7,26,926,94.66667175292969
CUB,Support-only Transformer,0.0,7,26,926,94.66667175292969
CUB,ProtoNet,fixed,7,27,927,98.66666793823242
CUB,WIPT,0.0,7,27,927,98.66666793823242
CUB,Support-only Transformer,0.0,7,27,927,98.66666793823242
CUB,ProtoNet,fixed,7,28,928,97.33333587646484
CUB,WIPT,0.0,7,28,928,97.33333587646484
CUB,Support-only Transformer,0.0,7,28,928,98.66666793823242
CUB,ProtoNet,fixed,7,29,929,100.0
CUB,WIPT,0.0,7,29,929,100.0
CUB,Support-only Transformer,0.0,7,29,929,100.0
CUB,ProtoNet,fixed,7,30,930,98.66666793823242
CUB,WIPT,0.0,7,30,930,98.66666793823242
CUB,Support-only Transformer,0.0,7,30,930,98.66666793823242
CUB,ProtoNet,fixed,7,31,931,98.66666793823242
CUB,WIPT,0.0,7,31,931,98.66666793823242
CUB,Support-only Transformer,0.0,7,31,931,98.66666793823242
CUB,ProtoNet,fixed,7,32,932,98.66666793823242
CUB,WIPT,0.0,7,32,932,98.66666793823242
CUB,Support-only Transformer,0.0,7,32,932,100.0
CUB,ProtoNet,fixed,7,33,933,98.66666793823242
CUB,WIPT,0.0,7,33,933,98.66666793823242
CUB,Support-only Transformer,0.0,7,33,933,98.66666793823242
CUB,ProtoNet,fixed,7,34,934,100.0
CUB,WIPT,0.0,7,34,934,100.0
CUB,Support-only Transformer,0.0,7,34,934,100.0
CUB,ProtoNet,fixed,7,35,935,98.66666793823242
CUB,WIPT,0.0,7,35,935,97.33333587646484
CUB,Support-only Transformer,0.0,7,35,935,98.66666793823242
CUB,ProtoNet,fixed,7,36,936,100.0
CUB,WIPT,0.0,7,36,936,100.0
CUB,Support-only Transformer,0.0,7,36,936,100.0
CUB,ProtoNet,fixed,7,37,937,94.66667175292969
CUB,WIPT,0.0,7,37,937,94.66667175292969
CUB,Support-only Transformer,0.0,7,37,937,96.00000381469727
CUB,ProtoNet,fixed,7,38,938,93.33333373069763
CUB,WIPT,0.0,7,38,938,94.66667175292969
CUB,Support-only Transformer,0.0,7,38,938,89.3333375453949
CUB,ProtoNet,fixed,7,39,939,98.66666793823242
CUB,WIPT,0.0,7,39,939,98.66666793823242
CUB,Support-only Transformer,0.0,7,39,939,100.0
CUB,ProtoNet,fixed,7,40,940,98.66666793823242
CUB,WIPT,0.0,7,40,940,98.66666793823242
CUB,Support-only Transformer,0.0,7,40,940,97.33333587646484
CUB,ProtoNet,fixed,7,41,941,100.0
CUB,WIPT,0.0,7,41,941,100.0
CUB,Support-only Transformer,0.0,7,41,941,98.66666793823242
CUB,ProtoNet,fixed,7,42,942,100.0
CUB,WIPT,0.0,7,42,942,100.0
CUB,Support-only Transformer,0.0,7,42,942,100.0
CUB,ProtoNet,fixed,7,43,943,100.0
CUB,WIPT,0.0,7,43,943,100.0
CUB,Support-only Transformer,0.0,7,43,943,100.0
CUB,ProtoNet,fixed,7,44,944,98.66666793823242
CUB,WIPT,0.0,7,44,944,98.66666793823242
CUB,Support-only Transformer,0.0,7,44,944,100.0
CUB,ProtoNet,fixed,7,45,945,98.66666793823242
CUB,WIPT,0.0,7,45,945,98.66666793823242
CUB,Support-only Transformer,0.0,7,45,945,98.66666793823242
CUB,ProtoNet,fixed,7,46,946,97.33333587646484
CUB,WIPT,0.0,7,46,946,97.33333587646484
CUB,Support-only Transformer,0.0,7,46,946,96.00000381469727
CUB,ProtoNet,fixed,7,47,947,96.00000381469727
CUB,WIPT,0.0,7,47,947,96.00000381469727
CUB,Support-only Transformer,0.0,7,47,947,100.0
CUB,ProtoNet,fixed,7,48,948,98.66666793823242
CUB,WIPT,0.0,7,48,948,98.66666793823242
CUB,Support-only Transformer,0.0,7,48,948,98.66666793823242
CUB,ProtoNet,fixed,7,49,949,96.00000381469727
CUB,WIPT,0.0,7,49,949,96.00000381469727
CUB,Support-only Transformer,0.0,7,49,949,96.00000381469727
CUB,ProtoNet,fixed,7,50,950,100.0
CUB,WIPT,0.0,7,50,950,100.0
CUB,Support-only Transformer,0.0,7,50,950,100.0
CUB,ProtoNet,fixed,7,51,951,98.66666793823242
CUB,WIPT,0.0,7,51,951,98.66666793823242
CUB,Support-only Transformer,0.0,7,51,951,98.66666793823242
CUB,ProtoNet,fixed,7,52,952,100.0
CUB,WIPT,0.0,7,52,952,100.0
CUB,Support-only Transformer,0.0,7,52,952,100.0
CUB,ProtoNet,fixed,7,53,953,98.66666793823242
CUB,WIPT,0.0,7,53,953,98.66666793823242
CUB,Support-only Transformer,0.0,7,53,953,98.66666793823242
CUB,ProtoNet,fixed,7,54,954,97.33333587646484
CUB,WIPT,0.0,7,54,954,97.33333587646484
CUB,Support-only Transformer,0.0,7,54,954,97.33333587646484
CUB,ProtoNet,fixed,7,55,955,98.66666793823242
CUB,WIPT,0.0,7,55,955,98.66666793823242
CUB,Support-only Transformer,0.0,7,55,955,98.66666793823242
CUB,ProtoNet,fixed,7,56,956,93.33333373069763
CUB,WIPT,0.0,7,56,956,94.66667175292969
CUB,Support-only Transformer,0.0,7,56,956,93.33333373069763
CUB,ProtoNet,fixed,7,57,957,89.3333375453949
CUB,WIPT,0.0,7,57,957,89.3333375453949
CUB,Support-only Transformer,0.0,7,57,957,90.66666960716248
CUB,ProtoNet,fixed,7,58,958,97.33333587646484
CUB,WIPT,0.0,7,58,958,97.33333587646484
CUB,Support-only Transformer,0.0,7,58,958,97.33333587646484
CUB,ProtoNet,fixed,7,59,959,100.0
CUB,WIPT,0.0,7,59,959,100.0
CUB,Support-only Transformer,0.0,7,59,959,100.0
CUB,ProtoNet,fixed,7,60,960,100.0
CUB,WIPT,0.0,7,60,960,100.0
CUB,Support-only Transformer,0.0,7,60,960,100.0
CUB,ProtoNet,fixed,7,61,961,100.0
CUB,WIPT,0.0,7,61,961,100.0
CUB,Support-only Transformer,0.0,7,61,961,100.0
CUB,ProtoNet,fixed,7,62,962,100.0
CUB,WIPT,0.0,7,62,962,100.0
CUB,Support-only Transformer,0.0,7,62,962,100.0
CUB,ProtoNet,fixed,7,63,963,98.66666793823242
CUB,WIPT,0.0,7,63,963,98.66666793823242
CUB,Support-only Transformer,0.0,7,63,963,98.66666793823242
CUB,ProtoNet,fixed,7,64,964,97.33333587646484
CUB,WIPT,0.0,7,64,964,97.33333587646484
CUB,Support-only Transformer,0.0,7,64,964,97.33333587646484
CUB,ProtoNet,fixed,7,65,965,100.0
CUB,WIPT,0.0,7,65,965,100.0
CUB,Support-only Transformer,0.0,7,65,965,100.0
CUB,ProtoNet,fixed,7,66,966,97.33333587646484
CUB,WIPT,0.0,7,66,966,97.33333587646484
CUB,Support-only Transformer,0.0,7,66,966,97.33333587646484
CUB,ProtoNet,fixed,7,67,967,97.33333587646484
CUB,WIPT,0.0,7,67,967,97.33333587646484
CUB,Support-only Transformer,0.0,7,67,967,98.66666793823242
CUB,ProtoNet,fixed,7,68,968,100.0
CUB,WIPT,0.0,7,68,968,100.0
CUB,Support-only Transformer,0.0,7,68,968,98.66666793823242
CUB,ProtoNet,fixed,7,69,969,98.66666793823242
CUB,WIPT,0.0,7,69,969,98.66666793823242
CUB,Support-only Transformer,0.0,7,69,969,96.00000381469727
CUB,ProtoNet,fixed,7,70,970,96.00000381469727
CUB,WIPT,0.0,7,70,970,96.00000381469727
CUB,Support-only Transformer,0.0,7,70,970,96.00000381469727
CUB,ProtoNet,fixed,7,71,971,100.0
CUB,WIPT,0.0,7,71,971,100.0
CUB,Support-only Transformer,0.0,7,71,971,100.0
CUB,ProtoNet,fixed,7,72,972,100.0
CUB,WIPT,0.0,7,72,972,100.0
CUB,Support-only Transformer,0.0,7,72,972,98.66666793823242
CUB,ProtoNet,fixed,7,73,973,100.0
CUB,WIPT,0.0,7,73,973,100.0
CUB,Support-only Transformer,0.0,7,73,973,100.0
CUB,ProtoNet,fixed,7,74,974,100.0
CUB,WIPT,0.0,7,74,974,100.0
CUB,Support-only Transformer,0.0,7,74,974,100.0
CUB,ProtoNet,fixed,7,75,975,100.0
CUB,WIPT,0.0,7,75,975,100.0
CUB,Support-only Transformer,0.0,7,75,975,100.0
CUB,ProtoNet,fixed,7,76,976,100.0
CUB,WIPT,0.0,7,76,976,100.0
CUB,Support-only Transformer,0.0,7,76,976,100.0
CUB,ProtoNet,fixed,7,77,977,98.66666793823242
CUB,WIPT,0.0,7,77,977,98.66666793823242
CUB,Support-only Transformer,0.0,7,77,977,100.0
CUB,ProtoNet,fixed,7,78,978,96.00000381469727
CUB,WIPT,0.0,7,78,978,96.00000381469727
CUB,Support-only Transformer,0.0,7,78,978,96.00000381469727
CUB,ProtoNet,fixed,7,79,979,100.0
CUB,WIPT,0.0,7,79,979,100.0
CUB,Support-only Transformer,0.0,7,79,979,100.0
CUB,ProtoNet,fixed,7,80,980,94.66667175292969
CUB,WIPT,0.0,7,80,980,96.00000381469727
CUB,Support-only Transformer,0.0,7,80,980,97.33333587646484
CUB,ProtoNet,fixed,7,81,981,98.66666793823242
CUB,WIPT,0.0,7,81,981,98.66666793823242
CUB,Support-only Transformer,0.0,7,81,981,97.33333587646484
CUB,ProtoNet,fixed,7,82,982,86.66666746139526
CUB,WIPT,0.0,7,82,982,85.33333539962769
CUB,Support-only Transformer,0.0,7,82,982,80.0000011920929
CUB,ProtoNet,fixed,7,83,983,98.66666793823242
CUB,WIPT,0.0,7,83,983,98.66666793823242
CUB,Support-only Transformer,0.0,7,83,983,98.66666793823242
CUB,ProtoNet,fixed,7,84,984,100.0
CUB,WIPT,0.0,7,84,984,100.0
CUB,Support-only Transformer,0.0,7,84,984,100.0
CUB,ProtoNet,fixed,7,85,985,98.66666793823242
CUB,WIPT,0.0,7,85,985,98.66666793823242
CUB,Support-only Transformer,0.0,7,85,985,97.33333587646484
CUB,ProtoNet,fixed,7,86,986,98.66666793823242
CUB,WIPT,0.0,7,86,986,98.66666793823242
CUB,Support-only Transformer,0.0,7,86,986,98.66666793823242
CUB,ProtoNet,fixed,7,87,987,98.66666793823242
CUB,WIPT,0.0,7,87,987,98.66666793823242
CUB,Support-only Transformer,0.0,7,87,987,100.0
CUB,ProtoNet,fixed,7,88,988,98.66666793823242
CUB,WIPT,0.0,7,88,988,98.66666793823242
CUB,Support-only Transformer,0.0,7,88,988,98.66666793823242
CUB,ProtoNet,fixed,7,89,989,90.66666960716248
CUB,WIPT,0.0,7,89,989,90.66666960716248
CUB,Support-only Transformer,0.0,7,89,989,86.66666746139526
CUB,ProtoNet,fixed,7,90,990,98.66666793823242
CUB,WIPT,0.0,7,90,990,100.0
CUB,Support-only Transformer,0.0,7,90,990,100.0
CUB,ProtoNet,fixed,7,91,991,98.66666793823242
CUB,WIPT,0.0,7,91,991,98.66666793823242
CUB,Support-only Transformer,0.0,7,91,991,100.0
CUB,ProtoNet,fixed,7,92,992,100.0
CUB,WIPT,0.0,7,92,992,100.0
CUB,Support-only Transformer,0.0,7,92,992,98.66666793823242
CUB,ProtoNet,fixed,7,93,993,100.0
CUB,WIPT,0.0,7,93,993,100.0
CUB,Support-only Transformer,0.0,7,93,993,100.0
CUB,ProtoNet,fixed,7,94,994,100.0
CUB,WIPT,0.0,7,94,994,100.0
CUB,Support-only Transformer,0.0,7,94,994,100.0
CUB,ProtoNet,fixed,7,95,995,98.66666793823242
CUB,WIPT,0.0,7,95,995,98.66666793823242
CUB,Support-only Transformer,0.0,7,95,995,100.0
CUB,ProtoNet,fixed,7,96,996,98.66666793823242
CUB,WIPT,0.0,7,96,996,98.66666793823242
CUB,Support-only Transformer,0.0,7,96,996,98.66666793823242
CUB,ProtoNet,fixed,7,97,997,100.0
CUB,WIPT,0.0,7,97,997,100.0
CUB,Support-only Transformer,0.0,7,97,997,100.0
CUB,ProtoNet,fixed,7,98,998,98.66666793823242
CUB,WIPT,0.0,7,98,998,98.66666793823242
CUB,Support-only Transformer,0.0,7,98,998,100.0
CUB,ProtoNet,fixed,7,99,999,100.0
CUB,WIPT,0.0,7,99,999,100.0
CUB,Support-only Transformer,0.0,7,99,999,100.0
CUB,ProtoNet,fixed,7,100,1000,100.0
CUB,WIPT,0.0,7,100,1000,100.0
CUB,Support-only Transformer,0.0,7,100,1000,98.66666793823242
CUB,ProtoNet,fixed,7,101,1001,100.0
CUB,WIPT,0.0,7,101,1001,100.0
CUB,Support-only Transformer,0.0,7,101,1001,98.66666793823242
CUB,ProtoNet,fixed,7,102,1002,100.0
CUB,WIPT,0.0,7,102,1002,100.0
CUB,Support-only Transformer,0.0,7,102,1002,100.0
CUB,ProtoNet,fixed,7,103,1003,86.66666746139526
CUB,WIPT,0.0,7,103,1003,86.66666746139526
CUB,Support-only Transformer,0.0,7,103,1003,85.33333539962769
CUB,ProtoNet,fixed,7,104,1004,100.0
CUB,WIPT,0.0,7,104,1004,100.0
CUB,Support-only Transformer,0.0,7,104,1004,100.0
CUB,ProtoNet,fixed,7,105,1005,100.0
CUB,WIPT,0.0,7,105,1005,100.0
CUB,Support-only Transformer,0.0,7,105,1005,100.0
CUB,ProtoNet,fixed,7,106,1006,100.0
CUB,WIPT,0.0,7,106,1006,100.0
CUB,Support-only Transformer,0.0,7,106,1006,100.0
CUB,ProtoNet,fixed,7,107,1007,100.0
CUB,WIPT,0.0,7,107,1007,100.0
CUB,Support-only Transformer,0.0,7,107,1007,98.66666793823242
CUB,ProtoNet,fixed,7,108,1008,100.0
CUB,WIPT,0.0,7,108,1008,100.0
CUB,Support-only Transformer,0.0,7,108,1008,100.0
CUB,ProtoNet,fixed,7,109,1009,98.66666793823242
CUB,WIPT,0.0,7,109,1009,100.0
CUB,Support-only Transformer,0.0,7,109,1009,100.0
CUB,ProtoNet,fixed,7,110,1010,100.0
CUB,WIPT,0.0,7,110,1010,100.0
CUB,Support-only Transformer,0.0,7,110,1010,100.0
CUB,ProtoNet,fixed,7,111,1011,98.66666793823242
CUB,WIPT,0.0,7,111,1011,98.66666793823242
CUB,Support-only Transformer,0.0,7,111,1011,98.66666793823242
CUB,ProtoNet,fixed,7,112,1012,100.0
CUB,WIPT,0.0,7,112,1012,100.0
CUB,Support-only Transformer,0.0,7,112,1012,100.0
CUB,ProtoNet,fixed,7,113,1013,81.33333325386047
CUB,WIPT,0.0,7,113,1013,85.33333539962769
CUB,Support-only Transformer,0.0,7,113,1013,85.33333539962769
CUB,ProtoNet,fixed,7,114,1014,98.66666793823242
CUB,WIPT,0.0,7,114,1014,98.66666793823242
CUB,Support-only Transformer,0.0,7,114,1014,98.66666793823242
CUB,ProtoNet,fixed,7,115,1015,96.00000381469727
CUB,WIPT,0.0,7,115,1015,96.00000381469727
CUB,Support-only Transformer,0.0,7,115,1015,97.33333587646484
CUB,ProtoNet,fixed,7,116,1016,100.0
CUB,WIPT,0.0,7,116,1016,100.0
CUB,Support-only Transformer,0.0,7,116,1016,100.0
CUB,ProtoNet,fixed,7,117,1017,96.00000381469727
CUB,WIPT,0.0,7,117,1017,96.00000381469727
CUB,Support-only Transformer,0.0,7,117,1017,94.66667175292969
CUB,ProtoNet,fixed,7,118,1018,100.0
CUB,WIPT,0.0,7,118,1018,100.0
CUB,Support-only Transformer,0.0,7,118,1018,100.0
CUB,ProtoNet,fixed,7,119,1019,92.00000166893005
CUB,WIPT,0.0,7,119,1019,90.66666960716248
CUB,Support-only Transformer,0.0,7,119,1019,90.66666960716248
CUB,ProtoNet,fixed,7,120,1020,100.0
CUB,WIPT,0.0,7,120,1020,100.0
CUB,Support-only Transformer,0.0,7,120,1020,100.0
CUB,ProtoNet,fixed,7,121,1021,100.0
CUB,WIPT,0.0,7,121,1021,100.0
CUB,Support-only Transformer,0.0,7,121,1021,100.0
CUB,ProtoNet,fixed,7,122,1022,97.33333587646484
CUB,WIPT,0.0,7,122,1022,97.33333587646484
CUB,Support-only Transformer,0.0,7,122,1022,97.33333587646484
CUB,ProtoNet,fixed,7,123,1023,100.0
CUB,WIPT,0.0,7,123,1023,100.0
CUB,Support-only Transformer,0.0,7,123,1023,100.0
CUB,ProtoNet,fixed,7,124,1024,100.0
CUB,WIPT,0.0,7,124,1024,100.0
CUB,Support-only Transformer,0.0,7,124,1024,97.33333587646484
CUB,ProtoNet,fixed,7,125,1025,100.0
CUB,WIPT,0.0,7,125,1025,100.0
CUB,Support-only Transformer,0.0,7,125,1025,100.0
CUB,ProtoNet,fixed,7,126,1026,98.66666793823242
CUB,WIPT,0.0,7,126,1026,98.66666793823242
CUB,Support-only Transformer,0.0,7,126,1026,98.66666793823242
CUB,ProtoNet,fixed,7,127,1027,96.00000381469727
CUB,WIPT,0.0,7,127,1027,96.00000381469727
CUB,Support-only Transformer,0.0,7,127,1027,96.00000381469727
CUB,ProtoNet,fixed,7,128,1028,100.0
CUB,WIPT,0.0,7,128,1028,100.0
CUB,Support-only Transformer,0.0,7,128,1028,98.66666793823242
CUB,ProtoNet,fixed,7,129,1029,100.0
CUB,WIPT,0.0,7,129,1029,100.0
CUB,Support-only Transformer,0.0,7,129,1029,100.0
CUB,ProtoNet,fixed,7,130,1030,96.00000381469727
CUB,WIPT,0.0,7,130,1030,94.66667175292969
CUB,Support-only Transformer,0.0,7,130,1030,97.33333587646484
CUB,ProtoNet,fixed,7,131,1031,96.00000381469727
CUB,WIPT,0.0,7,131,1031,96.00000381469727
CUB,Support-only Transformer,0.0,7,131,1031,96.00000381469727
CUB,ProtoNet,fixed,7,132,1032,93.33333373069763
CUB,WIPT,0.0,7,132,1032,93.33333373069763
CUB,Support-only Transformer,0.0,7,132,1032,93.33333373069763
CUB,ProtoNet,fixed,7,133,1033,98.66666793823242
CUB,WIPT,0.0,7,133,1033,97.33333587646484
CUB,Support-only Transformer,0.0,7,133,1033,96.00000381469727
CUB,ProtoNet,fixed,7,134,1034,100.0
CUB,WIPT,0.0,7,134,1034,100.0
CUB,Support-only Transformer,0.0,7,134,1034,100.0
CUB,ProtoNet,fixed,7,135,1035,100.0
CUB,WIPT,0.0,7,135,1035,100.0
CUB,Support-only Transformer,0.0,7,135,1035,100.0
CUB,ProtoNet,fixed,7,136,1036,96.00000381469727
CUB,WIPT,0.0,7,136,1036,96.00000381469727
CUB,Support-only Transformer,0.0,7,136,1036,98.66666793823242
CUB,ProtoNet,fixed,7,137,1037,98.66666793823242
CUB,WIPT,0.0,7,137,1037,98.66666793823242
CUB,Support-only Transformer,0.0,7,137,1037,98.66666793823242
CUB,ProtoNet,fixed,7,138,1038,98.66666793823242
CUB,WIPT,0.0,7,138,1038,98.66666793823242
CUB,Support-only Transformer,0.0,7,138,1038,97.33333587646484
CUB,ProtoNet,fixed,7,139,1039,96.00000381469727
CUB,WIPT,0.0,7,139,1039,96.00000381469727
CUB,Support-only Transformer,0.0,7,139,1039,96.00000381469727
CUB,ProtoNet,fixed,7,140,1040,100.0
CUB,WIPT,0.0,7,140,1040,100.0
CUB,Support-only Transformer,0.0,7,140,1040,100.0
CUB,ProtoNet,fixed,7,141,1041,96.00000381469727
CUB,WIPT,0.0,7,141,1041,96.00000381469727
CUB,Support-only Transformer,0.0,7,141,1041,96.00000381469727
CUB,ProtoNet,fixed,7,142,1042,97.33333587646484
CUB,WIPT,0.0,7,142,1042,97.33333587646484
CUB,Support-only Transformer,0.0,7,142,1042,98.66666793823242
CUB,ProtoNet,fixed,7,143,1043,100.0
CUB,WIPT,0.0,7,143,1043,100.0
CUB,Support-only Transformer,0.0,7,143,1043,100.0
CUB,ProtoNet,fixed,7,144,1044,100.0
CUB,WIPT,0.0,7,144,1044,100.0
CUB,Support-only Transformer,0.0,7,144,1044,100.0
CUB,ProtoNet,fixed,7,145,1045,98.66666793823242
CUB,WIPT,0.0,7,145,1045,98.66666793823242
CUB,Support-only Transformer,0.0,7,145,1045,98.66666793823242
CUB,ProtoNet,fixed,7,146,1046,98.66666793823242
CUB,WIPT,0.0,7,146,1046,98.66666793823242
CUB,Support-only Transformer,0.0,7,146,1046,100.0
CUB,ProtoNet,fixed,7,147,1047,96.00000381469727
CUB,WIPT,0.0,7,147,1047,96.00000381469727
CUB,Support-only Transformer,0.0,7,147,1047,100.0
CUB,ProtoNet,fixed,7,148,1048,100.0
CUB,WIPT,0.0,7,148,1048,100.0
CUB,Support-only Transformer,0.0,7,148,1048,100.0
CUB,ProtoNet,fixed,7,149,1049,100.0
CUB,WIPT,0.0,7,149,1049,100.0
CUB,Support-only Transformer,0.0,7,149,1049,100.0
CUB,ProtoNet,fixed,7,150,1050,100.0
CUB,WIPT,0.0,7,150,1050,100.0
CUB,Support-only Transformer,0.0,7,150,1050,100.0
CUB,ProtoNet,fixed,7,151,1051,100.0
CUB,WIPT,0.0,7,151,1051,100.0
CUB,Support-only Transformer,0.0,7,151,1051,100.0
CUB,ProtoNet,fixed,7,152,1052,98.66666793823242
CUB,WIPT,0.0,7,152,1052,98.66666793823242
CUB,Support-only Transformer,0.0,7,152,1052,100.0
CUB,ProtoNet,fixed,7,153,1053,100.0
CUB,WIPT,0.0,7,153,1053,100.0
CUB,Support-only Transformer,0.0,7,153,1053,100.0
CUB,ProtoNet,fixed,7,154,1054,98.66666793823242
CUB,WIPT,0.0,7,154,1054,98.66666793823242
CUB,Support-only Transformer,0.0,7,154,1054,98.66666793823242
CUB,ProtoNet,fixed,7,155,1055,87.99999952316284
CUB,WIPT,0.0,7,155,1055,85.33333539962769
CUB,Support-only Transformer,0.0,7,155,1055,90.66666960716248
CUB,ProtoNet,fixed,7,156,1056,100.0
CUB,WIPT,0.0,7,156,1056,100.0
CUB,Support-only Transformer,0.0,7,156,1056,100.0
CUB,ProtoNet,fixed,7,157,1057,98.66666793823242
CUB,WIPT,0.0,7,157,1057,100.0
CUB,Support-only Transformer,0.0,7,157,1057,100.0
CUB,ProtoNet,fixed,7,158,1058,97.33333587646484
CUB,WIPT,0.0,7,158,1058,97.33333587646484
CUB,Support-only Transformer,0.0,7,158,1058,97.33333587646484
CUB,ProtoNet,fixed,7,159,1059,100.0
CUB,WIPT,0.0,7,159,1059,100.0
CUB,Support-only Transformer,0.0,7,159,1059,98.66666793823242
CUB,ProtoNet,fixed,7,160,1060,97.33333587646484
CUB,WIPT,0.0,7,160,1060,96.00000381469727
CUB,Support-only Transformer,0.0,7,160,1060,98.66666793823242
CUB,ProtoNet,fixed,7,161,1061,86.66666746139526
CUB,WIPT,0.0,7,161,1061,86.66666746139526
CUB,Support-only Transformer,0.0,7,161,1061,81.33333325386047
CUB,ProtoNet,fixed,7,162,1062,100.0
CUB,WIPT,0.0,7,162,1062,100.0
CUB,Support-only Transformer,0.0,7,162,1062,100.0
CUB,ProtoNet,fixed,7,163,1063,98.66666793823242
CUB,WIPT,0.0,7,163,1063,98.66666793823242
CUB,Support-only Transformer,0.0,7,163,1063,100.0
CUB,ProtoNet,fixed,7,164,1064,100.0
CUB,WIPT,0.0,7,164,1064,100.0
CUB,Support-only Transformer,0.0,7,164,1064,100.0
CUB,ProtoNet,fixed,7,165,1065,93.33333373069763
CUB,WIPT,0.0,7,165,1065,92.00000166893005
CUB,Support-only Transformer,0.0,7,165,1065,89.3333375453949
CUB,ProtoNet,fixed,7,166,1066,97.33333587646484
CUB,WIPT,0.0,7,166,1066,98.66666793823242
CUB,Support-only Transformer,0.0,7,166,1066,94.66667175292969
CUB,ProtoNet,fixed,7,167,1067,86.66666746139526
CUB,WIPT,0.0,7,167,1067,85.33333539962769
CUB,Support-only Transformer,0.0,7,167,1067,80.0000011920929
CUB,ProtoNet,fixed,7,168,1068,100.0
CUB,WIPT,0.0,7,168,1068,100.0
CUB,Support-only Transformer,0.0,7,168,1068,100.0
CUB,ProtoNet,fixed,7,169,1069,89.3333375453949
CUB,WIPT,0.0,7,169,1069,90.66666960716248
CUB,Support-only Transformer,0.0,7,169,1069,90.66666960716248
CUB,ProtoNet,fixed,7,170,1070,100.0
CUB,WIPT,0.0,7,170,1070,100.0
CUB,Support-only Transformer,0.0,7,170,1070,100.0
CUB,ProtoNet,fixed,7,171,1071,97.33333587646484
CUB,WIPT,0.0,7,171,1071,97.33333587646484
CUB,Support-only Transformer,0.0,7,171,1071,98.66666793823242
CUB,ProtoNet,fixed,7,172,1072,98.66666793823242
CUB,WIPT,0.0,7,172,1072,98.66666793823242
CUB,Support-only Transformer,0.0,7,172,1072,98.66666793823242
CUB,ProtoNet,fixed,7,173,1073,98.66666793823242
CUB,WIPT,0.0,7,173,1073,97.33333587646484
CUB,Support-only Transformer,0.0,7,173,1073,100.0
CUB,ProtoNet,fixed,7,174,1074,98.66666793823242
CUB,WIPT,0.0,7,174,1074,98.66666793823242
CUB,Support-only Transformer,0.0,7,174,1074,98.66666793823242
CUB,ProtoNet,fixed,7,175,1075,100.0
CUB,WIPT,0.0,7,175,1075,100.0
CUB,Support-only Transformer,0.0,7,175,1075,100.0
CUB,ProtoNet,fixed,7,176,1076,98.66666793823242
CUB,WIPT,0.0,7,176,1076,98.66666793823242
CUB,Support-only Transformer,0.0,7,176,1076,98.66666793823242
CUB,ProtoNet,fixed,7,177,1077,100.0
CUB,WIPT,0.0,7,177,1077,100.0
CUB,Support-only Transformer,0.0,7,177,1077,100.0
CUB,ProtoNet,fixed,7,178,1078,100.0
CUB,WIPT,0.0,7,178,1078,100.0
CUB,Support-only Transformer,0.0,7,178,1078,100.0
CUB,ProtoNet,fixed,7,179,1079,100.0
CUB,WIPT,0.0,7,179,1079,100.0
CUB,Support-only Transformer,0.0,7,179,1079,98.66666793823242
CUB,ProtoNet,fixed,7,180,1080,100.0
CUB,WIPT,0.0,7,180,1080,100.0
CUB,Support-only Transformer,0.0,7,180,1080,100.0
CUB,ProtoNet,fixed,7,181,1081,96.00000381469727
CUB,WIPT,0.0,7,181,1081,96.00000381469727
CUB,Support-only Transformer,0.0,7,181,1081,92.00000166893005
CUB,ProtoNet,fixed,7,182,1082,100.0
CUB,WIPT,0.0,7,182,1082,98.66666793823242
CUB,Support-only Transformer,0.0,7,182,1082,100.0
CUB,ProtoNet,fixed,7,183,1083,100.0
CUB,WIPT,0.0,7,183,1083,98.66666793823242
CUB,Support-only Transformer,0.0,7,183,1083,98.66666793823242
CUB,ProtoNet,fixed,7,184,1084,97.33333587646484
CUB,WIPT,0.0,7,184,1084,97.33333587646484
CUB,Support-only Transformer,0.0,7,184,1084,94.66667175292969
CUB,ProtoNet,fixed,7,185,1085,98.66666793823242
CUB,WIPT,0.0,7,185,1085,100.0
CUB,Support-only Transformer,0.0,7,185,1085,98.66666793823242
CUB,ProtoNet,fixed,7,186,1086,100.0
CUB,WIPT,0.0,7,186,1086,100.0
CUB,Support-only Transformer,0.0,7,186,1086,100.0
CUB,ProtoNet,fixed,7,187,1087,94.66667175292969
CUB,WIPT,0.0,7,187,1087,94.66667175292969
CUB,Support-only Transformer,0.0,7,187,1087,97.33333587646484
CUB,ProtoNet,fixed,7,188,1088,90.66666960716248
CUB,WIPT,0.0,7,188,1088,92.00000166893005
CUB,Support-only Transformer,0.0,7,188,1088,93.33333373069763
CUB,ProtoNet,fixed,7,189,1089,100.0
CUB,WIPT,0.0,7,189,1089,98.66666793823242
CUB,Support-only Transformer,0.0,7,189,1089,98.66666793823242
CUB,ProtoNet,fixed,7,190,1090,98.66666793823242
CUB,WIPT,0.0,7,190,1090,98.66666793823242
CUB,Support-only Transformer,0.0,7,190,1090,98.66666793823242
CUB,ProtoNet,fixed,7,191,1091,100.0
CUB,WIPT,0.0,7,191,1091,100.0
CUB,Support-only Transformer,0.0,7,191,1091,100.0
CUB,ProtoNet,fixed,7,192,1092,100.0
CUB,WIPT,0.0,7,192,1092,100.0
CUB,Support-only Transformer,0.0,7,192,1092,100.0
CUB,ProtoNet,fixed,7,193,1093,100.0
CUB,WIPT,0.0,7,193,1093,100.0
CUB,Support-only Transformer,0.0,7,193,1093,98.66666793823242
CUB,ProtoNet,fixed,7,194,1094,87.99999952316284
CUB,WIPT,0.0,7,194,1094,85.33333539962769
CUB,Support-only Transformer,0.0,7,194,1094,85.33333539962769
CUB,ProtoNet,fixed,7,195,1095,100.0
CUB,WIPT,0.0,7,195,1095,100.0
CUB,Support-only Transformer,0.0,7,195,1095,100.0
CUB,ProtoNet,fixed,7,196,1096,97.33333587646484
CUB,WIPT,0.0,7,196,1096,97.33333587646484
CUB,Support-only Transformer,0.0,7,196,1096,97.33333587646484
CUB,ProtoNet,fixed,7,197,1097,96.00000381469727
CUB,WIPT,0.0,7,197,1097,96.00000381469727
CUB,Support-only Transformer,0.0,7,197,1097,94.66667175292969
CUB,ProtoNet,fixed,7,198,1098,100.0
CUB,WIPT,0.0,7,198,1098,100.0
CUB,Support-only Transformer,0.0,7,198,1098,100.0
CUB,ProtoNet,fixed,7,199,1099,97.33333587646484
CUB,WIPT,0.0,7,199,1099,98.66666793823242
CUB,Support-only Transformer,0.0,7,199,1099,97.33333587646484
CUB,ProtoNet,fixed,7,200,1100,100.0
CUB,WIPT,0.0,7,200,1100,100.0
CUB,Support-only Transformer,0.0,7,200,1100,100.0
CUB,ProtoNet,fixed,7,201,1101,98.66666793823242
CUB,WIPT,0.0,7,201,1101,98.66666793823242
CUB,Support-only Transformer,0.0,7,201,1101,98.66666793823242
CUB,ProtoNet,fixed,7,202,1102,98.66666793823242
CUB,WIPT,0.0,7,202,1102,98.66666793823242
CUB,Support-only Transformer,0.0,7,202,1102,98.66666793823242
CUB,ProtoNet,fixed,7,203,1103,98.66666793823242
CUB,WIPT,0.0,7,203,1103,96.00000381469727
CUB,Support-only Transformer,0.0,7,203,1103,98.66666793823242
CUB,ProtoNet,fixed,7,204,1104,100.0
CUB,WIPT,0.0,7,204,1104,100.0
CUB,Support-only Transformer,0.0,7,204,1104,100.0
CUB,ProtoNet,fixed,7,205,1105,98.66666793823242
CUB,WIPT,0.0,7,205,1105,98.66666793823242
CUB,Support-only Transformer,0.0,7,205,1105,98.66666793823242
CUB,ProtoNet,fixed,7,206,1106,97.33333587646484
CUB,WIPT,0.0,7,206,1106,97.33333587646484
CUB,Support-only Transformer,0.0,7,206,1106,97.33333587646484
CUB,ProtoNet,fixed,7,207,1107,97.33333587646484
CUB,WIPT,0.0,7,207,1107,97.33333587646484
CUB,Support-only Transformer,0.0,7,207,1107,97.33333587646484
CUB,ProtoNet,fixed,7,208,1108,100.0
CUB,WIPT,0.0,7,208,1108,100.0
CUB,Support-only Transformer,0.0,7,208,1108,100.0
CUB,ProtoNet,fixed,7,209,1109,97.33333587646484
CUB,WIPT,0.0,7,209,1109,97.33333587646484
CUB,Support-only Transformer,0.0,7,209,1109,98.66666793823242
CUB,ProtoNet,fixed,7,210,1110,100.0
CUB,WIPT,0.0,7,210,1110,100.0
CUB,Support-only Transformer,0.0,7,210,1110,100.0
CUB,ProtoNet,fixed,7,211,1111,100.0
CUB,WIPT,0.0,7,211,1111,100.0
CUB,Support-only Transformer,0.0,7,211,1111,100.0
CUB,ProtoNet,fixed,7,212,1112,97.33333587646484
CUB,WIPT,0.0,7,212,1112,97.33333587646484
CUB,Support-only Transformer,0.0,7,212,1112,96.00000381469727
CUB,ProtoNet,fixed,7,213,1113,94.66667175292969
CUB,WIPT,0.0,7,213,1113,96.00000381469727
CUB,Support-only Transformer,0.0,7,213,1113,93.33333373069763
CUB,ProtoNet,fixed,7,214,1114,100.0
CUB,WIPT,0.0,7,214,1114,100.0
CUB,Support-only Transformer,0.0,7,214,1114,100.0
CUB,ProtoNet,fixed,7,215,1115,98.66666793823242
CUB,WIPT,0.0,7,215,1115,98.66666793823242
CUB,Support-only Transformer,0.0,7,215,1115,98.66666793823242
CUB,ProtoNet,fixed,7,216,1116,85.33333539962769
CUB,WIPT,0.0,7,216,1116,85.33333539962769
CUB,Support-only Transformer,0.0,7,216,1116,85.33333539962769
CUB,ProtoNet,fixed,7,217,1117,98.66666793823242
CUB,WIPT,0.0,7,217,1117,98.66666793823242
CUB,Support-only Transformer,0.0,7,217,1117,100.0
CUB,ProtoNet,fixed,7,218,1118,97.33333587646484
CUB,WIPT,0.0,7,218,1118,97.33333587646484
CUB,Support-only Transformer,0.0,7,218,1118,97.33333587646484
CUB,ProtoNet,fixed,7,219,1119,85.33333539962769
CUB,WIPT,0.0,7,219,1119,82.66667127609253
CUB,Support-only Transformer,0.0,7,219,1119,85.33333539962769
CUB,ProtoNet,fixed,7,220,1120,98.66666793823242
CUB,WIPT,0.0,7,220,1120,98.66666793823242
CUB,Support-only Transformer,0.0,7,220,1120,98.66666793823242
CUB,ProtoNet,fixed,7,221,1121,100.0
CUB,WIPT,0.0,7,221,1121,100.0
CUB,Support-only Transformer,0.0,7,221,1121,100.0
CUB,ProtoNet,fixed,7,222,1122,100.0
CUB,WIPT,0.0,7,222,1122,100.0
CUB,Support-only Transformer,0.0,7,222,1122,100.0
CUB,ProtoNet,fixed,7,223,1123,98.66666793823242
CUB,WIPT,0.0,7,223,1123,98.66666793823242
CUB,Support-only Transformer,0.0,7,223,1123,98.66666793823242
CUB,ProtoNet,fixed,7,224,1124,97.33333587646484
CUB,WIPT,0.0,7,224,1124,96.00000381469727
CUB,Support-only Transformer,0.0,7,224,1124,93.33333373069763
CUB,ProtoNet,fixed,7,225,1125,100.0
CUB,WIPT,0.0,7,225,1125,98.66666793823242
CUB,Support-only Transformer,0.0,7,225,1125,100.0
CUB,ProtoNet,fixed,7,226,1126,100.0
CUB,WIPT,0.0,7,226,1126,100.0
CUB,Support-only Transformer,0.0,7,226,1126,100.0
CUB,ProtoNet,fixed,7,227,1127,98.66666793823242
CUB,WIPT,0.0,7,227,1127,98.66666793823242
CUB,Support-only Transformer,0.0,7,227,1127,98.66666793823242
CUB,ProtoNet,fixed,7,228,1128,100.0
CUB,WIPT,0.0,7,228,1128,100.0
CUB,Support-only Transformer,0.0,7,228,1128,100.0
CUB,ProtoNet,fixed,7,229,1129,100.0
CUB,WIPT,0.0,7,229,1129,100.0
CUB,Support-only Transformer,0.0,7,229,1129,100.0
CUB,ProtoNet,fixed,7,230,1130,98.66666793823242
CUB,WIPT,0.0,7,230,1130,97.33333587646484
CUB,Support-only Transformer,0.0,7,230,1130,97.33333587646484
CUB,ProtoNet,fixed,7,231,1131,97.33333587646484
CUB,WIPT,0.0,7,231,1131,98.66666793823242
CUB,Support-only Transformer,0.0,7,231,1131,96.00000381469727
CUB,ProtoNet,fixed,7,232,1132,98.66666793823242
CUB,WIPT,0.0,7,232,1132,98.66666793823242
CUB,Support-only Transformer,0.0,7,232,1132,100.0
CUB,ProtoNet,fixed,7,233,1133,100.0
CUB,WIPT,0.0,7,233,1133,100.0
CUB,Support-only Transformer,0.0,7,233,1133,100.0
CUB,ProtoNet,fixed,7,234,1134,98.66666793823242
CUB,WIPT,0.0,7,234,1134,98.66666793823242
CUB,Support-only Transformer,0.0,7,234,1134,100.0
CUB,ProtoNet,fixed,7,235,1135,98.66666793823242
CUB,WIPT,0.0,7,235,1135,97.33333587646484
CUB,Support-only Transformer,0.0,7,235,1135,98.66666793823242
CUB,ProtoNet,fixed,7,236,1136,97.33333587646484
CUB,WIPT,0.0,7,236,1136,97.33333587646484
CUB,Support-only Transformer,0.0,7,236,1136,96.00000381469727
CUB,ProtoNet,fixed,7,237,1137,98.66666793823242
CUB,WIPT,0.0,7,237,1137,98.66666793823242
CUB,Support-only Transformer,0.0,7,237,1137,98.66666793823242
CUB,ProtoNet,fixed,7,238,1138,98.66666793823242
CUB,WIPT,0.0,7,238,1138,98.66666793823242
CUB,Support-only Transformer,0.0,7,238,1138,98.66666793823242
CUB,ProtoNet,fixed,7,239,1139,98.66666793823242
CUB,WIPT,0.0,7,239,1139,98.66666793823242
CUB,Support-only Transformer,0.0,7,239,1139,97.33333587646484
CUB,ProtoNet,fixed,7,240,1140,100.0
CUB,WIPT,0.0,7,240,1140,100.0
CUB,Support-only Transformer,0.0,7,240,1140,100.0
CUB,ProtoNet,fixed,7,241,1141,100.0
CUB,WIPT,0.0,7,241,1141,100.0
CUB,Support-only Transformer,0.0,7,241,1141,100.0
CUB,ProtoNet,fixed,7,242,1142,100.0
CUB,WIPT,0.0,7,242,1142,100.0
CUB,Support-only Transformer,0.0,7,242,1142,100.0
CUB,ProtoNet,fixed,7,243,1143,94.66667175292969
CUB,WIPT,0.0,7,243,1143,94.66667175292969
CUB,Support-only Transformer,0.0,7,243,1143,92.00000166893005
CUB,ProtoNet,fixed,7,244,1144,100.0
CUB,WIPT,0.0,7,244,1144,100.0
CUB,Support-only Transformer,0.0,7,244,1144,100.0
CUB,ProtoNet,fixed,7,245,1145,100.0
CUB,WIPT,0.0,7,245,1145,100.0
CUB,Support-only Transformer,0.0,7,245,1145,100.0
CUB,ProtoNet,fixed,7,246,1146,97.33333587646484
CUB,WIPT,0.0,7,246,1146,97.33333587646484
CUB,Support-only Transformer,0.0,7,246,1146,98.66666793823242
CUB,ProtoNet,fixed,7,247,1147,94.66667175292969
CUB,WIPT,0.0,7,247,1147,94.66667175292969
CUB,Support-only Transformer,0.0,7,247,1147,96.00000381469727
CUB,ProtoNet,fixed,7,248,1148,100.0
CUB,WIPT,0.0,7,248,1148,100.0
CUB,Support-only Transformer,0.0,7,248,1148,100.0
CUB,ProtoNet,fixed,7,249,1149,89.3333375453949
CUB,WIPT,0.0,7,249,1149,92.00000166893005
CUB,Support-only Transformer,0.0,7,249,1149,92.00000166893005
CUB,ProtoNet,fixed,7,250,1150,97.33333587646484
CUB,WIPT,0.0,7,250,1150,98.66666793823242
CUB,Support-only Transformer,0.0,7,250,1150,98.66666793823242
CUB,ProtoNet,fixed,7,251,1151,97.33333587646484
CUB,WIPT,0.0,7,251,1151,97.33333587646484
CUB,Support-only Transformer,0.0,7,251,1151,97.33333587646484
CUB,ProtoNet,fixed,7,252,1152,98.66666793823242
CUB,WIPT,0.0,7,252,1152,98.66666793823242
CUB,Support-only Transformer,0.0,7,252,1152,100.0
CUB,ProtoNet,fixed,7,253,1153,98.66666793823242
CUB,WIPT,0.0,7,253,1153,98.66666793823242
CUB,Support-only Transformer,0.0,7,253,1153,97.33333587646484
CUB,ProtoNet,fixed,7,254,1154,100.0
CUB,WIPT,0.0,7,254,1154,100.0
CUB,Support-only Transformer,0.0,7,254,1154,100.0
CUB,ProtoNet,fixed,7,255,1155,100.0
CUB,WIPT,0.0,7,255,1155,98.66666793823242
CUB,Support-only Transformer,0.0,7,255,1155,98.66666793823242
CUB,ProtoNet,fixed,7,256,1156,86.66666746139526
CUB,WIPT,0.0,7,256,1156,86.66666746139526
CUB,Support-only Transformer,0.0,7,256,1156,86.66666746139526
CUB,ProtoNet,fixed,7,257,1157,100.0
CUB,WIPT,0.0,7,257,1157,100.0
CUB,Support-only Transformer,0.0,7,257,1157,100.0
CUB,ProtoNet,fixed,7,258,1158,94.66667175292969
CUB,WIPT,0.0,7,258,1158,94.66667175292969
CUB,Support-only Transformer,0.0,7,258,1158,93.33333373069763
CUB,ProtoNet,fixed,7,259,1159,100.0
CUB,WIPT,0.0,7,259,1159,100.0
CUB,Support-only Transformer,0.0,7,259,1159,100.0
CUB,ProtoNet,fixed,7,260,1160,97.33333587646484
CUB,WIPT,0.0,7,260,1160,97.33333587646484
CUB,Support-only Transformer,0.0,7,260,1160,97.33333587646484
CUB,ProtoNet,fixed,7,261,1161,97.33333587646484
CUB,WIPT,0.0,7,261,1161,97.33333587646484
CUB,Support-only Transformer,0.0,7,261,1161,98.66666793823242
CUB,ProtoNet,fixed,7,262,1162,98.66666793823242
CUB,WIPT,0.0,7,262,1162,98.66666793823242
CUB,Support-only Transformer,0.0,7,262,1162,98.66666793823242
CUB,ProtoNet,fixed,7,263,1163,93.33333373069763
CUB,WIPT,0.0,7,263,1163,93.33333373069763
CUB,Support-only Transformer,0.0,7,263,1163,93.33333373069763
CUB,ProtoNet,fixed,7,264,1164,94.66667175292969
CUB,WIPT,0.0,7,264,1164,94.66667175292969
CUB,Support-only Transformer,0.0,7,264,1164,94.66667175292969
CUB,ProtoNet,fixed,7,265,1165,100.0
CUB,WIPT,0.0,7,265,1165,100.0
CUB,Support-only Transformer,0.0,7,265,1165,100.0
CUB,ProtoNet,fixed,7,266,1166,100.0
CUB,WIPT,0.0,7,266,1166,100.0
CUB,Support-only Transformer,0.0,7,266,1166,100.0
CUB,ProtoNet,fixed,7,267,1167,98.66666793823242
CUB,WIPT,0.0,7,267,1167,98.66666793823242
CUB,Support-only Transformer,0.0,7,267,1167,98.66666793823242
CUB,ProtoNet,fixed,7,268,1168,98.66666793823242
CUB,WIPT,0.0,7,268,1168,98.66666793823242
CUB,Support-only Transformer,0.0,7,268,1168,98.66666793823242
CUB,ProtoNet,fixed,7,269,1169,100.0
CUB,WIPT,0.0,7,269,1169,100.0
CUB,Support-only Transformer,0.0,7,269,1169,100.0
CUB,ProtoNet,fixed,7,270,1170,100.0
CUB,WIPT,0.0,7,270,1170,100.0
CUB,Support-only Transformer,0.0,7,270,1170,100.0
CUB,ProtoNet,fixed,7,271,1171,97.33333587646484
CUB,WIPT,0.0,7,271,1171,97.33333587646484
CUB,Support-only Transformer,0.0,7,271,1171,96.00000381469727
CUB,ProtoNet,fixed,7,272,1172,98.66666793823242
CUB,WIPT,0.0,7,272,1172,98.66666793823242
CUB,Support-only Transformer,0.0,7,272,1172,100.0
CUB,ProtoNet,fixed,7,273,1173,93.33333373069763
CUB,WIPT,0.0,7,273,1173,93.33333373069763
CUB,Support-only Transformer,0.0,7,273,1173,93.33333373069763
CUB,ProtoNet,fixed,7,274,1174,100.0
CUB,WIPT,0.0,7,274,1174,100.0
CUB,Support-only Transformer,0.0,7,274,1174,100.0
CUB,ProtoNet,fixed,7,275,1175,100.0
CUB,WIPT,0.0,7,275,1175,100.0
CUB,Support-only Transformer,0.0,7,275,1175,100.0
CUB,ProtoNet,fixed,7,276,1176,98.66666793823242
CUB,WIPT,0.0,7,276,1176,97.33333587646484
CUB,Support-only Transformer,0.0,7,276,1176,97.33333587646484
CUB,ProtoNet,fixed,7,277,1177,94.66667175292969
CUB,WIPT,0.0,7,277,1177,94.66667175292969
CUB,Support-only Transformer,0.0,7,277,1177,94.66667175292969
CUB,ProtoNet,fixed,7,278,1178,100.0
CUB,WIPT,0.0,7,278,1178,100.0
CUB,Support-only Transformer,0.0,7,278,1178,100.0
CUB,ProtoNet,fixed,7,279,1179,100.0
CUB,WIPT,0.0,7,279,1179,100.0
CUB,Support-only Transformer,0.0,7,279,1179,100.0
CUB,ProtoNet,fixed,7,280,1180,98.66666793823242
CUB,WIPT,0.0,7,280,1180,98.66666793823242
CUB,Support-only Transformer,0.0,7,280,1180,98.66666793823242
CUB,ProtoNet,fixed,7,281,1181,98.66666793823242
CUB,WIPT,0.0,7,281,1181,98.66666793823242
CUB,Support-only Transformer,0.0,7,281,1181,98.66666793823242
CUB,ProtoNet,fixed,7,282,1182,98.66666793823242
CUB,WIPT,0.0,7,282,1182,98.66666793823242
CUB,Support-only Transformer,0.0,7,282,1182,100.0
CUB,ProtoNet,fixed,7,283,1183,100.0
CUB,WIPT,0.0,7,283,1183,100.0
CUB,Support-only Transformer,0.0,7,283,1183,100.0
CUB,ProtoNet,fixed,7,284,1184,94.66667175292969
CUB,WIPT,0.0,7,284,1184,93.33333373069763
CUB,Support-only Transformer,0.0,7,284,1184,94.66667175292969
CUB,ProtoNet,fixed,7,285,1185,96.00000381469727
CUB,WIPT,0.0,7,285,1185,96.00000381469727
CUB,Support-only Transformer,0.0,7,285,1185,96.00000381469727
CUB,ProtoNet,fixed,7,286,1186,100.0
CUB,WIPT,0.0,7,286,1186,100.0
CUB,Support-only Transformer,0.0,7,286,1186,100.0
CUB,ProtoNet,fixed,7,287,1187,97.33333587646484
CUB,WIPT,0.0,7,287,1187,98.66666793823242
CUB,Support-only Transformer,0.0,7,287,1187,98.66666793823242
CUB,ProtoNet,fixed,7,288,1188,100.0
CUB,WIPT,0.0,7,288,1188,100.0
CUB,Support-only Transformer,0.0,7,288,1188,100.0
CUB,ProtoNet,fixed,7,289,1189,98.66666793823242
CUB,WIPT,0.0,7,289,1189,98.66666793823242
CUB,Support-only Transformer,0.0,7,289,1189,98.66666793823242
CUB,ProtoNet,fixed,7,290,1190,100.0
CUB,WIPT,0.0,7,290,1190,100.0
CUB,Support-only Transformer,0.0,7,290,1190,100.0
CUB,ProtoNet,fixed,7,291,1191,96.00000381469727
CUB,WIPT,0.0,7,291,1191,96.00000381469727
CUB,Support-only Transformer,0.0,7,291,1191,98.66666793823242
CUB,ProtoNet,fixed,7,292,1192,90.66666960716248
CUB,WIPT,0.0,7,292,1192,90.66666960716248
CUB,Support-only Transformer,0.0,7,292,1192,92.00000166893005
CUB,ProtoNet,fixed,7,293,1193,100.0
CUB,WIPT,0.0,7,293,1193,100.0
CUB,Support-only Transformer,0.0,7,293,1193,100.0
CUB,ProtoNet,fixed,7,294,1194,96.00000381469727
CUB,WIPT,0.0,7,294,1194,94.66667175292969
CUB,Support-only Transformer,0.0,7,294,1194,96.00000381469727
CUB,ProtoNet,fixed,7,295,1195,98.66666793823242
CUB,WIPT,0.0,7,295,1195,100.0
CUB,Support-only Transformer,0.0,7,295,1195,98.66666793823242
CUB,ProtoNet,fixed,7,296,1196,100.0
CUB,WIPT,0.0,7,296,1196,100.0
CUB,Support-only Transformer,0.0,7,296,1196,100.0
CUB,ProtoNet,fixed,7,297,1197,96.00000381469727
CUB,WIPT,0.0,7,297,1197,96.00000381469727
CUB,Support-only Transformer,0.0,7,297,1197,96.00000381469727
CUB,ProtoNet,fixed,7,298,1198,98.66666793823242
CUB,WIPT,0.0,7,298,1198,98.66666793823242
CUB,Support-only Transformer,0.0,7,298,1198,98.66666793823242
CUB,ProtoNet,fixed,7,299,1199,100.0
CUB,WIPT,0.0,7,299,1199,100.0
CUB,Support-only Transformer,0.0,7,299,1199,100.0
CUB,ProtoNet,fixed,999,0,1200,89.3333375453949
CUB,WIPT,0.0,999,0,1200,90.66666960716248
CUB,Support-only Transformer,0.0,999,0,1200,87.99999952316284
CUB,ProtoNet,fixed,999,1,1201,100.0
CUB,WIPT,0.0,999,1,1201,100.0
CUB,Support-only Transformer,0.0,999,1,1201,100.0
CUB,ProtoNet,fixed,999,2,1202,100.0
CUB,WIPT,0.0,999,2,1202,100.0
CUB,Support-only Transformer,0.0,999,2,1202,100.0
CUB,ProtoNet,fixed,999,3,1203,100.0
CUB,WIPT,0.0,999,3,1203,100.0
CUB,Support-only Transformer,0.0,999,3,1203,100.0
CUB,ProtoNet,fixed,999,4,1204,98.66666793823242
CUB,WIPT,0.0,999,4,1204,98.66666793823242
CUB,Support-only Transformer,0.0,999,4,1204,98.66666793823242
CUB,ProtoNet,fixed,999,5,1205,100.0
CUB,WIPT,0.0,999,5,1205,98.66666793823242
CUB,Support-only Transformer,0.0,999,5,1205,100.0
CUB,ProtoNet,fixed,999,6,1206,90.66666960716248
CUB,WIPT,0.0,999,6,1206,90.66666960716248
CUB,Support-only Transformer,0.0,999,6,1206,93.33333373069763
CUB,ProtoNet,fixed,999,7,1207,100.0
CUB,WIPT,0.0,999,7,1207,100.0
CUB,Support-only Transformer,0.0,999,7,1207,100.0
CUB,ProtoNet,fixed,999,8,1208,100.0
CUB,WIPT,0.0,999,8,1208,100.0
CUB,Support-only Transformer,0.0,999,8,1208,100.0
CUB,ProtoNet,fixed,999,9,1209,100.0
CUB,WIPT,0.0,999,9,1209,98.66666793823242
CUB,Support-only Transformer,0.0,999,9,1209,96.00000381469727
CUB,ProtoNet,fixed,999,10,1210,100.0
CUB,WIPT,0.0,999,10,1210,100.0
CUB,Support-only Transformer,0.0,999,10,1210,100.0
CUB,ProtoNet,fixed,999,11,1211,100.0
CUB,WIPT,0.0,999,11,1211,100.0
CUB,Support-only Transformer,0.0,999,11,1211,100.0
CUB,ProtoNet,fixed,999,12,1212,100.0
CUB,WIPT,0.0,999,12,1212,100.0
CUB,Support-only Transformer,0.0,999,12,1212,100.0
CUB,ProtoNet,fixed,999,13,1213,100.0
CUB,WIPT,0.0,999,13,1213,100.0
CUB,Support-only Transformer,0.0,999,13,1213,100.0
CUB,ProtoNet,fixed,999,14,1214,98.66666793823242
CUB,WIPT,0.0,999,14,1214,97.33333587646484
CUB,Support-only Transformer,0.0,999,14,1214,97.33333587646484
CUB,ProtoNet,fixed,999,15,1215,96.00000381469727
CUB,WIPT,0.0,999,15,1215,94.66667175292969
CUB,Support-only Transformer,0.0,999,15,1215,92.00000166893005
CUB,ProtoNet,fixed,999,16,1216,97.33333587646484
CUB,WIPT,0.0,999,16,1216,96.00000381469727
CUB,Support-only Transformer,0.0,999,16,1216,92.00000166893005
CUB,ProtoNet,fixed,999,17,1217,98.66666793823242
CUB,WIPT,0.0,999,17,1217,98.66666793823242
CUB,Support-only Transformer,0.0,999,17,1217,98.66666793823242
CUB,ProtoNet,fixed,999,18,1218,98.66666793823242
CUB,WIPT,0.0,999,18,1218,98.66666793823242
CUB,Support-only Transformer,0.0,999,18,1218,100.0
CUB,ProtoNet,fixed,999,19,1219,98.66666793823242
CUB,WIPT,0.0,999,19,1219,98.66666793823242
CUB,Support-only Transformer,0.0,999,19,1219,97.33333587646484
CUB,ProtoNet,fixed,999,20,1220,100.0
CUB,WIPT,0.0,999,20,1220,100.0
CUB,Support-only Transformer,0.0,999,20,1220,100.0
CUB,ProtoNet,fixed,999,21,1221,98.66666793823242
CUB,WIPT,0.0,999,21,1221,98.66666793823242
CUB,Support-only Transformer,0.0,999,21,1221,98.66666793823242
CUB,ProtoNet,fixed,999,22,1222,97.33333587646484
CUB,WIPT,0.0,999,22,1222,97.33333587646484
CUB,Support-only Transformer,0.0,999,22,1222,100.0
CUB,ProtoNet,fixed,999,23,1223,93.33333373069763
CUB,WIPT,0.0,999,23,1223,93.33333373069763
CUB,Support-only Transformer,0.0,999,23,1223,94.66667175292969
CUB,ProtoNet,fixed,999,24,1224,94.66667175292969
CUB,WIPT,0.0,999,24,1224,94.66667175292969
CUB,Support-only Transformer,0.0,999,24,1224,96.00000381469727
CUB,ProtoNet,fixed,999,25,1225,85.33333539962769
CUB,WIPT,0.0,999,25,1225,85.33333539962769
CUB,Support-only Transformer,0.0,999,25,1225,86.66666746139526
CUB,ProtoNet,fixed,999,26,1226,98.66666793823242
CUB,WIPT,0.0,999,26,1226,98.66666793823242
CUB,Support-only Transformer,0.0,999,26,1226,98.66666793823242
CUB,ProtoNet,fixed,999,27,1227,94.66667175292969
CUB,WIPT,0.0,999,27,1227,94.66667175292969
CUB,Support-only Transformer,0.0,999,27,1227,94.66667175292969
CUB,ProtoNet,fixed,999,28,1228,98.66666793823242
CUB,WIPT,0.0,999,28,1228,98.66666793823242
CUB,Support-only Transformer,0.0,999,28,1228,98.66666793823242
CUB,ProtoNet,fixed,999,29,1229,100.0
CUB,WIPT,0.0,999,29,1229,100.0
CUB,Support-only Transformer,0.0,999,29,1229,100.0
CUB,ProtoNet,fixed,999,30,1230,100.0
CUB,WIPT,0.0,999,30,1230,100.0
CUB,Support-only Transformer,0.0,999,30,1230,100.0
CUB,ProtoNet,fixed,999,31,1231,86.66666746139526
CUB,WIPT,0.0,999,31,1231,87.99999952316284
CUB,Support-only Transformer,0.0,999,31,1231,86.66666746139526
CUB,ProtoNet,fixed,999,32,1232,100.0
CUB,WIPT,0.0,999,32,1232,100.0
CUB,Support-only Transformer,0.0,999,32,1232,100.0
CUB,ProtoNet,fixed,999,33,1233,97.33333587646484
CUB,WIPT,0.0,999,33,1233,97.33333587646484
CUB,Support-only Transformer,0.0,999,33,1233,97.33333587646484
CUB,ProtoNet,fixed,999,34,1234,100.0
CUB,WIPT,0.0,999,34,1234,100.0
CUB,Support-only Transformer,0.0,999,34,1234,98.66666793823242
CUB,ProtoNet,fixed,999,35,1235,98.66666793823242
CUB,WIPT,0.0,999,35,1235,98.66666793823242
CUB,Support-only Transformer,0.0,999,35,1235,97.33333587646484
CUB,ProtoNet,fixed,999,36,1236,100.0
CUB,WIPT,0.0,999,36,1236,100.0
CUB,Support-only Transformer,0.0,999,36,1236,100.0
CUB,ProtoNet,fixed,999,37,1237,98.66666793823242
CUB,WIPT,0.0,999,37,1237,98.66666793823242
CUB,Support-only Transformer,0.0,999,37,1237,98.66666793823242
CUB,ProtoNet,fixed,999,38,1238,96.00000381469727
CUB,WIPT,0.0,999,38,1238,97.33333587646484
CUB,Support-only Transformer,0.0,999,38,1238,97.33333587646484
CUB,ProtoNet,fixed,999,39,1239,100.0
CUB,WIPT,0.0,999,39,1239,100.0
CUB,Support-only Transformer,0.0,999,39,1239,100.0
CUB,ProtoNet,fixed,999,40,1240,100.0
CUB,WIPT,0.0,999,40,1240,100.0
CUB,Support-only Transformer,0.0,999,40,1240,100.0
CUB,ProtoNet,fixed,999,41,1241,97.33333587646484
CUB,WIPT,0.0,999,41,1241,98.66666793823242
CUB,Support-only Transformer,0.0,999,41,1241,98.66666793823242
CUB,ProtoNet,fixed,999,42,1242,98.66666793823242
CUB,WIPT,0.0,999,42,1242,100.0
CUB,Support-only Transformer,0.0,999,42,1242,100.0
CUB,ProtoNet,fixed,999,43,1243,100.0
CUB,WIPT,0.0,999,43,1243,100.0
CUB,Support-only Transformer,0.0,999,43,1243,94.66667175292969
CUB,ProtoNet,fixed,999,44,1244,89.3333375453949
CUB,WIPT,0.0,999,44,1244,85.33333539962769
CUB,Support-only Transformer,0.0,999,44,1244,86.66666746139526
CUB,ProtoNet,fixed,999,45,1245,96.00000381469727
CUB,WIPT,0.0,999,45,1245,96.00000381469727
CUB,Support-only Transformer,0.0,999,45,1245,94.66667175292969
CUB,ProtoNet,fixed,999,46,1246,96.00000381469727
CUB,WIPT,0.0,999,46,1246,96.00000381469727
CUB,Support-only Transformer,0.0,999,46,1246,96.00000381469727
CUB,ProtoNet,fixed,999,47,1247,94.66667175292969
CUB,WIPT,0.0,999,47,1247,94.66667175292969
CUB,Support-only Transformer,0.0,999,47,1247,94.66667175292969
CUB,ProtoNet,fixed,999,48,1248,100.0
CUB,WIPT,0.0,999,48,1248,100.0
CUB,Support-only Transformer,0.0,999,48,1248,100.0
CUB,ProtoNet,fixed,999,49,1249,97.33333587646484
CUB,WIPT,0.0,999,49,1249,97.33333587646484
CUB,Support-only Transformer,0.0,999,49,1249,97.33333587646484
CUB,ProtoNet,fixed,999,50,1250,94.66667175292969
CUB,WIPT,0.0,999,50,1250,94.66667175292969
CUB,Support-only Transformer,0.0,999,50,1250,80.0000011920929
CUB,ProtoNet,fixed,999,51,1251,98.66666793823242
CUB,WIPT,0.0,999,51,1251,98.66666793823242
CUB,Support-only Transformer,0.0,999,51,1251,98.66666793823242
CUB,ProtoNet,fixed,999,52,1252,100.0
CUB,WIPT,0.0,999,52,1252,100.0
CUB,Support-only Transformer,0.0,999,52,1252,100.0
CUB,ProtoNet,fixed,999,53,1253,98.66666793823242
CUB,WIPT,0.0,999,53,1253,100.0
CUB,Support-only Transformer,0.0,999,53,1253,100.0
CUB,ProtoNet,fixed,999,54,1254,100.0
CUB,WIPT,0.0,999,54,1254,98.66666793823242
CUB,Support-only Transformer,0.0,999,54,1254,100.0
CUB,ProtoNet,fixed,999,55,1255,97.33333587646484
CUB,WIPT,0.0,999,55,1255,97.33333587646484
CUB,Support-only Transformer,0.0,999,55,1255,97.33333587646484
CUB,ProtoNet,fixed,999,56,1256,85.33333539962769
CUB,WIPT,0.0,999,56,1256,86.66666746139526
CUB,Support-only Transformer,0.0,999,56,1256,81.33333325386047
CUB,ProtoNet,fixed,999,57,1257,100.0
CUB,WIPT,0.0,999,57,1257,100.0
CUB,Support-only Transformer,0.0,999,57,1257,100.0
CUB,ProtoNet,fixed,999,58,1258,100.0
CUB,WIPT,0.0,999,58,1258,100.0
CUB,Support-only Transformer,0.0,999,58,1258,100.0
CUB,ProtoNet,fixed,999,59,1259,100.0
CUB,WIPT,0.0,999,59,1259,100.0
CUB,Support-only Transformer,0.0,999,59,1259,100.0
CUB,ProtoNet,fixed,999,60,1260,100.0
CUB,WIPT,0.0,999,60,1260,100.0
CUB,Support-only Transformer,0.0,999,60,1260,100.0
CUB,ProtoNet,fixed,999,61,1261,100.0
CUB,WIPT,0.0,999,61,1261,100.0
CUB,Support-only Transformer,0.0,999,61,1261,100.0
CUB,ProtoNet,fixed,999,62,1262,98.66666793823242
CUB,WIPT,0.0,999,62,1262,100.0
CUB,Support-only Transformer,0.0,999,62,1262,100.0
CUB,ProtoNet,fixed,999,63,1263,93.33333373069763
CUB,WIPT,0.0,999,63,1263,94.66667175292969
CUB,Support-only Transformer,0.0,999,63,1263,96.00000381469727
CUB,ProtoNet,fixed,999,64,1264,100.0
CUB,WIPT,0.0,999,64,1264,98.66666793823242
CUB,Support-only Transformer,0.0,999,64,1264,100.0
CUB,ProtoNet,fixed,999,65,1265,100.0
CUB,WIPT,0.0,999,65,1265,100.0
CUB,Support-only Transformer,0.0,999,65,1265,100.0
CUB,ProtoNet,fixed,999,66,1266,100.0
CUB,WIPT,0.0,999,66,1266,100.0
CUB,Support-only Transformer,0.0,999,66,1266,100.0
CUB,ProtoNet,fixed,999,67,1267,94.66667175292969
CUB,WIPT,0.0,999,67,1267,93.33333373069763
CUB,Support-only Transformer,0.0,999,67,1267,97.33333587646484
CUB,ProtoNet,fixed,999,68,1268,100.0
CUB,WIPT,0.0,999,68,1268,100.0
CUB,Support-only Transformer,0.0,999,68,1268,100.0
CUB,ProtoNet,fixed,999,69,1269,98.66666793823242
CUB,WIPT,0.0,999,69,1269,98.66666793823242
CUB,Support-only Transformer,0.0,999,69,1269,98.66666793823242
CUB,ProtoNet,fixed,999,70,1270,100.0
CUB,WIPT,0.0,999,70,1270,100.0
CUB,Support-only Transformer,0.0,999,70,1270,100.0
CUB,ProtoNet,fixed,999,71,1271,98.66666793823242
CUB,WIPT,0.0,999,71,1271,98.66666793823242
CUB,Support-only Transformer,0.0,999,71,1271,97.33333587646484
CUB,ProtoNet,fixed,999,72,1272,98.66666793823242
CUB,WIPT,0.0,999,72,1272,98.66666793823242
CUB,Support-only Transformer,0.0,999,72,1272,100.0
CUB,ProtoNet,fixed,999,73,1273,100.0
CUB,WIPT,0.0,999,73,1273,100.0
CUB,Support-only Transformer,0.0,999,73,1273,100.0
CUB,ProtoNet,fixed,999,74,1274,100.0
CUB,WIPT,0.0,999,74,1274,100.0
CUB,Support-only Transformer,0.0,999,74,1274,100.0
CUB,ProtoNet,fixed,999,75,1275,96.00000381469727
CUB,WIPT,0.0,999,75,1275,96.00000381469727
CUB,Support-only Transformer,0.0,999,75,1275,96.00000381469727
CUB,ProtoNet,fixed,999,76,1276,100.0
CUB,WIPT,0.0,999,76,1276,100.0
CUB,Support-only Transformer,0.0,999,76,1276,100.0
CUB,ProtoNet,fixed,999,77,1277,97.33333587646484
CUB,WIPT,0.0,999,77,1277,96.00000381469727
CUB,Support-only Transformer,0.0,999,77,1277,96.00000381469727
CUB,ProtoNet,fixed,999,78,1278,98.66666793823242
CUB,WIPT,0.0,999,78,1278,98.66666793823242
CUB,Support-only Transformer,0.0,999,78,1278,100.0
CUB,ProtoNet,fixed,999,79,1279,96.00000381469727
CUB,WIPT,0.0,999,79,1279,96.00000381469727
CUB,Support-only Transformer,0.0,999,79,1279,96.00000381469727
CUB,ProtoNet,fixed,999,80,1280,98.66666793823242
CUB,WIPT,0.0,999,80,1280,98.66666793823242
CUB,Support-only Transformer,0.0,999,80,1280,100.0
CUB,ProtoNet,fixed,999,81,1281,94.66667175292969
CUB,WIPT,0.0,999,81,1281,94.66667175292969
CUB,Support-only Transformer,0.0,999,81,1281,96.00000381469727
CUB,ProtoNet,fixed,999,82,1282,96.00000381469727
CUB,WIPT,0.0,999,82,1282,96.00000381469727
CUB,Support-only Transformer,0.0,999,82,1282,97.33333587646484
CUB,ProtoNet,fixed,999,83,1283,100.0
CUB,WIPT,0.0,999,83,1283,100.0
CUB,Support-only Transformer,0.0,999,83,1283,100.0
CUB,ProtoNet,fixed,999,84,1284,97.33333587646484
CUB,WIPT,0.0,999,84,1284,97.33333587646484
CUB,Support-only Transformer,0.0,999,84,1284,98.66666793823242
CUB,ProtoNet,fixed,999,85,1285,100.0
CUB,WIPT,0.0,999,85,1285,100.0
CUB,Support-only Transformer,0.0,999,85,1285,100.0
CUB,ProtoNet,fixed,999,86,1286,98.66666793823242
CUB,WIPT,0.0,999,86,1286,98.66666793823242
CUB,Support-only Transformer,0.0,999,86,1286,98.66666793823242
CUB,ProtoNet,fixed,999,87,1287,100.0
CUB,WIPT,0.0,999,87,1287,98.66666793823242
CUB,Support-only Transformer,0.0,999,87,1287,97.33333587646484
CUB,ProtoNet,fixed,999,88,1288,97.33333587646484
CUB,WIPT,0.0,999,88,1288,98.66666793823242
CUB,Support-only Transformer,0.0,999,88,1288,98.66666793823242
CUB,ProtoNet,fixed,999,89,1289,98.66666793823242
CUB,WIPT,0.0,999,89,1289,96.00000381469727
CUB,Support-only Transformer,0.0,999,89,1289,98.66666793823242
CUB,ProtoNet,fixed,999,90,1290,96.00000381469727
CUB,WIPT,0.0,999,90,1290,96.00000381469727
CUB,Support-only Transformer,0.0,999,90,1290,93.33333373069763
CUB,ProtoNet,fixed,999,91,1291,98.66666793823242
CUB,WIPT,0.0,999,91,1291,98.66666793823242
CUB,Support-only Transformer,0.0,999,91,1291,98.66666793823242
CUB,ProtoNet,fixed,999,92,1292,100.0
CUB,WIPT,0.0,999,92,1292,98.66666793823242
CUB,Support-only Transformer,0.0,999,92,1292,100.0
CUB,ProtoNet,fixed,999,93,1293,100.0
CUB,WIPT,0.0,999,93,1293,100.0
CUB,Support-only Transformer,0.0,999,93,1293,100.0
CUB,ProtoNet,fixed,999,94,1294,96.00000381469727
CUB,WIPT,0.0,999,94,1294,96.00000381469727
CUB,Support-only Transformer,0.0,999,94,1294,97.33333587646484
CUB,ProtoNet,fixed,999,95,1295,100.0
CUB,WIPT,0.0,999,95,1295,100.0
CUB,Support-only Transformer,0.0,999,95,1295,100.0
CUB,ProtoNet,fixed,999,96,1296,100.0
CUB,WIPT,0.0,999,96,1296,100.0
CUB,Support-only Transformer,0.0,999,96,1296,100.0
CUB,ProtoNet,fixed,999,97,1297,98.66666793823242
CUB,WIPT,0.0,999,97,1297,98.66666793823242
CUB,Support-only Transformer,0.0,999,97,1297,98.66666793823242
CUB,ProtoNet,fixed,999,98,1298,97.33333587646484
CUB,WIPT,0.0,999,98,1298,97.33333587646484
CUB,Support-only Transformer,0.0,999,98,1298,97.33333587646484
CUB,ProtoNet,fixed,999,99,1299,98.66666793823242
CUB,WIPT,0.0,999,99,1299,98.66666793823242
CUB,Support-only Transformer,0.0,999,99,1299,98.66666793823242
CUB,ProtoNet,fixed,999,100,1300,98.66666793823242
CUB,WIPT,0.0,999,100,1300,98.66666793823242
CUB,Support-only Transformer,0.0,999,100,1300,100.0
CUB,ProtoNet,fixed,999,101,1301,100.0
CUB,WIPT,0.0,999,101,1301,100.0
CUB,Support-only Transformer,0.0,999,101,1301,98.66666793823242
CUB,ProtoNet,fixed,999,102,1302,100.0
CUB,WIPT,0.0,999,102,1302,100.0
CUB,Support-only Transformer,0.0,999,102,1302,98.66666793823242
CUB,ProtoNet,fixed,999,103,1303,100.0
CUB,WIPT,0.0,999,103,1303,100.0
CUB,Support-only Transformer,0.0,999,103,1303,100.0
CUB,ProtoNet,fixed,999,104,1304,92.00000166893005
CUB,WIPT,0.0,999,104,1304,92.00000166893005
CUB,Support-only Transformer,0.0,999,104,1304,86.66666746139526
CUB,ProtoNet,fixed,999,105,1305,96.00000381469727
CUB,WIPT,0.0,999,105,1305,94.66667175292969
CUB,Support-only Transformer,0.0,999,105,1305,96.00000381469727
CUB,ProtoNet,fixed,999,106,1306,100.0
CUB,WIPT,0.0,999,106,1306,98.66666793823242
CUB,Support-only Transformer,0.0,999,106,1306,98.66666793823242
CUB,ProtoNet,fixed,999,107,1307,100.0
CUB,WIPT,0.0,999,107,1307,100.0
CUB,Support-only Transformer,0.0,999,107,1307,100.0
CUB,ProtoNet,fixed,999,108,1308,90.66666960716248
CUB,WIPT,0.0,999,108,1308,89.3333375453949
CUB,Support-only Transformer,0.0,999,108,1308,86.66666746139526
CUB,ProtoNet,fixed,999,109,1309,100.0
CUB,WIPT,0.0,999,109,1309,100.0
CUB,Support-only Transformer,0.0,999,109,1309,100.0
CUB,ProtoNet,fixed,999,110,1310,92.00000166893005
CUB,WIPT,0.0,999,110,1310,89.3333375453949
CUB,Support-only Transformer,0.0,999,110,1310,89.3333375453949
CUB,ProtoNet,fixed,999,111,1311,100.0
CUB,WIPT,0.0,999,111,1311,100.0
CUB,Support-only Transformer,0.0,999,111,1311,100.0
CUB,ProtoNet,fixed,999,112,1312,98.66666793823242
CUB,WIPT,0.0,999,112,1312,98.66666793823242
CUB,Support-only Transformer,0.0,999,112,1312,100.0
CUB,ProtoNet,fixed,999,113,1313,98.66666793823242
CUB,WIPT,0.0,999,113,1313,98.66666793823242
CUB,Support-only Transformer,0.0,999,113,1313,98.66666793823242
CUB,ProtoNet,fixed,999,114,1314,98.66666793823242
CUB,WIPT,0.0,999,114,1314,97.33333587646484
CUB,Support-only Transformer,0.0,999,114,1314,98.66666793823242
CUB,ProtoNet,fixed,999,115,1315,97.33333587646484
CUB,WIPT,0.0,999,115,1315,97.33333587646484
CUB,Support-only Transformer,0.0,999,115,1315,97.33333587646484
CUB,ProtoNet,fixed,999,116,1316,98.66666793823242
CUB,WIPT,0.0,999,116,1316,98.66666793823242
CUB,Support-only Transformer,0.0,999,116,1316,98.66666793823242
CUB,ProtoNet,fixed,999,117,1317,96.00000381469727
CUB,WIPT,0.0,999,117,1317,96.00000381469727
CUB,Support-only Transformer,0.0,999,117,1317,96.00000381469727
CUB,ProtoNet,fixed,999,118,1318,100.0
CUB,WIPT,0.0,999,118,1318,100.0
CUB,Support-only Transformer,0.0,999,118,1318,100.0
CUB,ProtoNet,fixed,999,119,1319,98.66666793823242
CUB,WIPT,0.0,999,119,1319,98.66666793823242
CUB,Support-only Transformer,0.0,999,119,1319,97.33333587646484
CUB,ProtoNet,fixed,999,120,1320,97.33333587646484
CUB,WIPT,0.0,999,120,1320,97.33333587646484
CUB,Support-only Transformer,0.0,999,120,1320,97.33333587646484
CUB,ProtoNet,fixed,999,121,1321,96.00000381469727
CUB,WIPT,0.0,999,121,1321,96.00000381469727
CUB,Support-only Transformer,0.0,999,121,1321,96.00000381469727
CUB,ProtoNet,fixed,999,122,1322,100.0
CUB,WIPT,0.0,999,122,1322,100.0
CUB,Support-only Transformer,0.0,999,122,1322,100.0
CUB,ProtoNet,fixed,999,123,1323,100.0
CUB,WIPT,0.0,999,123,1323,100.0
CUB,Support-only Transformer,0.0,999,123,1323,100.0
CUB,ProtoNet,fixed,999,124,1324,98.66666793823242
CUB,WIPT,0.0,999,124,1324,98.66666793823242
CUB,Support-only Transformer,0.0,999,124,1324,98.66666793823242
CUB,ProtoNet,fixed,999,125,1325,97.33333587646484
CUB,WIPT,0.0,999,125,1325,97.33333587646484
CUB,Support-only Transformer,0.0,999,125,1325,94.66667175292969
CUB,ProtoNet,fixed,999,126,1326,93.33333373069763
CUB,WIPT,0.0,999,126,1326,94.66667175292969
CUB,Support-only Transformer,0.0,999,126,1326,96.00000381469727
CUB,ProtoNet,fixed,999,127,1327,100.0
CUB,WIPT,0.0,999,127,1327,100.0
CUB,Support-only Transformer,0.0,999,127,1327,100.0
CUB,ProtoNet,fixed,999,128,1328,97.33333587646484
CUB,WIPT,0.0,999,128,1328,97.33333587646484
CUB,Support-only Transformer,0.0,999,128,1328,100.0
CUB,ProtoNet,fixed,999,129,1329,98.66666793823242
CUB,WIPT,0.0,999,129,1329,100.0
CUB,Support-only Transformer,0.0,999,129,1329,98.66666793823242
CUB,ProtoNet,fixed,999,130,1330,97.33333587646484
CUB,WIPT,0.0,999,130,1330,97.33333587646484
CUB,Support-only Transformer,0.0,999,130,1330,97.33333587646484
CUB,ProtoNet,fixed,999,131,1331,100.0
CUB,WIPT,0.0,999,131,1331,100.0
CUB,Support-only Transformer,0.0,999,131,1331,100.0
CUB,ProtoNet,fixed,999,132,1332,100.0
CUB,WIPT,0.0,999,132,1332,100.0
CUB,Support-only Transformer,0.0,999,132,1332,98.66666793823242
CUB,ProtoNet,fixed,999,133,1333,100.0
CUB,WIPT,0.0,999,133,1333,100.0
CUB,Support-only Transformer,0.0,999,133,1333,100.0
CUB,ProtoNet,fixed,999,134,1334,96.00000381469727
CUB,WIPT,0.0,999,134,1334,97.33333587646484
CUB,Support-only Transformer,0.0,999,134,1334,98.66666793823242
CUB,ProtoNet,fixed,999,135,1335,98.66666793823242
CUB,WIPT,0.0,999,135,1335,98.66666793823242
CUB,Support-only Transformer,0.0,999,135,1335,98.66666793823242
CUB,ProtoNet,fixed,999,136,1336,100.0
CUB,WIPT,0.0,999,136,1336,98.66666793823242
CUB,Support-only Transformer,0.0,999,136,1336,97.33333587646484
CUB,ProtoNet,fixed,999,137,1337,100.0
CUB,WIPT,0.0,999,137,1337,100.0
CUB,Support-only Transformer,0.0,999,137,1337,100.0
CUB,ProtoNet,fixed,999,138,1338,100.0
CUB,WIPT,0.0,999,138,1338,100.0
CUB,Support-only Transformer,0.0,999,138,1338,100.0
CUB,ProtoNet,fixed,999,139,1339,100.0
CUB,WIPT,0.0,999,139,1339,98.66666793823242
CUB,Support-only Transformer,0.0,999,139,1339,98.66666793823242
CUB,ProtoNet,fixed,999,140,1340,98.66666793823242
CUB,WIPT,0.0,999,140,1340,98.66666793823242
CUB,Support-only Transformer,0.0,999,140,1340,98.66666793823242
CUB,ProtoNet,fixed,999,141,1341,98.66666793823242
CUB,WIPT,0.0,999,141,1341,98.66666793823242
CUB,Support-only Transformer,0.0,999,141,1341,98.66666793823242
CUB,ProtoNet,fixed,999,142,1342,98.66666793823242
CUB,WIPT,0.0,999,142,1342,98.66666793823242
CUB,Support-only Transformer,0.0,999,142,1342,98.66666793823242
CUB,ProtoNet,fixed,999,143,1343,100.0
CUB,WIPT,0.0,999,143,1343,98.66666793823242
CUB,Support-only Transformer,0.0,999,143,1343,98.66666793823242
CUB,ProtoNet,fixed,999,144,1344,98.66666793823242
CUB,WIPT,0.0,999,144,1344,98.66666793823242
CUB,Support-only Transformer,0.0,999,144,1344,98.66666793823242
CUB,ProtoNet,fixed,999,145,1345,90.66666960716248
CUB,WIPT,0.0,999,145,1345,90.66666960716248
CUB,Support-only Transformer,0.0,999,145,1345,89.3333375453949
CUB,ProtoNet,fixed,999,146,1346,98.66666793823242
CUB,WIPT,0.0,999,146,1346,98.66666793823242
CUB,Support-only Transformer,0.0,999,146,1346,98.66666793823242
CUB,ProtoNet,fixed,999,147,1347,96.00000381469727
CUB,WIPT,0.0,999,147,1347,96.00000381469727
CUB,Support-only Transformer,0.0,999,147,1347,96.00000381469727
CUB,ProtoNet,fixed,999,148,1348,93.33333373069763
CUB,WIPT,0.0,999,148,1348,93.33333373069763
CUB,Support-only Transformer,0.0,999,148,1348,93.33333373069763
CUB,ProtoNet,fixed,999,149,1349,97.33333587646484
CUB,WIPT,0.0,999,149,1349,97.33333587646484
CUB,Support-only Transformer,0.0,999,149,1349,97.33333587646484
CUB,ProtoNet,fixed,999,150,1350,100.0
CUB,WIPT,0.0,999,150,1350,100.0
CUB,Support-only Transformer,0.0,999,150,1350,100.0
CUB,ProtoNet,fixed,999,151,1351,98.66666793823242
CUB,WIPT,0.0,999,151,1351,98.66666793823242
CUB,Support-only Transformer,0.0,999,151,1351,98.66666793823242
CUB,ProtoNet,fixed,999,152,1352,100.0
CUB,WIPT,0.0,999,152,1352,100.0
CUB,Support-only Transformer,0.0,999,152,1352,100.0
CUB,ProtoNet,fixed,999,153,1353,87.99999952316284
CUB,WIPT,0.0,999,153,1353,87.99999952316284
CUB,Support-only Transformer,0.0,999,153,1353,87.99999952316284
CUB,ProtoNet,fixed,999,154,1354,96.00000381469727
CUB,WIPT,0.0,999,154,1354,96.00000381469727
CUB,Support-only Transformer,0.0,999,154,1354,97.33333587646484
CUB,ProtoNet,fixed,999,155,1355,98.66666793823242
CUB,WIPT,0.0,999,155,1355,98.66666793823242
CUB,Support-only Transformer,0.0,999,155,1355,98.66666793823242
CUB,ProtoNet,fixed,999,156,1356,100.0
CUB,WIPT,0.0,999,156,1356,100.0
CUB,Support-only Transformer,0.0,999,156,1356,100.0
CUB,ProtoNet,fixed,999,157,1357,96.00000381469727
CUB,WIPT,0.0,999,157,1357,96.00000381469727
CUB,Support-only Transformer,0.0,999,157,1357,98.66666793823242
CUB,ProtoNet,fixed,999,158,1358,98.66666793823242
CUB,WIPT,0.0,999,158,1358,98.66666793823242
CUB,Support-only Transformer,0.0,999,158,1358,98.66666793823242
CUB,ProtoNet,fixed,999,159,1359,100.0
CUB,WIPT,0.0,999,159,1359,100.0
CUB,Support-only Transformer,0.0,999,159,1359,100.0
CUB,ProtoNet,fixed,999,160,1360,98.66666793823242
CUB,WIPT,0.0,999,160,1360,97.33333587646484
CUB,Support-only Transformer,0.0,999,160,1360,96.00000381469727
CUB,ProtoNet,fixed,999,161,1361,97.33333587646484
CUB,WIPT,0.0,999,161,1361,97.33333587646484
CUB,Support-only Transformer,0.0,999,161,1361,97.33333587646484
CUB,ProtoNet,fixed,999,162,1362,98.66666793823242
CUB,WIPT,0.0,999,162,1362,98.66666793823242
CUB,Support-only Transformer,0.0,999,162,1362,100.0
CUB,ProtoNet,fixed,999,163,1363,100.0
CUB,WIPT,0.0,999,163,1363,100.0
CUB,Support-only Transformer,0.0,999,163,1363,100.0
CUB,ProtoNet,fixed,999,164,1364,100.0
CUB,WIPT,0.0,999,164,1364,100.0
CUB,Support-only Transformer,0.0,999,164,1364,100.0
CUB,ProtoNet,fixed,999,165,1365,100.0
CUB,WIPT,0.0,999,165,1365,100.0
CUB,Support-only Transformer,0.0,999,165,1365,100.0
CUB,ProtoNet,fixed,999,166,1366,97.33333587646484
CUB,WIPT,0.0,999,166,1366,98.66666793823242
CUB,Support-only Transformer,0.0,999,166,1366,98.66666793823242
CUB,ProtoNet,fixed,999,167,1367,98.66666793823242
CUB,WIPT,0.0,999,167,1367,98.66666793823242
CUB,Support-only Transformer,0.0,999,167,1367,98.66666793823242
CUB,ProtoNet,fixed,999,168,1368,98.66666793823242
CUB,WIPT,0.0,999,168,1368,98.66666793823242
CUB,Support-only Transformer,0.0,999,168,1368,97.33333587646484
CUB,ProtoNet,fixed,999,169,1369,98.66666793823242
CUB,WIPT,0.0,999,169,1369,98.66666793823242
CUB,Support-only Transformer,0.0,999,169,1369,97.33333587646484
CUB,ProtoNet,fixed,999,170,1370,100.0
CUB,WIPT,0.0,999,170,1370,100.0
CUB,Support-only Transformer,0.0,999,170,1370,100.0
CUB,ProtoNet,fixed,999,171,1371,98.66666793823242
CUB,WIPT,0.0,999,171,1371,97.33333587646484
CUB,Support-only Transformer,0.0,999,171,1371,100.0
CUB,ProtoNet,fixed,999,172,1372,100.0
CUB,WIPT,0.0,999,172,1372,100.0
CUB,Support-only Transformer,0.0,999,172,1372,100.0
CUB,ProtoNet,fixed,999,173,1373,100.0
CUB,WIPT,0.0,999,173,1373,98.66666793823242
CUB,Support-only Transformer,0.0,999,173,1373,98.66666793823242
CUB,ProtoNet,fixed,999,174,1374,100.0
CUB,WIPT,0.0,999,174,1374,100.0
CUB,Support-only Transformer,0.0,999,174,1374,100.0
CUB,ProtoNet,fixed,999,175,1375,94.66667175292969
CUB,WIPT,0.0,999,175,1375,93.33333373069763
CUB,Support-only Transformer,0.0,999,175,1375,96.00000381469727
CUB,ProtoNet,fixed,999,176,1376,100.0
CUB,WIPT,0.0,999,176,1376,100.0
CUB,Support-only Transformer,0.0,999,176,1376,100.0
CUB,ProtoNet,fixed,999,177,1377,98.66666793823242
CUB,WIPT,0.0,999,177,1377,98.66666793823242
CUB,Support-only Transformer,0.0,999,177,1377,98.66666793823242
CUB,ProtoNet,fixed,999,178,1378,100.0
CUB,WIPT,0.0,999,178,1378,100.0
CUB,Support-only Transformer,0.0,999,178,1378,98.66666793823242
CUB,ProtoNet,fixed,999,179,1379,98.66666793823242
CUB,WIPT,0.0,999,179,1379,98.66666793823242
CUB,Support-only Transformer,0.0,999,179,1379,98.66666793823242
CUB,ProtoNet,fixed,999,180,1380,98.66666793823242
CUB,WIPT,0.0,999,180,1380,98.66666793823242
CUB,Support-only Transformer,0.0,999,180,1380,97.33333587646484
CUB,ProtoNet,fixed,999,181,1381,94.66667175292969
CUB,WIPT,0.0,999,181,1381,94.66667175292969
CUB,Support-only Transformer,0.0,999,181,1381,96.00000381469727
CUB,ProtoNet,fixed,999,182,1382,100.0
CUB,WIPT,0.0,999,182,1382,100.0
CUB,Support-only Transformer,0.0,999,182,1382,100.0
CUB,ProtoNet,fixed,999,183,1383,100.0
CUB,WIPT,0.0,999,183,1383,100.0
CUB,Support-only Transformer,0.0,999,183,1383,100.0
CUB,ProtoNet,fixed,999,184,1384,92.00000166893005
CUB,WIPT,0.0,999,184,1384,92.00000166893005
CUB,Support-only Transformer,0.0,999,184,1384,90.66666960716248
CUB,ProtoNet,fixed,999,185,1385,97.33333587646484
CUB,WIPT,0.0,999,185,1385,97.33333587646484
CUB,Support-only Transformer,0.0,999,185,1385,98.66666793823242
CUB,ProtoNet,fixed,999,186,1386,90.66666960716248
CUB,WIPT,0.0,999,186,1386,90.66666960716248
CUB,Support-only Transformer,0.0,999,186,1386,93.33333373069763
CUB,ProtoNet,fixed,999,187,1387,100.0
CUB,WIPT,0.0,999,187,1387,100.0
CUB,Support-only Transformer,0.0,999,187,1387,98.66666793823242
CUB,ProtoNet,fixed,999,188,1388,100.0
CUB,WIPT,0.0,999,188,1388,100.0
CUB,Support-only Transformer,0.0,999,188,1388,100.0
CUB,ProtoNet,fixed,999,189,1389,97.33333587646484
CUB,WIPT,0.0,999,189,1389,96.00000381469727
CUB,Support-only Transformer,0.0,999,189,1389,96.00000381469727
CUB,ProtoNet,fixed,999,190,1390,100.0
CUB,WIPT,0.0,999,190,1390,100.0
CUB,Support-only Transformer,0.0,999,190,1390,100.0
CUB,ProtoNet,fixed,999,191,1391,86.66666746139526
CUB,WIPT,0.0,999,191,1391,89.3333375453949
CUB,Support-only Transformer,0.0,999,191,1391,82.66667127609253
CUB,ProtoNet,fixed,999,192,1392,98.66666793823242
CUB,WIPT,0.0,999,192,1392,98.66666793823242
CUB,Support-only Transformer,0.0,999,192,1392,98.66666793823242
CUB,ProtoNet,fixed,999,193,1393,93.33333373069763
CUB,WIPT,0.0,999,193,1393,90.66666960716248
CUB,Support-only Transformer,0.0,999,193,1393,92.00000166893005
CUB,ProtoNet,fixed,999,194,1394,100.0
CUB,WIPT,0.0,999,194,1394,100.0
CUB,Support-only Transformer,0.0,999,194,1394,100.0
CUB,ProtoNet,fixed,999,195,1395,92.00000166893005
CUB,WIPT,0.0,999,195,1395,92.00000166893005
CUB,Support-only Transformer,0.0,999,195,1395,94.66667175292969
CUB,ProtoNet,fixed,999,196,1396,100.0
CUB,WIPT,0.0,999,196,1396,100.0
CUB,Support-only Transformer,0.0,999,196,1396,100.0
CUB,ProtoNet,fixed,999,197,1397,97.33333587646484
CUB,WIPT,0.0,999,197,1397,97.33333587646484
CUB,Support-only Transformer,0.0,999,197,1397,97.33333587646484
CUB,ProtoNet,fixed,999,198,1398,96.00000381469727
CUB,WIPT,0.0,999,198,1398,96.00000381469727
CUB,Support-only Transformer,0.0,999,198,1398,97.33333587646484
CUB,ProtoNet,fixed,999,199,1399,98.66666793823242
CUB,WIPT,0.0,999,199,1399,98.66666793823242
CUB,Support-only Transformer,0.0,999,199,1399,98.66666793823242
CUB,ProtoNet,fixed,999,200,1400,100.0
CUB,WIPT,0.0,999,200,1400,100.0
CUB,Support-only Transformer,0.0,999,200,1400,100.0
CUB,ProtoNet,fixed,999,201,1401,100.0
CUB,WIPT,0.0,999,201,1401,100.0
CUB,Support-only Transformer,0.0,999,201,1401,98.66666793823242
CUB,ProtoNet,fixed,999,202,1402,98.66666793823242
CUB,WIPT,0.0,999,202,1402,98.66666793823242
CUB,Support-only Transformer,0.0,999,202,1402,98.66666793823242
CUB,ProtoNet,fixed,999,203,1403,98.66666793823242
CUB,WIPT,0.0,999,203,1403,100.0
CUB,Support-only Transformer,0.0,999,203,1403,100.0
CUB,ProtoNet,fixed,999,204,1404,98.66666793823242
CUB,WIPT,0.0,999,204,1404,98.66666793823242
CUB,Support-only Transformer,0.0,999,204,1404,100.0
CUB,ProtoNet,fixed,999,205,1405,100.0
CUB,WIPT,0.0,999,205,1405,100.0
CUB,Support-only Transformer,0.0,999,205,1405,100.0
CUB,ProtoNet,fixed,999,206,1406,98.66666793823242
CUB,WIPT,0.0,999,206,1406,98.66666793823242
CUB,Support-only Transformer,0.0,999,206,1406,100.0
CUB,ProtoNet,fixed,999,207,1407,100.0
CUB,WIPT,0.0,999,207,1407,100.0
CUB,Support-only Transformer,0.0,999,207,1407,98.66666793823242
CUB,ProtoNet,fixed,999,208,1408,94.66667175292969
CUB,WIPT,0.0,999,208,1408,92.00000166893005
CUB,Support-only Transformer,0.0,999,208,1408,92.00000166893005
CUB,ProtoNet,fixed,999,209,1409,100.0
CUB,WIPT,0.0,999,209,1409,100.0
CUB,Support-only Transformer,0.0,999,209,1409,100.0
CUB,ProtoNet,fixed,999,210,1410,100.0
CUB,WIPT,0.0,999,210,1410,100.0
CUB,Support-only Transformer,0.0,999,210,1410,100.0
CUB,ProtoNet,fixed,999,211,1411,94.66667175292969
CUB,WIPT,0.0,999,211,1411,93.33333373069763
CUB,Support-only Transformer,0.0,999,211,1411,94.66667175292969
CUB,ProtoNet,fixed,999,212,1412,100.0
CUB,WIPT,0.0,999,212,1412,100.0
CUB,Support-only Transformer,0.0,999,212,1412,100.0
CUB,ProtoNet,fixed,999,213,1413,98.66666793823242
CUB,WIPT,0.0,999,213,1413,98.66666793823242
CUB,Support-only Transformer,0.0,999,213,1413,98.66666793823242
CUB,ProtoNet,fixed,999,214,1414,100.0
CUB,WIPT,0.0,999,214,1414,100.0
CUB,Support-only Transformer,0.0,999,214,1414,98.66666793823242
CUB,ProtoNet,fixed,999,215,1415,98.66666793823242
CUB,WIPT,0.0,999,215,1415,98.66666793823242
CUB,Support-only Transformer,0.0,999,215,1415,98.66666793823242
CUB,ProtoNet,fixed,999,216,1416,98.66666793823242
CUB,WIPT,0.0,999,216,1416,98.66666793823242
CUB,Support-only Transformer,0.0,999,216,1416,98.66666793823242
CUB,ProtoNet,fixed,999,217,1417,98.66666793823242
CUB,WIPT,0.0,999,217,1417,98.66666793823242
CUB,Support-only Transformer,0.0,999,217,1417,98.66666793823242
CUB,ProtoNet,fixed,999,218,1418,98.66666793823242
CUB,WIPT,0.0,999,218,1418,98.66666793823242
CUB,Support-only Transformer,0.0,999,218,1418,96.00000381469727
CUB,ProtoNet,fixed,999,219,1419,92.00000166893005
CUB,WIPT,0.0,999,219,1419,89.3333375453949
CUB,Support-only Transformer,0.0,999,219,1419,93.33333373069763
CUB,ProtoNet,fixed,999,220,1420,97.33333587646484
CUB,WIPT,0.0,999,220,1420,97.33333587646484
CUB,Support-only Transformer,0.0,999,220,1420,97.33333587646484
CUB,ProtoNet,fixed,999,221,1421,96.00000381469727
CUB,WIPT,0.0,999,221,1421,96.00000381469727
CUB,Support-only Transformer,0.0,999,221,1421,92.00000166893005
CUB,ProtoNet,fixed,999,222,1422,97.33333587646484
CUB,WIPT,0.0,999,222,1422,97.33333587646484
CUB,Support-only Transformer,0.0,999,222,1422,97.33333587646484
CUB,ProtoNet,fixed,999,223,1423,98.66666793823242
CUB,WIPT,0.0,999,223,1423,98.66666793823242
CUB,Support-only Transformer,0.0,999,223,1423,98.66666793823242
CUB,ProtoNet,fixed,999,224,1424,100.0
CUB,WIPT,0.0,999,224,1424,100.0
CUB,Support-only Transformer,0.0,999,224,1424,100.0
CUB,ProtoNet,fixed,999,225,1425,100.0
CUB,WIPT,0.0,999,225,1425,100.0
CUB,Support-only Transformer,0.0,999,225,1425,98.66666793823242
CUB,ProtoNet,fixed,999,226,1426,97.33333587646484
CUB,WIPT,0.0,999,226,1426,96.00000381469727
CUB,Support-only Transformer,0.0,999,226,1426,96.00000381469727
CUB,ProtoNet,fixed,999,227,1427,97.33333587646484
CUB,WIPT,0.0,999,227,1427,97.33333587646484
CUB,Support-only Transformer,0.0,999,227,1427,96.00000381469727
CUB,ProtoNet,fixed,999,228,1428,98.66666793823242
CUB,WIPT,0.0,999,228,1428,100.0
CUB,Support-only Transformer,0.0,999,228,1428,100.0
CUB,ProtoNet,fixed,999,229,1429,98.66666793823242
CUB,WIPT,0.0,999,229,1429,98.66666793823242
CUB,Support-only Transformer,0.0,999,229,1429,97.33333587646484
CUB,ProtoNet,fixed,999,230,1430,98.66666793823242
CUB,WIPT,0.0,999,230,1430,98.66666793823242
CUB,Support-only Transformer,0.0,999,230,1430,98.66666793823242
CUB,ProtoNet,fixed,999,231,1431,98.66666793823242
CUB,WIPT,0.0,999,231,1431,98.66666793823242
CUB,Support-only Transformer,0.0,999,231,1431,97.33333587646484
CUB,ProtoNet,fixed,999,232,1432,98.66666793823242
CUB,WIPT,0.0,999,232,1432,98.66666793823242
CUB,Support-only Transformer,0.0,999,232,1432,98.66666793823242
CUB,ProtoNet,fixed,999,233,1433,92.00000166893005
CUB,WIPT,0.0,999,233,1433,92.00000166893005
CUB,Support-only Transformer,0.0,999,233,1433,90.66666960716248
CUB,ProtoNet,fixed,999,234,1434,74.6666669845581
CUB,WIPT,0.0,999,234,1434,73.33333492279053
CUB,Support-only Transformer,0.0,999,234,1434,74.6666669845581
CUB,ProtoNet,fixed,999,235,1435,96.00000381469727
CUB,WIPT,0.0,999,235,1435,94.66667175292969
CUB,Support-only Transformer,0.0,999,235,1435,96.00000381469727
CUB,ProtoNet,fixed,999,236,1436,100.0
CUB,WIPT,0.0,999,236,1436,100.0
CUB,Support-only Transformer,0.0,999,236,1436,100.0
CUB,ProtoNet,fixed,999,237,1437,100.0
CUB,WIPT,0.0,999,237,1437,100.0
CUB,Support-only Transformer,0.0,999,237,1437,100.0
CUB,ProtoNet,fixed,999,238,1438,98.66666793823242
CUB,WIPT,0.0,999,238,1438,98.66666793823242
CUB,Support-only Transformer,0.0,999,238,1438,98.66666793823242
CUB,ProtoNet,fixed,999,239,1439,100.0
CUB,WIPT,0.0,999,239,1439,100.0
CUB,Support-only Transformer,0.0,999,239,1439,98.66666793823242
CUB,ProtoNet,fixed,999,240,1440,97.33333587646484
CUB,WIPT,0.0,999,240,1440,94.66667175292969
CUB,Support-only Transformer,0.0,999,240,1440,93.33333373069763
CUB,ProtoNet,fixed,999,241,1441,97.33333587646484
CUB,WIPT,0.0,999,241,1441,97.33333587646484
CUB,Support-only Transformer,0.0,999,241,1441,97.33333587646484
CUB,ProtoNet,fixed,999,242,1442,97.33333587646484
CUB,WIPT,0.0,999,242,1442,97.33333587646484
CUB,Support-only Transformer,0.0,999,242,1442,98.66666793823242
CUB,ProtoNet,fixed,999,243,1443,97.33333587646484
CUB,WIPT,0.0,999,243,1443,96.00000381469727
CUB,Support-only Transformer,0.0,999,243,1443,96.00000381469727
CUB,ProtoNet,fixed,999,244,1444,97.33333587646484
CUB,WIPT,0.0,999,244,1444,97.33333587646484
CUB,Support-only Transformer,0.0,999,244,1444,97.33333587646484
CUB,ProtoNet,fixed,999,245,1445,100.0
CUB,WIPT,0.0,999,245,1445,100.0
CUB,Support-only Transformer,0.0,999,245,1445,100.0
CUB,ProtoNet,fixed,999,246,1446,100.0
CUB,WIPT,0.0,999,246,1446,100.0
CUB,Support-only Transformer,0.0,999,246,1446,100.0
CUB,ProtoNet,fixed,999,247,1447,97.33333587646484
CUB,WIPT,0.0,999,247,1447,97.33333587646484
CUB,Support-only Transformer,0.0,999,247,1447,97.33333587646484
CUB,ProtoNet,fixed,999,248,1448,100.0
CUB,WIPT,0.0,999,248,1448,100.0
CUB,Support-only Transformer,0.0,999,248,1448,98.66666793823242
CUB,ProtoNet,fixed,999,249,1449,100.0
CUB,WIPT,0.0,999,249,1449,98.66666793823242
CUB,Support-only Transformer,0.0,999,249,1449,100.0
CUB,ProtoNet,fixed,999,250,1450,96.00000381469727
CUB,WIPT,0.0,999,250,1450,96.00000381469727
CUB,Support-only Transformer,0.0,999,250,1450,96.00000381469727
CUB,ProtoNet,fixed,999,251,1451,98.66666793823242
CUB,WIPT,0.0,999,251,1451,98.66666793823242
CUB,Support-only Transformer,0.0,999,251,1451,98.66666793823242
CUB,ProtoNet,fixed,999,252,1452,98.66666793823242
CUB,WIPT,0.0,999,252,1452,98.66666793823242
CUB,Support-only Transformer,0.0,999,252,1452,98.66666793823242
CUB,ProtoNet,fixed,999,253,1453,100.0
CUB,WIPT,0.0,999,253,1453,100.0
CUB,Support-only Transformer,0.0,999,253,1453,100.0
CUB,ProtoNet,fixed,999,254,1454,97.33333587646484
CUB,WIPT,0.0,999,254,1454,97.33333587646484
CUB,Support-only Transformer,0.0,999,254,1454,96.00000381469727
CUB,ProtoNet,fixed,999,255,1455,98.66666793823242
CUB,WIPT,0.0,999,255,1455,98.66666793823242
CUB,Support-only Transformer,0.0,999,255,1455,97.33333587646484
CUB,ProtoNet,fixed,999,256,1456,96.00000381469727
CUB,WIPT,0.0,999,256,1456,96.00000381469727
CUB,Support-only Transformer,0.0,999,256,1456,96.00000381469727
CUB,ProtoNet,fixed,999,257,1457,100.0
CUB,WIPT,0.0,999,257,1457,100.0
CUB,Support-only Transformer,0.0,999,257,1457,100.0
CUB,ProtoNet,fixed,999,258,1458,97.33333587646484
CUB,WIPT,0.0,999,258,1458,98.66666793823242
CUB,Support-only Transformer,0.0,999,258,1458,97.33333587646484
CUB,ProtoNet,fixed,999,259,1459,100.0
CUB,WIPT,0.0,999,259,1459,100.0
CUB,Support-only Transformer,0.0,999,259,1459,98.66666793823242
CUB,ProtoNet,fixed,999,260,1460,98.66666793823242
CUB,WIPT,0.0,999,260,1460,98.66666793823242
CUB,Support-only Transformer,0.0,999,260,1460,98.66666793823242
CUB,ProtoNet,fixed,999,261,1461,98.66666793823242
CUB,WIPT,0.0,999,261,1461,100.0
CUB,Support-only Transformer,0.0,999,261,1461,100.0
CUB,ProtoNet,fixed,999,262,1462,98.66666793823242
CUB,WIPT,0.0,999,262,1462,98.66666793823242
CUB,Support-only Transformer,0.0,999,262,1462,98.66666793823242
CUB,ProtoNet,fixed,999,263,1463,100.0
CUB,WIPT,0.0,999,263,1463,100.0
CUB,Support-only Transformer,0.0,999,263,1463,100.0
CUB,ProtoNet,fixed,999,264,1464,100.0
CUB,WIPT,0.0,999,264,1464,100.0
CUB,Support-only Transformer,0.0,999,264,1464,98.66666793823242
CUB,ProtoNet,fixed,999,265,1465,100.0
CUB,WIPT,0.0,999,265,1465,100.0
CUB,Support-only Transformer,0.0,999,265,1465,100.0
CUB,ProtoNet,fixed,999,266,1466,90.66666960716248
CUB,WIPT,0.0,999,266,1466,92.00000166893005
CUB,Support-only Transformer,0.0,999,266,1466,90.66666960716248
CUB,ProtoNet,fixed,999,267,1467,98.66666793823242
CUB,WIPT,0.0,999,267,1467,98.66666793823242
CUB,Support-only Transformer,0.0,999,267,1467,98.66666793823242
CUB,ProtoNet,fixed,999,268,1468,96.00000381469727
CUB,WIPT,0.0,999,268,1468,96.00000381469727
CUB,Support-only Transformer,0.0,999,268,1468,92.00000166893005
CUB,ProtoNet,fixed,999,269,1469,100.0
CUB,WIPT,0.0,999,269,1469,100.0
CUB,Support-only Transformer,0.0,999,269,1469,98.66666793823242
CUB,ProtoNet,fixed,999,270,1470,100.0
CUB,WIPT,0.0,999,270,1470,100.0
CUB,Support-only Transformer,0.0,999,270,1470,100.0
CUB,ProtoNet,fixed,999,271,1471,98.66666793823242
CUB,WIPT,0.0,999,271,1471,98.66666793823242
CUB,Support-only Transformer,0.0,999,271,1471,98.66666793823242
CUB,ProtoNet,fixed,999,272,1472,86.66666746139526
CUB,WIPT,0.0,999,272,1472,86.66666746139526
CUB,Support-only Transformer,0.0,999,272,1472,85.33333539962769
CUB,ProtoNet,fixed,999,273,1473,98.66666793823242
CUB,WIPT,0.0,999,273,1473,100.0
CUB,Support-only Transformer,0.0,999,273,1473,98.66666793823242
CUB,ProtoNet,fixed,999,274,1474,98.66666793823242
CUB,WIPT,0.0,999,274,1474,98.66666793823242
CUB,Support-only Transformer,0.0,999,274,1474,100.0
CUB,ProtoNet,fixed,999,275,1475,96.00000381469727
CUB,WIPT,0.0,999,275,1475,96.00000381469727
CUB,Support-only Transformer,0.0,999,275,1475,96.00000381469727
CUB,ProtoNet,fixed,999,276,1476,100.0
CUB,WIPT,0.0,999,276,1476,100.0
CUB,Support-only Transformer,0.0,999,276,1476,100.0
CUB,ProtoNet,fixed,999,277,1477,97.33333587646484
CUB,WIPT,0.0,999,277,1477,97.33333587646484
CUB,Support-only Transformer,0.0,999,277,1477,97.33333587646484
CUB,ProtoNet,fixed,999,278,1478,100.0
CUB,WIPT,0.0,999,278,1478,100.0
CUB,Support-only Transformer,0.0,999,278,1478,100.0
CUB,ProtoNet,fixed,999,279,1479,97.33333587646484
CUB,WIPT,0.0,999,279,1479,97.33333587646484
CUB,Support-only Transformer,0.0,999,279,1479,97.33333587646484
CUB,ProtoNet,fixed,999,280,1480,85.33333539962769
CUB,WIPT,0.0,999,280,1480,85.33333539962769
CUB,Support-only Transformer,0.0,999,280,1480,85.33333539962769
CUB,ProtoNet,fixed,999,281,1481,100.0
CUB,WIPT,0.0,999,281,1481,100.0
CUB,Support-only Transformer,0.0,999,281,1481,100.0
CUB,ProtoNet,fixed,999,282,1482,100.0
CUB,WIPT,0.0,999,282,1482,100.0
CUB,Support-only Transformer,0.0,999,282,1482,100.0
CUB,ProtoNet,fixed,999,283,1483,100.0
CUB,WIPT,0.0,999,283,1483,100.0
CUB,Support-only Transformer,0.0,999,283,1483,100.0
CUB,ProtoNet,fixed,999,284,1484,98.66666793823242
CUB,WIPT,0.0,999,284,1484,98.66666793823242
CUB,Support-only Transformer,0.0,999,284,1484,98.66666793823242
CUB,ProtoNet,fixed,999,285,1485,100.0
CUB,WIPT,0.0,999,285,1485,100.0
CUB,Support-only Transformer,0.0,999,285,1485,100.0
CUB,ProtoNet,fixed,999,286,1486,96.00000381469727
CUB,WIPT,0.0,999,286,1486,94.66667175292969
CUB,Support-only Transformer,0.0,999,286,1486,96.00000381469727
CUB,ProtoNet,fixed,999,287,1487,100.0
CUB,WIPT,0.0,999,287,1487,100.0
CUB,Support-only Transformer,0.0,999,287,1487,100.0
CUB,ProtoNet,fixed,999,288,1488,100.0
CUB,WIPT,0.0,999,288,1488,100.0
CUB,Support-only Transformer,0.0,999,288,1488,100.0
CUB,ProtoNet,fixed,999,289,1489,98.66666793823242
CUB,WIPT,0.0,999,289,1489,97.33333587646484
CUB,Support-only Transformer,0.0,999,289,1489,98.66666793823242
CUB,ProtoNet,fixed,999,290,1490,98.66666793823242
CUB,WIPT,0.0,999,290,1490,98.66666793823242
CUB,Support-only Transformer,0.0,999,290,1490,97.33333587646484
CUB,ProtoNet,fixed,999,291,1491,96.00000381469727
CUB,WIPT,0.0,999,291,1491,96.00000381469727
CUB,Support-only Transformer,0.0,999,291,1491,96.00000381469727
CUB,ProtoNet,fixed,999,292,1492,100.0
CUB,WIPT,0.0,999,292,1492,100.0
CUB,Support-only Transformer,0.0,999,292,1492,100.0
CUB,ProtoNet,fixed,999,293,1493,100.0
CUB,WIPT,0.0,999,293,1493,100.0
CUB,Support-only Transformer,0.0,999,293,1493,100.0
CUB,ProtoNet,fixed,999,294,1494,100.0
CUB,WIPT,0.0,999,294,1494,100.0
CUB,Support-only Transformer,0.0,999,294,1494,100.0
CUB,ProtoNet,fixed,999,295,1495,92.00000166893005
CUB,WIPT,0.0,999,295,1495,92.00000166893005
CUB,Support-only Transformer,0.0,999,295,1495,89.3333375453949
CUB,ProtoNet,fixed,999,296,1496,100.0
CUB,WIPT,0.0,999,296,1496,100.0
CUB,Support-only Transformer,0.0,999,296,1496,100.0
CUB,ProtoNet,fixed,999,297,1497,97.33333587646484
CUB,WIPT,0.0,999,297,1497,96.00000381469727
CUB,Support-only Transformer,0.0,999,297,1497,96.00000381469727
CUB,ProtoNet,fixed,999,298,1498,86.66666746139526
CUB,WIPT,0.0,999,298,1498,87.99999952316284
CUB,Support-only Transformer,0.0,999,298,1498,87.99999952316284
CUB,ProtoNet,fixed,999,299,1499,100.0
CUB,WIPT,0.0,999,299,1499,100.0
CUB,Support-only Transformer,0.0,999,299,1499,100.0
EuroSAT,ProtoNet,fixed,42,0,0,90.66666960716248
EuroSAT,WIPT,0.0,42,0,0,85.33333539962769
EuroSAT,Support-only Transformer,0.0,42,0,0,84.00000333786011
EuroSAT,ProtoNet,fixed,42,1,1,85.33333539962769
EuroSAT,WIPT,0.0,42,1,1,80.0000011920929
EuroSAT,Support-only Transformer,0.0,42,1,1,77.33333706855774
EuroSAT,ProtoNet,fixed,42,2,2,78.66666913032532
EuroSAT,WIPT,0.0,42,2,2,78.66666913032532
EuroSAT,Support-only Transformer,0.0,42,2,2,73.33333492279053
EuroSAT,ProtoNet,fixed,42,3,3,82.66667127609253
EuroSAT,WIPT,0.0,42,3,3,85.33333539962769
EuroSAT,Support-only Transformer,0.0,42,3,3,82.66667127609253
EuroSAT,ProtoNet,fixed,42,4,4,86.66666746139526
EuroSAT,WIPT,0.0,42,4,4,84.00000333786011
EuroSAT,Support-only Transformer,0.0,42,4,4,80.0000011920929
EuroSAT,ProtoNet,fixed,42,5,5,86.66666746139526
EuroSAT,WIPT,0.0,42,5,5,86.66666746139526
EuroSAT,Support-only Transformer,0.0,42,5,5,85.33333539962769
EuroSAT,ProtoNet,fixed,42,6,6,78.66666913032532
EuroSAT,WIPT,0.0,42,6,6,81.33333325386047
EuroSAT,Support-only Transformer,0.0,42,6,6,80.0000011920929
EuroSAT,ProtoNet,fixed,42,7,7,84.00000333786011
EuroSAT,WIPT,0.0,42,7,7,81.33333325386047
EuroSAT,Support-only Transformer,0.0,42,7,7,81.33333325386047
EuroSAT,ProtoNet,fixed,42,8,8,85.33333539962769
EuroSAT,WIPT,0.0,42,8,8,85.33333539962769
EuroSAT,Support-only Transformer,0.0,42,8,8,81.33333325386047
EuroSAT,ProtoNet,fixed,42,9,9,86.66666746139526
EuroSAT,WIPT,0.0,42,9,9,89.3333375453949
EuroSAT,Support-only Transformer,0.0,42,9,9,92.00000166893005
EuroSAT,ProtoNet,fixed,42,10,10,85.33333539962769
EuroSAT,WIPT,0.0,42,10,10,89.3333375453949
EuroSAT,Support-only Transformer,0.0,42,10,10,87.99999952316284
EuroSAT,ProtoNet,fixed,42,11,11,89.3333375453949
EuroSAT,WIPT,0.0,42,11,11,87.99999952316284
EuroSAT,Support-only Transformer,0.0,42,11,11,87.99999952316284
EuroSAT,ProtoNet,fixed,42,12,12,82.66667127609253
EuroSAT,WIPT,0.0,42,12,12,81.33333325386047
EuroSAT,Support-only Transformer,0.0,42,12,12,75.99999904632568
EuroSAT,ProtoNet,fixed,42,13,13,81.33333325386047
EuroSAT,WIPT,0.0,42,13,13,80.0000011920929
EuroSAT,Support-only Transformer,0.0,42,13,13,68.00000071525574
EuroSAT,ProtoNet,fixed,42,14,14,80.0000011920929
EuroSAT,WIPT,0.0,42,14,14,81.33333325386047
EuroSAT,Support-only Transformer,0.0,42,14,14,75.99999904632568
EuroSAT,ProtoNet,fixed,42,15,15,80.0000011920929
EuroSAT,WIPT,0.0,42,15,15,80.0000011920929
EuroSAT,Support-only Transformer,0.0,42,15,15,80.0000011920929
EuroSAT,ProtoNet,fixed,42,16,16,73.33333492279053
EuroSAT,WIPT,0.0,42,16,16,68.00000071525574
EuroSAT,Support-only Transformer,0.0,42,16,16,70.66667079925537
EuroSAT,ProtoNet,fixed,42,17,17,96.00000381469727
EuroSAT,WIPT,0.0,42,17,17,94.66667175292969
EuroSAT,Support-only Transformer,0.0,42,17,17,94.66667175292969
EuroSAT,ProtoNet,fixed,42,18,18,90.66666960716248
EuroSAT,WIPT,0.0,42,18,18,86.66666746139526
EuroSAT,Support-only Transformer,0.0,42,18,18,86.66666746139526
EuroSAT,ProtoNet,fixed,42,19,19,86.66666746139526
EuroSAT,WIPT,0.0,42,19,19,86.66666746139526
EuroSAT,Support-only Transformer,0.0,42,19,19,82.66667127609253
EuroSAT,ProtoNet,fixed,42,20,20,86.66666746139526
EuroSAT,WIPT,0.0,42,20,20,80.0000011920929
EuroSAT,Support-only Transformer,0.0,42,20,20,81.33333325386047
EuroSAT,ProtoNet,fixed,42,21,21,84.00000333786011
EuroSAT,WIPT,0.0,42,21,21,82.66667127609253
EuroSAT,Support-only Transformer,0.0,42,21,21,84.00000333786011
EuroSAT,ProtoNet,fixed,42,22,22,87.99999952316284
EuroSAT,WIPT,0.0,42,22,22,82.66667127609253
EuroSAT,Support-only Transformer,0.0,42,22,22,82.66667127609253
EuroSAT,ProtoNet,fixed,42,23,23,77.33333706855774
EuroSAT,WIPT,0.0,42,23,23,75.99999904632568
EuroSAT,Support-only Transformer,0.0,42,23,23,68.00000071525574
EuroSAT,ProtoNet,fixed,42,24,24,82.66667127609253
EuroSAT,WIPT,0.0,42,24,24,78.66666913032532
EuroSAT,Support-only Transformer,0.0,42,24,24,70.66667079925537
EuroSAT,ProtoNet,fixed,42,25,25,73.33333492279053
EuroSAT,WIPT,0.0,42,25,25,72.00000286102295
EuroSAT,Support-only Transformer,0.0,42,25,25,69.33333277702332
EuroSAT,ProtoNet,fixed,42,26,26,81.33333325386047
EuroSAT,WIPT,0.0,42,26,26,78.66666913032532
EuroSAT,Support-only Transformer,0.0,42,26,26,80.0000011920929
EuroSAT,ProtoNet,fixed,42,27,27,89.3333375453949
EuroSAT,WIPT,0.0,42,27,27,84.00000333786011
EuroSAT,Support-only Transformer,0.0,42,27,27,77.33333706855774
EuroSAT,ProtoNet,fixed,42,28,28,85.33333539962769
EuroSAT,WIPT,0.0,42,28,28,85.33333539962769
EuroSAT,Support-only Transformer,0.0,42,28,28,86.66666746139526
EuroSAT,ProtoNet,fixed,42,29,29,81.33333325386047
EuroSAT,WIPT,0.0,42,29,29,82.66667127609253
EuroSAT,Support-only Transformer,0.0,42,29,29,69.33333277702332
EuroSAT,ProtoNet,fixed,42,30,30,87.99999952316284
EuroSAT,WIPT,0.0,42,30,30,86.66666746139526
EuroSAT,Support-only Transformer,0.0,42,30,30,81.33333325386047
EuroSAT,ProtoNet,fixed,42,31,31,77.33333706855774
EuroSAT,WIPT,0.0,42,31,31,73.33333492279053
EuroSAT,Support-only Transformer,0.0,42,31,31,75.99999904632568
EuroSAT,ProtoNet,fixed,42,32,32,85.33333539962769
EuroSAT,WIPT,0.0,42,32,32,82.66667127609253
EuroSAT,Support-only Transformer,0.0,42,32,32,82.66667127609253
EuroSAT,ProtoNet,fixed,42,33,33,92.00000166893005
EuroSAT,WIPT,0.0,42,33,33,89.3333375453949
EuroSAT,Support-only Transformer,0.0,42,33,33,87.99999952316284
EuroSAT,ProtoNet,fixed,42,34,34,77.33333706855774
EuroSAT,WIPT,0.0,42,34,34,75.99999904632568
EuroSAT,Support-only Transformer,0.0,42,34,34,65.33333659172058
EuroSAT,ProtoNet,fixed,42,35,35,84.00000333786011
EuroSAT,WIPT,0.0,42,35,35,81.33333325386047
EuroSAT,Support-only Transformer,0.0,42,35,35,78.66666913032532
EuroSAT,ProtoNet,fixed,42,36,36,86.66666746139526
EuroSAT,WIPT,0.0,42,36,36,87.99999952316284
EuroSAT,Support-only Transformer,0.0,42,36,36,89.3333375453949
EuroSAT,ProtoNet,fixed,42,37,37,87.99999952316284
EuroSAT,WIPT,0.0,42,37,37,89.3333375453949
EuroSAT,Support-only Transformer,0.0,42,37,37,86.66666746139526
EuroSAT,ProtoNet,fixed,42,38,38,90.66666960716248
EuroSAT,WIPT,0.0,42,38,38,87.99999952316284
EuroSAT,Support-only Transformer,0.0,42,38,38,81.33333325386047
EuroSAT,ProtoNet,fixed,42,39,39,82.66667127609253
EuroSAT,WIPT,0.0,42,39,39,85.33333539962769
EuroSAT,Support-only Transformer,0.0,42,39,39,84.00000333786011
EuroSAT,ProtoNet,fixed,42,40,40,87.99999952316284
EuroSAT,WIPT,0.0,42,40,40,86.66666746139526
EuroSAT,Support-only Transformer,0.0,42,40,40,86.66666746139526
EuroSAT,ProtoNet,fixed,42,41,41,93.33333373069763
EuroSAT,WIPT,0.0,42,41,41,89.3333375453949
EuroSAT,Support-only Transformer,0.0,42,41,41,87.99999952316284
EuroSAT,ProtoNet,fixed,42,42,42,96.00000381469727
EuroSAT,WIPT,0.0,42,42,42,89.3333375453949
EuroSAT,Support-only Transformer,0.0,42,42,42,86.66666746139526
EuroSAT,ProtoNet,fixed,42,43,43,77.33333706855774
EuroSAT,WIPT,0.0,42,43,43,77.33333706855774
EuroSAT,Support-only Transformer,0.0,42,43,43,72.00000286102295
EuroSAT,ProtoNet,fixed,42,44,44,87.99999952316284
EuroSAT,WIPT,0.0,42,44,44,87.99999952316284
EuroSAT,Support-only Transformer,0.0,42,44,44,84.00000333786011
EuroSAT,ProtoNet,fixed,42,45,45,80.0000011920929
EuroSAT,WIPT,0.0,42,45,45,80.0000011920929
EuroSAT,Support-only Transformer,0.0,42,45,45,69.33333277702332
EuroSAT,ProtoNet,fixed,42,46,46,80.0000011920929
EuroSAT,WIPT,0.0,42,46,46,78.66666913032532
EuroSAT,Support-only Transformer,0.0,42,46,46,85.33333539962769
EuroSAT,ProtoNet,fixed,42,47,47,78.66666913032532
EuroSAT,WIPT,0.0,42,47,47,78.66666913032532
EuroSAT,Support-only Transformer,0.0,42,47,47,74.6666669845581
EuroSAT,ProtoNet,fixed,42,48,48,69.33333277702332
EuroSAT,WIPT,0.0,42,48,48,68.00000071525574
EuroSAT,Support-only Transformer,0.0,42,48,48,74.6666669845581
EuroSAT,ProtoNet,fixed,42,49,49,75.99999904632568
EuroSAT,WIPT,0.0,42,49,49,75.99999904632568
EuroSAT,Support-only Transformer,0.0,42,49,49,75.99999904632568
EuroSAT,ProtoNet,fixed,42,50,50,84.00000333786011
EuroSAT,WIPT,0.0,42,50,50,78.66666913032532
EuroSAT,Support-only Transformer,0.0,42,50,50,74.6666669845581
EuroSAT,ProtoNet,fixed,42,51,51,92.00000166893005
EuroSAT,WIPT,0.0,42,51,51,82.66667127609253
EuroSAT,Support-only Transformer,0.0,42,51,51,82.66667127609253
EuroSAT,ProtoNet,fixed,42,52,52,70.66667079925537
EuroSAT,WIPT,0.0,42,52,52,66.66666865348816
EuroSAT,Support-only Transformer,0.0,42,52,52,66.66666865348816
EuroSAT,ProtoNet,fixed,42,53,53,82.66667127609253
EuroSAT,WIPT,0.0,42,53,53,81.33333325386047
EuroSAT,Support-only Transformer,0.0,42,53,53,75.99999904632568
EuroSAT,ProtoNet,fixed,42,54,54,97.33333587646484
EuroSAT,WIPT,0.0,42,54,54,97.33333587646484
EuroSAT,Support-only Transformer,0.0,42,54,54,94.66667175292969
EuroSAT,ProtoNet,fixed,42,55,55,74.6666669845581
EuroSAT,WIPT,0.0,42,55,55,70.66667079925537
EuroSAT,Support-only Transformer,0.0,42,55,55,66.66666865348816
EuroSAT,ProtoNet,fixed,42,56,56,87.99999952316284
EuroSAT,WIPT,0.0,42,56,56,89.3333375453949
EuroSAT,Support-only Transformer,0.0,42,56,56,86.66666746139526
EuroSAT,ProtoNet,fixed,42,57,57,77.33333706855774
EuroSAT,WIPT,0.0,42,57,57,75.99999904632568
EuroSAT,Support-only Transformer,0.0,42,57,57,78.66666913032532
EuroSAT,ProtoNet,fixed,42,58,58,82.66667127609253
EuroSAT,WIPT,0.0,42,58,58,82.66667127609253
EuroSAT,Support-only Transformer,0.0,42,58,58,78.66666913032532
EuroSAT,ProtoNet,fixed,42,59,59,82.66667127609253
EuroSAT,WIPT,0.0,42,59,59,78.66666913032532
EuroSAT,Support-only Transformer,0.0,42,59,59,78.66666913032532
EuroSAT,ProtoNet,fixed,42,60,60,85.33333539962769
EuroSAT,WIPT,0.0,42,60,60,82.66667127609253
EuroSAT,Support-only Transformer,0.0,42,60,60,74.6666669845581
EuroSAT,ProtoNet,fixed,42,61,61,93.33333373069763
EuroSAT,WIPT,0.0,42,61,61,93.33333373069763
EuroSAT,Support-only Transformer,0.0,42,61,61,89.3333375453949
EuroSAT,ProtoNet,fixed,42,62,62,78.66666913032532
EuroSAT,WIPT,0.0,42,62,62,80.0000011920929
EuroSAT,Support-only Transformer,0.0,42,62,62,78.66666913032532
EuroSAT,ProtoNet,fixed,42,63,63,80.0000011920929
EuroSAT,WIPT,0.0,42,63,63,81.33333325386047
EuroSAT,Support-only Transformer,0.0,42,63,63,77.33333706855774
EuroSAT,ProtoNet,fixed,42,64,64,82.66667127609253
EuroSAT,WIPT,0.0,42,64,64,81.33333325386047
EuroSAT,Support-only Transformer,0.0,42,64,64,85.33333539962769
EuroSAT,ProtoNet,fixed,42,65,65,72.00000286102295
EuroSAT,WIPT,0.0,42,65,65,70.66667079925537
EuroSAT,Support-only Transformer,0.0,42,65,65,68.00000071525574
EuroSAT,ProtoNet,fixed,42,66,66,84.00000333786011
EuroSAT,WIPT,0.0,42,66,66,85.33333539962769
EuroSAT,Support-only Transformer,0.0,42,66,66,75.99999904632568
EuroSAT,ProtoNet,fixed,42,67,67,78.66666913032532
EuroSAT,WIPT,0.0,42,67,67,78.66666913032532
EuroSAT,Support-only Transformer,0.0,42,67,67,81.33333325386047
EuroSAT,ProtoNet,fixed,42,68,68,77.33333706855774
EuroSAT,WIPT,0.0,42,68,68,77.33333706855774
EuroSAT,Support-only Transformer,0.0,42,68,68,77.33333706855774
EuroSAT,ProtoNet,fixed,42,69,69,81.33333325386047
EuroSAT,WIPT,0.0,42,69,69,75.99999904632568
EuroSAT,Support-only Transformer,0.0,42,69,69,77.33333706855774
EuroSAT,ProtoNet,fixed,42,70,70,86.66666746139526
EuroSAT,WIPT,0.0,42,70,70,86.66666746139526
EuroSAT,Support-only Transformer,0.0,42,70,70,84.00000333786011
EuroSAT,ProtoNet,fixed,42,71,71,74.6666669845581
EuroSAT,WIPT,0.0,42,71,71,72.00000286102295
EuroSAT,Support-only Transformer,0.0,42,71,71,72.00000286102295
EuroSAT,ProtoNet,fixed,42,72,72,87.99999952316284
EuroSAT,WIPT,0.0,42,72,72,86.66666746139526
EuroSAT,Support-only Transformer,0.0,42,72,72,85.33333539962769
EuroSAT,ProtoNet,fixed,42,73,73,75.99999904632568
EuroSAT,WIPT,0.0,42,73,73,72.00000286102295
EuroSAT,Support-only Transformer,0.0,42,73,73,78.66666913032532
EuroSAT,ProtoNet,fixed,42,74,74,86.66666746139526
EuroSAT,WIPT,0.0,42,74,74,89.3333375453949
EuroSAT,Support-only Transformer,0.0,42,74,74,86.66666746139526
EuroSAT,ProtoNet,fixed,42,75,75,81.33333325386047
EuroSAT,WIPT,0.0,42,75,75,75.99999904632568
EuroSAT,Support-only Transformer,0.0,42,75,75,68.00000071525574
EuroSAT,ProtoNet,fixed,42,76,76,81.33333325386047
EuroSAT,WIPT,0.0,42,76,76,81.33333325386047
EuroSAT,Support-only Transformer,0.0,42,76,76,80.0000011920929
EuroSAT,ProtoNet,fixed,42,77,77,72.00000286102295
EuroSAT,WIPT,0.0,42,77,77,69.33333277702332
EuroSAT,Support-only Transformer,0.0,42,77,77,68.00000071525574
EuroSAT,ProtoNet,fixed,42,78,78,89.3333375453949
EuroSAT,WIPT,0.0,42,78,78,89.3333375453949
EuroSAT,Support-only Transformer,0.0,42,78,78,74.6666669845581
EuroSAT,ProtoNet,fixed,42,79,79,81.33333325386047
EuroSAT,WIPT,0.0,42,79,79,86.66666746139526
EuroSAT,Support-only Transformer,0.0,42,79,79,85.33333539962769
EuroSAT,ProtoNet,fixed,42,80,80,85.33333539962769
EuroSAT,WIPT,0.0,42,80,80,86.66666746139526
EuroSAT,Support-only Transformer,0.0,42,80,80,85.33333539962769
EuroSAT,ProtoNet,fixed,42,81,81,81.33333325386047
EuroSAT,WIPT,0.0,42,81,81,77.33333706855774
EuroSAT,Support-only Transformer,0.0,42,81,81,77.33333706855774
EuroSAT,ProtoNet,fixed,42,82,82,90.66666960716248
EuroSAT,WIPT,0.0,42,82,82,87.99999952316284
EuroSAT,Support-only Transformer,0.0,42,82,82,84.00000333786011
EuroSAT,ProtoNet,fixed,42,83,83,66.66666865348816
EuroSAT,WIPT,0.0,42,83,83,65.33333659172058
EuroSAT,Support-only Transformer,0.0,42,83,83,68.00000071525574
EuroSAT,ProtoNet,fixed,42,84,84,82.66667127609253
EuroSAT,WIPT,0.0,42,84,84,84.00000333786011
EuroSAT,Support-only Transformer,0.0,42,84,84,87.99999952316284
EuroSAT,ProtoNet,fixed,42,85,85,82.66667127609253
EuroSAT,WIPT,0.0,42,85,85,82.66667127609253
EuroSAT,Support-only Transformer,0.0,42,85,85,82.66667127609253
EuroSAT,ProtoNet,fixed,42,86,86,87.99999952316284
EuroSAT,WIPT,0.0,42,86,86,89.3333375453949
EuroSAT,Support-only Transformer,0.0,42,86,86,87.99999952316284
EuroSAT,ProtoNet,fixed,42,87,87,87.99999952316284
EuroSAT,WIPT,0.0,42,87,87,87.99999952316284
EuroSAT,Support-only Transformer,0.0,42,87,87,87.99999952316284
EuroSAT,ProtoNet,fixed,42,88,88,82.66667127609253
EuroSAT,WIPT,0.0,42,88,88,81.33333325386047
EuroSAT,Support-only Transformer,0.0,42,88,88,84.00000333786011
EuroSAT,ProtoNet,fixed,42,89,89,77.33333706855774
EuroSAT,WIPT,0.0,42,89,89,74.6666669845581
EuroSAT,Support-only Transformer,0.0,42,89,89,75.99999904632568
EuroSAT,ProtoNet,fixed,42,90,90,84.00000333786011
EuroSAT,WIPT,0.0,42,90,90,82.66667127609253
EuroSAT,Support-only Transformer,0.0,42,90,90,74.6666669845581
EuroSAT,ProtoNet,fixed,42,91,91,78.66666913032532
EuroSAT,WIPT,0.0,42,91,91,78.66666913032532
EuroSAT,Support-only Transformer,0.0,42,91,91,74.6666669845581
EuroSAT,ProtoNet,fixed,42,92,92,86.66666746139526
EuroSAT,WIPT,0.0,42,92,92,84.00000333786011
EuroSAT,Support-only Transformer,0.0,42,92,92,81.33333325386047
EuroSAT,ProtoNet,fixed,42,93,93,82.66667127609253
EuroSAT,WIPT,0.0,42,93,93,77.33333706855774
EuroSAT,Support-only Transformer,0.0,42,93,93,72.00000286102295
EuroSAT,ProtoNet,fixed,42,94,94,73.33333492279053
EuroSAT,WIPT,0.0,42,94,94,72.00000286102295
EuroSAT,Support-only Transformer,0.0,42,94,94,68.00000071525574
EuroSAT,ProtoNet,fixed,42,95,95,84.00000333786011
EuroSAT,WIPT,0.0,42,95,95,81.33333325386047
EuroSAT,Support-only Transformer,0.0,42,95,95,80.0000011920929
EuroSAT,ProtoNet,fixed,42,96,96,86.66666746139526
EuroSAT,WIPT,0.0,42,96,96,75.99999904632568
EuroSAT,Support-only Transformer,0.0,42,96,96,80.0000011920929
EuroSAT,ProtoNet,fixed,42,97,97,87.99999952316284
EuroSAT,WIPT,0.0,42,97,97,87.99999952316284
EuroSAT,Support-only Transformer,0.0,42,97,97,92.00000166893005
EuroSAT,ProtoNet,fixed,42,98,98,65.33333659172058
EuroSAT,WIPT,0.0,42,98,98,61.33333444595337
EuroSAT,Support-only Transformer,0.0,42,98,98,58.66667032241821
EuroSAT,ProtoNet,fixed,42,99,99,90.66666960716248
EuroSAT,WIPT,0.0,42,99,99,93.33333373069763
EuroSAT,Support-only Transformer,0.0,42,99,99,89.3333375453949
EuroSAT,ProtoNet,fixed,42,100,100,66.66666865348816
EuroSAT,WIPT,0.0,42,100,100,65.33333659172058
EuroSAT,Support-only Transformer,0.0,42,100,100,62.66666650772095
EuroSAT,ProtoNet,fixed,42,101,101,75.99999904632568
EuroSAT,WIPT,0.0,42,101,101,74.6666669845581
EuroSAT,Support-only Transformer,0.0,42,101,101,80.0000011920929
EuroSAT,ProtoNet,fixed,42,102,102,68.00000071525574
EuroSAT,WIPT,0.0,42,102,102,70.66667079925537
EuroSAT,Support-only Transformer,0.0,42,102,102,70.66667079925537
EuroSAT,ProtoNet,fixed,42,103,103,80.0000011920929
EuroSAT,WIPT,0.0,42,103,103,81.33333325386047
EuroSAT,Support-only Transformer,0.0,42,103,103,77.33333706855774
EuroSAT,ProtoNet,fixed,42,104,104,73.33333492279053
EuroSAT,WIPT,0.0,42,104,104,69.33333277702332
EuroSAT,Support-only Transformer,0.0,42,104,104,72.00000286102295
EuroSAT,ProtoNet,fixed,42,105,105,80.0000011920929
EuroSAT,WIPT,0.0,42,105,105,75.99999904632568
EuroSAT,Support-only Transformer,0.0,42,105,105,74.6666669845581
EuroSAT,ProtoNet,fixed,42,106,106,84.00000333786011
EuroSAT,WIPT,0.0,42,106,106,84.00000333786011
EuroSAT,Support-only Transformer,0.0,42,106,106,84.00000333786011
EuroSAT,ProtoNet,fixed,42,107,107,85.33333539962769
EuroSAT,WIPT,0.0,42,107,107,81.33333325386047
EuroSAT,Support-only Transformer,0.0,42,107,107,82.66667127609253
EuroSAT,ProtoNet,fixed,42,108,108,85.33333539962769
EuroSAT,WIPT,0.0,42,108,108,85.33333539962769
EuroSAT,Support-only Transformer,0.0,42,108,108,86.66666746139526
EuroSAT,ProtoNet,fixed,42,109,109,84.00000333786011
EuroSAT,WIPT,0.0,42,109,109,80.0000011920929
EuroSAT,Support-only Transformer,0.0,42,109,109,82.66667127609253
EuroSAT,ProtoNet,fixed,42,110,110,85.33333539962769
EuroSAT,WIPT,0.0,42,110,110,86.66666746139526
EuroSAT,Support-only Transformer,0.0,42,110,110,77.33333706855774
EuroSAT,ProtoNet,fixed,42,111,111,75.99999904632568
EuroSAT,WIPT,0.0,42,111,111,77.33333706855774
EuroSAT,Support-only Transformer,0.0,42,111,111,69.33333277702332
EuroSAT,ProtoNet,fixed,42,112,112,92.00000166893005
EuroSAT,WIPT,0.0,42,112,112,90.66666960716248
EuroSAT,Support-only Transformer,0.0,42,112,112,81.33333325386047
EuroSAT,ProtoNet,fixed,42,113,113,80.0000011920929
EuroSAT,WIPT,0.0,42,113,113,81.33333325386047
EuroSAT,Support-only Transformer,0.0,42,113,113,81.33333325386047
EuroSAT,ProtoNet,fixed,42,114,114,89.3333375453949
EuroSAT,WIPT,0.0,42,114,114,89.3333375453949
EuroSAT,Support-only Transformer,0.0,42,114,114,87.99999952316284
EuroSAT,ProtoNet,fixed,42,115,115,73.33333492279053
EuroSAT,WIPT,0.0,42,115,115,74.6666669845581
EuroSAT,Support-only Transformer,0.0,42,115,115,66.66666865348816
EuroSAT,ProtoNet,fixed,42,116,116,80.0000011920929
EuroSAT,WIPT,0.0,42,116,116,81.33333325386047
EuroSAT,Support-only Transformer,0.0,42,116,116,74.6666669845581
EuroSAT,ProtoNet,fixed,42,117,117,80.0000011920929
EuroSAT,WIPT,0.0,42,117,117,74.6666669845581
EuroSAT,Support-only Transformer,0.0,42,117,117,73.33333492279053
EuroSAT,ProtoNet,fixed,42,118,118,82.66667127609253
EuroSAT,WIPT,0.0,42,118,118,84.00000333786011
EuroSAT,Support-only Transformer,0.0,42,118,118,82.66667127609253
EuroSAT,ProtoNet,fixed,42,119,119,89.3333375453949
EuroSAT,WIPT,0.0,42,119,119,87.99999952316284
EuroSAT,Support-only Transformer,0.0,42,119,119,78.66666913032532
EuroSAT,ProtoNet,fixed,42,120,120,85.33333539962769
EuroSAT,WIPT,0.0,42,120,120,81.33333325386047
EuroSAT,Support-only Transformer,0.0,42,120,120,75.99999904632568
EuroSAT,ProtoNet,fixed,42,121,121,75.99999904632568
EuroSAT,WIPT,0.0,42,121,121,77.33333706855774
EuroSAT,Support-only Transformer,0.0,42,121,121,77.33333706855774
EuroSAT,ProtoNet,fixed,42,122,122,73.33333492279053
EuroSAT,WIPT,0.0,42,122,122,72.00000286102295
EuroSAT,Support-only Transformer,0.0,42,122,122,74.6666669845581
EuroSAT,ProtoNet,fixed,42,123,123,89.3333375453949
EuroSAT,WIPT,0.0,42,123,123,81.33333325386047
EuroSAT,Support-only Transformer,0.0,42,123,123,86.66666746139526
EuroSAT,ProtoNet,fixed,42,124,124,84.00000333786011
EuroSAT,WIPT,0.0,42,124,124,82.66667127609253
EuroSAT,Support-only Transformer,0.0,42,124,124,85.33333539962769
EuroSAT,ProtoNet,fixed,42,125,125,82.66667127609253
EuroSAT,WIPT,0.0,42,125,125,84.00000333786011
EuroSAT,Support-only Transformer,0.0,42,125,125,81.33333325386047
EuroSAT,ProtoNet,fixed,42,126,126,84.00000333786011
EuroSAT,WIPT,0.0,42,126,126,84.00000333786011
EuroSAT,Support-only Transformer,0.0,42,126,126,82.66667127609253
EuroSAT,ProtoNet,fixed,42,127,127,92.00000166893005
EuroSAT,WIPT,0.0,42,127,127,92.00000166893005
EuroSAT,Support-only Transformer,0.0,42,127,127,85.33333539962769
EuroSAT,ProtoNet,fixed,42,128,128,84.00000333786011
EuroSAT,WIPT,0.0,42,128,128,84.00000333786011
EuroSAT,Support-only Transformer,0.0,42,128,128,80.0000011920929
EuroSAT,ProtoNet,fixed,42,129,129,78.66666913032532
EuroSAT,WIPT,0.0,42,129,129,78.66666913032532
EuroSAT,Support-only Transformer,0.0,42,129,129,82.66667127609253
EuroSAT,ProtoNet,fixed,42,130,130,85.33333539962769
EuroSAT,WIPT,0.0,42,130,130,81.33333325386047
EuroSAT,Support-only Transformer,0.0,42,130,130,77.33333706855774
EuroSAT,ProtoNet,fixed,42,131,131,82.66667127609253
EuroSAT,WIPT,0.0,42,131,131,84.00000333786011
EuroSAT,Support-only Transformer,0.0,42,131,131,82.66667127609253
EuroSAT,ProtoNet,fixed,42,132,132,84.00000333786011
EuroSAT,WIPT,0.0,42,132,132,85.33333539962769
EuroSAT,Support-only Transformer,0.0,42,132,132,89.3333375453949
EuroSAT,ProtoNet,fixed,42,133,133,86.66666746139526
EuroSAT,WIPT,0.0,42,133,133,82.66667127609253
EuroSAT,Support-only Transformer,0.0,42,133,133,81.33333325386047
EuroSAT,ProtoNet,fixed,42,134,134,85.33333539962769
EuroSAT,WIPT,0.0,42,134,134,85.33333539962769
EuroSAT,Support-only Transformer,0.0,42,134,134,85.33333539962769
EuroSAT,ProtoNet,fixed,42,135,135,85.33333539962769
EuroSAT,WIPT,0.0,42,135,135,86.66666746139526
EuroSAT,Support-only Transformer,0.0,42,135,135,82.66667127609253
EuroSAT,ProtoNet,fixed,42,136,136,81.33333325386047
EuroSAT,WIPT,0.0,42,136,136,75.99999904632568
EuroSAT,Support-only Transformer,0.0,42,136,136,72.00000286102295
EuroSAT,ProtoNet,fixed,42,137,137,92.00000166893005
EuroSAT,WIPT,0.0,42,137,137,89.3333375453949
EuroSAT,Support-only Transformer,0.0,42,137,137,92.00000166893005
EuroSAT,ProtoNet,fixed,42,138,138,75.99999904632568
EuroSAT,WIPT,0.0,42,138,138,75.99999904632568
EuroSAT,Support-only Transformer,0.0,42,138,138,80.0000011920929
EuroSAT,ProtoNet,fixed,42,139,139,80.0000011920929
EuroSAT,WIPT,0.0,42,139,139,81.33333325386047
EuroSAT,Support-only Transformer,0.0,42,139,139,74.6666669845581
EuroSAT,ProtoNet,fixed,42,140,140,75.99999904632568
EuroSAT,WIPT,0.0,42,140,140,77.33333706855774
EuroSAT,Support-only Transformer,0.0,42,140,140,78.66666913032532
EuroSAT,ProtoNet,fixed,42,141,141,92.00000166893005
EuroSAT,WIPT,0.0,42,141,141,92.00000166893005
EuroSAT,Support-only Transformer,0.0,42,141,141,82.66667127609253
EuroSAT,ProtoNet,fixed,42,142,142,63.999998569488525
EuroSAT,WIPT,0.0,42,142,142,57.33333230018616
EuroSAT,Support-only Transformer,0.0,42,142,142,54.666668176651
EuroSAT,ProtoNet,fixed,42,143,143,87.99999952316284
EuroSAT,WIPT,0.0,42,143,143,90.66666960716248
EuroSAT,Support-only Transformer,0.0,42,143,143,90.66666960716248
EuroSAT,ProtoNet,fixed,42,144,144,73.33333492279053
EuroSAT,WIPT,0.0,42,144,144,75.99999904632568
EuroSAT,Support-only Transformer,0.0,42,144,144,78.66666913032532
EuroSAT,ProtoNet,fixed,42,145,145,61.33333444595337
EuroSAT,WIPT,0.0,42,145,145,61.33333444595337
EuroSAT,Support-only Transformer,0.0,42,145,145,58.66667032241821
EuroSAT,ProtoNet,fixed,42,146,146,82.66667127609253
EuroSAT,WIPT,0.0,42,146,146,84.00000333786011
EuroSAT,Support-only Transformer,0.0,42,146,146,84.00000333786011
EuroSAT,ProtoNet,fixed,42,147,147,75.99999904632568
EuroSAT,WIPT,0.0,42,147,147,74.6666669845581
EuroSAT,Support-only Transformer,0.0,42,147,147,74.6666669845581
EuroSAT,ProtoNet,fixed,42,148,148,75.99999904632568
EuroSAT,WIPT,0.0,42,148,148,69.33333277702332
EuroSAT,Support-only Transformer,0.0,42,148,148,72.00000286102295
EuroSAT,ProtoNet,fixed,42,149,149,87.99999952316284
EuroSAT,WIPT,0.0,42,149,149,86.66666746139526
EuroSAT,Support-only Transformer,0.0,42,149,149,80.0000011920929
EuroSAT,ProtoNet,fixed,42,150,150,89.3333375453949
EuroSAT,WIPT,0.0,42,150,150,87.99999952316284
EuroSAT,Support-only Transformer,0.0,42,150,150,85.33333539962769
EuroSAT,ProtoNet,fixed,42,151,151,93.33333373069763
EuroSAT,WIPT,0.0,42,151,151,87.99999952316284
EuroSAT,Support-only Transformer,0.0,42,151,151,81.33333325386047
EuroSAT,ProtoNet,fixed,42,152,152,85.33333539962769
EuroSAT,WIPT,0.0,42,152,152,80.0000011920929
EuroSAT,Support-only Transformer,0.0,42,152,152,78.66666913032532
EuroSAT,ProtoNet,fixed,42,153,153,89.3333375453949
EuroSAT,WIPT,0.0,42,153,153,87.99999952316284
EuroSAT,Support-only Transformer,0.0,42,153,153,82.66667127609253
EuroSAT,ProtoNet,fixed,42,154,154,81.33333325386047
EuroSAT,WIPT,0.0,42,154,154,81.33333325386047
EuroSAT,Support-only Transformer,0.0,42,154,154,85.33333539962769
EuroSAT,ProtoNet,fixed,42,155,155,90.66666960716248
EuroSAT,WIPT,0.0,42,155,155,87.99999952316284
EuroSAT,Support-only Transformer,0.0,42,155,155,87.99999952316284
EuroSAT,ProtoNet,fixed,42,156,156,82.66667127609253
EuroSAT,WIPT,0.0,42,156,156,81.33333325386047
EuroSAT,Support-only Transformer,0.0,42,156,156,82.66667127609253
EuroSAT,ProtoNet,fixed,42,157,157,73.33333492279053
EuroSAT,WIPT,0.0,42,157,157,68.00000071525574
EuroSAT,Support-only Transformer,0.0,42,157,157,63.999998569488525
EuroSAT,ProtoNet,fixed,42,158,158,94.66667175292969
EuroSAT,WIPT,0.0,42,158,158,94.66667175292969
EuroSAT,Support-only Transformer,0.0,42,158,158,90.66666960716248
EuroSAT,ProtoNet,fixed,42,159,159,85.33333539962769
EuroSAT,WIPT,0.0,42,159,159,81.33333325386047
EuroSAT,Support-only Transformer,0.0,42,159,159,82.66667127609253
EuroSAT,ProtoNet,fixed,42,160,160,84.00000333786011
EuroSAT,WIPT,0.0,42,160,160,84.00000333786011
EuroSAT,Support-only Transformer,0.0,42,160,160,84.00000333786011
EuroSAT,ProtoNet,fixed,42,161,161,70.66667079925537
EuroSAT,WIPT,0.0,42,161,161,73.33333492279053
EuroSAT,Support-only Transformer,0.0,42,161,161,63.999998569488525
EuroSAT,ProtoNet,fixed,42,162,162,84.00000333786011
EuroSAT,WIPT,0.0,42,162,162,86.66666746139526
EuroSAT,Support-only Transformer,0.0,42,162,162,82.66667127609253
EuroSAT,ProtoNet,fixed,42,163,163,81.33333325386047
EuroSAT,WIPT,0.0,42,163,163,84.00000333786011
EuroSAT,Support-only Transformer,0.0,42,163,163,82.66667127609253
EuroSAT,ProtoNet,fixed,42,164,164,81.33333325386047
EuroSAT,WIPT,0.0,42,164,164,81.33333325386047
EuroSAT,Support-only Transformer,0.0,42,164,164,81.33333325386047
EuroSAT,ProtoNet,fixed,42,165,165,84.00000333786011
EuroSAT,WIPT,0.0,42,165,165,86.66666746139526
EuroSAT,Support-only Transformer,0.0,42,165,165,77.33333706855774
EuroSAT,ProtoNet,fixed,42,166,166,86.66666746139526
EuroSAT,WIPT,0.0,42,166,166,87.99999952316284
EuroSAT,Support-only Transformer,0.0,42,166,166,90.66666960716248
EuroSAT,ProtoNet,fixed,42,167,167,66.66666865348816
EuroSAT,WIPT,0.0,42,167,167,66.66666865348816
EuroSAT,Support-only Transformer,0.0,42,167,167,65.33333659172058
EuroSAT,ProtoNet,fixed,42,168,168,78.66666913032532
EuroSAT,WIPT,0.0,42,168,168,81.33333325386047
EuroSAT,Support-only Transformer,0.0,42,168,168,84.00000333786011
EuroSAT,ProtoNet,fixed,42,169,169,84.00000333786011
EuroSAT,WIPT,0.0,42,169,169,82.66667127609253
EuroSAT,Support-only Transformer,0.0,42,169,169,84.00000333786011
EuroSAT,ProtoNet,fixed,42,170,170,73.33333492279053
EuroSAT,WIPT,0.0,42,170,170,72.00000286102295
EuroSAT,Support-only Transformer,0.0,42,170,170,78.66666913032532
EuroSAT,ProtoNet,fixed,42,171,171,81.33333325386047
EuroSAT,WIPT,0.0,42,171,171,77.33333706855774
EuroSAT,Support-only Transformer,0.0,42,171,171,77.33333706855774
EuroSAT,ProtoNet,fixed,42,172,172,75.99999904632568
EuroSAT,WIPT,0.0,42,172,172,75.99999904632568
EuroSAT,Support-only Transformer,0.0,42,172,172,72.00000286102295
EuroSAT,ProtoNet,fixed,42,173,173,81.33333325386047
EuroSAT,WIPT,0.0,42,173,173,81.33333325386047
EuroSAT,Support-only Transformer,0.0,42,173,173,80.0000011920929
EuroSAT,ProtoNet,fixed,42,174,174,80.0000011920929
EuroSAT,WIPT,0.0,42,174,174,84.00000333786011
EuroSAT,Support-only Transformer,0.0,42,174,174,82.66667127609253
EuroSAT,ProtoNet,fixed,42,175,175,92.00000166893005
EuroSAT,WIPT,0.0,42,175,175,92.00000166893005
EuroSAT,Support-only Transformer,0.0,42,175,175,92.00000166893005
EuroSAT,ProtoNet,fixed,42,176,176,92.00000166893005
EuroSAT,WIPT,0.0,42,176,176,93.33333373069763
EuroSAT,Support-only Transformer,0.0,42,176,176,89.3333375453949
EuroSAT,ProtoNet,fixed,42,177,177,82.66667127609253
EuroSAT,WIPT,0.0,42,177,177,82.66667127609253
EuroSAT,Support-only Transformer,0.0,42,177,177,77.33333706855774
EuroSAT,ProtoNet,fixed,42,178,178,81.33333325386047
EuroSAT,WIPT,0.0,42,178,178,82.66667127609253
EuroSAT,Support-only Transformer,0.0,42,178,178,84.00000333786011
EuroSAT,ProtoNet,fixed,42,179,179,74.6666669845581
EuroSAT,WIPT,0.0,42,179,179,78.66666913032532
EuroSAT,Support-only Transformer,0.0,42,179,179,74.6666669845581
EuroSAT,ProtoNet,fixed,42,180,180,84.00000333786011
EuroSAT,WIPT,0.0,42,180,180,81.33333325386047
EuroSAT,Support-only Transformer,0.0,42,180,180,86.66666746139526
EuroSAT,ProtoNet,fixed,42,181,181,86.66666746139526
EuroSAT,WIPT,0.0,42,181,181,86.66666746139526
EuroSAT,Support-only Transformer,0.0,42,181,181,89.3333375453949
EuroSAT,ProtoNet,fixed,42,182,182,74.6666669845581
EuroSAT,WIPT,0.0,42,182,182,73.33333492279053
EuroSAT,Support-only Transformer,0.0,42,182,182,77.33333706855774
EuroSAT,ProtoNet,fixed,42,183,183,81.33333325386047
EuroSAT,WIPT,0.0,42,183,183,78.66666913032532
EuroSAT,Support-only Transformer,0.0,42,183,183,75.99999904632568
EuroSAT,ProtoNet,fixed,42,184,184,86.66666746139526
EuroSAT,WIPT,0.0,42,184,184,90.66666960716248
EuroSAT,Support-only Transformer,0.0,42,184,184,85.33333539962769
EuroSAT,ProtoNet,fixed,42,185,185,89.3333375453949
EuroSAT,WIPT,0.0,42,185,185,89.3333375453949
EuroSAT,Support-only Transformer,0.0,42,185,185,89.3333375453949
EuroSAT,ProtoNet,fixed,42,186,186,93.33333373069763
EuroSAT,WIPT,0.0,42,186,186,90.66666960716248
EuroSAT,Support-only Transformer,0.0,42,186,186,87.99999952316284
EuroSAT,ProtoNet,fixed,42,187,187,80.0000011920929
EuroSAT,WIPT,0.0,42,187,187,78.66666913032532
EuroSAT,Support-only Transformer,0.0,42,187,187,80.0000011920929
EuroSAT,ProtoNet,fixed,42,188,188,84.00000333786011
EuroSAT,WIPT,0.0,42,188,188,82.66667127609253
EuroSAT,Support-only Transformer,0.0,42,188,188,81.33333325386047
EuroSAT,ProtoNet,fixed,42,189,189,86.66666746139526
EuroSAT,WIPT,0.0,42,189,189,86.66666746139526
EuroSAT,Support-only Transformer,0.0,42,189,189,89.3333375453949
EuroSAT,ProtoNet,fixed,42,190,190,78.66666913032532
EuroSAT,WIPT,0.0,42,190,190,77.33333706855774
EuroSAT,Support-only Transformer,0.0,42,190,190,73.33333492279053
EuroSAT,ProtoNet,fixed,42,191,191,90.66666960716248
EuroSAT,WIPT,0.0,42,191,191,84.00000333786011
EuroSAT,Support-only Transformer,0.0,42,191,191,86.66666746139526
EuroSAT,ProtoNet,fixed,42,192,192,77.33333706855774
EuroSAT,WIPT,0.0,42,192,192,74.6666669845581
EuroSAT,Support-only Transformer,0.0,42,192,192,74.6666669845581
EuroSAT,ProtoNet,fixed,42,193,193,81.33333325386047
EuroSAT,WIPT,0.0,42,193,193,81.33333325386047
EuroSAT,Support-only Transformer,0.0,42,193,193,80.0000011920929
EuroSAT,ProtoNet,fixed,42,194,194,74.6666669845581
EuroSAT,WIPT,0.0,42,194,194,74.6666669845581
EuroSAT,Support-only Transformer,0.0,42,194,194,72.00000286102295
EuroSAT,ProtoNet,fixed,42,195,195,81.33333325386047
EuroSAT,WIPT,0.0,42,195,195,81.33333325386047
EuroSAT,Support-only Transformer,0.0,42,195,195,77.33333706855774
EuroSAT,ProtoNet,fixed,42,196,196,80.0000011920929
EuroSAT,WIPT,0.0,42,196,196,82.66667127609253
EuroSAT,Support-only Transformer,0.0,42,196,196,84.00000333786011
EuroSAT,ProtoNet,fixed,42,197,197,85.33333539962769
EuroSAT,WIPT,0.0,42,197,197,82.66667127609253
EuroSAT,Support-only Transformer,0.0,42,197,197,85.33333539962769
EuroSAT,ProtoNet,fixed,42,198,198,87.99999952316284
EuroSAT,WIPT,0.0,42,198,198,85.33333539962769
EuroSAT,Support-only Transformer,0.0,42,198,198,82.66667127609253
EuroSAT,ProtoNet,fixed,42,199,199,73.33333492279053
EuroSAT,WIPT,0.0,42,199,199,72.00000286102295
EuroSAT,Support-only Transformer,0.0,42,199,199,69.33333277702332
EuroSAT,ProtoNet,fixed,42,200,200,89.3333375453949
EuroSAT,WIPT,0.0,42,200,200,85.33333539962769
EuroSAT,Support-only Transformer,0.0,42,200,200,87.99999952316284
EuroSAT,ProtoNet,fixed,42,201,201,78.66666913032532
EuroSAT,WIPT,0.0,42,201,201,82.66667127609253
EuroSAT,Support-only Transformer,0.0,42,201,201,80.0000011920929
EuroSAT,ProtoNet,fixed,42,202,202,84.00000333786011
EuroSAT,WIPT,0.0,42,202,202,80.0000011920929
EuroSAT,Support-only Transformer,0.0,42,202,202,75.99999904632568
EuroSAT,ProtoNet,fixed,42,203,203,72.00000286102295
EuroSAT,WIPT,0.0,42,203,203,74.6666669845581
EuroSAT,Support-only Transformer,0.0,42,203,203,66.66666865348816
EuroSAT,ProtoNet,fixed,42,204,204,74.6666669845581
EuroSAT,WIPT,0.0,42,204,204,78.66666913032532
EuroSAT,Support-only Transformer,0.0,42,204,204,78.66666913032532
EuroSAT,ProtoNet,fixed,42,205,205,80.0000011920929
EuroSAT,WIPT,0.0,42,205,205,77.33333706855774
EuroSAT,Support-only Transformer,0.0,42,205,205,74.6666669845581
EuroSAT,ProtoNet,fixed,42,206,206,78.66666913032532
EuroSAT,WIPT,0.0,42,206,206,74.6666669845581
EuroSAT,Support-only Transformer,0.0,42,206,206,73.33333492279053
EuroSAT,ProtoNet,fixed,42,207,207,82.66667127609253
EuroSAT,WIPT,0.0,42,207,207,80.0000011920929
EuroSAT,Support-only Transformer,0.0,42,207,207,75.99999904632568
EuroSAT,ProtoNet,fixed,42,208,208,93.33333373069763
EuroSAT,WIPT,0.0,42,208,208,92.00000166893005
EuroSAT,Support-only Transformer,0.0,42,208,208,86.66666746139526
EuroSAT,ProtoNet,fixed,42,209,209,90.66666960716248
EuroSAT,WIPT,0.0,42,209,209,93.33333373069763
EuroSAT,Support-only Transformer,0.0,42,209,209,87.99999952316284
EuroSAT,ProtoNet,fixed,42,210,210,65.33333659172058
EuroSAT,WIPT,0.0,42,210,210,69.33333277702332
EuroSAT,Support-only Transformer,0.0,42,210,210,68.00000071525574
EuroSAT,ProtoNet,fixed,42,211,211,81.33333325386047
EuroSAT,WIPT,0.0,42,211,211,82.66667127609253
EuroSAT,Support-only Transformer,0.0,42,211,211,75.99999904632568
EuroSAT,ProtoNet,fixed,42,212,212,80.0000011920929
EuroSAT,WIPT,0.0,42,212,212,80.0000011920929
EuroSAT,Support-only Transformer,0.0,42,212,212,81.33333325386047
EuroSAT,ProtoNet,fixed,42,213,213,74.6666669845581
EuroSAT,WIPT,0.0,42,213,213,72.00000286102295
EuroSAT,Support-only Transformer,0.0,42,213,213,68.00000071525574
EuroSAT,ProtoNet,fixed,42,214,214,74.6666669845581
EuroSAT,WIPT,0.0,42,214,214,80.0000011920929
EuroSAT,Support-only Transformer,0.0,42,214,214,77.33333706855774
EuroSAT,ProtoNet,fixed,42,215,215,86.66666746139526
EuroSAT,WIPT,0.0,42,215,215,82.66667127609253
EuroSAT,Support-only Transformer,0.0,42,215,215,80.0000011920929
EuroSAT,ProtoNet,fixed,42,216,216,80.0000011920929
EuroSAT,WIPT,0.0,42,216,216,80.0000011920929
EuroSAT,Support-only Transformer,0.0,42,216,216,78.66666913032532
EuroSAT,ProtoNet,fixed,42,217,217,85.33333539962769
EuroSAT,WIPT,0.0,42,217,217,81.33333325386047
EuroSAT,Support-only Transformer,0.0,42,217,217,80.0000011920929
EuroSAT,ProtoNet,fixed,42,218,218,89.3333375453949
EuroSAT,WIPT,0.0,42,218,218,92.00000166893005
EuroSAT,Support-only Transformer,0.0,42,218,218,93.33333373069763
EuroSAT,ProtoNet,fixed,42,219,219,85.33333539962769
EuroSAT,WIPT,0.0,42,219,219,85.33333539962769
EuroSAT,Support-only Transformer,0.0,42,219,219,87.99999952316284
EuroSAT,ProtoNet,fixed,42,220,220,74.6666669845581
EuroSAT,WIPT,0.0,42,220,220,73.33333492279053
EuroSAT,Support-only Transformer,0.0,42,220,220,72.00000286102295
EuroSAT,ProtoNet,fixed,42,221,221,93.33333373069763
EuroSAT,WIPT,0.0,42,221,221,87.99999952316284
EuroSAT,Support-only Transformer,0.0,42,221,221,92.00000166893005
EuroSAT,ProtoNet,fixed,42,222,222,96.00000381469727
EuroSAT,WIPT,0.0,42,222,222,94.66667175292969
EuroSAT,Support-only Transformer,0.0,42,222,222,94.66667175292969
EuroSAT,ProtoNet,fixed,42,223,223,75.99999904632568
EuroSAT,WIPT,0.0,42,223,223,74.6666669845581
EuroSAT,Support-only Transformer,0.0,42,223,223,74.6666669845581
EuroSAT,ProtoNet,fixed,42,224,224,75.99999904632568
EuroSAT,WIPT,0.0,42,224,224,74.6666669845581
EuroSAT,Support-only Transformer,0.0,42,224,224,77.33333706855774
EuroSAT,ProtoNet,fixed,42,225,225,81.33333325386047
EuroSAT,WIPT,0.0,42,225,225,80.0000011920929
EuroSAT,Support-only Transformer,0.0,42,225,225,77.33333706855774
EuroSAT,ProtoNet,fixed,42,226,226,86.66666746139526
EuroSAT,WIPT,0.0,42,226,226,87.99999952316284
EuroSAT,Support-only Transformer,0.0,42,226,226,80.0000011920929
EuroSAT,ProtoNet,fixed,42,227,227,78.66666913032532
EuroSAT,WIPT,0.0,42,227,227,80.0000011920929
EuroSAT,Support-only Transformer,0.0,42,227,227,73.33333492279053
EuroSAT,ProtoNet,fixed,42,228,228,90.66666960716248
EuroSAT,WIPT,0.0,42,228,228,82.66667127609253
EuroSAT,Support-only Transformer,0.0,42,228,228,85.33333539962769
EuroSAT,ProtoNet,fixed,42,229,229,81.33333325386047
EuroSAT,WIPT,0.0,42,229,229,81.33333325386047
EuroSAT,Support-only Transformer,0.0,42,229,229,80.0000011920929
EuroSAT,ProtoNet,fixed,42,230,230,77.33333706855774
EuroSAT,WIPT,0.0,42,230,230,80.0000011920929
EuroSAT,Support-only Transformer,0.0,42,230,230,80.0000011920929
EuroSAT,ProtoNet,fixed,42,231,231,73.33333492279053
EuroSAT,WIPT,0.0,42,231,231,77.33333706855774
EuroSAT,Support-only Transformer,0.0,42,231,231,69.33333277702332
EuroSAT,ProtoNet,fixed,42,232,232,82.66667127609253
EuroSAT,WIPT,0.0,42,232,232,81.33333325386047
EuroSAT,Support-only Transformer,0.0,42,232,232,80.0000011920929
EuroSAT,ProtoNet,fixed,42,233,233,82.66667127609253
EuroSAT,WIPT,0.0,42,233,233,78.66666913032532
EuroSAT,Support-only Transformer,0.0,42,233,233,78.66666913032532
EuroSAT,ProtoNet,fixed,42,234,234,75.99999904632568
EuroSAT,WIPT,0.0,42,234,234,77.33333706855774
EuroSAT,Support-only Transformer,0.0,42,234,234,75.99999904632568
EuroSAT,ProtoNet,fixed,42,235,235,84.00000333786011
EuroSAT,WIPT,0.0,42,235,235,81.33333325386047
EuroSAT,Support-only Transformer,0.0,42,235,235,78.66666913032532
EuroSAT,ProtoNet,fixed,42,236,236,90.66666960716248
EuroSAT,WIPT,0.0,42,236,236,85.33333539962769
EuroSAT,Support-only Transformer,0.0,42,236,236,84.00000333786011
EuroSAT,ProtoNet,fixed,42,237,237,89.3333375453949
EuroSAT,WIPT,0.0,42,237,237,90.66666960716248
EuroSAT,Support-only Transformer,0.0,42,237,237,86.66666746139526
EuroSAT,ProtoNet,fixed,42,238,238,85.33333539962769
EuroSAT,WIPT,0.0,42,238,238,82.66667127609253
EuroSAT,Support-only Transformer,0.0,42,238,238,82.66667127609253
EuroSAT,ProtoNet,fixed,42,239,239,92.00000166893005
EuroSAT,WIPT,0.0,42,239,239,92.00000166893005
EuroSAT,Support-only Transformer,0.0,42,239,239,87.99999952316284
EuroSAT,ProtoNet,fixed,42,240,240,68.00000071525574
EuroSAT,WIPT,0.0,42,240,240,61.33333444595337
EuroSAT,Support-only Transformer,0.0,42,240,240,57.33333230018616
EuroSAT,ProtoNet,fixed,42,241,241,85.33333539962769
EuroSAT,WIPT,0.0,42,241,241,84.00000333786011
EuroSAT,Support-only Transformer,0.0,42,241,241,82.66667127609253
EuroSAT,ProtoNet,fixed,42,242,242,94.66667175292969
EuroSAT,WIPT,0.0,42,242,242,89.3333375453949
EuroSAT,Support-only Transformer,0.0,42,242,242,89.3333375453949
EuroSAT,ProtoNet,fixed,42,243,243,86.66666746139526
EuroSAT,WIPT,0.0,42,243,243,84.00000333786011
EuroSAT,Support-only Transformer,0.0,42,243,243,84.00000333786011
EuroSAT,ProtoNet,fixed,42,244,244,77.33333706855774
EuroSAT,WIPT,0.0,42,244,244,77.33333706855774
EuroSAT,Support-only Transformer,0.0,42,244,244,77.33333706855774
EuroSAT,ProtoNet,fixed,42,245,245,86.66666746139526
EuroSAT,WIPT,0.0,42,245,245,85.33333539962769
EuroSAT,Support-only Transformer,0.0,42,245,245,86.66666746139526
EuroSAT,ProtoNet,fixed,42,246,246,84.00000333786011
EuroSAT,WIPT,0.0,42,246,246,85.33333539962769
EuroSAT,Support-only Transformer,0.0,42,246,246,85.33333539962769
EuroSAT,ProtoNet,fixed,42,247,247,78.66666913032532
EuroSAT,WIPT,0.0,42,247,247,80.0000011920929
EuroSAT,Support-only Transformer,0.0,42,247,247,73.33333492279053
EuroSAT,ProtoNet,fixed,42,248,248,81.33333325386047
EuroSAT,WIPT,0.0,42,248,248,77.33333706855774
EuroSAT,Support-only Transformer,0.0,42,248,248,65.33333659172058
EuroSAT,ProtoNet,fixed,42,249,249,80.0000011920929
EuroSAT,WIPT,0.0,42,249,249,80.0000011920929
EuroSAT,Support-only Transformer,0.0,42,249,249,81.33333325386047
EuroSAT,ProtoNet,fixed,42,250,250,81.33333325386047
EuroSAT,WIPT,0.0,42,250,250,81.33333325386047
EuroSAT,Support-only Transformer,0.0,42,250,250,77.33333706855774
EuroSAT,ProtoNet,fixed,42,251,251,84.00000333786011
EuroSAT,WIPT,0.0,42,251,251,84.00000333786011
EuroSAT,Support-only Transformer,0.0,42,251,251,82.66667127609253
EuroSAT,ProtoNet,fixed,42,252,252,90.66666960716248
EuroSAT,WIPT,0.0,42,252,252,89.3333375453949
EuroSAT,Support-only Transformer,0.0,42,252,252,86.66666746139526
EuroSAT,ProtoNet,fixed,42,253,253,86.66666746139526
EuroSAT,WIPT,0.0,42,253,253,85.33333539962769
EuroSAT,Support-only Transformer,0.0,42,253,253,75.99999904632568
EuroSAT,ProtoNet,fixed,42,254,254,90.66666960716248
EuroSAT,WIPT,0.0,42,254,254,90.66666960716248
EuroSAT,Support-only Transformer,0.0,42,254,254,84.00000333786011
EuroSAT,ProtoNet,fixed,42,255,255,81.33333325386047
EuroSAT,WIPT,0.0,42,255,255,75.99999904632568
EuroSAT,Support-only Transformer,0.0,42,255,255,73.33333492279053
EuroSAT,ProtoNet,fixed,42,256,256,90.66666960716248
EuroSAT,WIPT,0.0,42,256,256,89.3333375453949
EuroSAT,Support-only Transformer,0.0,42,256,256,89.3333375453949
EuroSAT,ProtoNet,fixed,42,257,257,84.00000333786011
EuroSAT,WIPT,0.0,42,257,257,81.33333325386047
EuroSAT,Support-only Transformer,0.0,42,257,257,85.33333539962769
EuroSAT,ProtoNet,fixed,42,258,258,78.66666913032532
EuroSAT,WIPT,0.0,42,258,258,78.66666913032532
EuroSAT,Support-only Transformer,0.0,42,258,258,77.33333706855774
EuroSAT,ProtoNet,fixed,42,259,259,70.66667079925537
EuroSAT,WIPT,0.0,42,259,259,73.33333492279053
EuroSAT,Support-only Transformer,0.0,42,259,259,75.99999904632568
EuroSAT,ProtoNet,fixed,42,260,260,87.99999952316284
EuroSAT,WIPT,0.0,42,260,260,81.33333325386047
EuroSAT,Support-only Transformer,0.0,42,260,260,84.00000333786011
EuroSAT,ProtoNet,fixed,42,261,261,86.66666746139526
EuroSAT,WIPT,0.0,42,261,261,81.33333325386047
EuroSAT,Support-only Transformer,0.0,42,261,261,70.66667079925537
EuroSAT,ProtoNet,fixed,42,262,262,85.33333539962769
EuroSAT,WIPT,0.0,42,262,262,82.66667127609253
EuroSAT,Support-only Transformer,0.0,42,262,262,81.33333325386047
EuroSAT,ProtoNet,fixed,42,263,263,78.66666913032532
EuroSAT,WIPT,0.0,42,263,263,77.33333706855774
EuroSAT,Support-only Transformer,0.0,42,263,263,77.33333706855774
EuroSAT,ProtoNet,fixed,42,264,264,78.66666913032532
EuroSAT,WIPT,0.0,42,264,264,74.6666669845581
EuroSAT,Support-only Transformer,0.0,42,264,264,72.00000286102295
EuroSAT,ProtoNet,fixed,42,265,265,90.66666960716248
EuroSAT,WIPT,0.0,42,265,265,89.3333375453949
EuroSAT,Support-only Transformer,0.0,42,265,265,81.33333325386047
EuroSAT,ProtoNet,fixed,42,266,266,82.66667127609253
EuroSAT,WIPT,0.0,42,266,266,80.0000011920929
EuroSAT,Support-only Transformer,0.0,42,266,266,72.00000286102295
EuroSAT,ProtoNet,fixed,42,267,267,81.33333325386047
EuroSAT,WIPT,0.0,42,267,267,80.0000011920929
EuroSAT,Support-only Transformer,0.0,42,267,267,81.33333325386047
EuroSAT,ProtoNet,fixed,42,268,268,87.99999952316284
EuroSAT,WIPT,0.0,42,268,268,89.3333375453949
EuroSAT,Support-only Transformer,0.0,42,268,268,89.3333375453949
EuroSAT,ProtoNet,fixed,42,269,269,87.99999952316284
EuroSAT,WIPT,0.0,42,269,269,87.99999952316284
EuroSAT,Support-only Transformer,0.0,42,269,269,87.99999952316284
EuroSAT,ProtoNet,fixed,42,270,270,84.00000333786011
EuroSAT,WIPT,0.0,42,270,270,82.66667127609253
EuroSAT,Support-only Transformer,0.0,42,270,270,78.66666913032532
EuroSAT,ProtoNet,fixed,42,271,271,82.66667127609253
EuroSAT,WIPT,0.0,42,271,271,81.33333325386047
EuroSAT,Support-only Transformer,0.0,42,271,271,77.33333706855774
EuroSAT,ProtoNet,fixed,42,272,272,97.33333587646484
EuroSAT,WIPT,0.0,42,272,272,94.66667175292969
EuroSAT,Support-only Transformer,0.0,42,272,272,93.33333373069763
EuroSAT,ProtoNet,fixed,42,273,273,93.33333373069763
EuroSAT,WIPT,0.0,42,273,273,90.66666960716248
EuroSAT,Support-only Transformer,0.0,42,273,273,84.00000333786011
EuroSAT,ProtoNet,fixed,42,274,274,85.33333539962769
EuroSAT,WIPT,0.0,42,274,274,87.99999952316284
EuroSAT,Support-only Transformer,0.0,42,274,274,86.66666746139526
EuroSAT,ProtoNet,fixed,42,275,275,84.00000333786011
EuroSAT,WIPT,0.0,42,275,275,81.33333325386047
EuroSAT,Support-only Transformer,0.0,42,275,275,86.66666746139526
EuroSAT,ProtoNet,fixed,42,276,276,89.3333375453949
EuroSAT,WIPT,0.0,42,276,276,90.66666960716248
EuroSAT,Support-only Transformer,0.0,42,276,276,89.3333375453949
EuroSAT,ProtoNet,fixed,42,277,277,72.00000286102295
EuroSAT,WIPT,0.0,42,277,277,68.00000071525574
EuroSAT,Support-only Transformer,0.0,42,277,277,69.33333277702332
EuroSAT,ProtoNet,fixed,42,278,278,85.33333539962769
EuroSAT,WIPT,0.0,42,278,278,85.33333539962769
EuroSAT,Support-only Transformer,0.0,42,278,278,78.66666913032532
EuroSAT,ProtoNet,fixed,42,279,279,78.66666913032532
EuroSAT,WIPT,0.0,42,279,279,77.33333706855774
EuroSAT,Support-only Transformer,0.0,42,279,279,77.33333706855774
EuroSAT,ProtoNet,fixed,42,280,280,81.33333325386047
EuroSAT,WIPT,0.0,42,280,280,80.0000011920929
EuroSAT,Support-only Transformer,0.0,42,280,280,77.33333706855774
EuroSAT,ProtoNet,fixed,42,281,281,72.00000286102295
EuroSAT,WIPT,0.0,42,281,281,72.00000286102295
EuroSAT,Support-only Transformer,0.0,42,281,281,69.33333277702332
EuroSAT,ProtoNet,fixed,42,282,282,77.33333706855774
EuroSAT,WIPT,0.0,42,282,282,77.33333706855774
EuroSAT,Support-only Transformer,0.0,42,282,282,65.33333659172058
EuroSAT,ProtoNet,fixed,42,283,283,87.99999952316284
EuroSAT,WIPT,0.0,42,283,283,90.66666960716248
EuroSAT,Support-only Transformer,0.0,42,283,283,89.3333375453949
EuroSAT,ProtoNet,fixed,42,284,284,93.33333373069763
EuroSAT,WIPT,0.0,42,284,284,94.66667175292969
EuroSAT,Support-only Transformer,0.0,42,284,284,92.00000166893005
EuroSAT,ProtoNet,fixed,42,285,285,81.33333325386047
EuroSAT,WIPT,0.0,42,285,285,78.66666913032532
EuroSAT,Support-only Transformer,0.0,42,285,285,75.99999904632568
EuroSAT,ProtoNet,fixed,42,286,286,68.00000071525574
EuroSAT,WIPT,0.0,42,286,286,69.33333277702332
EuroSAT,Support-only Transformer,0.0,42,286,286,68.00000071525574
EuroSAT,ProtoNet,fixed,42,287,287,77.33333706855774
EuroSAT,WIPT,0.0,42,287,287,78.66666913032532
EuroSAT,Support-only Transformer,0.0,42,287,287,74.6666669845581
EuroSAT,ProtoNet,fixed,42,288,288,87.99999952316284
EuroSAT,WIPT,0.0,42,288,288,87.99999952316284
EuroSAT,Support-only Transformer,0.0,42,288,288,87.99999952316284
EuroSAT,ProtoNet,fixed,42,289,289,85.33333539962769
EuroSAT,WIPT,0.0,42,289,289,85.33333539962769
EuroSAT,Support-only Transformer,0.0,42,289,289,90.66666960716248
EuroSAT,ProtoNet,fixed,42,290,290,82.66667127609253
EuroSAT,WIPT,0.0,42,290,290,80.0000011920929
EuroSAT,Support-only Transformer,0.0,42,290,290,82.66667127609253
EuroSAT,ProtoNet,fixed,42,291,291,84.00000333786011
EuroSAT,WIPT,0.0,42,291,291,84.00000333786011
EuroSAT,Support-only Transformer,0.0,42,291,291,86.66666746139526
EuroSAT,ProtoNet,fixed,42,292,292,87.99999952316284
EuroSAT,WIPT,0.0,42,292,292,84.00000333786011
EuroSAT,Support-only Transformer,0.0,42,292,292,84.00000333786011
EuroSAT,ProtoNet,fixed,42,293,293,77.33333706855774
EuroSAT,WIPT,0.0,42,293,293,80.0000011920929
EuroSAT,Support-only Transformer,0.0,42,293,293,75.99999904632568
EuroSAT,ProtoNet,fixed,42,294,294,78.66666913032532
EuroSAT,WIPT,0.0,42,294,294,80.0000011920929
EuroSAT,Support-only Transformer,0.0,42,294,294,77.33333706855774
EuroSAT,ProtoNet,fixed,42,295,295,77.33333706855774
EuroSAT,WIPT,0.0,42,295,295,74.6666669845581
EuroSAT,Support-only Transformer,0.0,42,295,295,81.33333325386047
EuroSAT,ProtoNet,fixed,42,296,296,90.66666960716248
EuroSAT,WIPT,0.0,42,296,296,93.33333373069763
EuroSAT,Support-only Transformer,0.0,42,296,296,89.3333375453949
EuroSAT,ProtoNet,fixed,42,297,297,86.66666746139526
EuroSAT,WIPT,0.0,42,297,297,82.66667127609253
EuroSAT,Support-only Transformer,0.0,42,297,297,82.66667127609253
EuroSAT,ProtoNet,fixed,42,298,298,93.33333373069763
EuroSAT,WIPT,0.0,42,298,298,89.3333375453949
EuroSAT,Support-only Transformer,0.0,42,298,298,89.3333375453949
EuroSAT,ProtoNet,fixed,42,299,299,69.33333277702332
EuroSAT,WIPT,0.0,42,299,299,73.33333492279053
EuroSAT,Support-only Transformer,0.0,42,299,299,74.6666669845581
EuroSAT,ProtoNet,fixed,123,0,300,84.00000333786011
EuroSAT,WIPT,0.0,123,0,300,86.66666746139526
EuroSAT,Support-only Transformer,0.0,123,0,300,80.0000011920929
EuroSAT,ProtoNet,fixed,123,1,301,84.00000333786011
EuroSAT,WIPT,0.0,123,1,301,85.33333539962769
EuroSAT,Support-only Transformer,0.0,123,1,301,80.0000011920929
EuroSAT,ProtoNet,fixed,123,2,302,92.00000166893005
EuroSAT,WIPT,0.0,123,2,302,90.66666960716248
EuroSAT,Support-only Transformer,0.0,123,2,302,87.99999952316284
EuroSAT,ProtoNet,fixed,123,3,303,93.33333373069763
EuroSAT,WIPT,0.0,123,3,303,87.99999952316284
EuroSAT,Support-only Transformer,0.0,123,3,303,82.66667127609253
EuroSAT,ProtoNet,fixed,123,4,304,77.33333706855774
EuroSAT,WIPT,0.0,123,4,304,75.99999904632568
EuroSAT,Support-only Transformer,0.0,123,4,304,78.66666913032532
EuroSAT,ProtoNet,fixed,123,5,305,86.66666746139526
EuroSAT,WIPT,0.0,123,5,305,82.66667127609253
EuroSAT,Support-only Transformer,0.0,123,5,305,75.99999904632568
EuroSAT,ProtoNet,fixed,123,6,306,82.66667127609253
EuroSAT,WIPT,0.0,123,6,306,81.33333325386047
EuroSAT,Support-only Transformer,0.0,123,6,306,81.33333325386047
EuroSAT,ProtoNet,fixed,123,7,307,89.3333375453949
EuroSAT,WIPT,0.0,123,7,307,89.3333375453949
EuroSAT,Support-only Transformer,0.0,123,7,307,87.99999952316284
EuroSAT,ProtoNet,fixed,123,8,308,87.99999952316284
EuroSAT,WIPT,0.0,123,8,308,85.33333539962769
EuroSAT,Support-only Transformer,0.0,123,8,308,72.00000286102295
EuroSAT,ProtoNet,fixed,123,9,309,85.33333539962769
EuroSAT,WIPT,0.0,123,9,309,82.66667127609253
EuroSAT,Support-only Transformer,0.0,123,9,309,73.33333492279053
EuroSAT,ProtoNet,fixed,123,10,310,78.66666913032532
EuroSAT,WIPT,0.0,123,10,310,75.99999904632568
EuroSAT,Support-only Transformer,0.0,123,10,310,73.33333492279053
EuroSAT,ProtoNet,fixed,123,11,311,89.3333375453949
EuroSAT,WIPT,0.0,123,11,311,87.99999952316284
EuroSAT,Support-only Transformer,0.0,123,11,311,86.66666746139526
EuroSAT,ProtoNet,fixed,123,12,312,82.66667127609253
EuroSAT,WIPT,0.0,123,12,312,80.0000011920929
EuroSAT,Support-only Transformer,0.0,123,12,312,80.0000011920929
EuroSAT,ProtoNet,fixed,123,13,313,81.33333325386047
EuroSAT,WIPT,0.0,123,13,313,80.0000011920929
EuroSAT,Support-only Transformer,0.0,123,13,313,77.33333706855774
EuroSAT,ProtoNet,fixed,123,14,314,82.66667127609253
EuroSAT,WIPT,0.0,123,14,314,85.33333539962769
EuroSAT,Support-only Transformer,0.0,123,14,314,82.66667127609253
EuroSAT,ProtoNet,fixed,123,15,315,85.33333539962769
EuroSAT,WIPT,0.0,123,15,315,82.66667127609253
EuroSAT,Support-only Transformer,0.0,123,15,315,81.33333325386047
EuroSAT,ProtoNet,fixed,123,16,316,93.33333373069763
EuroSAT,WIPT,0.0,123,16,316,93.33333373069763
EuroSAT,Support-only Transformer,0.0,123,16,316,89.3333375453949
EuroSAT,ProtoNet,fixed,123,17,317,80.0000011920929
EuroSAT,WIPT,0.0,123,17,317,85.33333539962769
EuroSAT,Support-only Transformer,0.0,123,17,317,78.66666913032532
EuroSAT,ProtoNet,fixed,123,18,318,77.33333706855774
EuroSAT,WIPT,0.0,123,18,318,77.33333706855774
EuroSAT,Support-only Transformer,0.0,123,18,318,66.66666865348816
EuroSAT,ProtoNet,fixed,123,19,319,80.0000011920929
EuroSAT,WIPT,0.0,123,19,319,78.66666913032532
EuroSAT,Support-only Transformer,0.0,123,19,319,72.00000286102295
EuroSAT,ProtoNet,fixed,123,20,320,80.0000011920929
EuroSAT,WIPT,0.0,123,20,320,78.66666913032532
EuroSAT,Support-only Transformer,0.0,123,20,320,75.99999904632568
EuroSAT,ProtoNet,fixed,123,21,321,84.00000333786011
EuroSAT,WIPT,0.0,123,21,321,85.33333539962769
EuroSAT,Support-only Transformer,0.0,123,21,321,81.33333325386047
EuroSAT,ProtoNet,fixed,123,22,322,77.33333706855774
EuroSAT,WIPT,0.0,123,22,322,75.99999904632568
EuroSAT,Support-only Transformer,0.0,123,22,322,70.66667079925537
EuroSAT,ProtoNet,fixed,123,23,323,80.0000011920929
EuroSAT,WIPT,0.0,123,23,323,78.66666913032532
EuroSAT,Support-only Transformer,0.0,123,23,323,78.66666913032532
EuroSAT,ProtoNet,fixed,123,24,324,84.00000333786011
EuroSAT,WIPT,0.0,123,24,324,84.00000333786011
EuroSAT,Support-only Transformer,0.0,123,24,324,77.33333706855774
EuroSAT,ProtoNet,fixed,123,25,325,78.66666913032532
EuroSAT,WIPT,0.0,123,25,325,73.33333492279053
EuroSAT,Support-only Transformer,0.0,123,25,325,73.33333492279053
EuroSAT,ProtoNet,fixed,123,26,326,75.99999904632568
EuroSAT,WIPT,0.0,123,26,326,77.33333706855774
EuroSAT,Support-only Transformer,0.0,123,26,326,81.33333325386047
EuroSAT,ProtoNet,fixed,123,27,327,81.33333325386047
EuroSAT,WIPT,0.0,123,27,327,81.33333325386047
EuroSAT,Support-only Transformer,0.0,123,27,327,78.66666913032532
EuroSAT,ProtoNet,fixed,123,28,328,77.33333706855774
EuroSAT,WIPT,0.0,123,28,328,75.99999904632568
EuroSAT,Support-only Transformer,0.0,123,28,328,74.6666669845581
EuroSAT,ProtoNet,fixed,123,29,329,80.0000011920929
EuroSAT,WIPT,0.0,123,29,329,82.66667127609253
EuroSAT,Support-only Transformer,0.0,123,29,329,82.66667127609253
EuroSAT,ProtoNet,fixed,123,30,330,86.66666746139526
EuroSAT,WIPT,0.0,123,30,330,89.3333375453949
EuroSAT,Support-only Transformer,0.0,123,30,330,85.33333539962769
EuroSAT,ProtoNet,fixed,123,31,331,93.33333373069763
EuroSAT,WIPT,0.0,123,31,331,92.00000166893005
EuroSAT,Support-only Transformer,0.0,123,31,331,92.00000166893005
EuroSAT,ProtoNet,fixed,123,32,332,74.6666669845581
EuroSAT,WIPT,0.0,123,32,332,75.99999904632568
EuroSAT,Support-only Transformer,0.0,123,32,332,75.99999904632568
EuroSAT,ProtoNet,fixed,123,33,333,73.33333492279053
EuroSAT,WIPT,0.0,123,33,333,68.00000071525574
EuroSAT,Support-only Transformer,0.0,123,33,333,58.66667032241821
EuroSAT,ProtoNet,fixed,123,34,334,78.66666913032532
EuroSAT,WIPT,0.0,123,34,334,82.66667127609253
EuroSAT,Support-only Transformer,0.0,123,34,334,80.0000011920929
EuroSAT,ProtoNet,fixed,123,35,335,92.00000166893005
EuroSAT,WIPT,0.0,123,35,335,94.66667175292969
EuroSAT,Support-only Transformer,0.0,123,35,335,89.3333375453949
EuroSAT,ProtoNet,fixed,123,36,336,92.00000166893005
EuroSAT,WIPT,0.0,123,36,336,90.66666960716248
EuroSAT,Support-only Transformer,0.0,123,36,336,93.33333373069763
EuroSAT,ProtoNet,fixed,123,37,337,72.00000286102295
EuroSAT,WIPT,0.0,123,37,337,72.00000286102295
EuroSAT,Support-only Transformer,0.0,123,37,337,73.33333492279053
EuroSAT,ProtoNet,fixed,123,38,338,86.66666746139526
EuroSAT,WIPT,0.0,123,38,338,81.33333325386047
EuroSAT,Support-only Transformer,0.0,123,38,338,80.0000011920929
EuroSAT,ProtoNet,fixed,123,39,339,87.99999952316284
EuroSAT,WIPT,0.0,123,39,339,86.66666746139526
EuroSAT,Support-only Transformer,0.0,123,39,339,86.66666746139526
EuroSAT,ProtoNet,fixed,123,40,340,78.66666913032532
EuroSAT,WIPT,0.0,123,40,340,75.99999904632568
EuroSAT,Support-only Transformer,0.0,123,40,340,74.6666669845581
EuroSAT,ProtoNet,fixed,123,41,341,94.66667175292969
EuroSAT,WIPT,0.0,123,41,341,89.3333375453949
EuroSAT,Support-only Transformer,0.0,123,41,341,81.33333325386047
EuroSAT,ProtoNet,fixed,123,42,342,78.66666913032532
EuroSAT,WIPT,0.0,123,42,342,77.33333706855774
EuroSAT,Support-only Transformer,0.0,123,42,342,70.66667079925537
EuroSAT,ProtoNet,fixed,123,43,343,74.6666669845581
EuroSAT,WIPT,0.0,123,43,343,73.33333492279053
EuroSAT,Support-only Transformer,0.0,123,43,343,72.00000286102295
EuroSAT,ProtoNet,fixed,123,44,344,87.99999952316284
EuroSAT,WIPT,0.0,123,44,344,87.99999952316284
EuroSAT,Support-only Transformer,0.0,123,44,344,89.3333375453949
EuroSAT,ProtoNet,fixed,123,45,345,86.66666746139526
EuroSAT,WIPT,0.0,123,45,345,86.66666746139526
EuroSAT,Support-only Transformer,0.0,123,45,345,86.66666746139526
EuroSAT,ProtoNet,fixed,123,46,346,77.33333706855774
EuroSAT,WIPT,0.0,123,46,346,78.66666913032532
EuroSAT,Support-only Transformer,0.0,123,46,346,78.66666913032532
EuroSAT,ProtoNet,fixed,123,47,347,81.33333325386047
EuroSAT,WIPT,0.0,123,47,347,80.0000011920929
EuroSAT,Support-only Transformer,0.0,123,47,347,81.33333325386047
EuroSAT,ProtoNet,fixed,123,48,348,70.66667079925537
EuroSAT,WIPT,0.0,123,48,348,70.66667079925537
EuroSAT,Support-only Transformer,0.0,123,48,348,72.00000286102295
EuroSAT,ProtoNet,fixed,123,49,349,81.33333325386047
EuroSAT,WIPT,0.0,123,49,349,80.0000011920929
EuroSAT,Support-only Transformer,0.0,123,49,349,75.99999904632568
EuroSAT,ProtoNet,fixed,123,50,350,77.33333706855774
EuroSAT,WIPT,0.0,123,50,350,82.66667127609253
EuroSAT,Support-only Transformer,0.0,123,50,350,82.66667127609253
EuroSAT,ProtoNet,fixed,123,51,351,74.6666669845581
EuroSAT,WIPT,0.0,123,51,351,75.99999904632568
EuroSAT,Support-only Transformer,0.0,123,51,351,72.00000286102295
EuroSAT,ProtoNet,fixed,123,52,352,80.0000011920929
EuroSAT,WIPT,0.0,123,52,352,80.0000011920929
EuroSAT,Support-only Transformer,0.0,123,52,352,78.66666913032532
EuroSAT,ProtoNet,fixed,123,53,353,84.00000333786011
EuroSAT,WIPT,0.0,123,53,353,80.0000011920929
EuroSAT,Support-only Transformer,0.0,123,53,353,81.33333325386047
EuroSAT,ProtoNet,fixed,123,54,354,85.33333539962769
EuroSAT,WIPT,0.0,123,54,354,86.66666746139526
EuroSAT,Support-only Transformer,0.0,123,54,354,86.66666746139526
EuroSAT,ProtoNet,fixed,123,55,355,85.33333539962769
EuroSAT,WIPT,0.0,123,55,355,87.99999952316284
EuroSAT,Support-only Transformer,0.0,123,55,355,89.3333375453949
EuroSAT,ProtoNet,fixed,123,56,356,81.33333325386047
EuroSAT,WIPT,0.0,123,56,356,81.33333325386047
EuroSAT,Support-only Transformer,0.0,123,56,356,84.00000333786011
EuroSAT,ProtoNet,fixed,123,57,357,85.33333539962769
EuroSAT,WIPT,0.0,123,57,357,89.3333375453949
EuroSAT,Support-only Transformer,0.0,123,57,357,87.99999952316284
EuroSAT,ProtoNet,fixed,123,58,358,73.33333492279053
EuroSAT,WIPT,0.0,123,58,358,70.66667079925537
EuroSAT,Support-only Transformer,0.0,123,58,358,72.00000286102295
EuroSAT,ProtoNet,fixed,123,59,359,86.66666746139526
EuroSAT,WIPT,0.0,123,59,359,87.99999952316284
EuroSAT,Support-only Transformer,0.0,123,59,359,87.99999952316284
EuroSAT,ProtoNet,fixed,123,60,360,81.33333325386047
EuroSAT,WIPT,0.0,123,60,360,78.66666913032532
EuroSAT,Support-only Transformer,0.0,123,60,360,78.66666913032532
EuroSAT,ProtoNet,fixed,123,61,361,89.3333375453949
EuroSAT,WIPT,0.0,123,61,361,85.33333539962769
EuroSAT,Support-only Transformer,0.0,123,61,361,81.33333325386047
EuroSAT,ProtoNet,fixed,123,62,362,82.66667127609253
EuroSAT,WIPT,0.0,123,62,362,75.99999904632568
EuroSAT,Support-only Transformer,0.0,123,62,362,77.33333706855774
EuroSAT,ProtoNet,fixed,123,63,363,85.33333539962769
EuroSAT,WIPT,0.0,123,63,363,84.00000333786011
EuroSAT,Support-only Transformer,0.0,123,63,363,81.33333325386047
EuroSAT,ProtoNet,fixed,123,64,364,73.33333492279053
EuroSAT,WIPT,0.0,123,64,364,75.99999904632568
EuroSAT,Support-only Transformer,0.0,123,64,364,82.66667127609253
EuroSAT,ProtoNet,fixed,123,65,365,82.66667127609253
EuroSAT,WIPT,0.0,123,65,365,81.33333325386047
EuroSAT,Support-only Transformer,0.0,123,65,365,81.33333325386047
EuroSAT,ProtoNet,fixed,123,66,366,81.33333325386047
EuroSAT,WIPT,0.0,123,66,366,80.0000011920929
EuroSAT,Support-only Transformer,0.0,123,66,366,78.66666913032532
EuroSAT,ProtoNet,fixed,123,67,367,92.00000166893005
EuroSAT,WIPT,0.0,123,67,367,92.00000166893005
EuroSAT,Support-only Transformer,0.0,123,67,367,92.00000166893005
EuroSAT,ProtoNet,fixed,123,68,368,86.66666746139526
EuroSAT,WIPT,0.0,123,68,368,82.66667127609253
EuroSAT,Support-only Transformer,0.0,123,68,368,74.6666669845581
EuroSAT,ProtoNet,fixed,123,69,369,80.0000011920929
EuroSAT,WIPT,0.0,123,69,369,84.00000333786011
EuroSAT,Support-only Transformer,0.0,123,69,369,85.33333539962769
EuroSAT,ProtoNet,fixed,123,70,370,85.33333539962769
EuroSAT,WIPT,0.0,123,70,370,82.66667127609253
EuroSAT,Support-only Transformer,0.0,123,70,370,80.0000011920929
EuroSAT,ProtoNet,fixed,123,71,371,90.66666960716248
EuroSAT,WIPT,0.0,123,71,371,87.99999952316284
EuroSAT,Support-only Transformer,0.0,123,71,371,82.66667127609253
EuroSAT,ProtoNet,fixed,123,72,372,82.66667127609253
EuroSAT,WIPT,0.0,123,72,372,81.33333325386047
EuroSAT,Support-only Transformer,0.0,123,72,372,81.33333325386047
EuroSAT,ProtoNet,fixed,123,73,373,85.33333539962769
EuroSAT,WIPT,0.0,123,73,373,86.66666746139526
EuroSAT,Support-only Transformer,0.0,123,73,373,86.66666746139526
EuroSAT,ProtoNet,fixed,123,74,374,87.99999952316284
EuroSAT,WIPT,0.0,123,74,374,90.66666960716248
EuroSAT,Support-only Transformer,0.0,123,74,374,93.33333373069763
EuroSAT,ProtoNet,fixed,123,75,375,80.0000011920929
EuroSAT,WIPT,0.0,123,75,375,81.33333325386047
EuroSAT,Support-only Transformer,0.0,123,75,375,75.99999904632568
EuroSAT,ProtoNet,fixed,123,76,376,86.66666746139526
EuroSAT,WIPT,0.0,123,76,376,85.33333539962769
EuroSAT,Support-only Transformer,0.0,123,76,376,85.33333539962769
EuroSAT,ProtoNet,fixed,123,77,377,89.3333375453949
EuroSAT,WIPT,0.0,123,77,377,89.3333375453949
EuroSAT,Support-only Transformer,0.0,123,77,377,87.99999952316284
EuroSAT,ProtoNet,fixed,123,78,378,74.6666669845581
EuroSAT,WIPT,0.0,123,78,378,74.6666669845581
EuroSAT,Support-only Transformer,0.0,123,78,378,73.33333492279053
EuroSAT,ProtoNet,fixed,123,79,379,80.0000011920929
EuroSAT,WIPT,0.0,123,79,379,75.99999904632568
EuroSAT,Support-only Transformer,0.0,123,79,379,75.99999904632568
EuroSAT,ProtoNet,fixed,123,80,380,93.33333373069763
EuroSAT,WIPT,0.0,123,80,380,93.33333373069763
EuroSAT,Support-only Transformer,0.0,123,80,380,90.66666960716248
EuroSAT,ProtoNet,fixed,123,81,381,85.33333539962769
EuroSAT,WIPT,0.0,123,81,381,86.66666746139526
EuroSAT,Support-only Transformer,0.0,123,81,381,86.66666746139526
EuroSAT,ProtoNet,fixed,123,82,382,77.33333706855774
EuroSAT,WIPT,0.0,123,82,382,78.66666913032532
EuroSAT,Support-only Transformer,0.0,123,82,382,73.33333492279053
EuroSAT,ProtoNet,fixed,123,83,383,85.33333539962769
EuroSAT,WIPT,0.0,123,83,383,84.00000333786011
EuroSAT,Support-only Transformer,0.0,123,83,383,70.66667079925537
EuroSAT,ProtoNet,fixed,123,84,384,81.33333325386047
EuroSAT,WIPT,0.0,123,84,384,84.00000333786011
EuroSAT,Support-only Transformer,0.0,123,84,384,77.33333706855774
EuroSAT,ProtoNet,fixed,123,85,385,82.66667127609253
EuroSAT,WIPT,0.0,123,85,385,85.33333539962769
EuroSAT,Support-only Transformer,0.0,123,85,385,80.0000011920929
EuroSAT,ProtoNet,fixed,123,86,386,86.66666746139526
EuroSAT,WIPT,0.0,123,86,386,85.33333539962769
EuroSAT,Support-only Transformer,0.0,123,86,386,84.00000333786011
EuroSAT,ProtoNet,fixed,123,87,387,81.33333325386047
EuroSAT,WIPT,0.0,123,87,387,81.33333325386047
EuroSAT,Support-only Transformer,0.0,123,87,387,70.66667079925537
EuroSAT,ProtoNet,fixed,123,88,388,87.99999952316284
EuroSAT,WIPT,0.0,123,88,388,86.66666746139526
EuroSAT,Support-only Transformer,0.0,123,88,388,87.99999952316284
EuroSAT,ProtoNet,fixed,123,89,389,86.66666746139526
EuroSAT,WIPT,0.0,123,89,389,89.3333375453949
EuroSAT,Support-only Transformer,0.0,123,89,389,77.33333706855774
EuroSAT,ProtoNet,fixed,123,90,390,69.33333277702332
EuroSAT,WIPT,0.0,123,90,390,72.00000286102295
EuroSAT,Support-only Transformer,0.0,123,90,390,68.00000071525574
EuroSAT,ProtoNet,fixed,123,91,391,87.99999952316284
EuroSAT,WIPT,0.0,123,91,391,86.66666746139526
EuroSAT,Support-only Transformer,0.0,123,91,391,86.66666746139526
EuroSAT,ProtoNet,fixed,123,92,392,80.0000011920929
EuroSAT,WIPT,0.0,123,92,392,80.0000011920929
EuroSAT,Support-only Transformer,0.0,123,92,392,81.33333325386047
EuroSAT,ProtoNet,fixed,123,93,393,81.33333325386047
EuroSAT,WIPT,0.0,123,93,393,82.66667127609253
EuroSAT,Support-only Transformer,0.0,123,93,393,77.33333706855774
EuroSAT,ProtoNet,fixed,123,94,394,89.3333375453949
EuroSAT,WIPT,0.0,123,94,394,90.66666960716248
EuroSAT,Support-only Transformer,0.0,123,94,394,84.00000333786011
EuroSAT,ProtoNet,fixed,123,95,395,80.0000011920929
EuroSAT,WIPT,0.0,123,95,395,77.33333706855774
EuroSAT,Support-only Transformer,0.0,123,95,395,77.33333706855774
EuroSAT,ProtoNet,fixed,123,96,396,78.66666913032532
EuroSAT,WIPT,0.0,123,96,396,85.33333539962769
EuroSAT,Support-only Transformer,0.0,123,96,396,82.66667127609253
EuroSAT,ProtoNet,fixed,123,97,397,78.66666913032532
EuroSAT,WIPT,0.0,123,97,397,78.66666913032532
EuroSAT,Support-only Transformer,0.0,123,97,397,74.6666669845581
EuroSAT,ProtoNet,fixed,123,98,398,81.33333325386047
EuroSAT,WIPT,0.0,123,98,398,81.33333325386047
EuroSAT,Support-only Transformer,0.0,123,98,398,75.99999904632568
EuroSAT,ProtoNet,fixed,123,99,399,80.0000011920929
EuroSAT,WIPT,0.0,123,99,399,78.66666913032532
EuroSAT,Support-only Transformer,0.0,123,99,399,80.0000011920929
EuroSAT,ProtoNet,fixed,123,100,400,89.3333375453949
EuroSAT,WIPT,0.0,123,100,400,89.3333375453949
EuroSAT,Support-only Transformer,0.0,123,100,400,80.0000011920929
EuroSAT,ProtoNet,fixed,123,101,401,86.66666746139526
EuroSAT,WIPT,0.0,123,101,401,85.33333539962769
EuroSAT,Support-only Transformer,0.0,123,101,401,82.66667127609253
EuroSAT,ProtoNet,fixed,123,102,402,84.00000333786011
EuroSAT,WIPT,0.0,123,102,402,85.33333539962769
EuroSAT,Support-only Transformer,0.0,123,102,402,75.99999904632568
EuroSAT,ProtoNet,fixed,123,103,403,84.00000333786011
EuroSAT,WIPT,0.0,123,103,403,75.99999904632568
EuroSAT,Support-only Transformer,0.0,123,103,403,72.00000286102295
EuroSAT,ProtoNet,fixed,123,104,404,80.0000011920929
EuroSAT,WIPT,0.0,123,104,404,73.33333492279053
EuroSAT,Support-only Transformer,0.0,123,104,404,72.00000286102295
EuroSAT,ProtoNet,fixed,123,105,405,82.66667127609253
EuroSAT,WIPT,0.0,123,105,405,81.33333325386047
EuroSAT,Support-only Transformer,0.0,123,105,405,78.66666913032532
EuroSAT,ProtoNet,fixed,123,106,406,87.99999952316284
EuroSAT,WIPT,0.0,123,106,406,86.66666746139526
EuroSAT,Support-only Transformer,0.0,123,106,406,84.00000333786011
EuroSAT,ProtoNet,fixed,123,107,407,84.00000333786011
EuroSAT,WIPT,0.0,123,107,407,81.33333325386047
EuroSAT,Support-only Transformer,0.0,123,107,407,80.0000011920929
EuroSAT,ProtoNet,fixed,123,108,408,86.66666746139526
EuroSAT,WIPT,0.0,123,108,408,84.00000333786011
EuroSAT,Support-only Transformer,0.0,123,108,408,84.00000333786011
EuroSAT,ProtoNet,fixed,123,109,409,81.33333325386047
EuroSAT,WIPT,0.0,123,109,409,81.33333325386047
EuroSAT,Support-only Transformer,0.0,123,109,409,84.00000333786011
EuroSAT,ProtoNet,fixed,123,110,410,78.66666913032532
EuroSAT,WIPT,0.0,123,110,410,80.0000011920929
EuroSAT,Support-only Transformer,0.0,123,110,410,74.6666669845581
EuroSAT,ProtoNet,fixed,123,111,411,82.66667127609253
EuroSAT,WIPT,0.0,123,111,411,81.33333325386047
EuroSAT,Support-only Transformer,0.0,123,111,411,80.0000011920929
EuroSAT,ProtoNet,fixed,123,112,412,85.33333539962769
EuroSAT,WIPT,0.0,123,112,412,84.00000333786011
EuroSAT,Support-only Transformer,0.0,123,112,412,89.3333375453949
EuroSAT,ProtoNet,fixed,123,113,413,86.66666746139526
EuroSAT,WIPT,0.0,123,113,413,80.0000011920929
EuroSAT,Support-only Transformer,0.0,123,113,413,81.33333325386047
EuroSAT,ProtoNet,fixed,123,114,414,86.66666746139526
EuroSAT,WIPT,0.0,123,114,414,85.33333539962769
EuroSAT,Support-only Transformer,0.0,123,114,414,84.00000333786011
EuroSAT,ProtoNet,fixed,123,115,415,87.99999952316284
EuroSAT,WIPT,0.0,123,115,415,85.33333539962769
EuroSAT,Support-only Transformer,0.0,123,115,415,86.66666746139526
EuroSAT,ProtoNet,fixed,123,116,416,75.99999904632568
EuroSAT,WIPT,0.0,123,116,416,75.99999904632568
EuroSAT,Support-only Transformer,0.0,123,116,416,77.33333706855774
EuroSAT,ProtoNet,fixed,123,117,417,81.33333325386047
EuroSAT,WIPT,0.0,123,117,417,78.66666913032532
EuroSAT,Support-only Transformer,0.0,123,117,417,78.66666913032532
EuroSAT,ProtoNet,fixed,123,118,418,93.33333373069763
EuroSAT,WIPT,0.0,123,118,418,94.66667175292969
EuroSAT,Support-only Transformer,0.0,123,118,418,89.3333375453949
EuroSAT,ProtoNet,fixed,123,119,419,82.66667127609253
EuroSAT,WIPT,0.0,123,119,419,81.33333325386047
EuroSAT,Support-only Transformer,0.0,123,119,419,75.99999904632568
EuroSAT,ProtoNet,fixed,123,120,420,89.3333375453949
EuroSAT,WIPT,0.0,123,120,420,84.00000333786011
EuroSAT,Support-only Transformer,0.0,123,120,420,85.33333539962769
EuroSAT,ProtoNet,fixed,123,121,421,84.00000333786011
EuroSAT,WIPT,0.0,123,121,421,82.66667127609253
EuroSAT,Support-only Transformer,0.0,123,121,421,80.0000011920929
EuroSAT,ProtoNet,fixed,123,122,422,89.3333375453949
EuroSAT,WIPT,0.0,123,122,422,86.66666746139526
EuroSAT,Support-only Transformer,0.0,123,122,422,86.66666746139526
EuroSAT,ProtoNet,fixed,123,123,423,92.00000166893005
EuroSAT,WIPT,0.0,123,123,423,89.3333375453949
EuroSAT,Support-only Transformer,0.0,123,123,423,81.33333325386047
EuroSAT,ProtoNet,fixed,123,124,424,84.00000333786011
EuroSAT,WIPT,0.0,123,124,424,82.66667127609253
EuroSAT,Support-only Transformer,0.0,123,124,424,81.33333325386047
EuroSAT,ProtoNet,fixed,123,125,425,82.66667127609253
EuroSAT,WIPT,0.0,123,125,425,77.33333706855774
EuroSAT,Support-only Transformer,0.0,123,125,425,80.0000011920929
EuroSAT,ProtoNet,fixed,123,126,426,85.33333539962769
EuroSAT,WIPT,0.0,123,126,426,84.00000333786011
EuroSAT,Support-only Transformer,0.0,123,126,426,84.00000333786011
EuroSAT,ProtoNet,fixed,123,127,427,85.33333539962769
EuroSAT,WIPT,0.0,123,127,427,86.66666746139526
EuroSAT,Support-only Transformer,0.0,123,127,427,82.66667127609253
EuroSAT,ProtoNet,fixed,123,128,428,92.00000166893005
EuroSAT,WIPT,0.0,123,128,428,87.99999952316284
EuroSAT,Support-only Transformer,0.0,123,128,428,89.3333375453949
EuroSAT,ProtoNet,fixed,123,129,429,77.33333706855774
EuroSAT,WIPT,0.0,123,129,429,74.6666669845581
EuroSAT,Support-only Transformer,0.0,123,129,429,74.6666669845581
EuroSAT,ProtoNet,fixed,123,130,430,92.00000166893005
EuroSAT,WIPT,0.0,123,130,430,86.66666746139526
EuroSAT,Support-only Transformer,0.0,123,130,430,84.00000333786011
EuroSAT,ProtoNet,fixed,123,131,431,82.66667127609253
EuroSAT,WIPT,0.0,123,131,431,85.33333539962769
EuroSAT,Support-only Transformer,0.0,123,131,431,75.99999904632568
EuroSAT,ProtoNet,fixed,123,132,432,75.99999904632568
EuroSAT,WIPT,0.0,123,132,432,77.33333706855774
EuroSAT,Support-only Transformer,0.0,123,132,432,78.66666913032532
EuroSAT,ProtoNet,fixed,123,133,433,74.6666669845581
EuroSAT,WIPT,0.0,123,133,433,77.33333706855774
EuroSAT,Support-only Transformer,0.0,123,133,433,75.99999904632568
EuroSAT,ProtoNet,fixed,123,134,434,78.66666913032532
EuroSAT,WIPT,0.0,123,134,434,78.66666913032532
EuroSAT,Support-only Transformer,0.0,123,134,434,75.99999904632568
EuroSAT,ProtoNet,fixed,123,135,435,84.00000333786011
EuroSAT,WIPT,0.0,123,135,435,81.33333325386047
EuroSAT,Support-only Transformer,0.0,123,135,435,84.00000333786011
EuroSAT,ProtoNet,fixed,123,136,436,96.00000381469727
EuroSAT,WIPT,0.0,123,136,436,96.00000381469727
EuroSAT,Support-only Transformer,0.0,123,136,436,97.33333587646484
EuroSAT,ProtoNet,fixed,123,137,437,90.66666960716248
EuroSAT,WIPT,0.0,123,137,437,90.66666960716248
EuroSAT,Support-only Transformer,0.0,123,137,437,82.66667127609253
EuroSAT,ProtoNet,fixed,123,138,438,75.99999904632568
EuroSAT,WIPT,0.0,123,138,438,78.66666913032532
EuroSAT,Support-only Transformer,0.0,123,138,438,72.00000286102295
EuroSAT,ProtoNet,fixed,123,139,439,80.0000011920929
EuroSAT,WIPT,0.0,123,139,439,84.00000333786011
EuroSAT,Support-only Transformer,0.0,123,139,439,86.66666746139526
EuroSAT,ProtoNet,fixed,123,140,440,81.33333325386047
EuroSAT,WIPT,0.0,123,140,440,87.99999952316284
EuroSAT,Support-only Transformer,0.0,123,140,440,85.33333539962769
EuroSAT,ProtoNet,fixed,123,141,441,77.33333706855774
EuroSAT,WIPT,0.0,123,141,441,77.33333706855774
EuroSAT,Support-only Transformer,0.0,123,141,441,72.00000286102295
EuroSAT,ProtoNet,fixed,123,142,442,81.33333325386047
EuroSAT,WIPT,0.0,123,142,442,77.33333706855774
EuroSAT,Support-only Transformer,0.0,123,142,442,78.66666913032532
EuroSAT,ProtoNet,fixed,123,143,443,82.66667127609253
EuroSAT,WIPT,0.0,123,143,443,78.66666913032532
EuroSAT,Support-only Transformer,0.0,123,143,443,78.66666913032532
EuroSAT,ProtoNet,fixed,123,144,444,85.33333539962769
EuroSAT,WIPT,0.0,123,144,444,85.33333539962769
EuroSAT,Support-only Transformer,0.0,123,144,444,82.66667127609253
EuroSAT,ProtoNet,fixed,123,145,445,82.66667127609253
EuroSAT,WIPT,0.0,123,145,445,82.66667127609253
EuroSAT,Support-only Transformer,0.0,123,145,445,82.66667127609253
EuroSAT,ProtoNet,fixed,123,146,446,80.0000011920929
EuroSAT,WIPT,0.0,123,146,446,78.66666913032532
EuroSAT,Support-only Transformer,0.0,123,146,446,77.33333706855774
EuroSAT,ProtoNet,fixed,123,147,447,74.6666669845581
EuroSAT,WIPT,0.0,123,147,447,68.00000071525574
EuroSAT,Support-only Transformer,0.0,123,147,447,66.66666865348816
EuroSAT,ProtoNet,fixed,123,148,448,75.99999904632568
EuroSAT,WIPT,0.0,123,148,448,77.33333706855774
EuroSAT,Support-only Transformer,0.0,123,148,448,73.33333492279053
EuroSAT,ProtoNet,fixed,123,149,449,78.66666913032532
EuroSAT,WIPT,0.0,123,149,449,78.66666913032532
EuroSAT,Support-only Transformer,0.0,123,149,449,77.33333706855774
EuroSAT,ProtoNet,fixed,123,150,450,84.00000333786011
EuroSAT,WIPT,0.0,123,150,450,82.66667127609253
EuroSAT,Support-only Transformer,0.0,123,150,450,80.0000011920929
EuroSAT,ProtoNet,fixed,123,151,451,82.66667127609253
EuroSAT,WIPT,0.0,123,151,451,85.33333539962769
EuroSAT,Support-only Transformer,0.0,123,151,451,86.66666746139526
EuroSAT,ProtoNet,fixed,123,152,452,80.0000011920929
EuroSAT,WIPT,0.0,123,152,452,81.33333325386047
EuroSAT,Support-only Transformer,0.0,123,152,452,72.00000286102295
EuroSAT,ProtoNet,fixed,123,153,453,87.99999952316284
EuroSAT,WIPT,0.0,123,153,453,85.33333539962769
EuroSAT,Support-only Transformer,0.0,123,153,453,75.99999904632568
EuroSAT,ProtoNet,fixed,123,154,454,90.66666960716248
EuroSAT,WIPT,0.0,123,154,454,89.3333375453949
EuroSAT,Support-only Transformer,0.0,123,154,454,85.33333539962769
EuroSAT,ProtoNet,fixed,123,155,455,70.66667079925537
EuroSAT,WIPT,0.0,123,155,455,66.66666865348816
EuroSAT,Support-only Transformer,0.0,123,155,455,65.33333659172058
EuroSAT,ProtoNet,fixed,123,156,456,80.0000011920929
EuroSAT,WIPT,0.0,123,156,456,75.99999904632568
EuroSAT,Support-only Transformer,0.0,123,156,456,77.33333706855774
EuroSAT,ProtoNet,fixed,123,157,457,87.99999952316284
EuroSAT,WIPT,0.0,123,157,457,85.33333539962769
EuroSAT,Support-only Transformer,0.0,123,157,457,85.33333539962769
EuroSAT,ProtoNet,fixed,123,158,458,73.33333492279053
EuroSAT,WIPT,0.0,123,158,458,74.6666669845581
EuroSAT,Support-only Transformer,0.0,123,158,458,72.00000286102295
EuroSAT,ProtoNet,fixed,123,159,459,84.00000333786011
EuroSAT,WIPT,0.0,123,159,459,84.00000333786011
EuroSAT,Support-only Transformer,0.0,123,159,459,82.66667127609253
EuroSAT,ProtoNet,fixed,123,160,460,77.33333706855774
EuroSAT,WIPT,0.0,123,160,460,75.99999904632568
EuroSAT,Support-only Transformer,0.0,123,160,460,74.6666669845581
EuroSAT,ProtoNet,fixed,123,161,461,80.0000011920929
EuroSAT,WIPT,0.0,123,161,461,80.0000011920929
EuroSAT,Support-only Transformer,0.0,123,161,461,78.66666913032532
EuroSAT,ProtoNet,fixed,123,162,462,84.00000333786011
EuroSAT,WIPT,0.0,123,162,462,81.33333325386047
EuroSAT,Support-only Transformer,0.0,123,162,462,73.33333492279053
EuroSAT,ProtoNet,fixed,123,163,463,78.66666913032532
EuroSAT,WIPT,0.0,123,163,463,75.99999904632568
EuroSAT,Support-only Transformer,0.0,123,163,463,77.33333706855774
EuroSAT,ProtoNet,fixed,123,164,464,93.33333373069763
EuroSAT,WIPT,0.0,123,164,464,87.99999952316284
EuroSAT,Support-only Transformer,0.0,123,164,464,82.66667127609253
EuroSAT,ProtoNet,fixed,123,165,465,89.3333375453949
EuroSAT,WIPT,0.0,123,165,465,87.99999952316284
EuroSAT,Support-only Transformer,0.0,123,165,465,82.66667127609253
EuroSAT,ProtoNet,fixed,123,166,466,84.00000333786011
EuroSAT,WIPT,0.0,123,166,466,81.33333325386047
EuroSAT,Support-only Transformer,0.0,123,166,466,74.6666669845581
EuroSAT,ProtoNet,fixed,123,167,467,81.33333325386047
EuroSAT,WIPT,0.0,123,167,467,84.00000333786011
EuroSAT,Support-only Transformer,0.0,123,167,467,81.33333325386047
EuroSAT,ProtoNet,fixed,123,168,468,75.99999904632568
EuroSAT,WIPT,0.0,123,168,468,72.00000286102295
EuroSAT,Support-only Transformer,0.0,123,168,468,72.00000286102295
EuroSAT,ProtoNet,fixed,123,169,469,70.66667079925537
EuroSAT,WIPT,0.0,123,169,469,70.66667079925537
EuroSAT,Support-only Transformer,0.0,123,169,469,68.00000071525574
EuroSAT,ProtoNet,fixed,123,170,470,84.00000333786011
EuroSAT,WIPT,0.0,123,170,470,80.0000011920929
EuroSAT,Support-only Transformer,0.0,123,170,470,81.33333325386047
EuroSAT,ProtoNet,fixed,123,171,471,78.66666913032532
EuroSAT,WIPT,0.0,123,171,471,75.99999904632568
EuroSAT,Support-only Transformer,0.0,123,171,471,80.0000011920929
EuroSAT,ProtoNet,fixed,123,172,472,86.66666746139526
EuroSAT,WIPT,0.0,123,172,472,82.66667127609253
EuroSAT,Support-only Transformer,0.0,123,172,472,85.33333539962769
EuroSAT,ProtoNet,fixed,123,173,473,74.6666669845581
EuroSAT,WIPT,0.0,123,173,473,69.33333277702332
EuroSAT,Support-only Transformer,0.0,123,173,473,68.00000071525574
EuroSAT,ProtoNet,fixed,123,174,474,80.0000011920929
EuroSAT,WIPT,0.0,123,174,474,78.66666913032532
EuroSAT,Support-only Transformer,0.0,123,174,474,77.33333706855774
EuroSAT,ProtoNet,fixed,123,175,475,81.33333325386047
EuroSAT,WIPT,0.0,123,175,475,84.00000333786011
EuroSAT,Support-only Transformer,0.0,123,175,475,86.66666746139526
EuroSAT,ProtoNet,fixed,123,176,476,82.66667127609253
EuroSAT,WIPT,0.0,123,176,476,81.33333325386047
EuroSAT,Support-only Transformer,0.0,123,176,476,82.66667127609253
EuroSAT,ProtoNet,fixed,123,177,477,89.3333375453949
EuroSAT,WIPT,0.0,123,177,477,85.33333539962769
EuroSAT,Support-only Transformer,0.0,123,177,477,81.33333325386047
EuroSAT,ProtoNet,fixed,123,178,478,80.0000011920929
EuroSAT,WIPT,0.0,123,178,478,75.99999904632568
EuroSAT,Support-only Transformer,0.0,123,178,478,81.33333325386047
EuroSAT,ProtoNet,fixed,123,179,479,81.33333325386047
EuroSAT,WIPT,0.0,123,179,479,85.33333539962769
EuroSAT,Support-only Transformer,0.0,123,179,479,85.33333539962769
EuroSAT,ProtoNet,fixed,123,180,480,90.66666960716248
EuroSAT,WIPT,0.0,123,180,480,90.66666960716248
EuroSAT,Support-only Transformer,0.0,123,180,480,92.00000166893005
EuroSAT,ProtoNet,fixed,123,181,481,87.99999952316284
EuroSAT,WIPT,0.0,123,181,481,87.99999952316284
EuroSAT,Support-only Transformer,0.0,123,181,481,90.66666960716248
EuroSAT,ProtoNet,fixed,123,182,482,78.66666913032532
EuroSAT,WIPT,0.0,123,182,482,74.6666669845581
EuroSAT,Support-only Transformer,0.0,123,182,482,72.00000286102295
EuroSAT,ProtoNet,fixed,123,183,483,86.66666746139526
EuroSAT,WIPT,0.0,123,183,483,86.66666746139526
EuroSAT,Support-only Transformer,0.0,123,183,483,86.66666746139526
EuroSAT,ProtoNet,fixed,123,184,484,86.66666746139526
EuroSAT,WIPT,0.0,123,184,484,89.3333375453949
EuroSAT,Support-only Transformer,0.0,123,184,484,87.99999952316284
EuroSAT,ProtoNet,fixed,123,185,485,86.66666746139526
EuroSAT,WIPT,0.0,123,185,485,82.66667127609253
EuroSAT,Support-only Transformer,0.0,123,185,485,82.66667127609253
EuroSAT,ProtoNet,fixed,123,186,486,86.66666746139526
EuroSAT,WIPT,0.0,123,186,486,85.33333539962769
EuroSAT,Support-only Transformer,0.0,123,186,486,82.66667127609253
EuroSAT,ProtoNet,fixed,123,187,487,78.66666913032532
EuroSAT,WIPT,0.0,123,187,487,80.0000011920929
EuroSAT,Support-only Transformer,0.0,123,187,487,78.66666913032532
EuroSAT,ProtoNet,fixed,123,188,488,73.33333492279053
EuroSAT,WIPT,0.0,123,188,488,73.33333492279053
EuroSAT,Support-only Transformer,0.0,123,188,488,74.6666669845581
EuroSAT,ProtoNet,fixed,123,189,489,80.0000011920929
EuroSAT,WIPT,0.0,123,189,489,80.0000011920929
EuroSAT,Support-only Transformer,0.0,123,189,489,80.0000011920929
EuroSAT,ProtoNet,fixed,123,190,490,85.33333539962769
EuroSAT,WIPT,0.0,123,190,490,86.66666746139526
EuroSAT,Support-only Transformer,0.0,123,190,490,84.00000333786011
EuroSAT,ProtoNet,fixed,123,191,491,84.00000333786011
EuroSAT,WIPT,0.0,123,191,491,87.99999952316284
EuroSAT,Support-only Transformer,0.0,123,191,491,85.33333539962769
EuroSAT,ProtoNet,fixed,123,192,492,89.3333375453949
EuroSAT,WIPT,0.0,123,192,492,92.00000166893005
EuroSAT,Support-only Transformer,0.0,123,192,492,90.66666960716248
EuroSAT,ProtoNet,fixed,123,193,493,82.66667127609253
EuroSAT,WIPT,0.0,123,193,493,81.33333325386047
EuroSAT,Support-only Transformer,0.0,123,193,493,74.6666669845581
EuroSAT,ProtoNet,fixed,123,194,494,84.00000333786011
EuroSAT,WIPT,0.0,123,194,494,78.66666913032532
EuroSAT,Support-only Transformer,0.0,123,194,494,80.0000011920929
EuroSAT,ProtoNet,fixed,123,195,495,89.3333375453949
EuroSAT,WIPT,0.0,123,195,495,85.33333539962769
EuroSAT,Support-only Transformer,0.0,123,195,495,85.33333539962769
EuroSAT,ProtoNet,fixed,123,196,496,90.66666960716248
EuroSAT,WIPT,0.0,123,196,496,90.66666960716248
EuroSAT,Support-only Transformer,0.0,123,196,496,92.00000166893005
EuroSAT,ProtoNet,fixed,123,197,497,82.66667127609253
EuroSAT,WIPT,0.0,123,197,497,80.0000011920929
EuroSAT,Support-only Transformer,0.0,123,197,497,75.99999904632568
EuroSAT,ProtoNet,fixed,123,198,498,85.33333539962769
EuroSAT,WIPT,0.0,123,198,498,85.33333539962769
EuroSAT,Support-only Transformer,0.0,123,198,498,85.33333539962769
EuroSAT,ProtoNet,fixed,123,199,499,84.00000333786011
EuroSAT,WIPT,0.0,123,199,499,82.66667127609253
EuroSAT,Support-only Transformer,0.0,123,199,499,82.66667127609253
EuroSAT,ProtoNet,fixed,123,200,500,82.66667127609253
EuroSAT,WIPT,0.0,123,200,500,78.66666913032532
EuroSAT,Support-only Transformer,0.0,123,200,500,74.6666669845581
EuroSAT,ProtoNet,fixed,123,201,501,84.00000333786011
EuroSAT,WIPT,0.0,123,201,501,80.0000011920929
EuroSAT,Support-only Transformer,0.0,123,201,501,75.99999904632568
EuroSAT,ProtoNet,fixed,123,202,502,82.66667127609253
EuroSAT,WIPT,0.0,123,202,502,78.66666913032532
EuroSAT,Support-only Transformer,0.0,123,202,502,78.66666913032532
EuroSAT,ProtoNet,fixed,123,203,503,87.99999952316284
EuroSAT,WIPT,0.0,123,203,503,85.33333539962769
EuroSAT,Support-only Transformer,0.0,123,203,503,81.33333325386047
EuroSAT,ProtoNet,fixed,123,204,504,89.3333375453949
EuroSAT,WIPT,0.0,123,204,504,85.33333539962769
EuroSAT,Support-only Transformer,0.0,123,204,504,84.00000333786011
EuroSAT,ProtoNet,fixed,123,205,505,81.33333325386047
EuroSAT,WIPT,0.0,123,205,505,73.33333492279053
EuroSAT,Support-only Transformer,0.0,123,205,505,73.33333492279053
EuroSAT,ProtoNet,fixed,123,206,506,78.66666913032532
EuroSAT,WIPT,0.0,123,206,506,74.6666669845581
EuroSAT,Support-only Transformer,0.0,123,206,506,74.6666669845581
EuroSAT,ProtoNet,fixed,123,207,507,81.33333325386047
EuroSAT,WIPT,0.0,123,207,507,81.33333325386047
EuroSAT,Support-only Transformer,0.0,123,207,507,85.33333539962769
EuroSAT,ProtoNet,fixed,123,208,508,87.99999952316284
EuroSAT,WIPT,0.0,123,208,508,87.99999952316284
EuroSAT,Support-only Transformer,0.0,123,208,508,85.33333539962769
EuroSAT,ProtoNet,fixed,123,209,509,85.33333539962769
EuroSAT,WIPT,0.0,123,209,509,82.66667127609253
EuroSAT,Support-only Transformer,0.0,123,209,509,82.66667127609253
EuroSAT,ProtoNet,fixed,123,210,510,80.0000011920929
EuroSAT,WIPT,0.0,123,210,510,82.66667127609253
EuroSAT,Support-only Transformer,0.0,123,210,510,80.0000011920929
EuroSAT,ProtoNet,fixed,123,211,511,93.33333373069763
EuroSAT,WIPT,0.0,123,211,511,87.99999952316284
EuroSAT,Support-only Transformer,0.0,123,211,511,90.66666960716248
EuroSAT,ProtoNet,fixed,123,212,512,87.99999952316284
EuroSAT,WIPT,0.0,123,212,512,82.66667127609253
EuroSAT,Support-only Transformer,0.0,123,212,512,89.3333375453949
EuroSAT,ProtoNet,fixed,123,213,513,87.99999952316284
EuroSAT,WIPT,0.0,123,213,513,86.66666746139526
EuroSAT,Support-only Transformer,0.0,123,213,513,86.66666746139526
EuroSAT,ProtoNet,fixed,123,214,514,94.66667175292969
EuroSAT,WIPT,0.0,123,214,514,90.66666960716248
EuroSAT,Support-only Transformer,0.0,123,214,514,85.33333539962769
EuroSAT,ProtoNet,fixed,123,215,515,80.0000011920929
EuroSAT,WIPT,0.0,123,215,515,75.99999904632568
EuroSAT,Support-only Transformer,0.0,123,215,515,74.6666669845581
EuroSAT,ProtoNet,fixed,123,216,516,84.00000333786011
EuroSAT,WIPT,0.0,123,216,516,82.66667127609253
EuroSAT,Support-only Transformer,0.0,123,216,516,78.66666913032532
EuroSAT,ProtoNet,fixed,123,217,517,73.33333492279053
EuroSAT,WIPT,0.0,123,217,517,74.6666669845581
EuroSAT,Support-only Transformer,0.0,123,217,517,77.33333706855774
EuroSAT,ProtoNet,fixed,123,218,518,82.66667127609253
EuroSAT,WIPT,0.0,123,218,518,82.66667127609253
EuroSAT,Support-only Transformer,0.0,123,218,518,82.66667127609253
EuroSAT,ProtoNet,fixed,123,219,519,87.99999952316284
EuroSAT,WIPT,0.0,123,219,519,90.66666960716248
EuroSAT,Support-only Transformer,0.0,123,219,519,86.66666746139526
EuroSAT,ProtoNet,fixed,123,220,520,81.33333325386047
EuroSAT,WIPT,0.0,123,220,520,78.66666913032532
EuroSAT,Support-only Transformer,0.0,123,220,520,78.66666913032532
EuroSAT,ProtoNet,fixed,123,221,521,74.6666669845581
EuroSAT,WIPT,0.0,123,221,521,77.33333706855774
EuroSAT,Support-only Transformer,0.0,123,221,521,72.00000286102295
EuroSAT,ProtoNet,fixed,123,222,522,77.33333706855774
EuroSAT,WIPT,0.0,123,222,522,77.33333706855774
EuroSAT,Support-only Transformer,0.0,123,222,522,80.0000011920929
EuroSAT,ProtoNet,fixed,123,223,523,89.3333375453949
EuroSAT,WIPT,0.0,123,223,523,87.99999952316284
EuroSAT,Support-only Transformer,0.0,123,223,523,86.66666746139526
EuroSAT,ProtoNet,fixed,123,224,524,75.99999904632568
EuroSAT,WIPT,0.0,123,224,524,77.33333706855774
EuroSAT,Support-only Transformer,0.0,123,224,524,68.00000071525574
EuroSAT,ProtoNet,fixed,123,225,525,85.33333539962769
EuroSAT,WIPT,0.0,123,225,525,85.33333539962769
EuroSAT,Support-only Transformer,0.0,123,225,525,85.33333539962769
EuroSAT,ProtoNet,fixed,123,226,526,96.00000381469727
EuroSAT,WIPT,0.0,123,226,526,96.00000381469727
EuroSAT,Support-only Transformer,0.0,123,226,526,94.66667175292969
EuroSAT,ProtoNet,fixed,123,227,527,85.33333539962769
EuroSAT,WIPT,0.0,123,227,527,86.66666746139526
EuroSAT,Support-only Transformer,0.0,123,227,527,81.33333325386047
EuroSAT,ProtoNet,fixed,123,228,528,73.33333492279053
EuroSAT,WIPT,0.0,123,228,528,75.99999904632568
EuroSAT,Support-only Transformer,0.0,123,228,528,82.66667127609253
EuroSAT,ProtoNet,fixed,123,229,529,85.33333539962769
EuroSAT,WIPT,0.0,123,229,529,78.66666913032532
EuroSAT,Support-only Transformer,0.0,123,229,529,75.99999904632568
EuroSAT,ProtoNet,fixed,123,230,530,81.33333325386047
EuroSAT,WIPT,0.0,123,230,530,81.33333325386047
EuroSAT,Support-only Transformer,0.0,123,230,530,75.99999904632568
EuroSAT,ProtoNet,fixed,123,231,531,80.0000011920929
EuroSAT,WIPT,0.0,123,231,531,77.33333706855774
EuroSAT,Support-only Transformer,0.0,123,231,531,75.99999904632568
EuroSAT,ProtoNet,fixed,123,232,532,82.66667127609253
EuroSAT,WIPT,0.0,123,232,532,80.0000011920929
EuroSAT,Support-only Transformer,0.0,123,232,532,78.66666913032532
EuroSAT,ProtoNet,fixed,123,233,533,87.99999952316284
EuroSAT,WIPT,0.0,123,233,533,90.66666960716248
EuroSAT,Support-only Transformer,0.0,123,233,533,85.33333539962769
EuroSAT,ProtoNet,fixed,123,234,534,92.00000166893005
EuroSAT,WIPT,0.0,123,234,534,90.66666960716248
EuroSAT,Support-only Transformer,0.0,123,234,534,87.99999952316284
EuroSAT,ProtoNet,fixed,123,235,535,92.00000166893005
EuroSAT,WIPT,0.0,123,235,535,90.66666960716248
EuroSAT,Support-only Transformer,0.0,123,235,535,92.00000166893005
EuroSAT,ProtoNet,fixed,123,236,536,80.0000011920929
EuroSAT,WIPT,0.0,123,236,536,75.99999904632568
EuroSAT,Support-only Transformer,0.0,123,236,536,74.6666669845581
EuroSAT,ProtoNet,fixed,123,237,537,77.33333706855774
EuroSAT,WIPT,0.0,123,237,537,77.33333706855774
EuroSAT,Support-only Transformer,0.0,123,237,537,70.66667079925537
EuroSAT,ProtoNet,fixed,123,238,538,86.66666746139526
EuroSAT,WIPT,0.0,123,238,538,85.33333539962769
EuroSAT,Support-only Transformer,0.0,123,238,538,78.66666913032532
EuroSAT,ProtoNet,fixed,123,239,539,69.33333277702332
EuroSAT,WIPT,0.0,123,239,539,72.00000286102295
EuroSAT,Support-only Transformer,0.0,123,239,539,73.33333492279053
EuroSAT,ProtoNet,fixed,123,240,540,82.66667127609253
EuroSAT,WIPT,0.0,123,240,540,81.33333325386047
EuroSAT,Support-only Transformer,0.0,123,240,540,82.66667127609253
EuroSAT,ProtoNet,fixed,123,241,541,92.00000166893005
EuroSAT,WIPT,0.0,123,241,541,90.66666960716248
EuroSAT,Support-only Transformer,0.0,123,241,541,92.00000166893005
EuroSAT,ProtoNet,fixed,123,242,542,97.33333587646484
EuroSAT,WIPT,0.0,123,242,542,92.00000166893005
EuroSAT,Support-only Transformer,0.0,123,242,542,89.3333375453949
EuroSAT,ProtoNet,fixed,123,243,543,90.66666960716248
EuroSAT,WIPT,0.0,123,243,543,92.00000166893005
EuroSAT,Support-only Transformer,0.0,123,243,543,89.3333375453949
EuroSAT,ProtoNet,fixed,123,244,544,77.33333706855774
EuroSAT,WIPT,0.0,123,244,544,77.33333706855774
EuroSAT,Support-only Transformer,0.0,123,244,544,78.66666913032532
EuroSAT,ProtoNet,fixed,123,245,545,93.33333373069763
EuroSAT,WIPT,0.0,123,245,545,92.00000166893005
EuroSAT,Support-only Transformer,0.0,123,245,545,93.33333373069763
EuroSAT,ProtoNet,fixed,123,246,546,89.3333375453949
EuroSAT,WIPT,0.0,123,246,546,86.66666746139526
EuroSAT,Support-only Transformer,0.0,123,246,546,85.33333539962769
EuroSAT,ProtoNet,fixed,123,247,547,85.33333539962769
EuroSAT,WIPT,0.0,123,247,547,81.33333325386047
EuroSAT,Support-only Transformer,0.0,123,247,547,80.0000011920929
EuroSAT,ProtoNet,fixed,123,248,548,75.99999904632568
EuroSAT,WIPT,0.0,123,248,548,75.99999904632568
EuroSAT,Support-only Transformer,0.0,123,248,548,75.99999904632568
EuroSAT,ProtoNet,fixed,123,249,549,78.66666913032532
EuroSAT,WIPT,0.0,123,249,549,78.66666913032532
EuroSAT,Support-only Transformer,0.0,123,249,549,77.33333706855774
EuroSAT,ProtoNet,fixed,123,250,550,93.33333373069763
EuroSAT,WIPT,0.0,123,250,550,93.33333373069763
EuroSAT,Support-only Transformer,0.0,123,250,550,93.33333373069763
EuroSAT,ProtoNet,fixed,123,251,551,78.66666913032532
EuroSAT,WIPT,0.0,123,251,551,75.99999904632568
EuroSAT,Support-only Transformer,0.0,123,251,551,78.66666913032532
EuroSAT,ProtoNet,fixed,123,252,552,90.66666960716248
EuroSAT,WIPT,0.0,123,252,552,90.66666960716248
EuroSAT,Support-only Transformer,0.0,123,252,552,92.00000166893005
EuroSAT,ProtoNet,fixed,123,253,553,85.33333539962769
EuroSAT,WIPT,0.0,123,253,553,86.66666746139526
EuroSAT,Support-only Transformer,0.0,123,253,553,81.33333325386047
EuroSAT,ProtoNet,fixed,123,254,554,85.33333539962769
EuroSAT,WIPT,0.0,123,254,554,84.00000333786011
EuroSAT,Support-only Transformer,0.0,123,254,554,80.0000011920929
EuroSAT,ProtoNet,fixed,123,255,555,90.66666960716248
EuroSAT,WIPT,0.0,123,255,555,85.33333539962769
EuroSAT,Support-only Transformer,0.0,123,255,555,82.66667127609253
EuroSAT,ProtoNet,fixed,123,256,556,82.66667127609253
EuroSAT,WIPT,0.0,123,256,556,84.00000333786011
EuroSAT,Support-only Transformer,0.0,123,256,556,82.66667127609253
EuroSAT,ProtoNet,fixed,123,257,557,85.33333539962769
EuroSAT,WIPT,0.0,123,257,557,86.66666746139526
EuroSAT,Support-only Transformer,0.0,123,257,557,87.99999952316284
EuroSAT,ProtoNet,fixed,123,258,558,78.66666913032532
EuroSAT,WIPT,0.0,123,258,558,78.66666913032532
EuroSAT,Support-only Transformer,0.0,123,258,558,84.00000333786011
EuroSAT,ProtoNet,fixed,123,259,559,85.33333539962769
EuroSAT,WIPT,0.0,123,259,559,81.33333325386047
EuroSAT,Support-only Transformer,0.0,123,259,559,77.33333706855774
EuroSAT,ProtoNet,fixed,123,260,560,87.99999952316284
EuroSAT,WIPT,0.0,123,260,560,84.00000333786011
EuroSAT,Support-only Transformer,0.0,123,260,560,84.00000333786011
EuroSAT,ProtoNet,fixed,123,261,561,72.00000286102295
EuroSAT,WIPT,0.0,123,261,561,75.99999904632568
EuroSAT,Support-only Transformer,0.0,123,261,561,70.66667079925537
EuroSAT,ProtoNet,fixed,123,262,562,90.66666960716248
EuroSAT,WIPT,0.0,123,262,562,92.00000166893005
EuroSAT,Support-only Transformer,0.0,123,262,562,93.33333373069763
EuroSAT,ProtoNet,fixed,123,263,563,86.66666746139526
EuroSAT,WIPT,0.0,123,263,563,85.33333539962769
EuroSAT,Support-only Transformer,0.0,123,263,563,80.0000011920929
EuroSAT,ProtoNet,fixed,123,264,564,82.66667127609253
EuroSAT,WIPT,0.0,123,264,564,82.66667127609253
EuroSAT,Support-only Transformer,0.0,123,264,564,77.33333706855774
EuroSAT,ProtoNet,fixed,123,265,565,81.33333325386047
EuroSAT,WIPT,0.0,123,265,565,81.33333325386047
EuroSAT,Support-only Transformer,0.0,123,265,565,74.6666669845581
EuroSAT,ProtoNet,fixed,123,266,566,86.66666746139526
EuroSAT,WIPT,0.0,123,266,566,84.00000333786011
EuroSAT,Support-only Transformer,0.0,123,266,566,78.66666913032532
EuroSAT,ProtoNet,fixed,123,267,567,77.33333706855774
EuroSAT,WIPT,0.0,123,267,567,75.99999904632568
EuroSAT,Support-only Transformer,0.0,123,267,567,72.00000286102295
EuroSAT,ProtoNet,fixed,123,268,568,85.33333539962769
EuroSAT,WIPT,0.0,123,268,568,84.00000333786011
EuroSAT,Support-only Transformer,0.0,123,268,568,81.33333325386047
EuroSAT,ProtoNet,fixed,123,269,569,80.0000011920929
EuroSAT,WIPT,0.0,123,269,569,77.33333706855774
EuroSAT,Support-only Transformer,0.0,123,269,569,77.33333706855774
EuroSAT,ProtoNet,fixed,123,270,570,87.99999952316284
EuroSAT,WIPT,0.0,123,270,570,89.3333375453949
EuroSAT,Support-only Transformer,0.0,123,270,570,85.33333539962769
EuroSAT,ProtoNet,fixed,123,271,571,82.66667127609253
EuroSAT,WIPT,0.0,123,271,571,80.0000011920929
EuroSAT,Support-only Transformer,0.0,123,271,571,85.33333539962769
EuroSAT,ProtoNet,fixed,123,272,572,82.66667127609253
EuroSAT,WIPT,0.0,123,272,572,78.66666913032532
EuroSAT,Support-only Transformer,0.0,123,272,572,80.0000011920929
EuroSAT,ProtoNet,fixed,123,273,573,77.33333706855774
EuroSAT,WIPT,0.0,123,273,573,82.66667127609253
EuroSAT,Support-only Transformer,0.0,123,273,573,84.00000333786011
EuroSAT,ProtoNet,fixed,123,274,574,75.99999904632568
EuroSAT,WIPT,0.0,123,274,574,74.6666669845581
EuroSAT,Support-only Transformer,0.0,123,274,574,73.33333492279053
EuroSAT,ProtoNet,fixed,123,275,575,84.00000333786011
EuroSAT,WIPT,0.0,123,275,575,85.33333539962769
EuroSAT,Support-only Transformer,0.0,123,275,575,86.66666746139526
EuroSAT,ProtoNet,fixed,123,276,576,82.66667127609253
EuroSAT,WIPT,0.0,123,276,576,82.66667127609253
EuroSAT,Support-only Transformer,0.0,123,276,576,82.66667127609253
EuroSAT,ProtoNet,fixed,123,277,577,96.00000381469727
EuroSAT,WIPT,0.0,123,277,577,93.33333373069763
EuroSAT,Support-only Transformer,0.0,123,277,577,89.3333375453949
EuroSAT,ProtoNet,fixed,123,278,578,80.0000011920929
EuroSAT,WIPT,0.0,123,278,578,81.33333325386047
EuroSAT,Support-only Transformer,0.0,123,278,578,80.0000011920929
EuroSAT,ProtoNet,fixed,123,279,579,84.00000333786011
EuroSAT,WIPT,0.0,123,279,579,82.66667127609253
EuroSAT,Support-only Transformer,0.0,123,279,579,75.99999904632568
EuroSAT,ProtoNet,fixed,123,280,580,77.33333706855774
EuroSAT,WIPT,0.0,123,280,580,77.33333706855774
EuroSAT,Support-only Transformer,0.0,123,280,580,74.6666669845581
EuroSAT,ProtoNet,fixed,123,281,581,84.00000333786011
EuroSAT,WIPT,0.0,123,281,581,81.33333325386047
EuroSAT,Support-only Transformer,0.0,123,281,581,82.66667127609253
EuroSAT,ProtoNet,fixed,123,282,582,89.3333375453949
EuroSAT,WIPT,0.0,123,282,582,89.3333375453949
EuroSAT,Support-only Transformer,0.0,123,282,582,84.00000333786011
EuroSAT,ProtoNet,fixed,123,283,583,87.99999952316284
EuroSAT,WIPT,0.0,123,283,583,90.66666960716248
EuroSAT,Support-only Transformer,0.0,123,283,583,90.66666960716248
EuroSAT,ProtoNet,fixed,123,284,584,86.66666746139526
EuroSAT,WIPT,0.0,123,284,584,86.66666746139526
EuroSAT,Support-only Transformer,0.0,123,284,584,84.00000333786011
EuroSAT,ProtoNet,fixed,123,285,585,85.33333539962769
EuroSAT,WIPT,0.0,123,285,585,87.99999952316284
EuroSAT,Support-only Transformer,0.0,123,285,585,87.99999952316284
EuroSAT,ProtoNet,fixed,123,286,586,89.3333375453949
EuroSAT,WIPT,0.0,123,286,586,87.99999952316284
EuroSAT,Support-only Transformer,0.0,123,286,586,85.33333539962769
EuroSAT,ProtoNet,fixed,123,287,587,78.66666913032532
EuroSAT,WIPT,0.0,123,287,587,73.33333492279053
EuroSAT,Support-only Transformer,0.0,123,287,587,73.33333492279053
EuroSAT,ProtoNet,fixed,123,288,588,89.3333375453949
EuroSAT,WIPT,0.0,123,288,588,85.33333539962769
EuroSAT,Support-only Transformer,0.0,123,288,588,86.66666746139526
EuroSAT,ProtoNet,fixed,123,289,589,84.00000333786011
EuroSAT,WIPT,0.0,123,289,589,82.66667127609253
EuroSAT,Support-only Transformer,0.0,123,289,589,81.33333325386047
EuroSAT,ProtoNet,fixed,123,290,590,85.33333539962769
EuroSAT,WIPT,0.0,123,290,590,86.66666746139526
EuroSAT,Support-only Transformer,0.0,123,290,590,86.66666746139526
EuroSAT,ProtoNet,fixed,123,291,591,82.66667127609253
EuroSAT,WIPT,0.0,123,291,591,84.00000333786011
EuroSAT,Support-only Transformer,0.0,123,291,591,85.33333539962769
EuroSAT,ProtoNet,fixed,123,292,592,80.0000011920929
EuroSAT,WIPT,0.0,123,292,592,73.33333492279053
EuroSAT,Support-only Transformer,0.0,123,292,592,69.33333277702332
EuroSAT,ProtoNet,fixed,123,293,593,73.33333492279053
EuroSAT,WIPT,0.0,123,293,593,74.6666669845581
EuroSAT,Support-only Transformer,0.0,123,293,593,75.99999904632568
EuroSAT,ProtoNet,fixed,123,294,594,81.33333325386047
EuroSAT,WIPT,0.0,123,294,594,78.66666913032532
EuroSAT,Support-only Transformer,0.0,123,294,594,77.33333706855774
EuroSAT,ProtoNet,fixed,123,295,595,90.66666960716248
EuroSAT,WIPT,0.0,123,295,595,85.33333539962769
EuroSAT,Support-only Transformer,0.0,123,295,595,89.3333375453949
EuroSAT,ProtoNet,fixed,123,296,596,82.66667127609253
EuroSAT,WIPT,0.0,123,296,596,82.66667127609253
EuroSAT,Support-only Transformer,0.0,123,296,596,74.6666669845581
EuroSAT,ProtoNet,fixed,123,297,597,75.99999904632568
EuroSAT,WIPT,0.0,123,297,597,77.33333706855774
EuroSAT,Support-only Transformer,0.0,123,297,597,78.66666913032532
EuroSAT,ProtoNet,fixed,123,298,598,70.66667079925537
EuroSAT,WIPT,0.0,123,298,598,72.00000286102295
EuroSAT,Support-only Transformer,0.0,123,298,598,73.33333492279053
EuroSAT,ProtoNet,fixed,123,299,599,81.33333325386047
EuroSAT,WIPT,0.0,123,299,599,81.33333325386047
EuroSAT,Support-only Transformer,0.0,123,299,599,82.66667127609253
EuroSAT,ProtoNet,fixed,2024,0,600,87.99999952316284
EuroSAT,WIPT,0.0,2024,0,600,86.66666746139526
EuroSAT,Support-only Transformer,0.0,2024,0,600,89.3333375453949
EuroSAT,ProtoNet,fixed,2024,1,601,90.66666960716248
EuroSAT,WIPT,0.0,2024,1,601,90.66666960716248
EuroSAT,Support-only Transformer,0.0,2024,1,601,87.99999952316284
EuroSAT,ProtoNet,fixed,2024,2,602,63.999998569488525
EuroSAT,WIPT,0.0,2024,2,602,61.33333444595337
EuroSAT,Support-only Transformer,0.0,2024,2,602,57.33333230018616
EuroSAT,ProtoNet,fixed,2024,3,603,75.99999904632568
EuroSAT,WIPT,0.0,2024,3,603,75.99999904632568
EuroSAT,Support-only Transformer,0.0,2024,3,603,66.66666865348816
EuroSAT,ProtoNet,fixed,2024,4,604,89.3333375453949
EuroSAT,WIPT,0.0,2024,4,604,89.3333375453949
EuroSAT,Support-only Transformer,0.0,2024,4,604,92.00000166893005
EuroSAT,ProtoNet,fixed,2024,5,605,89.3333375453949
EuroSAT,WIPT,0.0,2024,5,605,84.00000333786011
EuroSAT,Support-only Transformer,0.0,2024,5,605,86.66666746139526
EuroSAT,ProtoNet,fixed,2024,6,606,92.00000166893005
EuroSAT,WIPT,0.0,2024,6,606,86.66666746139526
EuroSAT,Support-only Transformer,0.0,2024,6,606,80.0000011920929
EuroSAT,ProtoNet,fixed,2024,7,607,82.66667127609253
EuroSAT,WIPT,0.0,2024,7,607,82.66667127609253
EuroSAT,Support-only Transformer,0.0,2024,7,607,81.33333325386047
EuroSAT,ProtoNet,fixed,2024,8,608,93.33333373069763
EuroSAT,WIPT,0.0,2024,8,608,90.66666960716248
EuroSAT,Support-only Transformer,0.0,2024,8,608,89.3333375453949
EuroSAT,ProtoNet,fixed,2024,9,609,90.66666960716248
EuroSAT,WIPT,0.0,2024,9,609,86.66666746139526
EuroSAT,Support-only Transformer,0.0,2024,9,609,86.66666746139526
EuroSAT,ProtoNet,fixed,2024,10,610,78.66666913032532
EuroSAT,WIPT,0.0,2024,10,610,80.0000011920929
EuroSAT,Support-only Transformer,0.0,2024,10,610,80.0000011920929
EuroSAT,ProtoNet,fixed,2024,11,611,87.99999952316284
EuroSAT,WIPT,0.0,2024,11,611,90.66666960716248
EuroSAT,Support-only Transformer,0.0,2024,11,611,89.3333375453949
EuroSAT,ProtoNet,fixed,2024,12,612,87.99999952316284
EuroSAT,WIPT,0.0,2024,12,612,89.3333375453949
EuroSAT,Support-only Transformer,0.0,2024,12,612,81.33333325386047
EuroSAT,ProtoNet,fixed,2024,13,613,73.33333492279053
EuroSAT,WIPT,0.0,2024,13,613,69.33333277702332
EuroSAT,Support-only Transformer,0.0,2024,13,613,65.33333659172058
EuroSAT,ProtoNet,fixed,2024,14,614,85.33333539962769
EuroSAT,WIPT,0.0,2024,14,614,85.33333539962769
EuroSAT,Support-only Transformer,0.0,2024,14,614,84.00000333786011
EuroSAT,ProtoNet,fixed,2024,15,615,69.33333277702332
EuroSAT,WIPT,0.0,2024,15,615,77.33333706855774
EuroSAT,Support-only Transformer,0.0,2024,15,615,73.33333492279053
EuroSAT,ProtoNet,fixed,2024,16,616,75.99999904632568
EuroSAT,WIPT,0.0,2024,16,616,77.33333706855774
EuroSAT,Support-only Transformer,0.0,2024,16,616,75.99999904632568
EuroSAT,ProtoNet,fixed,2024,17,617,86.66666746139526
EuroSAT,WIPT,0.0,2024,17,617,87.99999952316284
EuroSAT,Support-only Transformer,0.0,2024,17,617,90.66666960716248
EuroSAT,ProtoNet,fixed,2024,18,618,80.0000011920929
EuroSAT,WIPT,0.0,2024,18,618,81.33333325386047
EuroSAT,Support-only Transformer,0.0,2024,18,618,80.0000011920929
EuroSAT,ProtoNet,fixed,2024,19,619,84.00000333786011
EuroSAT,WIPT,0.0,2024,19,619,80.0000011920929
EuroSAT,Support-only Transformer,0.0,2024,19,619,78.66666913032532
EuroSAT,ProtoNet,fixed,2024,20,620,80.0000011920929
EuroSAT,WIPT,0.0,2024,20,620,80.0000011920929
EuroSAT,Support-only Transformer,0.0,2024,20,620,81.33333325386047
EuroSAT,ProtoNet,fixed,2024,21,621,74.6666669845581
EuroSAT,WIPT,0.0,2024,21,621,75.99999904632568
EuroSAT,Support-only Transformer,0.0,2024,21,621,78.66666913032532
EuroSAT,ProtoNet,fixed,2024,22,622,74.6666669845581
EuroSAT,WIPT,0.0,2024,22,622,77.33333706855774
EuroSAT,Support-only Transformer,0.0,2024,22,622,80.0000011920929
EuroSAT,ProtoNet,fixed,2024,23,623,92.00000166893005
EuroSAT,WIPT,0.0,2024,23,623,90.66666960716248
EuroSAT,Support-only Transformer,0.0,2024,23,623,90.66666960716248
EuroSAT,ProtoNet,fixed,2024,24,624,73.33333492279053
EuroSAT,WIPT,0.0,2024,24,624,75.99999904632568
EuroSAT,Support-only Transformer,0.0,2024,24,624,75.99999904632568
EuroSAT,ProtoNet,fixed,2024,25,625,82.66667127609253
EuroSAT,WIPT,0.0,2024,25,625,80.0000011920929
EuroSAT,Support-only Transformer,0.0,2024,25,625,78.66666913032532
EuroSAT,ProtoNet,fixed,2024,26,626,92.00000166893005
EuroSAT,WIPT,0.0,2024,26,626,90.66666960716248
EuroSAT,Support-only Transformer,0.0,2024,26,626,85.33333539962769
EuroSAT,ProtoNet,fixed,2024,27,627,78.66666913032532
EuroSAT,WIPT,0.0,2024,27,627,77.33333706855774
EuroSAT,Support-only Transformer,0.0,2024,27,627,75.99999904632568
EuroSAT,ProtoNet,fixed,2024,28,628,87.99999952316284
EuroSAT,WIPT,0.0,2024,28,628,84.00000333786011
EuroSAT,Support-only Transformer,0.0,2024,28,628,81.33333325386047
EuroSAT,ProtoNet,fixed,2024,29,629,89.3333375453949
EuroSAT,WIPT,0.0,2024,29,629,86.66666746139526
EuroSAT,Support-only Transformer,0.0,2024,29,629,78.66666913032532
EuroSAT,ProtoNet,fixed,2024,30,630,90.66666960716248
EuroSAT,WIPT,0.0,2024,30,630,86.66666746139526
EuroSAT,Support-only Transformer,0.0,2024,30,630,82.66667127609253
EuroSAT,ProtoNet,fixed,2024,31,631,82.66667127609253
EuroSAT,WIPT,0.0,2024,31,631,86.66666746139526
EuroSAT,Support-only Transformer,0.0,2024,31,631,86.66666746139526
EuroSAT,ProtoNet,fixed,2024,32,632,78.66666913032532
EuroSAT,WIPT,0.0,2024,32,632,77.33333706855774
EuroSAT,Support-only Transformer,0.0,2024,32,632,77.33333706855774
EuroSAT,ProtoNet,fixed,2024,33,633,81.33333325386047
EuroSAT,WIPT,0.0,2024,33,633,74.6666669845581
EuroSAT,Support-only Transformer,0.0,2024,33,633,75.99999904632568
EuroSAT,ProtoNet,fixed,2024,34,634,85.33333539962769
EuroSAT,WIPT,0.0,2024,34,634,87.99999952316284
EuroSAT,Support-only Transformer,0.0,2024,34,634,84.00000333786011
EuroSAT,ProtoNet,fixed,2024,35,635,85.33333539962769
EuroSAT,WIPT,0.0,2024,35,635,82.66667127609253
EuroSAT,Support-only Transformer,0.0,2024,35,635,84.00000333786011
EuroSAT,ProtoNet,fixed,2024,36,636,73.33333492279053
EuroSAT,WIPT,0.0,2024,36,636,74.6666669845581
EuroSAT,Support-only Transformer,0.0,2024,36,636,72.00000286102295
EuroSAT,ProtoNet,fixed,2024,37,637,86.66666746139526
EuroSAT,WIPT,0.0,2024,37,637,87.99999952316284
EuroSAT,Support-only Transformer,0.0,2024,37,637,89.3333375453949
EuroSAT,ProtoNet,fixed,2024,38,638,85.33333539962769
EuroSAT,WIPT,0.0,2024,38,638,81.33333325386047
EuroSAT,Support-only Transformer,0.0,2024,38,638,85.33333539962769
EuroSAT,ProtoNet,fixed,2024,39,639,80.0000011920929
EuroSAT,WIPT,0.0,2024,39,639,78.66666913032532
EuroSAT,Support-only Transformer,0.0,2024,39,639,80.0000011920929
EuroSAT,ProtoNet,fixed,2024,40,640,90.66666960716248
EuroSAT,WIPT,0.0,2024,40,640,86.66666746139526
EuroSAT,Support-only Transformer,0.0,2024,40,640,85.33333539962769
EuroSAT,ProtoNet,fixed,2024,41,641,72.00000286102295
EuroSAT,WIPT,0.0,2024,41,641,70.66667079925537
EuroSAT,Support-only Transformer,0.0,2024,41,641,69.33333277702332
EuroSAT,ProtoNet,fixed,2024,42,642,87.99999952316284
EuroSAT,WIPT,0.0,2024,42,642,80.0000011920929
EuroSAT,Support-only Transformer,0.0,2024,42,642,78.66666913032532
EuroSAT,ProtoNet,fixed,2024,43,643,81.33333325386047
EuroSAT,WIPT,0.0,2024,43,643,81.33333325386047
EuroSAT,Support-only Transformer,0.0,2024,43,643,78.66666913032532
EuroSAT,ProtoNet,fixed,2024,44,644,84.00000333786011
EuroSAT,WIPT,0.0,2024,44,644,82.66667127609253
EuroSAT,Support-only Transformer,0.0,2024,44,644,82.66667127609253
EuroSAT,ProtoNet,fixed,2024,45,645,85.33333539962769
EuroSAT,WIPT,0.0,2024,45,645,80.0000011920929
EuroSAT,Support-only Transformer,0.0,2024,45,645,80.0000011920929
EuroSAT,ProtoNet,fixed,2024,46,646,84.00000333786011
EuroSAT,WIPT,0.0,2024,46,646,82.66667127609253
EuroSAT,Support-only Transformer,0.0,2024,46,646,78.66666913032532
EuroSAT,ProtoNet,fixed,2024,47,647,80.0000011920929
EuroSAT,WIPT,0.0,2024,47,647,78.66666913032532
EuroSAT,Support-only Transformer,0.0,2024,47,647,72.00000286102295
EuroSAT,ProtoNet,fixed,2024,48,648,89.3333375453949
EuroSAT,WIPT,0.0,2024,48,648,89.3333375453949
EuroSAT,Support-only Transformer,0.0,2024,48,648,90.66666960716248
EuroSAT,ProtoNet,fixed,2024,49,649,74.6666669845581
EuroSAT,WIPT,0.0,2024,49,649,70.66667079925537
EuroSAT,Support-only Transformer,0.0,2024,49,649,78.66666913032532
EuroSAT,ProtoNet,fixed,2024,50,650,80.0000011920929
EuroSAT,WIPT,0.0,2024,50,650,80.0000011920929
EuroSAT,Support-only Transformer,0.0,2024,50,650,81.33333325386047
EuroSAT,ProtoNet,fixed,2024,51,651,84.00000333786011
EuroSAT,WIPT,0.0,2024,51,651,86.66666746139526
EuroSAT,Support-only Transformer,0.0,2024,51,651,87.99999952316284
EuroSAT,ProtoNet,fixed,2024,52,652,81.33333325386047
EuroSAT,WIPT,0.0,2024,52,652,81.33333325386047
EuroSAT,Support-only Transformer,0.0,2024,52,652,82.66667127609253
EuroSAT,ProtoNet,fixed,2024,53,653,86.66666746139526
EuroSAT,WIPT,0.0,2024,53,653,90.66666960716248
EuroSAT,Support-only Transformer,0.0,2024,53,653,89.3333375453949
EuroSAT,ProtoNet,fixed,2024,54,654,86.66666746139526
EuroSAT,WIPT,0.0,2024,54,654,87.99999952316284
EuroSAT,Support-only Transformer,0.0,2024,54,654,90.66666960716248
EuroSAT,ProtoNet,fixed,2024,55,655,84.00000333786011
EuroSAT,WIPT,0.0,2024,55,655,82.66667127609253
EuroSAT,Support-only Transformer,0.0,2024,55,655,78.66666913032532
EuroSAT,ProtoNet,fixed,2024,56,656,87.99999952316284
EuroSAT,WIPT,0.0,2024,56,656,84.00000333786011
EuroSAT,Support-only Transformer,0.0,2024,56,656,87.99999952316284
EuroSAT,ProtoNet,fixed,2024,57,657,86.66666746139526
EuroSAT,WIPT,0.0,2024,57,657,85.33333539962769
EuroSAT,Support-only Transformer,0.0,2024,57,657,81.33333325386047
EuroSAT,ProtoNet,fixed,2024,58,658,77.33333706855774
EuroSAT,WIPT,0.0,2024,58,658,77.33333706855774
EuroSAT,Support-only Transformer,0.0,2024,58,658,75.99999904632568
EuroSAT,ProtoNet,fixed,2024,59,659,85.33333539962769
EuroSAT,WIPT,0.0,2024,59,659,87.99999952316284
EuroSAT,Support-only Transformer,0.0,2024,59,659,89.3333375453949
EuroSAT,ProtoNet,fixed,2024,60,660,82.66667127609253
EuroSAT,WIPT,0.0,2024,60,660,85.33333539962769
EuroSAT,Support-only Transformer,0.0,2024,60,660,78.66666913032532
EuroSAT,ProtoNet,fixed,2024,61,661,87.99999952316284
EuroSAT,WIPT,0.0,2024,61,661,87.99999952316284
EuroSAT,Support-only Transformer,0.0,2024,61,661,81.33333325386047
EuroSAT,ProtoNet,fixed,2024,62,662,77.33333706855774
EuroSAT,WIPT,0.0,2024,62,662,77.33333706855774
EuroSAT,Support-only Transformer,0.0,2024,62,662,78.66666913032532
EuroSAT,ProtoNet,fixed,2024,63,663,81.33333325386047
EuroSAT,WIPT,0.0,2024,63,663,81.33333325386047
EuroSAT,Support-only Transformer,0.0,2024,63,663,77.33333706855774
EuroSAT,ProtoNet,fixed,2024,64,664,90.66666960716248
EuroSAT,WIPT,0.0,2024,64,664,89.3333375453949
EuroSAT,Support-only Transformer,0.0,2024,64,664,89.3333375453949
EuroSAT,ProtoNet,fixed,2024,65,665,87.99999952316284
EuroSAT,WIPT,0.0,2024,65,665,78.66666913032532
EuroSAT,Support-only Transformer,0.0,2024,65,665,72.00000286102295
EuroSAT,ProtoNet,fixed,2024,66,666,93.33333373069763
EuroSAT,WIPT,0.0,2024,66,666,94.66667175292969
EuroSAT,Support-only Transformer,0.0,2024,66,666,86.66666746139526
EuroSAT,ProtoNet,fixed,2024,67,667,87.99999952316284
EuroSAT,WIPT,0.0,2024,67,667,82.66667127609253
EuroSAT,Support-only Transformer,0.0,2024,67,667,85.33333539962769
EuroSAT,ProtoNet,fixed,2024,68,668,87.99999952316284
EuroSAT,WIPT,0.0,2024,68,668,86.66666746139526
EuroSAT,Support-only Transformer,0.0,2024,68,668,86.66666746139526
EuroSAT,ProtoNet,fixed,2024,69,669,93.33333373069763
EuroSAT,WIPT,0.0,2024,69,669,90.66666960716248
EuroSAT,Support-only Transformer,0.0,2024,69,669,89.3333375453949
EuroSAT,ProtoNet,fixed,2024,70,670,85.33333539962769
EuroSAT,WIPT,0.0,2024,70,670,81.33333325386047
EuroSAT,Support-only Transformer,0.0,2024,70,670,78.66666913032532
EuroSAT,ProtoNet,fixed,2024,71,671,86.66666746139526
EuroSAT,WIPT,0.0,2024,71,671,86.66666746139526
EuroSAT,Support-only Transformer,0.0,2024,71,671,85.33333539962769
EuroSAT,ProtoNet,fixed,2024,72,672,93.33333373069763
EuroSAT,WIPT,0.0,2024,72,672,96.00000381469727
EuroSAT,Support-only Transformer,0.0,2024,72,672,90.66666960716248
EuroSAT,ProtoNet,fixed,2024,73,673,86.66666746139526
EuroSAT,WIPT,0.0,2024,73,673,86.66666746139526
EuroSAT,Support-only Transformer,0.0,2024,73,673,87.99999952316284
EuroSAT,ProtoNet,fixed,2024,74,674,84.00000333786011
EuroSAT,WIPT,0.0,2024,74,674,82.66667127609253
EuroSAT,Support-only Transformer,0.0,2024,74,674,78.66666913032532
EuroSAT,ProtoNet,fixed,2024,75,675,77.33333706855774
EuroSAT,WIPT,0.0,2024,75,675,78.66666913032532
EuroSAT,Support-only Transformer,0.0,2024,75,675,80.0000011920929
EuroSAT,ProtoNet,fixed,2024,76,676,81.33333325386047
EuroSAT,WIPT,0.0,2024,76,676,80.0000011920929
EuroSAT,Support-only Transformer,0.0,2024,76,676,81.33333325386047
EuroSAT,ProtoNet,fixed,2024,77,677,73.33333492279053
EuroSAT,WIPT,0.0,2024,77,677,69.33333277702332
EuroSAT,Support-only Transformer,0.0,2024,77,677,66.66666865348816
EuroSAT,ProtoNet,fixed,2024,78,678,69.33333277702332
EuroSAT,WIPT,0.0,2024,78,678,72.00000286102295
EuroSAT,Support-only Transformer,0.0,2024,78,678,62.66666650772095
EuroSAT,ProtoNet,fixed,2024,79,679,70.66667079925537
EuroSAT,WIPT,0.0,2024,79,679,68.00000071525574
EuroSAT,Support-only Transformer,0.0,2024,79,679,69.33333277702332
EuroSAT,ProtoNet,fixed,2024,80,680,90.66666960716248
EuroSAT,WIPT,0.0,2024,80,680,89.3333375453949
EuroSAT,Support-only Transformer,0.0,2024,80,680,87.99999952316284
EuroSAT,ProtoNet,fixed,2024,81,681,86.66666746139526
EuroSAT,WIPT,0.0,2024,81,681,85.33333539962769
EuroSAT,Support-only Transformer,0.0,2024,81,681,82.66667127609253
EuroSAT,ProtoNet,fixed,2024,82,682,90.66666960716248
EuroSAT,WIPT,0.0,2024,82,682,87.99999952316284
EuroSAT,Support-only Transformer,0.0,2024,82,682,85.33333539962769
EuroSAT,ProtoNet,fixed,2024,83,683,89.3333375453949
EuroSAT,WIPT,0.0,2024,83,683,87.99999952316284
EuroSAT,Support-only Transformer,0.0,2024,83,683,89.3333375453949
EuroSAT,ProtoNet,fixed,2024,84,684,78.66666913032532
EuroSAT,WIPT,0.0,2024,84,684,80.0000011920929
EuroSAT,Support-only Transformer,0.0,2024,84,684,78.66666913032532
EuroSAT,ProtoNet,fixed,2024,85,685,89.3333375453949
EuroSAT,WIPT,0.0,2024,85,685,92.00000166893005
EuroSAT,Support-only Transformer,0.0,2024,85,685,92.00000166893005
EuroSAT,ProtoNet,fixed,2024,86,686,84.00000333786011
EuroSAT,WIPT,0.0,2024,86,686,85.33333539962769
EuroSAT,Support-only Transformer,0.0,2024,86,686,82.66667127609253
EuroSAT,ProtoNet,fixed,2024,87,687,73.33333492279053
EuroSAT,WIPT,0.0,2024,87,687,75.99999904632568
EuroSAT,Support-only Transformer,0.0,2024,87,687,75.99999904632568
EuroSAT,ProtoNet,fixed,2024,88,688,78.66666913032532
EuroSAT,WIPT,0.0,2024,88,688,80.0000011920929
EuroSAT,Support-only Transformer,0.0,2024,88,688,80.0000011920929
EuroSAT,ProtoNet,fixed,2024,89,689,86.66666746139526
EuroSAT,WIPT,0.0,2024,89,689,86.66666746139526
EuroSAT,Support-only Transformer,0.0,2024,89,689,78.66666913032532
EuroSAT,ProtoNet,fixed,2024,90,690,85.33333539962769
EuroSAT,WIPT,0.0,2024,90,690,80.0000011920929
EuroSAT,Support-only Transformer,0.0,2024,90,690,85.33333539962769
EuroSAT,ProtoNet,fixed,2024,91,691,87.99999952316284
EuroSAT,WIPT,0.0,2024,91,691,85.33333539962769
EuroSAT,Support-only Transformer,0.0,2024,91,691,84.00000333786011
EuroSAT,ProtoNet,fixed,2024,92,692,96.00000381469727
EuroSAT,WIPT,0.0,2024,92,692,93.33333373069763
EuroSAT,Support-only Transformer,0.0,2024,92,692,93.33333373069763
EuroSAT,ProtoNet,fixed,2024,93,693,80.0000011920929
EuroSAT,WIPT,0.0,2024,93,693,80.0000011920929
EuroSAT,Support-only Transformer,0.0,2024,93,693,80.0000011920929
EuroSAT,ProtoNet,fixed,2024,94,694,96.00000381469727
EuroSAT,WIPT,0.0,2024,94,694,94.66667175292969
EuroSAT,Support-only Transformer,0.0,2024,94,694,89.3333375453949
EuroSAT,ProtoNet,fixed,2024,95,695,89.3333375453949
EuroSAT,WIPT,0.0,2024,95,695,89.3333375453949
EuroSAT,Support-only Transformer,0.0,2024,95,695,86.66666746139526
EuroSAT,ProtoNet,fixed,2024,96,696,90.66666960716248
EuroSAT,WIPT,0.0,2024,96,696,89.3333375453949
EuroSAT,Support-only Transformer,0.0,2024,96,696,89.3333375453949
EuroSAT,ProtoNet,fixed,2024,97,697,78.66666913032532
EuroSAT,WIPT,0.0,2024,97,697,75.99999904632568
EuroSAT,Support-only Transformer,0.0,2024,97,697,78.66666913032532
EuroSAT,ProtoNet,fixed,2024,98,698,62.66666650772095
EuroSAT,WIPT,0.0,2024,98,698,62.66666650772095
EuroSAT,Support-only Transformer,0.0,2024,98,698,61.33333444595337
EuroSAT,ProtoNet,fixed,2024,99,699,84.00000333786011
EuroSAT,WIPT,0.0,2024,99,699,87.99999952316284
EuroSAT,Support-only Transformer,0.0,2024,99,699,86.66666746139526
EuroSAT,ProtoNet,fixed,2024,100,700,65.33333659172058
EuroSAT,WIPT,0.0,2024,100,700,63.999998569488525
EuroSAT,Support-only Transformer,0.0,2024,100,700,66.66666865348816
EuroSAT,ProtoNet,fixed,2024,101,701,77.33333706855774
EuroSAT,WIPT,0.0,2024,101,701,72.00000286102295
EuroSAT,Support-only Transformer,0.0,2024,101,701,65.33333659172058
EuroSAT,ProtoNet,fixed,2024,102,702,84.00000333786011
EuroSAT,WIPT,0.0,2024,102,702,77.33333706855774
EuroSAT,Support-only Transformer,0.0,2024,102,702,81.33333325386047
EuroSAT,ProtoNet,fixed,2024,103,703,87.99999952316284
EuroSAT,WIPT,0.0,2024,103,703,85.33333539962769
EuroSAT,Support-only Transformer,0.0,2024,103,703,87.99999952316284
EuroSAT,ProtoNet,fixed,2024,104,704,82.66667127609253
EuroSAT,WIPT,0.0,2024,104,704,81.33333325386047
EuroSAT,Support-only Transformer,0.0,2024,104,704,77.33333706855774
EuroSAT,ProtoNet,fixed,2024,105,705,86.66666746139526
EuroSAT,WIPT,0.0,2024,105,705,86.66666746139526
EuroSAT,Support-only Transformer,0.0,2024,105,705,86.66666746139526
EuroSAT,ProtoNet,fixed,2024,106,706,82.66667127609253
EuroSAT,WIPT,0.0,2024,106,706,80.0000011920929
EuroSAT,Support-only Transformer,0.0,2024,106,706,82.66667127609253
EuroSAT,ProtoNet,fixed,2024,107,707,86.66666746139526
EuroSAT,WIPT,0.0,2024,107,707,86.66666746139526
EuroSAT,Support-only Transformer,0.0,2024,107,707,75.99999904632568
EuroSAT,ProtoNet,fixed,2024,108,708,85.33333539962769
EuroSAT,WIPT,0.0,2024,108,708,82.66667127609253
EuroSAT,Support-only Transformer,0.0,2024,108,708,87.99999952316284
EuroSAT,ProtoNet,fixed,2024,109,709,89.3333375453949
EuroSAT,WIPT,0.0,2024,109,709,86.66666746139526
EuroSAT,Support-only Transformer,0.0,2024,109,709,85.33333539962769
EuroSAT,ProtoNet,fixed,2024,110,710,73.33333492279053
EuroSAT,WIPT,0.0,2024,110,710,72.00000286102295
EuroSAT,Support-only Transformer,0.0,2024,110,710,69.33333277702332
EuroSAT,ProtoNet,fixed,2024,111,711,92.00000166893005
EuroSAT,WIPT,0.0,2024,111,711,94.66667175292969
EuroSAT,Support-only Transformer,0.0,2024,111,711,94.66667175292969
EuroSAT,ProtoNet,fixed,2024,112,712,78.66666913032532
EuroSAT,WIPT,0.0,2024,112,712,82.66667127609253
EuroSAT,Support-only Transformer,0.0,2024,112,712,78.66666913032532
EuroSAT,ProtoNet,fixed,2024,113,713,78.66666913032532
EuroSAT,WIPT,0.0,2024,113,713,78.66666913032532
EuroSAT,Support-only Transformer,0.0,2024,113,713,81.33333325386047
EuroSAT,ProtoNet,fixed,2024,114,714,84.00000333786011
EuroSAT,WIPT,0.0,2024,114,714,81.33333325386047
EuroSAT,Support-only Transformer,0.0,2024,114,714,80.0000011920929
EuroSAT,ProtoNet,fixed,2024,115,715,90.66666960716248
EuroSAT,WIPT,0.0,2024,115,715,89.3333375453949
EuroSAT,Support-only Transformer,0.0,2024,115,715,87.99999952316284
EuroSAT,ProtoNet,fixed,2024,116,716,68.00000071525574
EuroSAT,WIPT,0.0,2024,116,716,66.66666865348816
EuroSAT,Support-only Transformer,0.0,2024,116,716,62.66666650772095
EuroSAT,ProtoNet,fixed,2024,117,717,87.99999952316284
EuroSAT,WIPT,0.0,2024,117,717,89.3333375453949
EuroSAT,Support-only Transformer,0.0,2024,117,717,87.99999952316284
EuroSAT,ProtoNet,fixed,2024,118,718,85.33333539962769
EuroSAT,WIPT,0.0,2024,118,718,89.3333375453949
EuroSAT,Support-only Transformer,0.0,2024,118,718,81.33333325386047
EuroSAT,ProtoNet,fixed,2024,119,719,89.3333375453949
EuroSAT,WIPT,0.0,2024,119,719,90.66666960716248
EuroSAT,Support-only Transformer,0.0,2024,119,719,85.33333539962769
EuroSAT,ProtoNet,fixed,2024,120,720,84.00000333786011
EuroSAT,WIPT,0.0,2024,120,720,82.66667127609253
EuroSAT,Support-only Transformer,0.0,2024,120,720,77.33333706855774
EuroSAT,ProtoNet,fixed,2024,121,721,90.66666960716248
EuroSAT,WIPT,0.0,2024,121,721,89.3333375453949
EuroSAT,Support-only Transformer,0.0,2024,121,721,86.66666746139526
EuroSAT,ProtoNet,fixed,2024,122,722,92.00000166893005
EuroSAT,WIPT,0.0,2024,122,722,92.00000166893005
EuroSAT,Support-only Transformer,0.0,2024,122,722,87.99999952316284
EuroSAT,ProtoNet,fixed,2024,123,723,90.66666960716248
EuroSAT,WIPT,0.0,2024,123,723,90.66666960716248
EuroSAT,Support-only Transformer,0.0,2024,123,723,84.00000333786011
EuroSAT,ProtoNet,fixed,2024,124,724,80.0000011920929
EuroSAT,WIPT,0.0,2024,124,724,82.66667127609253
EuroSAT,Support-only Transformer,0.0,2024,124,724,84.00000333786011
EuroSAT,ProtoNet,fixed,2024,125,725,86.66666746139526
EuroSAT,WIPT,0.0,2024,125,725,85.33333539962769
EuroSAT,Support-only Transformer,0.0,2024,125,725,84.00000333786011
EuroSAT,ProtoNet,fixed,2024,126,726,86.66666746139526
EuroSAT,WIPT,0.0,2024,126,726,87.99999952316284
EuroSAT,Support-only Transformer,0.0,2024,126,726,84.00000333786011
EuroSAT,ProtoNet,fixed,2024,127,727,75.99999904632568
EuroSAT,WIPT,0.0,2024,127,727,77.33333706855774
EuroSAT,Support-only Transformer,0.0,2024,127,727,77.33333706855774
EuroSAT,ProtoNet,fixed,2024,128,728,92.00000166893005
EuroSAT,WIPT,0.0,2024,128,728,92.00000166893005
EuroSAT,Support-only Transformer,0.0,2024,128,728,93.33333373069763
EuroSAT,ProtoNet,fixed,2024,129,729,74.6666669845581
EuroSAT,WIPT,0.0,2024,129,729,74.6666669845581
EuroSAT,Support-only Transformer,0.0,2024,129,729,65.33333659172058
EuroSAT,ProtoNet,fixed,2024,130,730,73.33333492279053
EuroSAT,WIPT,0.0,2024,130,730,70.66667079925537
EuroSAT,Support-only Transformer,0.0,2024,130,730,65.33333659172058
EuroSAT,ProtoNet,fixed,2024,131,731,74.6666669845581
EuroSAT,WIPT,0.0,2024,131,731,73.33333492279053
EuroSAT,Support-only Transformer,0.0,2024,131,731,74.6666669845581
EuroSAT,ProtoNet,fixed,2024,132,732,82.66667127609253
EuroSAT,WIPT,0.0,2024,132,732,82.66667127609253
EuroSAT,Support-only Transformer,0.0,2024,132,732,78.66666913032532
EuroSAT,ProtoNet,fixed,2024,133,733,85.33333539962769
EuroSAT,WIPT,0.0,2024,133,733,77.33333706855774
EuroSAT,Support-only Transformer,0.0,2024,133,733,74.6666669845581
EuroSAT,ProtoNet,fixed,2024,134,734,75.99999904632568
EuroSAT,WIPT,0.0,2024,134,734,69.33333277702332
EuroSAT,Support-only Transformer,0.0,2024,134,734,69.33333277702332
EuroSAT,ProtoNet,fixed,2024,135,735,85.33333539962769
EuroSAT,WIPT,0.0,2024,135,735,89.3333375453949
EuroSAT,Support-only Transformer,0.0,2024,135,735,82.66667127609253
EuroSAT,ProtoNet,fixed,2024,136,736,87.99999952316284
EuroSAT,WIPT,0.0,2024,136,736,87.99999952316284
EuroSAT,Support-only Transformer,0.0,2024,136,736,82.66667127609253
EuroSAT,ProtoNet,fixed,2024,137,737,84.00000333786011
EuroSAT,WIPT,0.0,2024,137,737,85.33333539962769
EuroSAT,Support-only Transformer,0.0,2024,137,737,87.99999952316284
EuroSAT,ProtoNet,fixed,2024,138,738,90.66666960716248
EuroSAT,WIPT,0.0,2024,138,738,82.66667127609253
EuroSAT,Support-only Transformer,0.0,2024,138,738,75.99999904632568
EuroSAT,ProtoNet,fixed,2024,139,739,86.66666746139526
EuroSAT,WIPT,0.0,2024,139,739,93.33333373069763
EuroSAT,Support-only Transformer,0.0,2024,139,739,96.00000381469727
EuroSAT,ProtoNet,fixed,2024,140,740,86.66666746139526
EuroSAT,WIPT,0.0,2024,140,740,85.33333539962769
EuroSAT,Support-only Transformer,0.0,2024,140,740,78.66666913032532
EuroSAT,ProtoNet,fixed,2024,141,741,78.66666913032532
EuroSAT,WIPT,0.0,2024,141,741,77.33333706855774
EuroSAT,Support-only Transformer,0.0,2024,141,741,68.00000071525574
EuroSAT,ProtoNet,fixed,2024,142,742,69.33333277702332
EuroSAT,WIPT,0.0,2024,142,742,69.33333277702332
EuroSAT,Support-only Transformer,0.0,2024,142,742,62.66666650772095
EuroSAT,ProtoNet,fixed,2024,143,743,78.66666913032532
EuroSAT,WIPT,0.0,2024,143,743,77.33333706855774
EuroSAT,Support-only Transformer,0.0,2024,143,743,78.66666913032532
EuroSAT,ProtoNet,fixed,2024,144,744,84.00000333786011
EuroSAT,WIPT,0.0,2024,144,744,86.66666746139526
EuroSAT,Support-only Transformer,0.0,2024,144,744,87.99999952316284
EuroSAT,ProtoNet,fixed,2024,145,745,75.99999904632568
EuroSAT,WIPT,0.0,2024,145,745,75.99999904632568
EuroSAT,Support-only Transformer,0.0,2024,145,745,80.0000011920929
EuroSAT,ProtoNet,fixed,2024,146,746,89.3333375453949
EuroSAT,WIPT,0.0,2024,146,746,89.3333375453949
EuroSAT,Support-only Transformer,0.0,2024,146,746,82.66667127609253
EuroSAT,ProtoNet,fixed,2024,147,747,87.99999952316284
EuroSAT,WIPT,0.0,2024,147,747,84.00000333786011
EuroSAT,Support-only Transformer,0.0,2024,147,747,82.66667127609253
EuroSAT,ProtoNet,fixed,2024,148,748,75.99999904632568
EuroSAT,WIPT,0.0,2024,148,748,75.99999904632568
EuroSAT,Support-only Transformer,0.0,2024,148,748,75.99999904632568
EuroSAT,ProtoNet,fixed,2024,149,749,85.33333539962769
EuroSAT,WIPT,0.0,2024,149,749,84.00000333786011
EuroSAT,Support-only Transformer,0.0,2024,149,749,82.66667127609253
EuroSAT,ProtoNet,fixed,2024,150,750,70.66667079925537
EuroSAT,WIPT,0.0,2024,150,750,70.66667079925537
EuroSAT,Support-only Transformer,0.0,2024,150,750,60.00000238418579
EuroSAT,ProtoNet,fixed,2024,151,751,82.66667127609253
EuroSAT,WIPT,0.0,2024,151,751,84.00000333786011
EuroSAT,Support-only Transformer,0.0,2024,151,751,74.6666669845581
EuroSAT,ProtoNet,fixed,2024,152,752,89.3333375453949
EuroSAT,WIPT,0.0,2024,152,752,92.00000166893005
EuroSAT,Support-only Transformer,0.0,2024,152,752,90.66666960716248
EuroSAT,ProtoNet,fixed,2024,153,753,72.00000286102295
EuroSAT,WIPT,0.0,2024,153,753,70.66667079925537
EuroSAT,Support-only Transformer,0.0,2024,153,753,68.00000071525574
EuroSAT,ProtoNet,fixed,2024,154,754,82.66667127609253
EuroSAT,WIPT,0.0,2024,154,754,84.00000333786011
EuroSAT,Support-only Transformer,0.0,2024,154,754,80.0000011920929
EuroSAT,ProtoNet,fixed,2024,155,755,85.33333539962769
EuroSAT,WIPT,0.0,2024,155,755,85.33333539962769
EuroSAT,Support-only Transformer,0.0,2024,155,755,81.33333325386047
EuroSAT,ProtoNet,fixed,2024,156,756,94.66667175292969
EuroSAT,WIPT,0.0,2024,156,756,92.00000166893005
EuroSAT,Support-only Transformer,0.0,2024,156,756,89.3333375453949
EuroSAT,ProtoNet,fixed,2024,157,757,82.66667127609253
EuroSAT,WIPT,0.0,2024,157,757,74.6666669845581
EuroSAT,Support-only Transformer,0.0,2024,157,757,73.33333492279053
EuroSAT,ProtoNet,fixed,2024,158,758,90.66666960716248
EuroSAT,WIPT,0.0,2024,158,758,92.00000166893005
EuroSAT,Support-only Transformer,0.0,2024,158,758,93.33333373069763
EuroSAT,ProtoNet,fixed,2024,159,759,84.00000333786011
EuroSAT,WIPT,0.0,2024,159,759,85.33333539962769
EuroSAT,Support-only Transformer,0.0,2024,159,759,87.99999952316284
EuroSAT,ProtoNet,fixed,2024,160,760,78.66666913032532
EuroSAT,WIPT,0.0,2024,160,760,78.66666913032532
EuroSAT,Support-only Transformer,0.0,2024,160,760,84.00000333786011
EuroSAT,ProtoNet,fixed,2024,161,761,82.66667127609253
EuroSAT,WIPT,0.0,2024,161,761,82.66667127609253
EuroSAT,Support-only Transformer,0.0,2024,161,761,82.66667127609253
EuroSAT,ProtoNet,fixed,2024,162,762,86.66666746139526
EuroSAT,WIPT,0.0,2024,162,762,85.33333539962769
EuroSAT,Support-only Transformer,0.0,2024,162,762,89.3333375453949
EuroSAT,ProtoNet,fixed,2024,163,763,82.66667127609253
EuroSAT,WIPT,0.0,2024,163,763,84.00000333786011
EuroSAT,Support-only Transformer,0.0,2024,163,763,86.66666746139526
EuroSAT,ProtoNet,fixed,2024,164,764,87.99999952316284
EuroSAT,WIPT,0.0,2024,164,764,87.99999952316284
EuroSAT,Support-only Transformer,0.0,2024,164,764,87.99999952316284
EuroSAT,ProtoNet,fixed,2024,165,765,77.33333706855774
EuroSAT,WIPT,0.0,2024,165,765,75.99999904632568
EuroSAT,Support-only Transformer,0.0,2024,165,765,87.99999952316284
EuroSAT,ProtoNet,fixed,2024,166,766,85.33333539962769
EuroSAT,WIPT,0.0,2024,166,766,86.66666746139526
EuroSAT,Support-only Transformer,0.0,2024,166,766,85.33333539962769
EuroSAT,ProtoNet,fixed,2024,167,767,72.00000286102295
EuroSAT,WIPT,0.0,2024,167,767,69.33333277702332
EuroSAT,Support-only Transformer,0.0,2024,167,767,66.66666865348816
EuroSAT,ProtoNet,fixed,2024,168,768,78.66666913032532
EuroSAT,WIPT,0.0,2024,168,768,77.33333706855774
EuroSAT,Support-only Transformer,0.0,2024,168,768,81.33333325386047
EuroSAT,ProtoNet,fixed,2024,169,769,89.3333375453949
EuroSAT,WIPT,0.0,2024,169,769,89.3333375453949
EuroSAT,Support-only Transformer,0.0,2024,169,769,89.3333375453949
EuroSAT,ProtoNet,fixed,2024,170,770,77.33333706855774
EuroSAT,WIPT,0.0,2024,170,770,75.99999904632568
EuroSAT,Support-only Transformer,0.0,2024,170,770,73.33333492279053
EuroSAT,ProtoNet,fixed,2024,171,771,80.0000011920929
EuroSAT,WIPT,0.0,2024,171,771,81.33333325386047
EuroSAT,Support-only Transformer,0.0,2024,171,771,80.0000011920929
EuroSAT,ProtoNet,fixed,2024,172,772,82.66667127609253
EuroSAT,WIPT,0.0,2024,172,772,82.66667127609253
EuroSAT,Support-only Transformer,0.0,2024,172,772,86.66666746139526
EuroSAT,ProtoNet,fixed,2024,173,773,90.66666960716248
EuroSAT,WIPT,0.0,2024,173,773,85.33333539962769
EuroSAT,Support-only Transformer,0.0,2024,173,773,74.6666669845581
EuroSAT,ProtoNet,fixed,2024,174,774,84.00000333786011
EuroSAT,WIPT,0.0,2024,174,774,82.66667127609253
EuroSAT,Support-only Transformer,0.0,2024,174,774,86.66666746139526
EuroSAT,ProtoNet,fixed,2024,175,775,90.66666960716248
EuroSAT,WIPT,0.0,2024,175,775,90.66666960716248
EuroSAT,Support-only Transformer,0.0,2024,175,775,92.00000166893005
EuroSAT,ProtoNet,fixed,2024,176,776,86.66666746139526
EuroSAT,WIPT,0.0,2024,176,776,86.66666746139526
EuroSAT,Support-only Transformer,0.0,2024,176,776,85.33333539962769
EuroSAT,ProtoNet,fixed,2024,177,777,87.99999952316284
EuroSAT,WIPT,0.0,2024,177,777,86.66666746139526
EuroSAT,Support-only Transformer,0.0,2024,177,777,85.33333539962769
EuroSAT,ProtoNet,fixed,2024,178,778,86.66666746139526
EuroSAT,WIPT,0.0,2024,178,778,84.00000333786011
EuroSAT,Support-only Transformer,0.0,2024,178,778,84.00000333786011
EuroSAT,ProtoNet,fixed,2024,179,779,74.6666669845581
EuroSAT,WIPT,0.0,2024,179,779,72.00000286102295
EuroSAT,Support-only Transformer,0.0,2024,179,779,68.00000071525574
EuroSAT,ProtoNet,fixed,2024,180,780,87.99999952316284
EuroSAT,WIPT,0.0,2024,180,780,86.66666746139526
EuroSAT,Support-only Transformer,0.0,2024,180,780,85.33333539962769
EuroSAT,ProtoNet,fixed,2024,181,781,87.99999952316284
EuroSAT,WIPT,0.0,2024,181,781,84.00000333786011
EuroSAT,Support-only Transformer,0.0,2024,181,781,85.33333539962769
EuroSAT,ProtoNet,fixed,2024,182,782,84.00000333786011
EuroSAT,WIPT,0.0,2024,182,782,81.33333325386047
EuroSAT,Support-only Transformer,0.0,2024,182,782,78.66666913032532
EuroSAT,ProtoNet,fixed,2024,183,783,77.33333706855774
EuroSAT,WIPT,0.0,2024,183,783,80.0000011920929
EuroSAT,Support-only Transformer,0.0,2024,183,783,78.66666913032532
EuroSAT,ProtoNet,fixed,2024,184,784,74.6666669845581
EuroSAT,WIPT,0.0,2024,184,784,74.6666669845581
EuroSAT,Support-only Transformer,0.0,2024,184,784,66.66666865348816
EuroSAT,ProtoNet,fixed,2024,185,785,89.3333375453949
EuroSAT,WIPT,0.0,2024,185,785,86.66666746139526
EuroSAT,Support-only Transformer,0.0,2024,185,785,86.66666746139526
EuroSAT,ProtoNet,fixed,2024,186,786,80.0000011920929
EuroSAT,WIPT,0.0,2024,186,786,82.66667127609253
EuroSAT,Support-only Transformer,0.0,2024,186,786,80.0000011920929
EuroSAT,ProtoNet,fixed,2024,187,787,74.6666669845581
EuroSAT,WIPT,0.0,2024,187,787,74.6666669845581
EuroSAT,Support-only Transformer,0.0,2024,187,787,58.66667032241821
EuroSAT,ProtoNet,fixed,2024,188,788,80.0000011920929
EuroSAT,WIPT,0.0,2024,188,788,77.33333706855774
EuroSAT,Support-only Transformer,0.0,2024,188,788,77.33333706855774
EuroSAT,ProtoNet,fixed,2024,189,789,69.33333277702332
EuroSAT,WIPT,0.0,2024,189,789,61.33333444595337
EuroSAT,Support-only Transformer,0.0,2024,189,789,62.66666650772095
EuroSAT,ProtoNet,fixed,2024,190,790,89.3333375453949
EuroSAT,WIPT,0.0,2024,190,790,90.66666960716248
EuroSAT,Support-only Transformer,0.0,2024,190,790,81.33333325386047
EuroSAT,ProtoNet,fixed,2024,191,791,80.0000011920929
EuroSAT,WIPT,0.0,2024,191,791,86.66666746139526
EuroSAT,Support-only Transformer,0.0,2024,191,791,72.00000286102295
EuroSAT,ProtoNet,fixed,2024,192,792,86.66666746139526
EuroSAT,WIPT,0.0,2024,192,792,87.99999952316284
EuroSAT,Support-only Transformer,0.0,2024,192,792,81.33333325386047
EuroSAT,ProtoNet,fixed,2024,193,793,73.33333492279053
EuroSAT,WIPT,0.0,2024,193,793,73.33333492279053
EuroSAT,Support-only Transformer,0.0,2024,193,793,74.6666669845581
EuroSAT,ProtoNet,fixed,2024,194,794,86.66666746139526
EuroSAT,WIPT,0.0,2024,194,794,89.3333375453949
EuroSAT,Support-only Transformer,0.0,2024,194,794,82.66667127609253
EuroSAT,ProtoNet,fixed,2024,195,795,78.66666913032532
EuroSAT,WIPT,0.0,2024,195,795,75.99999904632568
EuroSAT,Support-only Transformer,0.0,2024,195,795,63.999998569488525
EuroSAT,ProtoNet,fixed,2024,196,796,85.33333539962769
EuroSAT,WIPT,0.0,2024,196,796,82.66667127609253
EuroSAT,Support-only Transformer,0.0,2024,196,796,86.66666746139526
EuroSAT,ProtoNet,fixed,2024,197,797,72.00000286102295
EuroSAT,WIPT,0.0,2024,197,797,72.00000286102295
EuroSAT,Support-only Transformer,0.0,2024,197,797,62.66666650772095
EuroSAT,ProtoNet,fixed,2024,198,798,89.3333375453949
EuroSAT,WIPT,0.0,2024,198,798,87.99999952316284
EuroSAT,Support-only Transformer,0.0,2024,198,798,87.99999952316284
EuroSAT,ProtoNet,fixed,2024,199,799,84.00000333786011
EuroSAT,WIPT,0.0,2024,199,799,85.33333539962769
EuroSAT,Support-only Transformer,0.0,2024,199,799,75.99999904632568
EuroSAT,ProtoNet,fixed,2024,200,800,87.99999952316284
EuroSAT,WIPT,0.0,2024,200,800,92.00000166893005
EuroSAT,Support-only Transformer,0.0,2024,200,800,92.00000166893005
EuroSAT,ProtoNet,fixed,2024,201,801,84.00000333786011
EuroSAT,WIPT,0.0,2024,201,801,82.66667127609253
EuroSAT,Support-only Transformer,0.0,2024,201,801,81.33333325386047
EuroSAT,ProtoNet,fixed,2024,202,802,75.99999904632568
EuroSAT,WIPT,0.0,2024,202,802,72.00000286102295
EuroSAT,Support-only Transformer,0.0,2024,202,802,74.6666669845581
EuroSAT,ProtoNet,fixed,2024,203,803,81.33333325386047
EuroSAT,WIPT,0.0,2024,203,803,85.33333539962769
EuroSAT,Support-only Transformer,0.0,2024,203,803,84.00000333786011
EuroSAT,ProtoNet,fixed,2024,204,804,78.66666913032532
EuroSAT,WIPT,0.0,2024,204,804,77.33333706855774
EuroSAT,Support-only Transformer,0.0,2024,204,804,63.999998569488525
EuroSAT,ProtoNet,fixed,2024,205,805,87.99999952316284
EuroSAT,WIPT,0.0,2024,205,805,84.00000333786011
EuroSAT,Support-only Transformer,0.0,2024,205,805,84.00000333786011
EuroSAT,ProtoNet,fixed,2024,206,806,87.99999952316284
EuroSAT,WIPT,0.0,2024,206,806,82.66667127609253
EuroSAT,Support-only Transformer,0.0,2024,206,806,78.66666913032532
EuroSAT,ProtoNet,fixed,2024,207,807,74.6666669845581
EuroSAT,WIPT,0.0,2024,207,807,70.66667079925537
EuroSAT,Support-only Transformer,0.0,2024,207,807,68.00000071525574
EuroSAT,ProtoNet,fixed,2024,208,808,72.00000286102295
EuroSAT,WIPT,0.0,2024,208,808,72.00000286102295
EuroSAT,Support-only Transformer,0.0,2024,208,808,72.00000286102295
EuroSAT,ProtoNet,fixed,2024,209,809,80.0000011920929
EuroSAT,WIPT,0.0,2024,209,809,78.66666913032532
EuroSAT,Support-only Transformer,0.0,2024,209,809,70.66667079925537
EuroSAT,ProtoNet,fixed,2024,210,810,73.33333492279053
EuroSAT,WIPT,0.0,2024,210,810,73.33333492279053
EuroSAT,Support-only Transformer,0.0,2024,210,810,72.00000286102295
EuroSAT,ProtoNet,fixed,2024,211,811,81.33333325386047
EuroSAT,WIPT,0.0,2024,211,811,81.33333325386047
EuroSAT,Support-only Transformer,0.0,2024,211,811,78.66666913032532
EuroSAT,ProtoNet,fixed,2024,212,812,68.00000071525574
EuroSAT,WIPT,0.0,2024,212,812,68.00000071525574
EuroSAT,Support-only Transformer,0.0,2024,212,812,61.33333444595337
EuroSAT,ProtoNet,fixed,2024,213,813,80.0000011920929
EuroSAT,WIPT,0.0,2024,213,813,74.6666669845581
EuroSAT,Support-only Transformer,0.0,2024,213,813,66.66666865348816
EuroSAT,ProtoNet,fixed,2024,214,814,82.66667127609253
EuroSAT,WIPT,0.0,2024,214,814,81.33333325386047
EuroSAT,Support-only Transformer,0.0,2024,214,814,81.33333325386047
EuroSAT,ProtoNet,fixed,2024,215,815,80.0000011920929
EuroSAT,WIPT,0.0,2024,215,815,80.0000011920929
EuroSAT,Support-only Transformer,0.0,2024,215,815,80.0000011920929
EuroSAT,ProtoNet,fixed,2024,216,816,84.00000333786011
EuroSAT,WIPT,0.0,2024,216,816,86.66666746139526
EuroSAT,Support-only Transformer,0.0,2024,216,816,78.66666913032532
EuroSAT,ProtoNet,fixed,2024,217,817,78.66666913032532
EuroSAT,WIPT,0.0,2024,217,817,75.99999904632568
EuroSAT,Support-only Transformer,0.0,2024,217,817,77.33333706855774
EuroSAT,ProtoNet,fixed,2024,218,818,92.00000166893005
EuroSAT,WIPT,0.0,2024,218,818,89.3333375453949
EuroSAT,Support-only Transformer,0.0,2024,218,818,90.66666960716248
EuroSAT,ProtoNet,fixed,2024,219,819,87.99999952316284
EuroSAT,WIPT,0.0,2024,219,819,86.66666746139526
EuroSAT,Support-only Transformer,0.0,2024,219,819,84.00000333786011
EuroSAT,ProtoNet,fixed,2024,220,820,82.66667127609253
EuroSAT,WIPT,0.0,2024,220,820,84.00000333786011
EuroSAT,Support-only Transformer,0.0,2024,220,820,82.66667127609253
EuroSAT,ProtoNet,fixed,2024,221,821,75.99999904632568
EuroSAT,WIPT,0.0,2024,221,821,74.6666669845581
EuroSAT,Support-only Transformer,0.0,2024,221,821,70.66667079925537
EuroSAT,ProtoNet,fixed,2024,222,822,86.66666746139526
EuroSAT,WIPT,0.0,2024,222,822,82.66667127609253
EuroSAT,Support-only Transformer,0.0,2024,222,822,80.0000011920929
EuroSAT,ProtoNet,fixed,2024,223,823,85.33333539962769
EuroSAT,WIPT,0.0,2024,223,823,80.0000011920929
EuroSAT,Support-only Transformer,0.0,2024,223,823,77.33333706855774
EuroSAT,ProtoNet,fixed,2024,224,824,82.66667127609253
EuroSAT,WIPT,0.0,2024,224,824,85.33333539962769
EuroSAT,Support-only Transformer,0.0,2024,224,824,78.66666913032532
EuroSAT,ProtoNet,fixed,2024,225,825,87.99999952316284
EuroSAT,WIPT,0.0,2024,225,825,89.3333375453949
EuroSAT,Support-only Transformer,0.0,2024,225,825,84.00000333786011
EuroSAT,ProtoNet,fixed,2024,226,826,87.99999952316284
EuroSAT,WIPT,0.0,2024,226,826,87.99999952316284
EuroSAT,Support-only Transformer,0.0,2024,226,826,87.99999952316284
EuroSAT,ProtoNet,fixed,2024,227,827,74.6666669845581
EuroSAT,WIPT,0.0,2024,227,827,73.33333492279053
EuroSAT,Support-only Transformer,0.0,2024,227,827,74.6666669845581
EuroSAT,ProtoNet,fixed,2024,228,828,87.99999952316284
EuroSAT,WIPT,0.0,2024,228,828,85.33333539962769
EuroSAT,Support-only Transformer,0.0,2024,228,828,81.33333325386047
EuroSAT,ProtoNet,fixed,2024,229,829,93.33333373069763
EuroSAT,WIPT,0.0,2024,229,829,90.66666960716248
EuroSAT,Support-only Transformer,0.0,2024,229,829,86.66666746139526
EuroSAT,ProtoNet,fixed,2024,230,830,85.33333539962769
EuroSAT,WIPT,0.0,2024,230,830,85.33333539962769
EuroSAT,Support-only Transformer,0.0,2024,230,830,80.0000011920929
EuroSAT,ProtoNet,fixed,2024,231,831,70.66667079925537
EuroSAT,WIPT,0.0,2024,231,831,74.6666669845581
EuroSAT,Support-only Transformer,0.0,2024,231,831,78.66666913032532
EuroSAT,ProtoNet,fixed,2024,232,832,84.00000333786011
EuroSAT,WIPT,0.0,2024,232,832,82.66667127609253
EuroSAT,Support-only Transformer,0.0,2024,232,832,80.0000011920929
EuroSAT,ProtoNet,fixed,2024,233,833,94.66667175292969
EuroSAT,WIPT,0.0,2024,233,833,89.3333375453949
EuroSAT,Support-only Transformer,0.0,2024,233,833,81.33333325386047
EuroSAT,ProtoNet,fixed,2024,234,834,87.99999952316284
EuroSAT,WIPT,0.0,2024,234,834,85.33333539962769
EuroSAT,Support-only Transformer,0.0,2024,234,834,82.66667127609253
EuroSAT,ProtoNet,fixed,2024,235,835,81.33333325386047
EuroSAT,WIPT,0.0,2024,235,835,85.33333539962769
EuroSAT,Support-only Transformer,0.0,2024,235,835,80.0000011920929
EuroSAT,ProtoNet,fixed,2024,236,836,85.33333539962769
EuroSAT,WIPT,0.0,2024,236,836,85.33333539962769
EuroSAT,Support-only Transformer,0.0,2024,236,836,89.3333375453949
EuroSAT,ProtoNet,fixed,2024,237,837,84.00000333786011
EuroSAT,WIPT,0.0,2024,237,837,84.00000333786011
EuroSAT,Support-only Transformer,0.0,2024,237,837,82.66667127609253
EuroSAT,ProtoNet,fixed,2024,238,838,86.66666746139526
EuroSAT,WIPT,0.0,2024,238,838,84.00000333786011
EuroSAT,Support-only Transformer,0.0,2024,238,838,81.33333325386047
EuroSAT,ProtoNet,fixed,2024,239,839,84.00000333786011
EuroSAT,WIPT,0.0,2024,239,839,74.6666669845581
EuroSAT,Support-only Transformer,0.0,2024,239,839,74.6666669845581
EuroSAT,ProtoNet,fixed,2024,240,840,82.66667127609253
EuroSAT,WIPT,0.0,2024,240,840,78.66666913032532
EuroSAT,Support-only Transformer,0.0,2024,240,840,84.00000333786011
EuroSAT,ProtoNet,fixed,2024,241,841,74.6666669845581
EuroSAT,WIPT,0.0,2024,241,841,75.99999904632568
EuroSAT,Support-only Transformer,0.0,2024,241,841,72.00000286102295
EuroSAT,ProtoNet,fixed,2024,242,842,72.00000286102295
EuroSAT,WIPT,0.0,2024,242,842,68.00000071525574
EuroSAT,Support-only Transformer,0.0,2024,242,842,72.00000286102295
EuroSAT,ProtoNet,fixed,2024,243,843,74.6666669845581
EuroSAT,WIPT,0.0,2024,243,843,75.99999904632568
EuroSAT,Support-only Transformer,0.0,2024,243,843,78.66666913032532
EuroSAT,ProtoNet,fixed,2024,244,844,93.33333373069763
EuroSAT,WIPT,0.0,2024,244,844,90.66666960716248
EuroSAT,Support-only Transformer,0.0,2024,244,844,90.66666960716248
EuroSAT,ProtoNet,fixed,2024,245,845,81.33333325386047
EuroSAT,WIPT,0.0,2024,245,845,82.66667127609253
EuroSAT,Support-only Transformer,0.0,2024,245,845,82.66667127609253
EuroSAT,ProtoNet,fixed,2024,246,846,80.0000011920929
EuroSAT,WIPT,0.0,2024,246,846,80.0000011920929
EuroSAT,Support-only Transformer,0.0,2024,246,846,80.0000011920929
EuroSAT,ProtoNet,fixed,2024,247,847,72.00000286102295
EuroSAT,WIPT,0.0,2024,247,847,70.66667079925537
EuroSAT,Support-only Transformer,0.0,2024,247,847,72.00000286102295
EuroSAT,ProtoNet,fixed,2024,248,848,92.00000166893005
EuroSAT,WIPT,0.0,2024,248,848,92.00000166893005
EuroSAT,Support-only Transformer,0.0,2024,248,848,90.66666960716248
EuroSAT,ProtoNet,fixed,2024,249,849,80.0000011920929
EuroSAT,WIPT,0.0,2024,249,849,80.0000011920929
EuroSAT,Support-only Transformer,0.0,2024,249,849,78.66666913032532
EuroSAT,ProtoNet,fixed,2024,250,850,81.33333325386047
EuroSAT,WIPT,0.0,2024,250,850,82.66667127609253
EuroSAT,Support-only Transformer,0.0,2024,250,850,84.00000333786011
EuroSAT,ProtoNet,fixed,2024,251,851,82.66667127609253
EuroSAT,WIPT,0.0,2024,251,851,80.0000011920929
EuroSAT,Support-only Transformer,0.0,2024,251,851,86.66666746139526
EuroSAT,ProtoNet,fixed,2024,252,852,80.0000011920929
EuroSAT,WIPT,0.0,2024,252,852,80.0000011920929
EuroSAT,Support-only Transformer,0.0,2024,252,852,82.66667127609253
EuroSAT,ProtoNet,fixed,2024,253,853,93.33333373069763
EuroSAT,WIPT,0.0,2024,253,853,90.66666960716248
EuroSAT,Support-only Transformer,0.0,2024,253,853,86.66666746139526
EuroSAT,ProtoNet,fixed,2024,254,854,87.99999952316284
EuroSAT,WIPT,0.0,2024,254,854,86.66666746139526
EuroSAT,Support-only Transformer,0.0,2024,254,854,81.33333325386047
EuroSAT,ProtoNet,fixed,2024,255,855,89.3333375453949
EuroSAT,WIPT,0.0,2024,255,855,89.3333375453949
EuroSAT,Support-only Transformer,0.0,2024,255,855,74.6666669845581
EuroSAT,ProtoNet,fixed,2024,256,856,89.3333375453949
EuroSAT,WIPT,0.0,2024,256,856,86.66666746139526
EuroSAT,Support-only Transformer,0.0,2024,256,856,87.99999952316284
EuroSAT,ProtoNet,fixed,2024,257,857,77.33333706855774
EuroSAT,WIPT,0.0,2024,257,857,77.33333706855774
EuroSAT,Support-only Transformer,0.0,2024,257,857,81.33333325386047
EuroSAT,ProtoNet,fixed,2024,258,858,87.99999952316284
EuroSAT,WIPT,0.0,2024,258,858,85.33333539962769
EuroSAT,Support-only Transformer,0.0,2024,258,858,82.66667127609253
EuroSAT,ProtoNet,fixed,2024,259,859,84.00000333786011
EuroSAT,WIPT,0.0,2024,259,859,81.33333325386047
EuroSAT,Support-only Transformer,0.0,2024,259,859,81.33333325386047
EuroSAT,ProtoNet,fixed,2024,260,860,78.66666913032532
EuroSAT,WIPT,0.0,2024,260,860,77.33333706855774
EuroSAT,Support-only Transformer,0.0,2024,260,860,75.99999904632568
EuroSAT,ProtoNet,fixed,2024,261,861,73.33333492279053
EuroSAT,WIPT,0.0,2024,261,861,72.00000286102295
EuroSAT,Support-only Transformer,0.0,2024,261,861,69.33333277702332
EuroSAT,ProtoNet,fixed,2024,262,862,90.66666960716248
EuroSAT,WIPT,0.0,2024,262,862,86.66666746139526
EuroSAT,Support-only Transformer,0.0,2024,262,862,81.33333325386047
EuroSAT,ProtoNet,fixed,2024,263,863,85.33333539962769
EuroSAT,WIPT,0.0,2024,263,863,80.0000011920929
EuroSAT,Support-only Transformer,0.0,2024,263,863,78.66666913032532
EuroSAT,ProtoNet,fixed,2024,264,864,78.66666913032532
EuroSAT,WIPT,0.0,2024,264,864,81.33333325386047
EuroSAT,Support-only Transformer,0.0,2024,264,864,84.00000333786011
EuroSAT,ProtoNet,fixed,2024,265,865,82.66667127609253
EuroSAT,WIPT,0.0,2024,265,865,80.0000011920929
EuroSAT,Support-only Transformer,0.0,2024,265,865,75.99999904632568
EuroSAT,ProtoNet,fixed,2024,266,866,73.33333492279053
EuroSAT,WIPT,0.0,2024,266,866,81.33333325386047
EuroSAT,Support-only Transformer,0.0,2024,266,866,72.00000286102295
EuroSAT,ProtoNet,fixed,2024,267,867,78.66666913032532
EuroSAT,WIPT,0.0,2024,267,867,78.66666913032532
EuroSAT,Support-only Transformer,0.0,2024,267,867,80.0000011920929
EuroSAT,ProtoNet,fixed,2024,268,868,86.66666746139526
EuroSAT,WIPT,0.0,2024,268,868,92.00000166893005
EuroSAT,Support-only Transformer,0.0,2024,268,868,85.33333539962769
EuroSAT,ProtoNet,fixed,2024,269,869,70.66667079925537
EuroSAT,WIPT,0.0,2024,269,869,68.00000071525574
EuroSAT,Support-only Transformer,0.0,2024,269,869,61.33333444595337
EuroSAT,ProtoNet,fixed,2024,270,870,82.66667127609253
EuroSAT,WIPT,0.0,2024,270,870,78.66666913032532
EuroSAT,Support-only Transformer,0.0,2024,270,870,78.66666913032532
EuroSAT,ProtoNet,fixed,2024,271,871,87.99999952316284
EuroSAT,WIPT,0.0,2024,271,871,90.66666960716248
EuroSAT,Support-only Transformer,0.0,2024,271,871,89.3333375453949
EuroSAT,ProtoNet,fixed,2024,272,872,75.99999904632568
EuroSAT,WIPT,0.0,2024,272,872,75.99999904632568
EuroSAT,Support-only Transformer,0.0,2024,272,872,78.66666913032532
EuroSAT,ProtoNet,fixed,2024,273,873,82.66667127609253
EuroSAT,WIPT,0.0,2024,273,873,82.66667127609253
EuroSAT,Support-only Transformer,0.0,2024,273,873,85.33333539962769
EuroSAT,ProtoNet,fixed,2024,274,874,75.99999904632568
EuroSAT,WIPT,0.0,2024,274,874,74.6666669845581
EuroSAT,Support-only Transformer,0.0,2024,274,874,65.33333659172058
EuroSAT,ProtoNet,fixed,2024,275,875,73.33333492279053
EuroSAT,WIPT,0.0,2024,275,875,77.33333706855774
EuroSAT,Support-only Transformer,0.0,2024,275,875,72.00000286102295
EuroSAT,ProtoNet,fixed,2024,276,876,92.00000166893005
EuroSAT,WIPT,0.0,2024,276,876,92.00000166893005
EuroSAT,Support-only Transformer,0.0,2024,276,876,89.3333375453949
EuroSAT,ProtoNet,fixed,2024,277,877,87.99999952316284
EuroSAT,WIPT,0.0,2024,277,877,89.3333375453949
EuroSAT,Support-only Transformer,0.0,2024,277,877,86.66666746139526
EuroSAT,ProtoNet,fixed,2024,278,878,78.66666913032532
EuroSAT,WIPT,0.0,2024,278,878,80.0000011920929
EuroSAT,Support-only Transformer,0.0,2024,278,878,75.99999904632568
EuroSAT,ProtoNet,fixed,2024,279,879,82.66667127609253
EuroSAT,WIPT,0.0,2024,279,879,82.66667127609253
EuroSAT,Support-only Transformer,0.0,2024,279,879,86.66666746139526
EuroSAT,ProtoNet,fixed,2024,280,880,92.00000166893005
EuroSAT,WIPT,0.0,2024,280,880,92.00000166893005
EuroSAT,Support-only Transformer,0.0,2024,280,880,89.3333375453949
EuroSAT,ProtoNet,fixed,2024,281,881,87.99999952316284
EuroSAT,WIPT,0.0,2024,281,881,85.33333539962769
EuroSAT,Support-only Transformer,0.0,2024,281,881,80.0000011920929
EuroSAT,ProtoNet,fixed,2024,282,882,94.66667175292969
EuroSAT,WIPT,0.0,2024,282,882,93.33333373069763
EuroSAT,Support-only Transformer,0.0,2024,282,882,89.3333375453949
EuroSAT,ProtoNet,fixed,2024,283,883,86.66666746139526
EuroSAT,WIPT,0.0,2024,283,883,84.00000333786011
EuroSAT,Support-only Transformer,0.0,2024,283,883,84.00000333786011
EuroSAT,ProtoNet,fixed,2024,284,884,90.66666960716248
EuroSAT,WIPT,0.0,2024,284,884,84.00000333786011
EuroSAT,Support-only Transformer,0.0,2024,284,884,80.0000011920929
EuroSAT,ProtoNet,fixed,2024,285,885,86.66666746139526
EuroSAT,WIPT,0.0,2024,285,885,89.3333375453949
EuroSAT,Support-only Transformer,0.0,2024,285,885,90.66666960716248
EuroSAT,ProtoNet,fixed,2024,286,886,75.99999904632568
EuroSAT,WIPT,0.0,2024,286,886,74.6666669845581
EuroSAT,Support-only Transformer,0.0,2024,286,886,72.00000286102295
EuroSAT,ProtoNet,fixed,2024,287,887,86.66666746139526
EuroSAT,WIPT,0.0,2024,287,887,84.00000333786011
EuroSAT,Support-only Transformer,0.0,2024,287,887,85.33333539962769
EuroSAT,ProtoNet,fixed,2024,288,888,89.3333375453949
EuroSAT,WIPT,0.0,2024,288,888,87.99999952316284
EuroSAT,Support-only Transformer,0.0,2024,288,888,89.3333375453949
EuroSAT,ProtoNet,fixed,2024,289,889,80.0000011920929
EuroSAT,WIPT,0.0,2024,289,889,78.66666913032532
EuroSAT,Support-only Transformer,0.0,2024,289,889,74.6666669845581
EuroSAT,ProtoNet,fixed,2024,290,890,86.66666746139526
EuroSAT,WIPT,0.0,2024,290,890,86.66666746139526
EuroSAT,Support-only Transformer,0.0,2024,290,890,80.0000011920929
EuroSAT,ProtoNet,fixed,2024,291,891,77.33333706855774
EuroSAT,WIPT,0.0,2024,291,891,74.6666669845581
EuroSAT,Support-only Transformer,0.0,2024,291,891,75.99999904632568
EuroSAT,ProtoNet,fixed,2024,292,892,81.33333325386047
EuroSAT,WIPT,0.0,2024,292,892,85.33333539962769
EuroSAT,Support-only Transformer,0.0,2024,292,892,80.0000011920929
EuroSAT,ProtoNet,fixed,2024,293,893,89.3333375453949
EuroSAT,WIPT,0.0,2024,293,893,89.3333375453949
EuroSAT,Support-only Transformer,0.0,2024,293,893,87.99999952316284
EuroSAT,ProtoNet,fixed,2024,294,894,87.99999952316284
EuroSAT,WIPT,0.0,2024,294,894,89.3333375453949
EuroSAT,Support-only Transformer,0.0,2024,294,894,89.3333375453949
EuroSAT,ProtoNet,fixed,2024,295,895,87.99999952316284
EuroSAT,WIPT,0.0,2024,295,895,86.66666746139526
EuroSAT,Support-only Transformer,0.0,2024,295,895,77.33333706855774
EuroSAT,ProtoNet,fixed,2024,296,896,74.6666669845581
EuroSAT,WIPT,0.0,2024,296,896,72.00000286102295
EuroSAT,Support-only Transformer,0.0,2024,296,896,72.00000286102295
EuroSAT,ProtoNet,fixed,2024,297,897,84.00000333786011
EuroSAT,WIPT,0.0,2024,297,897,85.33333539962769
EuroSAT,Support-only Transformer,0.0,2024,297,897,78.66666913032532
EuroSAT,ProtoNet,fixed,2024,298,898,84.00000333786011
EuroSAT,WIPT,0.0,2024,298,898,85.33333539962769
EuroSAT,Support-only Transformer,0.0,2024,298,898,77.33333706855774
EuroSAT,ProtoNet,fixed,2024,299,899,82.66667127609253
EuroSAT,WIPT,0.0,2024,299,899,74.6666669845581
EuroSAT,Support-only Transformer,0.0,2024,299,899,63.999998569488525
EuroSAT,ProtoNet,fixed,7,0,900,84.00000333786011
EuroSAT,WIPT,0.0,7,0,900,81.33333325386047
EuroSAT,Support-only Transformer,0.0,7,0,900,78.66666913032532
EuroSAT,ProtoNet,fixed,7,1,901,87.99999952316284
EuroSAT,WIPT,0.0,7,1,901,85.33333539962769
EuroSAT,Support-only Transformer,0.0,7,1,901,89.3333375453949
EuroSAT,ProtoNet,fixed,7,2,902,78.66666913032532
EuroSAT,WIPT,0.0,7,2,902,78.66666913032532
EuroSAT,Support-only Transformer,0.0,7,2,902,77.33333706855774
EuroSAT,ProtoNet,fixed,7,3,903,86.66666746139526
EuroSAT,WIPT,0.0,7,3,903,82.66667127609253
EuroSAT,Support-only Transformer,0.0,7,3,903,84.00000333786011
EuroSAT,ProtoNet,fixed,7,4,904,87.99999952316284
EuroSAT,WIPT,0.0,7,4,904,86.66666746139526
EuroSAT,Support-only Transformer,0.0,7,4,904,85.33333539962769
EuroSAT,ProtoNet,fixed,7,5,905,86.66666746139526
EuroSAT,WIPT,0.0,7,5,905,94.66667175292969
EuroSAT,Support-only Transformer,0.0,7,5,905,93.33333373069763
EuroSAT,ProtoNet,fixed,7,6,906,85.33333539962769
EuroSAT,WIPT,0.0,7,6,906,87.99999952316284
EuroSAT,Support-only Transformer,0.0,7,6,906,84.00000333786011
EuroSAT,ProtoNet,fixed,7,7,907,73.33333492279053
EuroSAT,WIPT,0.0,7,7,907,72.00000286102295
EuroSAT,Support-only Transformer,0.0,7,7,907,74.6666669845581
EuroSAT,ProtoNet,fixed,7,8,908,82.66667127609253
EuroSAT,WIPT,0.0,7,8,908,80.0000011920929
EuroSAT,Support-only Transformer,0.0,7,8,908,74.6666669845581
EuroSAT,ProtoNet,fixed,7,9,909,77.33333706855774
EuroSAT,WIPT,0.0,7,9,909,75.99999904632568
EuroSAT,Support-only Transformer,0.0,7,9,909,80.0000011920929
EuroSAT,ProtoNet,fixed,7,10,910,92.00000166893005
EuroSAT,WIPT,0.0,7,10,910,90.66666960716248
EuroSAT,Support-only Transformer,0.0,7,10,910,93.33333373069763
EuroSAT,ProtoNet,fixed,7,11,911,80.0000011920929
EuroSAT,WIPT,0.0,7,11,911,81.33333325386047
EuroSAT,Support-only Transformer,0.0,7,11,911,75.99999904632568
EuroSAT,ProtoNet,fixed,7,12,912,80.0000011920929
EuroSAT,WIPT,0.0,7,12,912,87.99999952316284
EuroSAT,Support-only Transformer,0.0,7,12,912,80.0000011920929
EuroSAT,ProtoNet,fixed,7,13,913,90.66666960716248
EuroSAT,WIPT,0.0,7,13,913,87.99999952316284
EuroSAT,Support-only Transformer,0.0,7,13,913,86.66666746139526
EuroSAT,ProtoNet,fixed,7,14,914,90.66666960716248
EuroSAT,WIPT,0.0,7,14,914,89.3333375453949
EuroSAT,Support-only Transformer,0.0,7,14,914,87.99999952316284
EuroSAT,ProtoNet,fixed,7,15,915,60.00000238418579
EuroSAT,WIPT,0.0,7,15,915,57.33333230018616
EuroSAT,Support-only Transformer,0.0,7,15,915,57.33333230018616
EuroSAT,ProtoNet,fixed,7,16,916,85.33333539962769
EuroSAT,WIPT,0.0,7,16,916,85.33333539962769
EuroSAT,Support-only Transformer,0.0,7,16,916,86.66666746139526
EuroSAT,ProtoNet,fixed,7,17,917,78.66666913032532
EuroSAT,WIPT,0.0,7,17,917,74.6666669845581
EuroSAT,Support-only Transformer,0.0,7,17,917,75.99999904632568
EuroSAT,ProtoNet,fixed,7,18,918,66.66666865348816
EuroSAT,WIPT,0.0,7,18,918,68.00000071525574
EuroSAT,Support-only Transformer,0.0,7,18,918,60.00000238418579
EuroSAT,ProtoNet,fixed,7,19,919,82.66667127609253
EuroSAT,WIPT,0.0,7,19,919,78.66666913032532
EuroSAT,Support-only Transformer,0.0,7,19,919,74.6666669845581
EuroSAT,ProtoNet,fixed,7,20,920,77.33333706855774
EuroSAT,WIPT,0.0,7,20,920,72.00000286102295
EuroSAT,Support-only Transformer,0.0,7,20,920,69.33333277702332
EuroSAT,ProtoNet,fixed,7,21,921,78.66666913032532
EuroSAT,WIPT,0.0,7,21,921,77.33333706855774
EuroSAT,Support-only Transformer,0.0,7,21,921,75.99999904632568
EuroSAT,ProtoNet,fixed,7,22,922,86.66666746139526
EuroSAT,WIPT,0.0,7,22,922,84.00000333786011
EuroSAT,Support-only Transformer,0.0,7,22,922,82.66667127609253
EuroSAT,ProtoNet,fixed,7,23,923,73.33333492279053
EuroSAT,WIPT,0.0,7,23,923,72.00000286102295
EuroSAT,Support-only Transformer,0.0,7,23,923,72.00000286102295
EuroSAT,ProtoNet,fixed,7,24,924,85.33333539962769
EuroSAT,WIPT,0.0,7,24,924,86.66666746139526
EuroSAT,Support-only Transformer,0.0,7,24,924,89.3333375453949
EuroSAT,ProtoNet,fixed,7,25,925,82.66667127609253
EuroSAT,WIPT,0.0,7,25,925,84.00000333786011
EuroSAT,Support-only Transformer,0.0,7,25,925,84.00000333786011
EuroSAT,ProtoNet,fixed,7,26,926,81.33333325386047
EuroSAT,WIPT,0.0,7,26,926,75.99999904632568
EuroSAT,Support-only Transformer,0.0,7,26,926,73.33333492279053
EuroSAT,ProtoNet,fixed,7,27,927,78.66666913032532
EuroSAT,WIPT,0.0,7,27,927,77.33333706855774
EuroSAT,Support-only Transformer,0.0,7,27,927,75.99999904632568
EuroSAT,ProtoNet,fixed,7,28,928,92.00000166893005
EuroSAT,WIPT,0.0,7,28,928,89.3333375453949
EuroSAT,Support-only Transformer,0.0,7,28,928,89.3333375453949
EuroSAT,ProtoNet,fixed,7,29,929,89.3333375453949
EuroSAT,WIPT,0.0,7,29,929,92.00000166893005
EuroSAT,Support-only Transformer,0.0,7,29,929,92.00000166893005
EuroSAT,ProtoNet,fixed,7,30,930,89.3333375453949
EuroSAT,WIPT,0.0,7,30,930,86.66666746139526
EuroSAT,Support-only Transformer,0.0,7,30,930,87.99999952316284
EuroSAT,ProtoNet,fixed,7,31,931,77.33333706855774
EuroSAT,WIPT,0.0,7,31,931,81.33333325386047
EuroSAT,Support-only Transformer,0.0,7,31,931,77.33333706855774
EuroSAT,ProtoNet,fixed,7,32,932,78.66666913032532
EuroSAT,WIPT,0.0,7,32,932,77.33333706855774
EuroSAT,Support-only Transformer,0.0,7,32,932,70.66667079925537
EuroSAT,ProtoNet,fixed,7,33,933,78.66666913032532
EuroSAT,WIPT,0.0,7,33,933,82.66667127609253
EuroSAT,Support-only Transformer,0.0,7,33,933,81.33333325386047
EuroSAT,ProtoNet,fixed,7,34,934,85.33333539962769
EuroSAT,WIPT,0.0,7,34,934,87.99999952316284
EuroSAT,Support-only Transformer,0.0,7,34,934,86.66666746139526
EuroSAT,ProtoNet,fixed,7,35,935,87.99999952316284
EuroSAT,WIPT,0.0,7,35,935,82.66667127609253
EuroSAT,Support-only Transformer,0.0,7,35,935,89.3333375453949
EuroSAT,ProtoNet,fixed,7,36,936,86.66666746139526
EuroSAT,WIPT,0.0,7,36,936,89.3333375453949
EuroSAT,Support-only Transformer,0.0,7,36,936,89.3333375453949
EuroSAT,ProtoNet,fixed,7,37,937,74.6666669845581
EuroSAT,WIPT,0.0,7,37,937,72.00000286102295
EuroSAT,Support-only Transformer,0.0,7,37,937,74.6666669845581
EuroSAT,ProtoNet,fixed,7,38,938,77.33333706855774
EuroSAT,WIPT,0.0,7,38,938,69.33333277702332
EuroSAT,Support-only Transformer,0.0,7,38,938,65.33333659172058
EuroSAT,ProtoNet,fixed,7,39,939,82.66667127609253
EuroSAT,WIPT,0.0,7,39,939,80.0000011920929
EuroSAT,Support-only Transformer,0.0,7,39,939,85.33333539962769
EuroSAT,ProtoNet,fixed,7,40,940,81.33333325386047
EuroSAT,WIPT,0.0,7,40,940,82.66667127609253
EuroSAT,Support-only Transformer,0.0,7,40,940,77.33333706855774
EuroSAT,ProtoNet,fixed,7,41,941,85.33333539962769
EuroSAT,WIPT,0.0,7,41,941,85.33333539962769
EuroSAT,Support-only Transformer,0.0,7,41,941,82.66667127609253
EuroSAT,ProtoNet,fixed,7,42,942,90.66666960716248
EuroSAT,WIPT,0.0,7,42,942,87.99999952316284
EuroSAT,Support-only Transformer,0.0,7,42,942,86.66666746139526
EuroSAT,ProtoNet,fixed,7,43,943,87.99999952316284
EuroSAT,WIPT,0.0,7,43,943,86.66666746139526
EuroSAT,Support-only Transformer,0.0,7,43,943,90.66666960716248
EuroSAT,ProtoNet,fixed,7,44,944,84.00000333786011
EuroSAT,WIPT,0.0,7,44,944,89.3333375453949
EuroSAT,Support-only Transformer,0.0,7,44,944,85.33333539962769
EuroSAT,ProtoNet,fixed,7,45,945,81.33333325386047
EuroSAT,WIPT,0.0,7,45,945,81.33333325386047
EuroSAT,Support-only Transformer,0.0,7,45,945,82.66667127609253
EuroSAT,ProtoNet,fixed,7,46,946,81.33333325386047
EuroSAT,WIPT,0.0,7,46,946,80.0000011920929
EuroSAT,Support-only Transformer,0.0,7,46,946,77.33333706855774
EuroSAT,ProtoNet,fixed,7,47,947,97.33333587646484
EuroSAT,WIPT,0.0,7,47,947,97.33333587646484
EuroSAT,Support-only Transformer,0.0,7,47,947,94.66667175292969
EuroSAT,ProtoNet,fixed,7,48,948,70.66667079925537
EuroSAT,WIPT,0.0,7,48,948,68.00000071525574
EuroSAT,Support-only Transformer,0.0,7,48,948,63.999998569488525
EuroSAT,ProtoNet,fixed,7,49,949,89.3333375453949
EuroSAT,WIPT,0.0,7,49,949,86.66666746139526
EuroSAT,Support-only Transformer,0.0,7,49,949,86.66666746139526
EuroSAT,ProtoNet,fixed,7,50,950,72.00000286102295
EuroSAT,WIPT,0.0,7,50,950,69.33333277702332
EuroSAT,Support-only Transformer,0.0,7,50,950,68.00000071525574
EuroSAT,ProtoNet,fixed,7,51,951,90.66666960716248
EuroSAT,WIPT,0.0,7,51,951,87.99999952316284
EuroSAT,Support-only Transformer,0.0,7,51,951,80.0000011920929
EuroSAT,ProtoNet,fixed,7,52,952,89.3333375453949
EuroSAT,WIPT,0.0,7,52,952,93.33333373069763
EuroSAT,Support-only Transformer,0.0,7,52,952,87.99999952316284
EuroSAT,ProtoNet,fixed,7,53,953,84.00000333786011
EuroSAT,WIPT,0.0,7,53,953,82.66667127609253
EuroSAT,Support-only Transformer,0.0,7,53,953,81.33333325386047
EuroSAT,ProtoNet,fixed,7,54,954,84.00000333786011
EuroSAT,WIPT,0.0,7,54,954,82.66667127609253
EuroSAT,Support-only Transformer,0.0,7,54,954,87.99999952316284
EuroSAT,ProtoNet,fixed,7,55,955,68.00000071525574
EuroSAT,WIPT,0.0,7,55,955,70.66667079925537
EuroSAT,Support-only Transformer,0.0,7,55,955,73.33333492279053
EuroSAT,ProtoNet,fixed,7,56,956,78.66666913032532
EuroSAT,WIPT,0.0,7,56,956,87.99999952316284
EuroSAT,Support-only Transformer,0.0,7,56,956,86.66666746139526
EuroSAT,ProtoNet,fixed,7,57,957,85.33333539962769
EuroSAT,WIPT,0.0,7,57,957,89.3333375453949
EuroSAT,Support-only Transformer,0.0,7,57,957,89.3333375453949
EuroSAT,ProtoNet,fixed,7,58,958,85.33333539962769
EuroSAT,WIPT,0.0,7,58,958,87.99999952316284
EuroSAT,Support-only Transformer,0.0,7,58,958,90.66666960716248
EuroSAT,ProtoNet,fixed,7,59,959,82.66667127609253
EuroSAT,WIPT,0.0,7,59,959,80.0000011920929
EuroSAT,Support-only Transformer,0.0,7,59,959,75.99999904632568
EuroSAT,ProtoNet,fixed,7,60,960,80.0000011920929
EuroSAT,WIPT,0.0,7,60,960,82.66667127609253
EuroSAT,Support-only Transformer,0.0,7,60,960,81.33333325386047
EuroSAT,ProtoNet,fixed,7,61,961,85.33333539962769
EuroSAT,WIPT,0.0,7,61,961,87.99999952316284
EuroSAT,Support-only Transformer,0.0,7,61,961,90.66666960716248
EuroSAT,ProtoNet,fixed,7,62,962,70.66667079925537
EuroSAT,WIPT,0.0,7,62,962,74.6666669845581
EuroSAT,Support-only Transformer,0.0,7,62,962,73.33333492279053
EuroSAT,ProtoNet,fixed,7,63,963,70.66667079925537
EuroSAT,WIPT,0.0,7,63,963,72.00000286102295
EuroSAT,Support-only Transformer,0.0,7,63,963,72.00000286102295
EuroSAT,ProtoNet,fixed,7,64,964,74.6666669845581
EuroSAT,WIPT,0.0,7,64,964,77.33333706855774
EuroSAT,Support-only Transformer,0.0,7,64,964,75.99999904632568
EuroSAT,ProtoNet,fixed,7,65,965,80.0000011920929
EuroSAT,WIPT,0.0,7,65,965,80.0000011920929
EuroSAT,Support-only Transformer,0.0,7,65,965,78.66666913032532
EuroSAT,ProtoNet,fixed,7,66,966,65.33333659172058
EuroSAT,WIPT,0.0,7,66,966,62.66666650772095
EuroSAT,Support-only Transformer,0.0,7,66,966,62.66666650772095
EuroSAT,ProtoNet,fixed,7,67,967,84.00000333786011
EuroSAT,WIPT,0.0,7,67,967,85.33333539962769
EuroSAT,Support-only Transformer,0.0,7,67,967,90.66666960716248
EuroSAT,ProtoNet,fixed,7,68,968,92.00000166893005
EuroSAT,WIPT,0.0,7,68,968,92.00000166893005
EuroSAT,Support-only Transformer,0.0,7,68,968,87.99999952316284
EuroSAT,ProtoNet,fixed,7,69,969,80.0000011920929
EuroSAT,WIPT,0.0,7,69,969,77.33333706855774
EuroSAT,Support-only Transformer,0.0,7,69,969,73.33333492279053
EuroSAT,ProtoNet,fixed,7,70,970,85.33333539962769
EuroSAT,WIPT,0.0,7,70,970,82.66667127609253
EuroSAT,Support-only Transformer,0.0,7,70,970,85.33333539962769
EuroSAT,ProtoNet,fixed,7,71,971,86.66666746139526
EuroSAT,WIPT,0.0,7,71,971,86.66666746139526
EuroSAT,Support-only Transformer,0.0,7,71,971,81.33333325386047
EuroSAT,ProtoNet,fixed,7,72,972,75.99999904632568
EuroSAT,WIPT,0.0,7,72,972,78.66666913032532
EuroSAT,Support-only Transformer,0.0,7,72,972,77.33333706855774
EuroSAT,ProtoNet,fixed,7,73,973,84.00000333786011
EuroSAT,WIPT,0.0,7,73,973,84.00000333786011
EuroSAT,Support-only Transformer,0.0,7,73,973,85.33333539962769
EuroSAT,ProtoNet,fixed,7,74,974,89.3333375453949
EuroSAT,WIPT,0.0,7,74,974,90.66666960716248
EuroSAT,Support-only Transformer,0.0,7,74,974,92.00000166893005
EuroSAT,ProtoNet,fixed,7,75,975,89.3333375453949
EuroSAT,WIPT,0.0,7,75,975,87.99999952316284
EuroSAT,Support-only Transformer,0.0,7,75,975,81.33333325386047
EuroSAT,ProtoNet,fixed,7,76,976,81.33333325386047
EuroSAT,WIPT,0.0,7,76,976,74.6666669845581
EuroSAT,Support-only Transformer,0.0,7,76,976,73.33333492279053
EuroSAT,ProtoNet,fixed,7,77,977,87.99999952316284
EuroSAT,WIPT,0.0,7,77,977,86.66666746139526
EuroSAT,Support-only Transformer,0.0,7,77,977,87.99999952316284
EuroSAT,ProtoNet,fixed,7,78,978,87.99999952316284
EuroSAT,WIPT,0.0,7,78,978,84.00000333786011
EuroSAT,Support-only Transformer,0.0,7,78,978,86.66666746139526
EuroSAT,ProtoNet,fixed,7,79,979,80.0000011920929
EuroSAT,WIPT,0.0,7,79,979,77.33333706855774
EuroSAT,Support-only Transformer,0.0,7,79,979,77.33333706855774
EuroSAT,ProtoNet,fixed,7,80,980,77.33333706855774
EuroSAT,WIPT,0.0,7,80,980,77.33333706855774
EuroSAT,Support-only Transformer,0.0,7,80,980,77.33333706855774
EuroSAT,ProtoNet,fixed,7,81,981,86.66666746139526
EuroSAT,WIPT,0.0,7,81,981,85.33333539962769
EuroSAT,Support-only Transformer,0.0,7,81,981,82.66667127609253
EuroSAT,ProtoNet,fixed,7,82,982,87.99999952316284
EuroSAT,WIPT,0.0,7,82,982,84.00000333786011
EuroSAT,Support-only Transformer,0.0,7,82,982,81.33333325386047
EuroSAT,ProtoNet,fixed,7,83,983,85.33333539962769
EuroSAT,WIPT,0.0,7,83,983,84.00000333786011
EuroSAT,Support-only Transformer,0.0,7,83,983,78.66666913032532
EuroSAT,ProtoNet,fixed,7,84,984,80.0000011920929
EuroSAT,WIPT,0.0,7,84,984,80.0000011920929
EuroSAT,Support-only Transformer,0.0,7,84,984,82.66667127609253
EuroSAT,ProtoNet,fixed,7,85,985,84.00000333786011
EuroSAT,WIPT,0.0,7,85,985,82.66667127609253
EuroSAT,Support-only Transformer,0.0,7,85,985,82.66667127609253
EuroSAT,ProtoNet,fixed,7,86,986,89.3333375453949
EuroSAT,WIPT,0.0,7,86,986,85.33333539962769
EuroSAT,Support-only Transformer,0.0,7,86,986,84.00000333786011
EuroSAT,ProtoNet,fixed,7,87,987,86.66666746139526
EuroSAT,WIPT,0.0,7,87,987,84.00000333786011
EuroSAT,Support-only Transformer,0.0,7,87,987,84.00000333786011
EuroSAT,ProtoNet,fixed,7,88,988,86.66666746139526
EuroSAT,WIPT,0.0,7,88,988,86.66666746139526
EuroSAT,Support-only Transformer,0.0,7,88,988,89.3333375453949
EuroSAT,ProtoNet,fixed,7,89,989,90.66666960716248
EuroSAT,WIPT,0.0,7,89,989,93.33333373069763
EuroSAT,Support-only Transformer,0.0,7,89,989,93.33333373069763
EuroSAT,ProtoNet,fixed,7,90,990,81.33333325386047
EuroSAT,WIPT,0.0,7,90,990,81.33333325386047
EuroSAT,Support-only Transformer,0.0,7,90,990,82.66667127609253
EuroSAT,ProtoNet,fixed,7,91,991,77.33333706855774
EuroSAT,WIPT,0.0,7,91,991,75.99999904632568
EuroSAT,Support-only Transformer,0.0,7,91,991,75.99999904632568
EuroSAT,ProtoNet,fixed,7,92,992,92.00000166893005
EuroSAT,WIPT,0.0,7,92,992,89.3333375453949
EuroSAT,Support-only Transformer,0.0,7,92,992,85.33333539962769
EuroSAT,ProtoNet,fixed,7,93,993,84.00000333786011
EuroSAT,WIPT,0.0,7,93,993,80.0000011920929
EuroSAT,Support-only Transformer,0.0,7,93,993,80.0000011920929
EuroSAT,ProtoNet,fixed,7,94,994,89.3333375453949
EuroSAT,WIPT,0.0,7,94,994,89.3333375453949
EuroSAT,Support-only Transformer,0.0,7,94,994,85.33333539962769
EuroSAT,ProtoNet,fixed,7,95,995,85.33333539962769
EuroSAT,WIPT,0.0,7,95,995,86.66666746139526
EuroSAT,Support-only Transformer,0.0,7,95,995,86.66666746139526
EuroSAT,ProtoNet,fixed,7,96,996,80.0000011920929
EuroSAT,WIPT,0.0,7,96,996,78.66666913032532
EuroSAT,Support-only Transformer,0.0,7,96,996,81.33333325386047
EuroSAT,ProtoNet,fixed,7,97,997,81.33333325386047
EuroSAT,WIPT,0.0,7,97,997,85.33333539962769
EuroSAT,Support-only Transformer,0.0,7,97,997,82.66667127609253
EuroSAT,ProtoNet,fixed,7,98,998,86.66666746139526
EuroSAT,WIPT,0.0,7,98,998,80.0000011920929
EuroSAT,Support-only Transformer,0.0,7,98,998,72.00000286102295
EuroSAT,ProtoNet,fixed,7,99,999,90.66666960716248
EuroSAT,WIPT,0.0,7,99,999,89.3333375453949
EuroSAT,Support-only Transformer,0.0,7,99,999,87.99999952316284
EuroSAT,ProtoNet,fixed,7,100,1000,84.00000333786011
EuroSAT,WIPT,0.0,7,100,1000,85.33333539962769
EuroSAT,Support-only Transformer,0.0,7,100,1000,85.33333539962769
EuroSAT,ProtoNet,fixed,7,101,1001,89.3333375453949
EuroSAT,WIPT,0.0,7,101,1001,89.3333375453949
EuroSAT,Support-only Transformer,0.0,7,101,1001,90.66666960716248
EuroSAT,ProtoNet,fixed,7,102,1002,94.66667175292969
EuroSAT,WIPT,0.0,7,102,1002,92.00000166893005
EuroSAT,Support-only Transformer,0.0,7,102,1002,89.3333375453949
EuroSAT,ProtoNet,fixed,7,103,1003,96.00000381469727
EuroSAT,WIPT,0.0,7,103,1003,96.00000381469727
EuroSAT,Support-only Transformer,0.0,7,103,1003,96.00000381469727
EuroSAT,ProtoNet,fixed,7,104,1004,81.33333325386047
EuroSAT,WIPT,0.0,7,104,1004,81.33333325386047
EuroSAT,Support-only Transformer,0.0,7,104,1004,72.00000286102295
EuroSAT,ProtoNet,fixed,7,105,1005,81.33333325386047
EuroSAT,WIPT,0.0,7,105,1005,77.33333706855774
EuroSAT,Support-only Transformer,0.0,7,105,1005,72.00000286102295
EuroSAT,ProtoNet,fixed,7,106,1006,87.99999952316284
EuroSAT,WIPT,0.0,7,106,1006,87.99999952316284
EuroSAT,Support-only Transformer,0.0,7,106,1006,85.33333539962769
EuroSAT,ProtoNet,fixed,7,107,1007,86.66666746139526
EuroSAT,WIPT,0.0,7,107,1007,86.66666746139526
EuroSAT,Support-only Transformer,0.0,7,107,1007,82.66667127609253
EuroSAT,ProtoNet,fixed,7,108,1008,73.33333492279053
EuroSAT,WIPT,0.0,7,108,1008,74.6666669845581
EuroSAT,Support-only Transformer,0.0,7,108,1008,75.99999904632568
EuroSAT,ProtoNet,fixed,7,109,1009,94.66667175292969
EuroSAT,WIPT,0.0,7,109,1009,93.33333373069763
EuroSAT,Support-only Transformer,0.0,7,109,1009,92.00000166893005
EuroSAT,ProtoNet,fixed,7,110,1010,87.99999952316284
EuroSAT,WIPT,0.0,7,110,1010,86.66666746139526
EuroSAT,Support-only Transformer,0.0,7,110,1010,86.66666746139526
EuroSAT,ProtoNet,fixed,7,111,1011,78.66666913032532
EuroSAT,WIPT,0.0,7,111,1011,77.33333706855774
EuroSAT,Support-only Transformer,0.0,7,111,1011,77.33333706855774
EuroSAT,ProtoNet,fixed,7,112,1012,69.33333277702332
EuroSAT,WIPT,0.0,7,112,1012,66.66666865348816
EuroSAT,Support-only Transformer,0.0,7,112,1012,63.999998569488525
EuroSAT,ProtoNet,fixed,7,113,1013,73.33333492279053
EuroSAT,WIPT,0.0,7,113,1013,70.66667079925537
EuroSAT,Support-only Transformer,0.0,7,113,1013,66.66666865348816
EuroSAT,ProtoNet,fixed,7,114,1014,80.0000011920929
EuroSAT,WIPT,0.0,7,114,1014,77.33333706855774
EuroSAT,Support-only Transformer,0.0,7,114,1014,74.6666669845581
EuroSAT,ProtoNet,fixed,7,115,1015,84.00000333786011
EuroSAT,WIPT,0.0,7,115,1015,85.33333539962769
EuroSAT,Support-only Transformer,0.0,7,115,1015,85.33333539962769
EuroSAT,ProtoNet,fixed,7,116,1016,80.0000011920929
EuroSAT,WIPT,0.0,7,116,1016,80.0000011920929
EuroSAT,Support-only Transformer,0.0,7,116,1016,75.99999904632568
EuroSAT,ProtoNet,fixed,7,117,1017,74.6666669845581
EuroSAT,WIPT,0.0,7,117,1017,68.00000071525574
EuroSAT,Support-only Transformer,0.0,7,117,1017,62.66666650772095
EuroSAT,ProtoNet,fixed,7,118,1018,81.33333325386047
EuroSAT,WIPT,0.0,7,118,1018,75.99999904632568
EuroSAT,Support-only Transformer,0.0,7,118,1018,75.99999904632568
EuroSAT,ProtoNet,fixed,7,119,1019,82.66667127609253
EuroSAT,WIPT,0.0,7,119,1019,82.66667127609253
EuroSAT,Support-only Transformer,0.0,7,119,1019,84.00000333786011
EuroSAT,ProtoNet,fixed,7,120,1020,93.33333373069763
EuroSAT,WIPT,0.0,7,120,1020,93.33333373069763
EuroSAT,Support-only Transformer,0.0,7,120,1020,93.33333373069763
EuroSAT,ProtoNet,fixed,7,121,1021,74.6666669845581
EuroSAT,WIPT,0.0,7,121,1021,80.0000011920929
EuroSAT,Support-only Transformer,0.0,7,121,1021,85.33333539962769
EuroSAT,ProtoNet,fixed,7,122,1022,81.33333325386047
EuroSAT,WIPT,0.0,7,122,1022,85.33333539962769
EuroSAT,Support-only Transformer,0.0,7,122,1022,81.33333325386047
EuroSAT,ProtoNet,fixed,7,123,1023,89.3333375453949
EuroSAT,WIPT,0.0,7,123,1023,87.99999952316284
EuroSAT,Support-only Transformer,0.0,7,123,1023,90.66666960716248
EuroSAT,ProtoNet,fixed,7,124,1024,87.99999952316284
EuroSAT,WIPT,0.0,7,124,1024,89.3333375453949
EuroSAT,Support-only Transformer,0.0,7,124,1024,84.00000333786011
EuroSAT,ProtoNet,fixed,7,125,1025,84.00000333786011
EuroSAT,WIPT,0.0,7,125,1025,75.99999904632568
EuroSAT,Support-only Transformer,0.0,7,125,1025,78.66666913032532
EuroSAT,ProtoNet,fixed,7,126,1026,89.3333375453949
EuroSAT,WIPT,0.0,7,126,1026,89.3333375453949
EuroSAT,Support-only Transformer,0.0,7,126,1026,86.66666746139526
EuroSAT,ProtoNet,fixed,7,127,1027,82.66667127609253
EuroSAT,WIPT,0.0,7,127,1027,78.66666913032532
EuroSAT,Support-only Transformer,0.0,7,127,1027,74.6666669845581
EuroSAT,ProtoNet,fixed,7,128,1028,77.33333706855774
EuroSAT,WIPT,0.0,7,128,1028,77.33333706855774
EuroSAT,Support-only Transformer,0.0,7,128,1028,77.33333706855774
EuroSAT,ProtoNet,fixed,7,129,1029,84.00000333786011
EuroSAT,WIPT,0.0,7,129,1029,82.66667127609253
EuroSAT,Support-only Transformer,0.0,7,129,1029,84.00000333786011
EuroSAT,ProtoNet,fixed,7,130,1030,82.66667127609253
EuroSAT,WIPT,0.0,7,130,1030,84.00000333786011
EuroSAT,Support-only Transformer,0.0,7,130,1030,75.99999904632568
EuroSAT,ProtoNet,fixed,7,131,1031,72.00000286102295
EuroSAT,WIPT,0.0,7,131,1031,70.66667079925537
EuroSAT,Support-only Transformer,0.0,7,131,1031,72.00000286102295
EuroSAT,ProtoNet,fixed,7,132,1032,78.66666913032532
EuroSAT,WIPT,0.0,7,132,1032,78.66666913032532
EuroSAT,Support-only Transformer,0.0,7,132,1032,77.33333706855774
EuroSAT,ProtoNet,fixed,7,133,1033,84.00000333786011
EuroSAT,WIPT,0.0,7,133,1033,84.00000333786011
EuroSAT,Support-only Transformer,0.0,7,133,1033,80.0000011920929
EuroSAT,ProtoNet,fixed,7,134,1034,81.33333325386047
EuroSAT,WIPT,0.0,7,134,1034,81.33333325386047
EuroSAT,Support-only Transformer,0.0,7,134,1034,78.66666913032532
EuroSAT,ProtoNet,fixed,7,135,1035,86.66666746139526
EuroSAT,WIPT,0.0,7,135,1035,81.33333325386047
EuroSAT,Support-only Transformer,0.0,7,135,1035,81.33333325386047
EuroSAT,ProtoNet,fixed,7,136,1036,65.33333659172058
EuroSAT,WIPT,0.0,7,136,1036,60.00000238418579
EuroSAT,Support-only Transformer,0.0,7,136,1036,58.66667032241821
EuroSAT,ProtoNet,fixed,7,137,1037,82.66667127609253
EuroSAT,WIPT,0.0,7,137,1037,84.00000333786011
EuroSAT,Support-only Transformer,0.0,7,137,1037,84.00000333786011
EuroSAT,ProtoNet,fixed,7,138,1038,80.0000011920929
EuroSAT,WIPT,0.0,7,138,1038,82.66667127609253
EuroSAT,Support-only Transformer,0.0,7,138,1038,75.99999904632568
EuroSAT,ProtoNet,fixed,7,139,1039,72.00000286102295
EuroSAT,WIPT,0.0,7,139,1039,68.00000071525574
EuroSAT,Support-only Transformer,0.0,7,139,1039,65.33333659172058
EuroSAT,ProtoNet,fixed,7,140,1040,72.00000286102295
EuroSAT,WIPT,0.0,7,140,1040,65.33333659172058
EuroSAT,Support-only Transformer,0.0,7,140,1040,68.00000071525574
EuroSAT,ProtoNet,fixed,7,141,1041,81.33333325386047
EuroSAT,WIPT,0.0,7,141,1041,82.66667127609253
EuroSAT,Support-only Transformer,0.0,7,141,1041,84.00000333786011
EuroSAT,ProtoNet,fixed,7,142,1042,87.99999952316284
EuroSAT,WIPT,0.0,7,142,1042,86.66666746139526
EuroSAT,Support-only Transformer,0.0,7,142,1042,86.66666746139526
EuroSAT,ProtoNet,fixed,7,143,1043,85.33333539962769
EuroSAT,WIPT,0.0,7,143,1043,82.66667127609253
EuroSAT,Support-only Transformer,0.0,7,143,1043,84.00000333786011
EuroSAT,ProtoNet,fixed,7,144,1044,82.66667127609253
EuroSAT,WIPT,0.0,7,144,1044,77.33333706855774
EuroSAT,Support-only Transformer,0.0,7,144,1044,74.6666669845581
EuroSAT,ProtoNet,fixed,7,145,1045,84.00000333786011
EuroSAT,WIPT,0.0,7,145,1045,82.66667127609253
EuroSAT,Support-only Transformer,0.0,7,145,1045,82.66667127609253
EuroSAT,ProtoNet,fixed,7,146,1046,73.33333492279053
EuroSAT,WIPT,0.0,7,146,1046,77.33333706855774
EuroSAT,Support-only Transformer,0.0,7,146,1046,78.66666913032532
EuroSAT,ProtoNet,fixed,7,147,1047,81.33333325386047
EuroSAT,WIPT,0.0,7,147,1047,80.0000011920929
EuroSAT,Support-only Transformer,0.0,7,147,1047,78.66666913032532
EuroSAT,ProtoNet,fixed,7,148,1048,77.33333706855774
EuroSAT,WIPT,0.0,7,148,1048,80.0000011920929
EuroSAT,Support-only Transformer,0.0,7,148,1048,74.6666669845581
EuroSAT,ProtoNet,fixed,7,149,1049,97.33333587646484
EuroSAT,WIPT,0.0,7,149,1049,94.66667175292969
EuroSAT,Support-only Transformer,0.0,7,149,1049,93.33333373069763
EuroSAT,ProtoNet,fixed,7,150,1050,69.33333277702332
EuroSAT,WIPT,0.0,7,150,1050,75.99999904632568
EuroSAT,Support-only Transformer,0.0,7,150,1050,74.6666669845581
EuroSAT,ProtoNet,fixed,7,151,1051,89.3333375453949
EuroSAT,WIPT,0.0,7,151,1051,89.3333375453949
EuroSAT,Support-only Transformer,0.0,7,151,1051,89.3333375453949
EuroSAT,ProtoNet,fixed,7,152,1052,85.33333539962769
EuroSAT,WIPT,0.0,7,152,1052,87.99999952316284
EuroSAT,Support-only Transformer,0.0,7,152,1052,86.66666746139526
EuroSAT,ProtoNet,fixed,7,153,1053,82.66667127609253
EuroSAT,WIPT,0.0,7,153,1053,78.66666913032532
EuroSAT,Support-only Transformer,0.0,7,153,1053,77.33333706855774
EuroSAT,ProtoNet,fixed,7,154,1054,74.6666669845581
EuroSAT,WIPT,0.0,7,154,1054,74.6666669845581
EuroSAT,Support-only Transformer,0.0,7,154,1054,75.99999904632568
EuroSAT,ProtoNet,fixed,7,155,1055,73.33333492279053
EuroSAT,WIPT,0.0,7,155,1055,74.6666669845581
EuroSAT,Support-only Transformer,0.0,7,155,1055,78.66666913032532
EuroSAT,ProtoNet,fixed,7,156,1056,78.66666913032532
EuroSAT,WIPT,0.0,7,156,1056,80.0000011920929
EuroSAT,Support-only Transformer,0.0,7,156,1056,80.0000011920929
EuroSAT,ProtoNet,fixed,7,157,1057,87.99999952316284
EuroSAT,WIPT,0.0,7,157,1057,82.66667127609253
EuroSAT,Support-only Transformer,0.0,7,157,1057,80.0000011920929
EuroSAT,ProtoNet,fixed,7,158,1058,81.33333325386047
EuroSAT,WIPT,0.0,7,158,1058,81.33333325386047
EuroSAT,Support-only Transformer,0.0,7,158,1058,81.33333325386047
EuroSAT,ProtoNet,fixed,7,159,1059,86.66666746139526
EuroSAT,WIPT,0.0,7,159,1059,86.66666746139526
EuroSAT,Support-only Transformer,0.0,7,159,1059,84.00000333786011
EuroSAT,ProtoNet,fixed,7,160,1060,86.66666746139526
EuroSAT,WIPT,0.0,7,160,1060,87.99999952316284
EuroSAT,Support-only Transformer,0.0,7,160,1060,85.33333539962769
EuroSAT,ProtoNet,fixed,7,161,1061,69.33333277702332
EuroSAT,WIPT,0.0,7,161,1061,72.00000286102295
EuroSAT,Support-only Transformer,0.0,7,161,1061,80.0000011920929
EuroSAT,ProtoNet,fixed,7,162,1062,75.99999904632568
EuroSAT,WIPT,0.0,7,162,1062,74.6666669845581
EuroSAT,Support-only Transformer,0.0,7,162,1062,75.99999904632568
EuroSAT,ProtoNet,fixed,7,163,1063,86.66666746139526
EuroSAT,WIPT,0.0,7,163,1063,87.99999952316284
EuroSAT,Support-only Transformer,0.0,7,163,1063,84.00000333786011
EuroSAT,ProtoNet,fixed,7,164,1064,66.66666865348816
EuroSAT,WIPT,0.0,7,164,1064,68.00000071525574
EuroSAT,Support-only Transformer,0.0,7,164,1064,61.33333444595337
EuroSAT,ProtoNet,fixed,7,165,1065,81.33333325386047
EuroSAT,WIPT,0.0,7,165,1065,80.0000011920929
EuroSAT,Support-only Transformer,0.0,7,165,1065,84.00000333786011
EuroSAT,ProtoNet,fixed,7,166,1066,80.0000011920929
EuroSAT,WIPT,0.0,7,166,1066,74.6666669845581
EuroSAT,Support-only Transformer,0.0,7,166,1066,69.33333277702332
EuroSAT,ProtoNet,fixed,7,167,1067,73.33333492279053
EuroSAT,WIPT,0.0,7,167,1067,70.66667079925537
EuroSAT,Support-only Transformer,0.0,7,167,1067,60.00000238418579
EuroSAT,ProtoNet,fixed,7,168,1068,75.99999904632568
EuroSAT,WIPT,0.0,7,168,1068,75.99999904632568
EuroSAT,Support-only Transformer,0.0,7,168,1068,74.6666669845581
EuroSAT,ProtoNet,fixed,7,169,1069,89.3333375453949
EuroSAT,WIPT,0.0,7,169,1069,87.99999952316284
EuroSAT,Support-only Transformer,0.0,7,169,1069,86.66666746139526
EuroSAT,ProtoNet,fixed,7,170,1070,77.33333706855774
EuroSAT,WIPT,0.0,7,170,1070,75.99999904632568
EuroSAT,Support-only Transformer,0.0,7,170,1070,72.00000286102295
EuroSAT,ProtoNet,fixed,7,171,1071,89.3333375453949
EuroSAT,WIPT,0.0,7,171,1071,89.3333375453949
EuroSAT,Support-only Transformer,0.0,7,171,1071,86.66666746139526
EuroSAT,ProtoNet,fixed,7,172,1072,87.99999952316284
EuroSAT,WIPT,0.0,7,172,1072,90.66666960716248
EuroSAT,Support-only Transformer,0.0,7,172,1072,85.33333539962769
EuroSAT,ProtoNet,fixed,7,173,1073,75.99999904632568
EuroSAT,WIPT,0.0,7,173,1073,77.33333706855774
EuroSAT,Support-only Transformer,0.0,7,173,1073,73.33333492279053
EuroSAT,ProtoNet,fixed,7,174,1074,94.66667175292969
EuroSAT,WIPT,0.0,7,174,1074,93.33333373069763
EuroSAT,Support-only Transformer,0.0,7,174,1074,94.66667175292969
EuroSAT,ProtoNet,fixed,7,175,1075,77.33333706855774
EuroSAT,WIPT,0.0,7,175,1075,80.0000011920929
EuroSAT,Support-only Transformer,0.0,7,175,1075,73.33333492279053
EuroSAT,ProtoNet,fixed,7,176,1076,84.00000333786011
EuroSAT,WIPT,0.0,7,176,1076,82.66667127609253
EuroSAT,Support-only Transformer,0.0,7,176,1076,84.00000333786011
EuroSAT,ProtoNet,fixed,7,177,1077,77.33333706855774
EuroSAT,WIPT,0.0,7,177,1077,75.99999904632568
EuroSAT,Support-only Transformer,0.0,7,177,1077,75.99999904632568
EuroSAT,ProtoNet,fixed,7,178,1078,81.33333325386047
EuroSAT,WIPT,0.0,7,178,1078,80.0000011920929
EuroSAT,Support-only Transformer,0.0,7,178,1078,72.00000286102295
EuroSAT,ProtoNet,fixed,7,179,1079,78.66666913032532
EuroSAT,WIPT,0.0,7,179,1079,78.66666913032532
EuroSAT,Support-only Transformer,0.0,7,179,1079,75.99999904632568
EuroSAT,ProtoNet,fixed,7,180,1080,89.3333375453949
EuroSAT,WIPT,0.0,7,180,1080,84.00000333786011
EuroSAT,Support-only Transformer,0.0,7,180,1080,78.66666913032532
EuroSAT,ProtoNet,fixed,7,181,1081,86.66666746139526
EuroSAT,WIPT,0.0,7,181,1081,80.0000011920929
EuroSAT,Support-only Transformer,0.0,7,181,1081,82.66667127609253
EuroSAT,ProtoNet,fixed,7,182,1082,77.33333706855774
EuroSAT,WIPT,0.0,7,182,1082,74.6666669845581
EuroSAT,Support-only Transformer,0.0,7,182,1082,78.66666913032532
EuroSAT,ProtoNet,fixed,7,183,1083,84.00000333786011
EuroSAT,WIPT,0.0,7,183,1083,85.33333539962769
EuroSAT,Support-only Transformer,0.0,7,183,1083,85.33333539962769
EuroSAT,ProtoNet,fixed,7,184,1084,81.33333325386047
EuroSAT,WIPT,0.0,7,184,1084,78.66666913032532
EuroSAT,Support-only Transformer,0.0,7,184,1084,77.33333706855774
EuroSAT,ProtoNet,fixed,7,185,1085,80.0000011920929
EuroSAT,WIPT,0.0,7,185,1085,77.33333706855774
EuroSAT,Support-only Transformer,0.0,7,185,1085,78.66666913032532
EuroSAT,ProtoNet,fixed,7,186,1086,81.33333325386047
EuroSAT,WIPT,0.0,7,186,1086,82.66667127609253
EuroSAT,Support-only Transformer,0.0,7,186,1086,78.66666913032532
EuroSAT,ProtoNet,fixed,7,187,1087,78.66666913032532
EuroSAT,WIPT,0.0,7,187,1087,80.0000011920929
EuroSAT,Support-only Transformer,0.0,7,187,1087,75.99999904632568
EuroSAT,ProtoNet,fixed,7,188,1088,81.33333325386047
EuroSAT,WIPT,0.0,7,188,1088,85.33333539962769
EuroSAT,Support-only Transformer,0.0,7,188,1088,84.00000333786011
EuroSAT,ProtoNet,fixed,7,189,1089,72.00000286102295
EuroSAT,WIPT,0.0,7,189,1089,74.6666669845581
EuroSAT,Support-only Transformer,0.0,7,189,1089,70.66667079925537
EuroSAT,ProtoNet,fixed,7,190,1090,87.99999952316284
EuroSAT,WIPT,0.0,7,190,1090,86.66666746139526
EuroSAT,Support-only Transformer,0.0,7,190,1090,89.3333375453949
EuroSAT,ProtoNet,fixed,7,191,1091,69.33333277702332
EuroSAT,WIPT,0.0,7,191,1091,69.33333277702332
EuroSAT,Support-only Transformer,0.0,7,191,1091,72.00000286102295
EuroSAT,ProtoNet,fixed,7,192,1092,73.33333492279053
EuroSAT,WIPT,0.0,7,192,1092,74.6666669845581
EuroSAT,Support-only Transformer,0.0,7,192,1092,78.66666913032532
EuroSAT,ProtoNet,fixed,7,193,1093,80.0000011920929
EuroSAT,WIPT,0.0,7,193,1093,81.33333325386047
EuroSAT,Support-only Transformer,0.0,7,193,1093,75.99999904632568
EuroSAT,ProtoNet,fixed,7,194,1094,85.33333539962769
EuroSAT,WIPT,0.0,7,194,1094,86.66666746139526
EuroSAT,Support-only Transformer,0.0,7,194,1094,85.33333539962769
EuroSAT,ProtoNet,fixed,7,195,1095,93.33333373069763
EuroSAT,WIPT,0.0,7,195,1095,93.33333373069763
EuroSAT,Support-only Transformer,0.0,7,195,1095,90.66666960716248
EuroSAT,ProtoNet,fixed,7,196,1096,77.33333706855774
EuroSAT,WIPT,0.0,7,196,1096,77.33333706855774
EuroSAT,Support-only Transformer,0.0,7,196,1096,75.99999904632568
EuroSAT,ProtoNet,fixed,7,197,1097,77.33333706855774
EuroSAT,WIPT,0.0,7,197,1097,80.0000011920929
EuroSAT,Support-only Transformer,0.0,7,197,1097,75.99999904632568
EuroSAT,ProtoNet,fixed,7,198,1098,86.66666746139526
EuroSAT,WIPT,0.0,7,198,1098,87.99999952316284
EuroSAT,Support-only Transformer,0.0,7,198,1098,87.99999952316284
EuroSAT,ProtoNet,fixed,7,199,1099,87.99999952316284
EuroSAT,WIPT,0.0,7,199,1099,89.3333375453949
EuroSAT,Support-only Transformer,0.0,7,199,1099,82.66667127609253
EuroSAT,ProtoNet,fixed,7,200,1100,84.00000333786011
EuroSAT,WIPT,0.0,7,200,1100,84.00000333786011
EuroSAT,Support-only Transformer,0.0,7,200,1100,84.00000333786011
EuroSAT,ProtoNet,fixed,7,201,1101,86.66666746139526
EuroSAT,WIPT,0.0,7,201,1101,82.66667127609253
EuroSAT,Support-only Transformer,0.0,7,201,1101,86.66666746139526
EuroSAT,ProtoNet,fixed,7,202,1102,87.99999952316284
EuroSAT,WIPT,0.0,7,202,1102,84.00000333786011
EuroSAT,Support-only Transformer,0.0,7,202,1102,75.99999904632568
EuroSAT,ProtoNet,fixed,7,203,1103,81.33333325386047
EuroSAT,WIPT,0.0,7,203,1103,81.33333325386047
EuroSAT,Support-only Transformer,0.0,7,203,1103,81.33333325386047
EuroSAT,ProtoNet,fixed,7,204,1104,80.0000011920929
EuroSAT,WIPT,0.0,7,204,1104,74.6666669845581
EuroSAT,Support-only Transformer,0.0,7,204,1104,69.33333277702332
EuroSAT,ProtoNet,fixed,7,205,1105,84.00000333786011
EuroSAT,WIPT,0.0,7,205,1105,81.33333325386047
EuroSAT,Support-only Transformer,0.0,7,205,1105,78.66666913032532
EuroSAT,ProtoNet,fixed,7,206,1106,87.99999952316284
EuroSAT,WIPT,0.0,7,206,1106,85.33333539962769
EuroSAT,Support-only Transformer,0.0,7,206,1106,87.99999952316284
EuroSAT,ProtoNet,fixed,7,207,1107,78.66666913032532
EuroSAT,WIPT,0.0,7,207,1107,77.33333706855774
EuroSAT,Support-only Transformer,0.0,7,207,1107,80.0000011920929
EuroSAT,ProtoNet,fixed,7,208,1108,80.0000011920929
EuroSAT,WIPT,0.0,7,208,1108,75.99999904632568
EuroSAT,Support-only Transformer,0.0,7,208,1108,70.66667079925537
EuroSAT,ProtoNet,fixed,7,209,1109,93.33333373069763
EuroSAT,WIPT,0.0,7,209,1109,92.00000166893005
EuroSAT,Support-only Transformer,0.0,7,209,1109,92.00000166893005
EuroSAT,ProtoNet,fixed,7,210,1110,81.33333325386047
EuroSAT,WIPT,0.0,7,210,1110,82.66667127609253
EuroSAT,Support-only Transformer,0.0,7,210,1110,85.33333539962769
EuroSAT,ProtoNet,fixed,7,211,1111,75.99999904632568
EuroSAT,WIPT,0.0,7,211,1111,75.99999904632568
EuroSAT,Support-only Transformer,0.0,7,211,1111,72.00000286102295
EuroSAT,ProtoNet,fixed,7,212,1112,89.3333375453949
EuroSAT,WIPT,0.0,7,212,1112,90.66666960716248
EuroSAT,Support-only Transformer,0.0,7,212,1112,87.99999952316284
EuroSAT,ProtoNet,fixed,7,213,1113,73.33333492279053
EuroSAT,WIPT,0.0,7,213,1113,78.66666913032532
EuroSAT,Support-only Transformer,0.0,7,213,1113,86.66666746139526
EuroSAT,ProtoNet,fixed,7,214,1114,85.33333539962769
EuroSAT,WIPT,0.0,7,214,1114,82.66667127609253
EuroSAT,Support-only Transformer,0.0,7,214,1114,82.66667127609253
EuroSAT,ProtoNet,fixed,7,215,1115,80.0000011920929
EuroSAT,WIPT,0.0,7,215,1115,77.33333706855774
EuroSAT,Support-only Transformer,0.0,7,215,1115,78.66666913032532
EuroSAT,ProtoNet,fixed,7,216,1116,78.66666913032532
EuroSAT,WIPT,0.0,7,216,1116,75.99999904632568
EuroSAT,Support-only Transformer,0.0,7,216,1116,78.66666913032532
EuroSAT,ProtoNet,fixed,7,217,1117,77.33333706855774
EuroSAT,WIPT,0.0,7,217,1117,80.0000011920929
EuroSAT,Support-only Transformer,0.0,7,217,1117,78.66666913032532
EuroSAT,ProtoNet,fixed,7,218,1118,85.33333539962769
EuroSAT,WIPT,0.0,7,218,1118,82.66667127609253
EuroSAT,Support-only Transformer,0.0,7,218,1118,82.66667127609253
EuroSAT,ProtoNet,fixed,7,219,1119,80.0000011920929
EuroSAT,WIPT,0.0,7,219,1119,78.66666913032532
EuroSAT,Support-only Transformer,0.0,7,219,1119,72.00000286102295
EuroSAT,ProtoNet,fixed,7,220,1120,73.33333492279053
EuroSAT,WIPT,0.0,7,220,1120,77.33333706855774
EuroSAT,Support-only Transformer,0.0,7,220,1120,75.99999904632568
EuroSAT,ProtoNet,fixed,7,221,1121,84.00000333786011
EuroSAT,WIPT,0.0,7,221,1121,82.66667127609253
EuroSAT,Support-only Transformer,0.0,7,221,1121,75.99999904632568
EuroSAT,ProtoNet,fixed,7,222,1122,78.66666913032532
EuroSAT,WIPT,0.0,7,222,1122,75.99999904632568
EuroSAT,Support-only Transformer,0.0,7,222,1122,78.66666913032532
EuroSAT,ProtoNet,fixed,7,223,1123,85.33333539962769
EuroSAT,WIPT,0.0,7,223,1123,84.00000333786011
EuroSAT,Support-only Transformer,0.0,7,223,1123,81.33333325386047
EuroSAT,ProtoNet,fixed,7,224,1124,81.33333325386047
EuroSAT,WIPT,0.0,7,224,1124,80.0000011920929
EuroSAT,Support-only Transformer,0.0,7,224,1124,78.66666913032532
EuroSAT,ProtoNet,fixed,7,225,1125,86.66666746139526
EuroSAT,WIPT,0.0,7,225,1125,84.00000333786011
EuroSAT,Support-only Transformer,0.0,7,225,1125,87.99999952316284
EuroSAT,ProtoNet,fixed,7,226,1126,84.00000333786011
EuroSAT,WIPT,0.0,7,226,1126,80.0000011920929
EuroSAT,Support-only Transformer,0.0,7,226,1126,72.00000286102295
EuroSAT,ProtoNet,fixed,7,227,1127,82.66667127609253
EuroSAT,WIPT,0.0,7,227,1127,81.33333325386047
EuroSAT,Support-only Transformer,0.0,7,227,1127,82.66667127609253
EuroSAT,ProtoNet,fixed,7,228,1128,85.33333539962769
EuroSAT,WIPT,0.0,7,228,1128,82.66667127609253
EuroSAT,Support-only Transformer,0.0,7,228,1128,81.33333325386047
EuroSAT,ProtoNet,fixed,7,229,1129,80.0000011920929
EuroSAT,WIPT,0.0,7,229,1129,80.0000011920929
EuroSAT,Support-only Transformer,0.0,7,229,1129,75.99999904632568
EuroSAT,ProtoNet,fixed,7,230,1130,87.99999952316284
EuroSAT,WIPT,0.0,7,230,1130,89.3333375453949
EuroSAT,Support-only Transformer,0.0,7,230,1130,73.33333492279053
EuroSAT,ProtoNet,fixed,7,231,1131,92.00000166893005
EuroSAT,WIPT,0.0,7,231,1131,92.00000166893005
EuroSAT,Support-only Transformer,0.0,7,231,1131,92.00000166893005
EuroSAT,ProtoNet,fixed,7,232,1132,90.66666960716248
EuroSAT,WIPT,0.0,7,232,1132,89.3333375453949
EuroSAT,Support-only Transformer,0.0,7,232,1132,86.66666746139526
EuroSAT,ProtoNet,fixed,7,233,1133,86.66666746139526
EuroSAT,WIPT,0.0,7,233,1133,84.00000333786011
EuroSAT,Support-only Transformer,0.0,7,233,1133,84.00000333786011
EuroSAT,ProtoNet,fixed,7,234,1134,81.33333325386047
EuroSAT,WIPT,0.0,7,234,1134,84.00000333786011
EuroSAT,Support-only Transformer,0.0,7,234,1134,82.66667127609253
EuroSAT,ProtoNet,fixed,7,235,1135,94.66667175292969
EuroSAT,WIPT,0.0,7,235,1135,92.00000166893005
EuroSAT,Support-only Transformer,0.0,7,235,1135,82.66667127609253
EuroSAT,ProtoNet,fixed,7,236,1136,75.99999904632568
EuroSAT,WIPT,0.0,7,236,1136,73.33333492279053
EuroSAT,Support-only Transformer,0.0,7,236,1136,75.99999904632568
EuroSAT,ProtoNet,fixed,7,237,1137,85.33333539962769
EuroSAT,WIPT,0.0,7,237,1137,87.99999952316284
EuroSAT,Support-only Transformer,0.0,7,237,1137,89.3333375453949
EuroSAT,ProtoNet,fixed,7,238,1138,75.99999904632568
EuroSAT,WIPT,0.0,7,238,1138,73.33333492279053
EuroSAT,Support-only Transformer,0.0,7,238,1138,74.6666669845581
EuroSAT,ProtoNet,fixed,7,239,1139,86.66666746139526
EuroSAT,WIPT,0.0,7,239,1139,90.66666960716248
EuroSAT,Support-only Transformer,0.0,7,239,1139,87.99999952316284
EuroSAT,ProtoNet,fixed,7,240,1140,90.66666960716248
EuroSAT,WIPT,0.0,7,240,1140,85.33333539962769
EuroSAT,Support-only Transformer,0.0,7,240,1140,86.66666746139526
EuroSAT,ProtoNet,fixed,7,241,1141,90.66666960716248
EuroSAT,WIPT,0.0,7,241,1141,93.33333373069763
EuroSAT,Support-only Transformer,0.0,7,241,1141,90.66666960716248
EuroSAT,ProtoNet,fixed,7,242,1142,78.66666913032532
EuroSAT,WIPT,0.0,7,242,1142,81.33333325386047
EuroSAT,Support-only Transformer,0.0,7,242,1142,86.66666746139526
EuroSAT,ProtoNet,fixed,7,243,1143,86.66666746139526
EuroSAT,WIPT,0.0,7,243,1143,86.66666746139526
EuroSAT,Support-only Transformer,0.0,7,243,1143,92.00000166893005
EuroSAT,ProtoNet,fixed,7,244,1144,85.33333539962769
EuroSAT,WIPT,0.0,7,244,1144,85.33333539962769
EuroSAT,Support-only Transformer,0.0,7,244,1144,81.33333325386047
EuroSAT,ProtoNet,fixed,7,245,1145,75.99999904632568
EuroSAT,WIPT,0.0,7,245,1145,70.66667079925537
EuroSAT,Support-only Transformer,0.0,7,245,1145,69.33333277702332
EuroSAT,ProtoNet,fixed,7,246,1146,78.66666913032532
EuroSAT,WIPT,0.0,7,246,1146,80.0000011920929
EuroSAT,Support-only Transformer,0.0,7,246,1146,78.66666913032532
EuroSAT,ProtoNet,fixed,7,247,1147,82.66667127609253
EuroSAT,WIPT,0.0,7,247,1147,78.66666913032532
EuroSAT,Support-only Transformer,0.0,7,247,1147,81.33333325386047
EuroSAT,ProtoNet,fixed,7,248,1148,77.33333706855774
EuroSAT,WIPT,0.0,7,248,1148,77.33333706855774
EuroSAT,Support-only Transformer,0.0,7,248,1148,80.0000011920929
EuroSAT,ProtoNet,fixed,7,249,1149,75.99999904632568
EuroSAT,WIPT,0.0,7,249,1149,73.33333492279053
EuroSAT,Support-only Transformer,0.0,7,249,1149,74.6666669845581
EuroSAT,ProtoNet,fixed,7,250,1150,87.99999952316284
EuroSAT,WIPT,0.0,7,250,1150,86.66666746139526
EuroSAT,Support-only Transformer,0.0,7,250,1150,81.33333325386047
EuroSAT,ProtoNet,fixed,7,251,1151,73.33333492279053
EuroSAT,WIPT,0.0,7,251,1151,72.00000286102295
EuroSAT,Support-only Transformer,0.0,7,251,1151,74.6666669845581
EuroSAT,ProtoNet,fixed,7,252,1152,82.66667127609253
EuroSAT,WIPT,0.0,7,252,1152,75.99999904632568
EuroSAT,Support-only Transformer,0.0,7,252,1152,78.66666913032532
EuroSAT,ProtoNet,fixed,7,253,1153,80.0000011920929
EuroSAT,WIPT,0.0,7,253,1153,80.0000011920929
EuroSAT,Support-only Transformer,0.0,7,253,1153,82.66667127609253
EuroSAT,ProtoNet,fixed,7,254,1154,74.6666669845581
EuroSAT,WIPT,0.0,7,254,1154,73.33333492279053
EuroSAT,Support-only Transformer,0.0,7,254,1154,70.66667079925537
EuroSAT,ProtoNet,fixed,7,255,1155,78.66666913032532
EuroSAT,WIPT,0.0,7,255,1155,74.6666669845581
EuroSAT,Support-only Transformer,0.0,7,255,1155,77.33333706855774
EuroSAT,ProtoNet,fixed,7,256,1156,74.6666669845581
EuroSAT,WIPT,0.0,7,256,1156,69.33333277702332
EuroSAT,Support-only Transformer,0.0,7,256,1156,72.00000286102295
EuroSAT,ProtoNet,fixed,7,257,1157,81.33333325386047
EuroSAT,WIPT,0.0,7,257,1157,75.99999904632568
EuroSAT,Support-only Transformer,0.0,7,257,1157,69.33333277702332
EuroSAT,ProtoNet,fixed,7,258,1158,74.6666669845581
EuroSAT,WIPT,0.0,7,258,1158,73.33333492279053
EuroSAT,Support-only Transformer,0.0,7,258,1158,70.66667079925537
EuroSAT,ProtoNet,fixed,7,259,1159,86.66666746139526
EuroSAT,WIPT,0.0,7,259,1159,85.33333539962769
EuroSAT,Support-only Transformer,0.0,7,259,1159,87.99999952316284
EuroSAT,ProtoNet,fixed,7,260,1160,82.66667127609253
EuroSAT,WIPT,0.0,7,260,1160,82.66667127609253
EuroSAT,Support-only Transformer,0.0,7,260,1160,85.33333539962769
EuroSAT,ProtoNet,fixed,7,261,1161,94.66667175292969
EuroSAT,WIPT,0.0,7,261,1161,93.33333373069763
EuroSAT,Support-only Transformer,0.0,7,261,1161,85.33333539962769
EuroSAT,ProtoNet,fixed,7,262,1162,82.66667127609253
EuroSAT,WIPT,0.0,7,262,1162,75.99999904632568
EuroSAT,Support-only Transformer,0.0,7,262,1162,75.99999904632568
EuroSAT,ProtoNet,fixed,7,263,1163,94.66667175292969
EuroSAT,WIPT,0.0,7,263,1163,90.66666960716248
EuroSAT,Support-only Transformer,0.0,7,263,1163,93.33333373069763
EuroSAT,ProtoNet,fixed,7,264,1164,81.33333325386047
EuroSAT,WIPT,0.0,7,264,1164,82.66667127609253
EuroSAT,Support-only Transformer,0.0,7,264,1164,82.66667127609253
EuroSAT,ProtoNet,fixed,7,265,1165,87.99999952316284
EuroSAT,WIPT,0.0,7,265,1165,86.66666746139526
EuroSAT,Support-only Transformer,0.0,7,265,1165,82.66667127609253
EuroSAT,ProtoNet,fixed,7,266,1166,86.66666746139526
EuroSAT,WIPT,0.0,7,266,1166,86.66666746139526
EuroSAT,Support-only Transformer,0.0,7,266,1166,85.33333539962769
EuroSAT,ProtoNet,fixed,7,267,1167,78.66666913032532
EuroSAT,WIPT,0.0,7,267,1167,75.99999904632568
EuroSAT,Support-only Transformer,0.0,7,267,1167,77.33333706855774
EuroSAT,ProtoNet,fixed,7,268,1168,81.33333325386047
EuroSAT,WIPT,0.0,7,268,1168,81.33333325386047
EuroSAT,Support-only Transformer,0.0,7,268,1168,77.33333706855774
EuroSAT,ProtoNet,fixed,7,269,1169,84.00000333786011
EuroSAT,WIPT,0.0,7,269,1169,84.00000333786011
EuroSAT,Support-only Transformer,0.0,7,269,1169,86.66666746139526
EuroSAT,ProtoNet,fixed,7,270,1170,86.66666746139526
EuroSAT,WIPT,0.0,7,270,1170,84.00000333786011
EuroSAT,Support-only Transformer,0.0,7,270,1170,81.33333325386047
EuroSAT,ProtoNet,fixed,7,271,1171,87.99999952316284
EuroSAT,WIPT,0.0,7,271,1171,86.66666746139526
EuroSAT,Support-only Transformer,0.0,7,271,1171,87.99999952316284
EuroSAT,ProtoNet,fixed,7,272,1172,80.0000011920929
EuroSAT,WIPT,0.0,7,272,1172,78.66666913032532
EuroSAT,Support-only Transformer,0.0,7,272,1172,77.33333706855774
EuroSAT,ProtoNet,fixed,7,273,1173,82.66667127609253
EuroSAT,WIPT,0.0,7,273,1173,85.33333539962769
EuroSAT,Support-only Transformer,0.0,7,273,1173,81.33333325386047
EuroSAT,ProtoNet,fixed,7,274,1174,89.3333375453949
EuroSAT,WIPT,0.0,7,274,1174,85.33333539962769
EuroSAT,Support-only Transformer,0.0,7,274,1174,77.33333706855774
EuroSAT,ProtoNet,fixed,7,275,1175,80.0000011920929
EuroSAT,WIPT,0.0,7,275,1175,80.0000011920929
EuroSAT,Support-only Transformer,0.0,7,275,1175,78.66666913032532
EuroSAT,ProtoNet,fixed,7,276,1176,90.66666960716248
EuroSAT,WIPT,0.0,7,276,1176,89.3333375453949
EuroSAT,Support-only Transformer,0.0,7,276,1176,87.99999952316284
EuroSAT,ProtoNet,fixed,7,277,1177,90.66666960716248
EuroSAT,WIPT,0.0,7,277,1177,90.66666960716248
EuroSAT,Support-only Transformer,0.0,7,277,1177,82.66667127609253
EuroSAT,ProtoNet,fixed,7,278,1178,86.66666746139526
EuroSAT,WIPT,0.0,7,278,1178,86.66666746139526
EuroSAT,Support-only Transformer,0.0,7,278,1178,87.99999952316284
EuroSAT,ProtoNet,fixed,7,279,1179,80.0000011920929
EuroSAT,WIPT,0.0,7,279,1179,82.66667127609253
EuroSAT,Support-only Transformer,0.0,7,279,1179,77.33333706855774
EuroSAT,ProtoNet,fixed,7,280,1180,89.3333375453949
EuroSAT,WIPT,0.0,7,280,1180,92.00000166893005
EuroSAT,Support-only Transformer,0.0,7,280,1180,80.0000011920929
EuroSAT,ProtoNet,fixed,7,281,1181,94.66667175292969
EuroSAT,WIPT,0.0,7,281,1181,92.00000166893005
EuroSAT,Support-only Transformer,0.0,7,281,1181,90.66666960716248
EuroSAT,ProtoNet,fixed,7,282,1182,85.33333539962769
EuroSAT,WIPT,0.0,7,282,1182,87.99999952316284
EuroSAT,Support-only Transformer,0.0,7,282,1182,86.66666746139526
EuroSAT,ProtoNet,fixed,7,283,1183,84.00000333786011
EuroSAT,WIPT,0.0,7,283,1183,82.66667127609253
EuroSAT,Support-only Transformer,0.0,7,283,1183,78.66666913032532
EuroSAT,ProtoNet,fixed,7,284,1184,85.33333539962769
EuroSAT,WIPT,0.0,7,284,1184,87.99999952316284
EuroSAT,Support-only Transformer,0.0,7,284,1184,89.3333375453949
EuroSAT,ProtoNet,fixed,7,285,1185,78.66666913032532
EuroSAT,WIPT,0.0,7,285,1185,80.0000011920929
EuroSAT,Support-only Transformer,0.0,7,285,1185,78.66666913032532
EuroSAT,ProtoNet,fixed,7,286,1186,90.66666960716248
EuroSAT,WIPT,0.0,7,286,1186,93.33333373069763
EuroSAT,Support-only Transformer,0.0,7,286,1186,92.00000166893005
EuroSAT,ProtoNet,fixed,7,287,1187,84.00000333786011
EuroSAT,WIPT,0.0,7,287,1187,85.33333539962769
EuroSAT,Support-only Transformer,0.0,7,287,1187,81.33333325386047
EuroSAT,ProtoNet,fixed,7,288,1188,87.99999952316284
EuroSAT,WIPT,0.0,7,288,1188,85.33333539962769
EuroSAT,Support-only Transformer,0.0,7,288,1188,85.33333539962769
EuroSAT,ProtoNet,fixed,7,289,1189,86.66666746139526
EuroSAT,WIPT,0.0,7,289,1189,80.0000011920929
EuroSAT,Support-only Transformer,0.0,7,289,1189,78.66666913032532
EuroSAT,ProtoNet,fixed,7,290,1190,69.33333277702332
EuroSAT,WIPT,0.0,7,290,1190,70.66667079925537
EuroSAT,Support-only Transformer,0.0,7,290,1190,72.00000286102295
EuroSAT,ProtoNet,fixed,7,291,1191,89.3333375453949
EuroSAT,WIPT,0.0,7,291,1191,82.66667127609253
EuroSAT,Support-only Transformer,0.0,7,291,1191,82.66667127609253
EuroSAT,ProtoNet,fixed,7,292,1192,89.3333375453949
EuroSAT,WIPT,0.0,7,292,1192,86.66666746139526
EuroSAT,Support-only Transformer,0.0,7,292,1192,86.66666746139526
EuroSAT,ProtoNet,fixed,7,293,1193,87.99999952316284
EuroSAT,WIPT,0.0,7,293,1193,89.3333375453949
EuroSAT,Support-only Transformer,0.0,7,293,1193,82.66667127609253
EuroSAT,ProtoNet,fixed,7,294,1194,77.33333706855774
EuroSAT,WIPT,0.0,7,294,1194,78.66666913032532
EuroSAT,Support-only Transformer,0.0,7,294,1194,74.6666669845581
EuroSAT,ProtoNet,fixed,7,295,1195,78.66666913032532
EuroSAT,WIPT,0.0,7,295,1195,74.6666669845581
EuroSAT,Support-only Transformer,0.0,7,295,1195,74.6666669845581
EuroSAT,ProtoNet,fixed,7,296,1196,89.3333375453949
EuroSAT,WIPT,0.0,7,296,1196,84.00000333786011
EuroSAT,Support-only Transformer,0.0,7,296,1196,80.0000011920929
EuroSAT,ProtoNet,fixed,7,297,1197,94.66667175292969
EuroSAT,WIPT,0.0,7,297,1197,92.00000166893005
EuroSAT,Support-only Transformer,0.0,7,297,1197,89.3333375453949
EuroSAT,ProtoNet,fixed,7,298,1198,85.33333539962769
EuroSAT,WIPT,0.0,7,298,1198,85.33333539962769
EuroSAT,Support-only Transformer,0.0,7,298,1198,86.66666746139526
EuroSAT,ProtoNet,fixed,7,299,1199,77.33333706855774
EuroSAT,WIPT,0.0,7,299,1199,69.33333277702332
EuroSAT,Support-only Transformer,0.0,7,299,1199,68.00000071525574
EuroSAT,ProtoNet,fixed,999,0,1200,73.33333492279053
EuroSAT,WIPT,0.0,999,0,1200,72.00000286102295
EuroSAT,Support-only Transformer,0.0,999,0,1200,73.33333492279053
EuroSAT,ProtoNet,fixed,999,1,1201,84.00000333786011
EuroSAT,WIPT,0.0,999,1,1201,85.33333539962769
EuroSAT,Support-only Transformer,0.0,999,1,1201,84.00000333786011
EuroSAT,ProtoNet,fixed,999,2,1202,89.3333375453949
EuroSAT,WIPT,0.0,999,2,1202,89.3333375453949
EuroSAT,Support-only Transformer,0.0,999,2,1202,90.66666960716248
EuroSAT,ProtoNet,fixed,999,3,1203,82.66667127609253
EuroSAT,WIPT,0.0,999,3,1203,85.33333539962769
EuroSAT,Support-only Transformer,0.0,999,3,1203,81.33333325386047
EuroSAT,ProtoNet,fixed,999,4,1204,73.33333492279053
EuroSAT,WIPT,0.0,999,4,1204,72.00000286102295
EuroSAT,Support-only Transformer,0.0,999,4,1204,72.00000286102295
EuroSAT,ProtoNet,fixed,999,5,1205,82.66667127609253
EuroSAT,WIPT,0.0,999,5,1205,82.66667127609253
EuroSAT,Support-only Transformer,0.0,999,5,1205,82.66667127609253
EuroSAT,ProtoNet,fixed,999,6,1206,87.99999952316284
EuroSAT,WIPT,0.0,999,6,1206,89.3333375453949
EuroSAT,Support-only Transformer,0.0,999,6,1206,90.66666960716248
EuroSAT,ProtoNet,fixed,999,7,1207,85.33333539962769
EuroSAT,WIPT,0.0,999,7,1207,86.66666746139526
EuroSAT,Support-only Transformer,0.0,999,7,1207,82.66667127609253
EuroSAT,ProtoNet,fixed,999,8,1208,73.33333492279053
EuroSAT,WIPT,0.0,999,8,1208,72.00000286102295
EuroSAT,Support-only Transformer,0.0,999,8,1208,69.33333277702332
EuroSAT,ProtoNet,fixed,999,9,1209,89.3333375453949
EuroSAT,WIPT,0.0,999,9,1209,93.33333373069763
EuroSAT,Support-only Transformer,0.0,999,9,1209,90.66666960716248
EuroSAT,ProtoNet,fixed,999,10,1210,86.66666746139526
EuroSAT,WIPT,0.0,999,10,1210,86.66666746139526
EuroSAT,Support-only Transformer,0.0,999,10,1210,85.33333539962769
EuroSAT,ProtoNet,fixed,999,11,1211,87.99999952316284
EuroSAT,WIPT,0.0,999,11,1211,86.66666746139526
EuroSAT,Support-only Transformer,0.0,999,11,1211,90.66666960716248
EuroSAT,ProtoNet,fixed,999,12,1212,85.33333539962769
EuroSAT,WIPT,0.0,999,12,1212,80.0000011920929
EuroSAT,Support-only Transformer,0.0,999,12,1212,78.66666913032532
EuroSAT,ProtoNet,fixed,999,13,1213,82.66667127609253
EuroSAT,WIPT,0.0,999,13,1213,85.33333539962769
EuroSAT,Support-only Transformer,0.0,999,13,1213,81.33333325386047
EuroSAT,ProtoNet,fixed,999,14,1214,78.66666913032532
EuroSAT,WIPT,0.0,999,14,1214,72.00000286102295
EuroSAT,Support-only Transformer,0.0,999,14,1214,69.33333277702332
EuroSAT,ProtoNet,fixed,999,15,1215,75.99999904632568
EuroSAT,WIPT,0.0,999,15,1215,74.6666669845581
EuroSAT,Support-only Transformer,0.0,999,15,1215,72.00000286102295
EuroSAT,ProtoNet,fixed,999,16,1216,84.00000333786011
EuroSAT,WIPT,0.0,999,16,1216,84.00000333786011
EuroSAT,Support-only Transformer,0.0,999,16,1216,86.66666746139526
EuroSAT,ProtoNet,fixed,999,17,1217,84.00000333786011
EuroSAT,WIPT,0.0,999,17,1217,82.66667127609253
EuroSAT,Support-only Transformer,0.0,999,17,1217,82.66667127609253
EuroSAT,ProtoNet,fixed,999,18,1218,82.66667127609253
EuroSAT,WIPT,0.0,999,18,1218,85.33333539962769
EuroSAT,Support-only Transformer,0.0,999,18,1218,80.0000011920929
EuroSAT,ProtoNet,fixed,999,19,1219,86.66666746139526
EuroSAT,WIPT,0.0,999,19,1219,84.00000333786011
EuroSAT,Support-only Transformer,0.0,999,19,1219,85.33333539962769
EuroSAT,ProtoNet,fixed,999,20,1220,70.66667079925537
EuroSAT,WIPT,0.0,999,20,1220,72.00000286102295
EuroSAT,Support-only Transformer,0.0,999,20,1220,72.00000286102295
EuroSAT,ProtoNet,fixed,999,21,1221,74.6666669845581
EuroSAT,WIPT,0.0,999,21,1221,75.99999904632568
EuroSAT,Support-only Transformer,0.0,999,21,1221,75.99999904632568
EuroSAT,ProtoNet,fixed,999,22,1222,75.99999904632568
EuroSAT,WIPT,0.0,999,22,1222,74.6666669845581
EuroSAT,Support-only Transformer,0.0,999,22,1222,72.00000286102295
EuroSAT,ProtoNet,fixed,999,23,1223,93.33333373069763
EuroSAT,WIPT,0.0,999,23,1223,93.33333373069763
EuroSAT,Support-only Transformer,0.0,999,23,1223,93.33333373069763
EuroSAT,ProtoNet,fixed,999,24,1224,85.33333539962769
EuroSAT,WIPT,0.0,999,24,1224,81.33333325386047
EuroSAT,Support-only Transformer,0.0,999,24,1224,85.33333539962769
EuroSAT,ProtoNet,fixed,999,25,1225,84.00000333786011
EuroSAT,WIPT,0.0,999,25,1225,81.33333325386047
EuroSAT,Support-only Transformer,0.0,999,25,1225,81.33333325386047
EuroSAT,ProtoNet,fixed,999,26,1226,82.66667127609253
EuroSAT,WIPT,0.0,999,26,1226,78.66666913032532
EuroSAT,Support-only Transformer,0.0,999,26,1226,80.0000011920929
EuroSAT,ProtoNet,fixed,999,27,1227,85.33333539962769
EuroSAT,WIPT,0.0,999,27,1227,86.66666746139526
EuroSAT,Support-only Transformer,0.0,999,27,1227,84.00000333786011
EuroSAT,ProtoNet,fixed,999,28,1228,77.33333706855774
EuroSAT,WIPT,0.0,999,28,1228,73.33333492279053
EuroSAT,Support-only Transformer,0.0,999,28,1228,68.00000071525574
EuroSAT,ProtoNet,fixed,999,29,1229,89.3333375453949
EuroSAT,WIPT,0.0,999,29,1229,85.33333539962769
EuroSAT,Support-only Transformer,0.0,999,29,1229,85.33333539962769
EuroSAT,ProtoNet,fixed,999,30,1230,61.33333444595337
EuroSAT,WIPT,0.0,999,30,1230,62.66666650772095
EuroSAT,Support-only Transformer,0.0,999,30,1230,61.33333444595337
EuroSAT,ProtoNet,fixed,999,31,1231,78.66666913032532
EuroSAT,WIPT,0.0,999,31,1231,77.33333706855774
EuroSAT,Support-only Transformer,0.0,999,31,1231,77.33333706855774
EuroSAT,ProtoNet,fixed,999,32,1232,73.33333492279053
EuroSAT,WIPT,0.0,999,32,1232,70.66667079925537
EuroSAT,Support-only Transformer,0.0,999,32,1232,70.66667079925537
EuroSAT,ProtoNet,fixed,999,33,1233,80.0000011920929
EuroSAT,WIPT,0.0,999,33,1233,81.33333325386047
EuroSAT,Support-only Transformer,0.0,999,33,1233,81.33333325386047
EuroSAT,ProtoNet,fixed,999,34,1234,78.66666913032532
EuroSAT,WIPT,0.0,999,34,1234,80.0000011920929
EuroSAT,Support-only Transformer,0.0,999,34,1234,77.33333706855774
EuroSAT,ProtoNet,fixed,999,35,1235,89.3333375453949
EuroSAT,WIPT,0.0,999,35,1235,87.99999952316284
EuroSAT,Support-only Transformer,0.0,999,35,1235,89.3333375453949
EuroSAT,ProtoNet,fixed,999,36,1236,70.66667079925537
EuroSAT,WIPT,0.0,999,36,1236,66.66666865348816
EuroSAT,Support-only Transformer,0.0,999,36,1236,65.33333659172058
EuroSAT,ProtoNet,fixed,999,37,1237,84.00000333786011
EuroSAT,WIPT,0.0,999,37,1237,82.66667127609253
EuroSAT,Support-only Transformer,0.0,999,37,1237,81.33333325386047
EuroSAT,ProtoNet,fixed,999,38,1238,80.0000011920929
EuroSAT,WIPT,0.0,999,38,1238,77.33333706855774
EuroSAT,Support-only Transformer,0.0,999,38,1238,80.0000011920929
EuroSAT,ProtoNet,fixed,999,39,1239,92.00000166893005
EuroSAT,WIPT,0.0,999,39,1239,92.00000166893005
EuroSAT,Support-only Transformer,0.0,999,39,1239,82.66667127609253
EuroSAT,ProtoNet,fixed,999,40,1240,75.99999904632568
EuroSAT,WIPT,0.0,999,40,1240,75.99999904632568
EuroSAT,Support-only Transformer,0.0,999,40,1240,74.6666669845581
EuroSAT,ProtoNet,fixed,999,41,1241,89.3333375453949
EuroSAT,WIPT,0.0,999,41,1241,85.33333539962769
EuroSAT,Support-only Transformer,0.0,999,41,1241,81.33333325386047
EuroSAT,ProtoNet,fixed,999,42,1242,85.33333539962769
EuroSAT,WIPT,0.0,999,42,1242,80.0000011920929
EuroSAT,Support-only Transformer,0.0,999,42,1242,73.33333492279053
EuroSAT,ProtoNet,fixed,999,43,1243,86.66666746139526
EuroSAT,WIPT,0.0,999,43,1243,81.33333325386047
EuroSAT,Support-only Transformer,0.0,999,43,1243,81.33333325386047
EuroSAT,ProtoNet,fixed,999,44,1244,70.66667079925537
EuroSAT,WIPT,0.0,999,44,1244,70.66667079925537
EuroSAT,Support-only Transformer,0.0,999,44,1244,65.33333659172058
EuroSAT,ProtoNet,fixed,999,45,1245,62.66666650772095
EuroSAT,WIPT,0.0,999,45,1245,60.00000238418579
EuroSAT,Support-only Transformer,0.0,999,45,1245,63.999998569488525
EuroSAT,ProtoNet,fixed,999,46,1246,72.00000286102295
EuroSAT,WIPT,0.0,999,46,1246,72.00000286102295
EuroSAT,Support-only Transformer,0.0,999,46,1246,68.00000071525574
EuroSAT,ProtoNet,fixed,999,47,1247,86.66666746139526
EuroSAT,WIPT,0.0,999,47,1247,87.99999952316284
EuroSAT,Support-only Transformer,0.0,999,47,1247,85.33333539962769
EuroSAT,ProtoNet,fixed,999,48,1248,94.66667175292969
EuroSAT,WIPT,0.0,999,48,1248,93.33333373069763
EuroSAT,Support-only Transformer,0.0,999,48,1248,94.66667175292969
EuroSAT,ProtoNet,fixed,999,49,1249,81.33333325386047
EuroSAT,WIPT,0.0,999,49,1249,81.33333325386047
EuroSAT,Support-only Transformer,0.0,999,49,1249,77.33333706855774
EuroSAT,ProtoNet,fixed,999,50,1250,93.33333373069763
EuroSAT,WIPT,0.0,999,50,1250,90.66666960716248
EuroSAT,Support-only Transformer,0.0,999,50,1250,87.99999952316284
EuroSAT,ProtoNet,fixed,999,51,1251,68.00000071525574
EuroSAT,WIPT,0.0,999,51,1251,66.66666865348816
EuroSAT,Support-only Transformer,0.0,999,51,1251,65.33333659172058
EuroSAT,ProtoNet,fixed,999,52,1252,78.66666913032532
EuroSAT,WIPT,0.0,999,52,1252,74.6666669845581
EuroSAT,Support-only Transformer,0.0,999,52,1252,80.0000011920929
EuroSAT,ProtoNet,fixed,999,53,1253,80.0000011920929
EuroSAT,WIPT,0.0,999,53,1253,80.0000011920929
EuroSAT,Support-only Transformer,0.0,999,53,1253,81.33333325386047
EuroSAT,ProtoNet,fixed,999,54,1254,77.33333706855774
EuroSAT,WIPT,0.0,999,54,1254,81.33333325386047
EuroSAT,Support-only Transformer,0.0,999,54,1254,75.99999904632568
EuroSAT,ProtoNet,fixed,999,55,1255,82.66667127609253
EuroSAT,WIPT,0.0,999,55,1255,78.66666913032532
EuroSAT,Support-only Transformer,0.0,999,55,1255,84.00000333786011
EuroSAT,ProtoNet,fixed,999,56,1256,77.33333706855774
EuroSAT,WIPT,0.0,999,56,1256,69.33333277702332
EuroSAT,Support-only Transformer,0.0,999,56,1256,74.6666669845581
EuroSAT,ProtoNet,fixed,999,57,1257,84.00000333786011
EuroSAT,WIPT,0.0,999,57,1257,80.0000011920929
EuroSAT,Support-only Transformer,0.0,999,57,1257,75.99999904632568
EuroSAT,ProtoNet,fixed,999,58,1258,77.33333706855774
EuroSAT,WIPT,0.0,999,58,1258,78.66666913032532
EuroSAT,Support-only Transformer,0.0,999,58,1258,73.33333492279053
EuroSAT,ProtoNet,fixed,999,59,1259,77.33333706855774
EuroSAT,WIPT,0.0,999,59,1259,78.66666913032532
EuroSAT,Support-only Transformer,0.0,999,59,1259,77.33333706855774
EuroSAT,ProtoNet,fixed,999,60,1260,84.00000333786011
EuroSAT,WIPT,0.0,999,60,1260,80.0000011920929
EuroSAT,Support-only Transformer,0.0,999,60,1260,80.0000011920929
EuroSAT,ProtoNet,fixed,999,61,1261,77.33333706855774
EuroSAT,WIPT,0.0,999,61,1261,75.99999904632568
EuroSAT,Support-only Transformer,0.0,999,61,1261,77.33333706855774
EuroSAT,ProtoNet,fixed,999,62,1262,84.00000333786011
EuroSAT,WIPT,0.0,999,62,1262,81.33333325386047
EuroSAT,Support-only Transformer,0.0,999,62,1262,82.66667127609253
EuroSAT,ProtoNet,fixed,999,63,1263,75.99999904632568
EuroSAT,WIPT,0.0,999,63,1263,70.66667079925537
EuroSAT,Support-only Transformer,0.0,999,63,1263,72.00000286102295
EuroSAT,ProtoNet,fixed,999,64,1264,89.3333375453949
EuroSAT,WIPT,0.0,999,64,1264,89.3333375453949
EuroSAT,Support-only Transformer,0.0,999,64,1264,86.66666746139526
EuroSAT,ProtoNet,fixed,999,65,1265,77.33333706855774
EuroSAT,WIPT,0.0,999,65,1265,78.66666913032532
EuroSAT,Support-only Transformer,0.0,999,65,1265,74.6666669845581
EuroSAT,ProtoNet,fixed,999,66,1266,82.66667127609253
EuroSAT,WIPT,0.0,999,66,1266,82.66667127609253
EuroSAT,Support-only Transformer,0.0,999,66,1266,82.66667127609253
EuroSAT,ProtoNet,fixed,999,67,1267,86.66666746139526
EuroSAT,WIPT,0.0,999,67,1267,89.3333375453949
EuroSAT,Support-only Transformer,0.0,999,67,1267,87.99999952316284
EuroSAT,ProtoNet,fixed,999,68,1268,80.0000011920929
EuroSAT,WIPT,0.0,999,68,1268,84.00000333786011
EuroSAT,Support-only Transformer,0.0,999,68,1268,82.66667127609253
EuroSAT,ProtoNet,fixed,999,69,1269,65.33333659172058
EuroSAT,WIPT,0.0,999,69,1269,70.66667079925537
EuroSAT,Support-only Transformer,0.0,999,69,1269,68.00000071525574
EuroSAT,ProtoNet,fixed,999,70,1270,75.99999904632568
EuroSAT,WIPT,0.0,999,70,1270,75.99999904632568
EuroSAT,Support-only Transformer,0.0,999,70,1270,72.00000286102295
EuroSAT,ProtoNet,fixed,999,71,1271,80.0000011920929
EuroSAT,WIPT,0.0,999,71,1271,81.33333325386047
EuroSAT,Support-only Transformer,0.0,999,71,1271,80.0000011920929
EuroSAT,ProtoNet,fixed,999,72,1272,93.33333373069763
EuroSAT,WIPT,0.0,999,72,1272,92.00000166893005
EuroSAT,Support-only Transformer,0.0,999,72,1272,90.66666960716248
EuroSAT,ProtoNet,fixed,999,73,1273,82.66667127609253
EuroSAT,WIPT,0.0,999,73,1273,82.66667127609253
EuroSAT,Support-only Transformer,0.0,999,73,1273,78.66666913032532
EuroSAT,ProtoNet,fixed,999,74,1274,84.00000333786011
EuroSAT,WIPT,0.0,999,74,1274,82.66667127609253
EuroSAT,Support-only Transformer,0.0,999,74,1274,78.66666913032532
EuroSAT,ProtoNet,fixed,999,75,1275,77.33333706855774
EuroSAT,WIPT,0.0,999,75,1275,78.66666913032532
EuroSAT,Support-only Transformer,0.0,999,75,1275,80.0000011920929
EuroSAT,ProtoNet,fixed,999,76,1276,80.0000011920929
EuroSAT,WIPT,0.0,999,76,1276,82.66667127609253
EuroSAT,Support-only Transformer,0.0,999,76,1276,86.66666746139526
EuroSAT,ProtoNet,fixed,999,77,1277,87.99999952316284
EuroSAT,WIPT,0.0,999,77,1277,85.33333539962769
EuroSAT,Support-only Transformer,0.0,999,77,1277,80.0000011920929
EuroSAT,ProtoNet,fixed,999,78,1278,78.66666913032532
EuroSAT,WIPT,0.0,999,78,1278,82.66667127609253
EuroSAT,Support-only Transformer,0.0,999,78,1278,85.33333539962769
EuroSAT,ProtoNet,fixed,999,79,1279,70.66667079925537
EuroSAT,WIPT,0.0,999,79,1279,70.66667079925537
EuroSAT,Support-only Transformer,0.0,999,79,1279,68.00000071525574
EuroSAT,ProtoNet,fixed,999,80,1280,90.66666960716248
EuroSAT,WIPT,0.0,999,80,1280,89.3333375453949
EuroSAT,Support-only Transformer,0.0,999,80,1280,90.66666960716248
EuroSAT,ProtoNet,fixed,999,81,1281,73.33333492279053
EuroSAT,WIPT,0.0,999,81,1281,69.33333277702332
EuroSAT,Support-only Transformer,0.0,999,81,1281,65.33333659172058
EuroSAT,ProtoNet,fixed,999,82,1282,69.33333277702332
EuroSAT,WIPT,0.0,999,82,1282,70.66667079925537
EuroSAT,Support-only Transformer,0.0,999,82,1282,65.33333659172058
EuroSAT,ProtoNet,fixed,999,83,1283,87.99999952316284
EuroSAT,WIPT,0.0,999,83,1283,89.3333375453949
EuroSAT,Support-only Transformer,0.0,999,83,1283,90.66666960716248
EuroSAT,ProtoNet,fixed,999,84,1284,80.0000011920929
EuroSAT,WIPT,0.0,999,84,1284,82.66667127609253
EuroSAT,Support-only Transformer,0.0,999,84,1284,78.66666913032532
EuroSAT,ProtoNet,fixed,999,85,1285,82.66667127609253
EuroSAT,WIPT,0.0,999,85,1285,82.66667127609253
EuroSAT,Support-only Transformer,0.0,999,85,1285,84.00000333786011
EuroSAT,ProtoNet,fixed,999,86,1286,81.33333325386047
EuroSAT,WIPT,0.0,999,86,1286,81.33333325386047
EuroSAT,Support-only Transformer,0.0,999,86,1286,87.99999952316284
EuroSAT,ProtoNet,fixed,999,87,1287,86.66666746139526
EuroSAT,WIPT,0.0,999,87,1287,85.33333539962769
EuroSAT,Support-only Transformer,0.0,999,87,1287,86.66666746139526
EuroSAT,ProtoNet,fixed,999,88,1288,80.0000011920929
EuroSAT,WIPT,0.0,999,88,1288,78.66666913032532
EuroSAT,Support-only Transformer,0.0,999,88,1288,77.33333706855774
EuroSAT,ProtoNet,fixed,999,89,1289,82.66667127609253
EuroSAT,WIPT,0.0,999,89,1289,85.33333539962769
EuroSAT,Support-only Transformer,0.0,999,89,1289,82.66667127609253
EuroSAT,ProtoNet,fixed,999,90,1290,81.33333325386047
EuroSAT,WIPT,0.0,999,90,1290,73.33333492279053
EuroSAT,Support-only Transformer,0.0,999,90,1290,66.66666865348816
EuroSAT,ProtoNet,fixed,999,91,1291,92.00000166893005
EuroSAT,WIPT,0.0,999,91,1291,89.3333375453949
EuroSAT,Support-only Transformer,0.0,999,91,1291,89.3333375453949
EuroSAT,ProtoNet,fixed,999,92,1292,85.33333539962769
EuroSAT,WIPT,0.0,999,92,1292,86.66666746139526
EuroSAT,Support-only Transformer,0.0,999,92,1292,84.00000333786011
EuroSAT,ProtoNet,fixed,999,93,1293,77.33333706855774
EuroSAT,WIPT,0.0,999,93,1293,82.66667127609253
EuroSAT,Support-only Transformer,0.0,999,93,1293,82.66667127609253
EuroSAT,ProtoNet,fixed,999,94,1294,93.33333373069763
EuroSAT,WIPT,0.0,999,94,1294,89.3333375453949
EuroSAT,Support-only Transformer,0.0,999,94,1294,92.00000166893005
EuroSAT,ProtoNet,fixed,999,95,1295,84.00000333786011
EuroSAT,WIPT,0.0,999,95,1295,84.00000333786011
EuroSAT,Support-only Transformer,0.0,999,95,1295,81.33333325386047
EuroSAT,ProtoNet,fixed,999,96,1296,85.33333539962769
EuroSAT,WIPT,0.0,999,96,1296,82.66667127609253
EuroSAT,Support-only Transformer,0.0,999,96,1296,85.33333539962769
EuroSAT,ProtoNet,fixed,999,97,1297,87.99999952316284
EuroSAT,WIPT,0.0,999,97,1297,85.33333539962769
EuroSAT,Support-only Transformer,0.0,999,97,1297,82.66667127609253
EuroSAT,ProtoNet,fixed,999,98,1298,82.66667127609253
EuroSAT,WIPT,0.0,999,98,1298,80.0000011920929
EuroSAT,Support-only Transformer,0.0,999,98,1298,82.66667127609253
EuroSAT,ProtoNet,fixed,999,99,1299,80.0000011920929
EuroSAT,WIPT,0.0,999,99,1299,81.33333325386047
EuroSAT,Support-only Transformer,0.0,999,99,1299,80.0000011920929
EuroSAT,ProtoNet,fixed,999,100,1300,84.00000333786011
EuroSAT,WIPT,0.0,999,100,1300,86.66666746139526
EuroSAT,Support-only Transformer,0.0,999,100,1300,89.3333375453949
EuroSAT,ProtoNet,fixed,999,101,1301,90.66666960716248
EuroSAT,WIPT,0.0,999,101,1301,92.00000166893005
EuroSAT,Support-only Transformer,0.0,999,101,1301,90.66666960716248
EuroSAT,ProtoNet,fixed,999,102,1302,78.66666913032532
EuroSAT,WIPT,0.0,999,102,1302,72.00000286102295
EuroSAT,Support-only Transformer,0.0,999,102,1302,72.00000286102295
EuroSAT,ProtoNet,fixed,999,103,1303,81.33333325386047
EuroSAT,WIPT,0.0,999,103,1303,84.00000333786011
EuroSAT,Support-only Transformer,0.0,999,103,1303,75.99999904632568
EuroSAT,ProtoNet,fixed,999,104,1304,80.0000011920929
EuroSAT,WIPT,0.0,999,104,1304,74.6666669845581
EuroSAT,Support-only Transformer,0.0,999,104,1304,75.99999904632568
EuroSAT,ProtoNet,fixed,999,105,1305,80.0000011920929
EuroSAT,WIPT,0.0,999,105,1305,78.66666913032532
EuroSAT,Support-only Transformer,0.0,999,105,1305,81.33333325386047
EuroSAT,ProtoNet,fixed,999,106,1306,89.3333375453949
EuroSAT,WIPT,0.0,999,106,1306,89.3333375453949
EuroSAT,Support-only Transformer,0.0,999,106,1306,90.66666960716248
EuroSAT,ProtoNet,fixed,999,107,1307,86.66666746139526
EuroSAT,WIPT,0.0,999,107,1307,84.00000333786011
EuroSAT,Support-only Transformer,0.0,999,107,1307,81.33333325386047
EuroSAT,ProtoNet,fixed,999,108,1308,86.66666746139526
EuroSAT,WIPT,0.0,999,108,1308,85.33333539962769
EuroSAT,Support-only Transformer,0.0,999,108,1308,85.33333539962769
EuroSAT,ProtoNet,fixed,999,109,1309,82.66667127609253
EuroSAT,WIPT,0.0,999,109,1309,84.00000333786011
EuroSAT,Support-only Transformer,0.0,999,109,1309,77.33333706855774
EuroSAT,ProtoNet,fixed,999,110,1310,86.66666746139526
EuroSAT,WIPT,0.0,999,110,1310,84.00000333786011
EuroSAT,Support-only Transformer,0.0,999,110,1310,84.00000333786011
EuroSAT,ProtoNet,fixed,999,111,1311,75.99999904632568
EuroSAT,WIPT,0.0,999,111,1311,77.33333706855774
EuroSAT,Support-only Transformer,0.0,999,111,1311,75.99999904632568
EuroSAT,ProtoNet,fixed,999,112,1312,69.33333277702332
EuroSAT,WIPT,0.0,999,112,1312,68.00000071525574
EuroSAT,Support-only Transformer,0.0,999,112,1312,68.00000071525574
EuroSAT,ProtoNet,fixed,999,113,1313,80.0000011920929
EuroSAT,WIPT,0.0,999,113,1313,81.33333325386047
EuroSAT,Support-only Transformer,0.0,999,113,1313,81.33333325386047
EuroSAT,ProtoNet,fixed,999,114,1314,77.33333706855774
EuroSAT,WIPT,0.0,999,114,1314,78.66666913032532
EuroSAT,Support-only Transformer,0.0,999,114,1314,84.00000333786011
EuroSAT,ProtoNet,fixed,999,115,1315,89.3333375453949
EuroSAT,WIPT,0.0,999,115,1315,87.99999952316284
EuroSAT,Support-only Transformer,0.0,999,115,1315,93.33333373069763
EuroSAT,ProtoNet,fixed,999,116,1316,90.66666960716248
EuroSAT,WIPT,0.0,999,116,1316,89.3333375453949
EuroSAT,Support-only Transformer,0.0,999,116,1316,92.00000166893005
EuroSAT,ProtoNet,fixed,999,117,1317,84.00000333786011
EuroSAT,WIPT,0.0,999,117,1317,86.66666746139526
EuroSAT,Support-only Transformer,0.0,999,117,1317,84.00000333786011
EuroSAT,ProtoNet,fixed,999,118,1318,80.0000011920929
EuroSAT,WIPT,0.0,999,118,1318,74.6666669845581
EuroSAT,Support-only Transformer,0.0,999,118,1318,77.33333706855774
EuroSAT,ProtoNet,fixed,999,119,1319,81.33333325386047
EuroSAT,WIPT,0.0,999,119,1319,80.0000011920929
EuroSAT,Support-only Transformer,0.0,999,119,1319,78.66666913032532
EuroSAT,ProtoNet,fixed,999,120,1320,73.33333492279053
EuroSAT,WIPT,0.0,999,120,1320,78.66666913032532
EuroSAT,Support-only Transformer,0.0,999,120,1320,78.66666913032532
EuroSAT,ProtoNet,fixed,999,121,1321,93.33333373069763
EuroSAT,WIPT,0.0,999,121,1321,92.00000166893005
EuroSAT,Support-only Transformer,0.0,999,121,1321,92.00000166893005
EuroSAT,ProtoNet,fixed,999,122,1322,62.66666650772095
EuroSAT,WIPT,0.0,999,122,1322,66.66666865348816
EuroSAT,Support-only Transformer,0.0,999,122,1322,61.33333444595337
EuroSAT,ProtoNet,fixed,999,123,1323,78.66666913032532
EuroSAT,WIPT,0.0,999,123,1323,80.0000011920929
EuroSAT,Support-only Transformer,0.0,999,123,1323,72.00000286102295
EuroSAT,ProtoNet,fixed,999,124,1324,92.00000166893005
EuroSAT,WIPT,0.0,999,124,1324,92.00000166893005
EuroSAT,Support-only Transformer,0.0,999,124,1324,86.66666746139526
EuroSAT,ProtoNet,fixed,999,125,1325,85.33333539962769
EuroSAT,WIPT,0.0,999,125,1325,84.00000333786011
EuroSAT,Support-only Transformer,0.0,999,125,1325,78.66666913032532
EuroSAT,ProtoNet,fixed,999,126,1326,84.00000333786011
EuroSAT,WIPT,0.0,999,126,1326,81.33333325386047
EuroSAT,Support-only Transformer,0.0,999,126,1326,80.0000011920929
EuroSAT,ProtoNet,fixed,999,127,1327,75.99999904632568
EuroSAT,WIPT,0.0,999,127,1327,73.33333492279053
EuroSAT,Support-only Transformer,0.0,999,127,1327,74.6666669845581
EuroSAT,ProtoNet,fixed,999,128,1328,89.3333375453949
EuroSAT,WIPT,0.0,999,128,1328,85.33333539962769
EuroSAT,Support-only Transformer,0.0,999,128,1328,86.66666746139526
EuroSAT,ProtoNet,fixed,999,129,1329,84.00000333786011
EuroSAT,WIPT,0.0,999,129,1329,86.66666746139526
EuroSAT,Support-only Transformer,0.0,999,129,1329,82.66667127609253
EuroSAT,ProtoNet,fixed,999,130,1330,85.33333539962769
EuroSAT,WIPT,0.0,999,130,1330,84.00000333786011
EuroSAT,Support-only Transformer,0.0,999,130,1330,85.33333539962769
EuroSAT,ProtoNet,fixed,999,131,1331,78.66666913032532
EuroSAT,WIPT,0.0,999,131,1331,75.99999904632568
EuroSAT,Support-only Transformer,0.0,999,131,1331,73.33333492279053
EuroSAT,ProtoNet,fixed,999,132,1332,84.00000333786011
EuroSAT,WIPT,0.0,999,132,1332,82.66667127609253
EuroSAT,Support-only Transformer,0.0,999,132,1332,82.66667127609253
EuroSAT,ProtoNet,fixed,999,133,1333,85.33333539962769
EuroSAT,WIPT,0.0,999,133,1333,84.00000333786011
EuroSAT,Support-only Transformer,0.0,999,133,1333,80.0000011920929
EuroSAT,ProtoNet,fixed,999,134,1334,75.99999904632568
EuroSAT,WIPT,0.0,999,134,1334,74.6666669845581
EuroSAT,Support-only Transformer,0.0,999,134,1334,77.33333706855774
EuroSAT,ProtoNet,fixed,999,135,1335,89.3333375453949
EuroSAT,WIPT,0.0,999,135,1335,81.33333325386047
EuroSAT,Support-only Transformer,0.0,999,135,1335,84.00000333786011
EuroSAT,ProtoNet,fixed,999,136,1336,77.33333706855774
EuroSAT,WIPT,0.0,999,136,1336,73.33333492279053
EuroSAT,Support-only Transformer,0.0,999,136,1336,74.6666669845581
EuroSAT,ProtoNet,fixed,999,137,1337,66.66666865348816
EuroSAT,WIPT,0.0,999,137,1337,65.33333659172058
EuroSAT,Support-only Transformer,0.0,999,137,1337,62.66666650772095
EuroSAT,ProtoNet,fixed,999,138,1338,90.66666960716248
EuroSAT,WIPT,0.0,999,138,1338,93.33333373069763
EuroSAT,Support-only Transformer,0.0,999,138,1338,94.66667175292969
EuroSAT,ProtoNet,fixed,999,139,1339,73.33333492279053
EuroSAT,WIPT,0.0,999,139,1339,73.33333492279053
EuroSAT,Support-only Transformer,0.0,999,139,1339,68.00000071525574
EuroSAT,ProtoNet,fixed,999,140,1340,90.66666960716248
EuroSAT,WIPT,0.0,999,140,1340,86.66666746139526
EuroSAT,Support-only Transformer,0.0,999,140,1340,85.33333539962769
EuroSAT,ProtoNet,fixed,999,141,1341,82.66667127609253
EuroSAT,WIPT,0.0,999,141,1341,84.00000333786011
EuroSAT,Support-only Transformer,0.0,999,141,1341,86.66666746139526
EuroSAT,ProtoNet,fixed,999,142,1342,90.66666960716248
EuroSAT,WIPT,0.0,999,142,1342,92.00000166893005
EuroSAT,Support-only Transformer,0.0,999,142,1342,89.3333375453949
EuroSAT,ProtoNet,fixed,999,143,1343,77.33333706855774
EuroSAT,WIPT,0.0,999,143,1343,80.0000011920929
EuroSAT,Support-only Transformer,0.0,999,143,1343,77.33333706855774
EuroSAT,ProtoNet,fixed,999,144,1344,81.33333325386047
EuroSAT,WIPT,0.0,999,144,1344,80.0000011920929
EuroSAT,Support-only Transformer,0.0,999,144,1344,77.33333706855774
EuroSAT,ProtoNet,fixed,999,145,1345,80.0000011920929
EuroSAT,WIPT,0.0,999,145,1345,80.0000011920929
EuroSAT,Support-only Transformer,0.0,999,145,1345,81.33333325386047
EuroSAT,ProtoNet,fixed,999,146,1346,92.00000166893005
EuroSAT,WIPT,0.0,999,146,1346,92.00000166893005
EuroSAT,Support-only Transformer,0.0,999,146,1346,92.00000166893005
EuroSAT,ProtoNet,fixed,999,147,1347,86.66666746139526
EuroSAT,WIPT,0.0,999,147,1347,89.3333375453949
EuroSAT,Support-only Transformer,0.0,999,147,1347,81.33333325386047
EuroSAT,ProtoNet,fixed,999,148,1348,86.66666746139526
EuroSAT,WIPT,0.0,999,148,1348,85.33333539962769
EuroSAT,Support-only Transformer,0.0,999,148,1348,80.0000011920929
EuroSAT,ProtoNet,fixed,999,149,1349,89.3333375453949
EuroSAT,WIPT,0.0,999,149,1349,89.3333375453949
EuroSAT,Support-only Transformer,0.0,999,149,1349,85.33333539962769
EuroSAT,ProtoNet,fixed,999,150,1350,74.6666669845581
EuroSAT,WIPT,0.0,999,150,1350,77.33333706855774
EuroSAT,Support-only Transformer,0.0,999,150,1350,75.99999904632568
EuroSAT,ProtoNet,fixed,999,151,1351,74.6666669845581
EuroSAT,WIPT,0.0,999,151,1351,75.99999904632568
EuroSAT,Support-only Transformer,0.0,999,151,1351,77.33333706855774
EuroSAT,ProtoNet,fixed,999,152,1352,92.00000166893005
EuroSAT,WIPT,0.0,999,152,1352,92.00000166893005
EuroSAT,Support-only Transformer,0.0,999,152,1352,90.66666960716248
EuroSAT,ProtoNet,fixed,999,153,1353,87.99999952316284
EuroSAT,WIPT,0.0,999,153,1353,89.3333375453949
EuroSAT,Support-only Transformer,0.0,999,153,1353,86.66666746139526
EuroSAT,ProtoNet,fixed,999,154,1354,75.99999904632568
EuroSAT,WIPT,0.0,999,154,1354,75.99999904632568
EuroSAT,Support-only Transformer,0.0,999,154,1354,81.33333325386047
EuroSAT,ProtoNet,fixed,999,155,1355,85.33333539962769
EuroSAT,WIPT,0.0,999,155,1355,84.00000333786011
EuroSAT,Support-only Transformer,0.0,999,155,1355,84.00000333786011
EuroSAT,ProtoNet,fixed,999,156,1356,85.33333539962769
EuroSAT,WIPT,0.0,999,156,1356,80.0000011920929
EuroSAT,Support-only Transformer,0.0,999,156,1356,84.00000333786011
EuroSAT,ProtoNet,fixed,999,157,1357,87.99999952316284
EuroSAT,WIPT,0.0,999,157,1357,85.33333539962769
EuroSAT,Support-only Transformer,0.0,999,157,1357,80.0000011920929
EuroSAT,ProtoNet,fixed,999,158,1358,86.66666746139526
EuroSAT,WIPT,0.0,999,158,1358,90.66666960716248
EuroSAT,Support-only Transformer,0.0,999,158,1358,89.3333375453949
EuroSAT,ProtoNet,fixed,999,159,1359,85.33333539962769
EuroSAT,WIPT,0.0,999,159,1359,80.0000011920929
EuroSAT,Support-only Transformer,0.0,999,159,1359,81.33333325386047
EuroSAT,ProtoNet,fixed,999,160,1360,84.00000333786011
EuroSAT,WIPT,0.0,999,160,1360,82.66667127609253
EuroSAT,Support-only Transformer,0.0,999,160,1360,82.66667127609253
EuroSAT,ProtoNet,fixed,999,161,1361,70.66667079925537
EuroSAT,WIPT,0.0,999,161,1361,68.00000071525574
EuroSAT,Support-only Transformer,0.0,999,161,1361,66.66666865348816
EuroSAT,ProtoNet,fixed,999,162,1362,86.66666746139526
EuroSAT,WIPT,0.0,999,162,1362,86.66666746139526
EuroSAT,Support-only Transformer,0.0,999,162,1362,87.99999952316284
EuroSAT,ProtoNet,fixed,999,163,1363,63.999998569488525
EuroSAT,WIPT,0.0,999,163,1363,61.33333444595337
EuroSAT,Support-only Transformer,0.0,999,163,1363,54.666668176651
EuroSAT,ProtoNet,fixed,999,164,1364,82.66667127609253
EuroSAT,WIPT,0.0,999,164,1364,78.66666913032532
EuroSAT,Support-only Transformer,0.0,999,164,1364,81.33333325386047
EuroSAT,ProtoNet,fixed,999,165,1365,69.33333277702332
EuroSAT,WIPT,0.0,999,165,1365,68.00000071525574
EuroSAT,Support-only Transformer,0.0,999,165,1365,61.33333444595337
EuroSAT,ProtoNet,fixed,999,166,1366,92.00000166893005
EuroSAT,WIPT,0.0,999,166,1366,93.33333373069763
EuroSAT,Support-only Transformer,0.0,999,166,1366,92.00000166893005
EuroSAT,ProtoNet,fixed,999,167,1367,84.00000333786011
EuroSAT,WIPT,0.0,999,167,1367,84.00000333786011
EuroSAT,Support-only Transformer,0.0,999,167,1367,81.33333325386047
EuroSAT,ProtoNet,fixed,999,168,1368,87.99999952316284
EuroSAT,WIPT,0.0,999,168,1368,87.99999952316284
EuroSAT,Support-only Transformer,0.0,999,168,1368,80.0000011920929
EuroSAT,ProtoNet,fixed,999,169,1369,69.33333277702332
EuroSAT,WIPT,0.0,999,169,1369,69.33333277702332
EuroSAT,Support-only Transformer,0.0,999,169,1369,62.66666650772095
EuroSAT,ProtoNet,fixed,999,170,1370,78.66666913032532
EuroSAT,WIPT,0.0,999,170,1370,77.33333706855774
EuroSAT,Support-only Transformer,0.0,999,170,1370,77.33333706855774
EuroSAT,ProtoNet,fixed,999,171,1371,77.33333706855774
EuroSAT,WIPT,0.0,999,171,1371,72.00000286102295
EuroSAT,Support-only Transformer,0.0,999,171,1371,75.99999904632568
EuroSAT,ProtoNet,fixed,999,172,1372,80.0000011920929
EuroSAT,WIPT,0.0,999,172,1372,84.00000333786011
EuroSAT,Support-only Transformer,0.0,999,172,1372,81.33333325386047
EuroSAT,ProtoNet,fixed,999,173,1373,92.00000166893005
EuroSAT,WIPT,0.0,999,173,1373,86.66666746139526
EuroSAT,Support-only Transformer,0.0,999,173,1373,86.66666746139526
EuroSAT,ProtoNet,fixed,999,174,1374,81.33333325386047
EuroSAT,WIPT,0.0,999,174,1374,80.0000011920929
EuroSAT,Support-only Transformer,0.0,999,174,1374,80.0000011920929
EuroSAT,ProtoNet,fixed,999,175,1375,81.33333325386047
EuroSAT,WIPT,0.0,999,175,1375,80.0000011920929
EuroSAT,Support-only Transformer,0.0,999,175,1375,78.66666913032532
EuroSAT,ProtoNet,fixed,999,176,1376,85.33333539962769
EuroSAT,WIPT,0.0,999,176,1376,90.66666960716248
EuroSAT,Support-only Transformer,0.0,999,176,1376,87.99999952316284
EuroSAT,ProtoNet,fixed,999,177,1377,77.33333706855774
EuroSAT,WIPT,0.0,999,177,1377,77.33333706855774
EuroSAT,Support-only Transformer,0.0,999,177,1377,80.0000011920929
EuroSAT,ProtoNet,fixed,999,178,1378,94.66667175292969
EuroSAT,WIPT,0.0,999,178,1378,93.33333373069763
EuroSAT,Support-only Transformer,0.0,999,178,1378,92.00000166893005
EuroSAT,ProtoNet,fixed,999,179,1379,92.00000166893005
EuroSAT,WIPT,0.0,999,179,1379,92.00000166893005
EuroSAT,Support-only Transformer,0.0,999,179,1379,86.66666746139526
EuroSAT,ProtoNet,fixed,999,180,1380,78.66666913032532
EuroSAT,WIPT,0.0,999,180,1380,78.66666913032532
EuroSAT,Support-only Transformer,0.0,999,180,1380,73.33333492279053
EuroSAT,ProtoNet,fixed,999,181,1381,70.66667079925537
EuroSAT,WIPT,0.0,999,181,1381,69.33333277702332
EuroSAT,Support-only Transformer,0.0,999,181,1381,70.66667079925537
EuroSAT,ProtoNet,fixed,999,182,1382,87.99999952316284
EuroSAT,WIPT,0.0,999,182,1382,86.66666746139526
EuroSAT,Support-only Transformer,0.0,999,182,1382,86.66666746139526
EuroSAT,ProtoNet,fixed,999,183,1383,87.99999952316284
EuroSAT,WIPT,0.0,999,183,1383,85.33333539962769
EuroSAT,Support-only Transformer,0.0,999,183,1383,78.66666913032532
EuroSAT,ProtoNet,fixed,999,184,1384,80.0000011920929
EuroSAT,WIPT,0.0,999,184,1384,81.33333325386047
EuroSAT,Support-only Transformer,0.0,999,184,1384,86.66666746139526
EuroSAT,ProtoNet,fixed,999,185,1385,86.66666746139526
EuroSAT,WIPT,0.0,999,185,1385,82.66667127609253
EuroSAT,Support-only Transformer,0.0,999,185,1385,86.66666746139526
EuroSAT,ProtoNet,fixed,999,186,1386,94.66667175292969
EuroSAT,WIPT,0.0,999,186,1386,94.66667175292969
EuroSAT,Support-only Transformer,0.0,999,186,1386,96.00000381469727
EuroSAT,ProtoNet,fixed,999,187,1387,85.33333539962769
EuroSAT,WIPT,0.0,999,187,1387,84.00000333786011
EuroSAT,Support-only Transformer,0.0,999,187,1387,81.33333325386047
EuroSAT,ProtoNet,fixed,999,188,1388,86.66666746139526
EuroSAT,WIPT,0.0,999,188,1388,85.33333539962769
EuroSAT,Support-only Transformer,0.0,999,188,1388,85.33333539962769
EuroSAT,ProtoNet,fixed,999,189,1389,89.3333375453949
EuroSAT,WIPT,0.0,999,189,1389,92.00000166893005
EuroSAT,Support-only Transformer,0.0,999,189,1389,92.00000166893005
EuroSAT,ProtoNet,fixed,999,190,1390,69.33333277702332
EuroSAT,WIPT,0.0,999,190,1390,72.00000286102295
EuroSAT,Support-only Transformer,0.0,999,190,1390,77.33333706855774
EuroSAT,ProtoNet,fixed,999,191,1391,78.66666913032532
EuroSAT,WIPT,0.0,999,191,1391,81.33333325386047
EuroSAT,Support-only Transformer,0.0,999,191,1391,78.66666913032532
EuroSAT,ProtoNet,fixed,999,192,1392,84.00000333786011
EuroSAT,WIPT,0.0,999,192,1392,85.33333539962769
EuroSAT,Support-only Transformer,0.0,999,192,1392,86.66666746139526
EuroSAT,ProtoNet,fixed,999,193,1393,84.00000333786011
EuroSAT,WIPT,0.0,999,193,1393,82.66667127609253
EuroSAT,Support-only Transformer,0.0,999,193,1393,77.33333706855774
EuroSAT,ProtoNet,fixed,999,194,1394,90.66666960716248
EuroSAT,WIPT,0.0,999,194,1394,87.99999952316284
EuroSAT,Support-only Transformer,0.0,999,194,1394,90.66666960716248
EuroSAT,ProtoNet,fixed,999,195,1395,81.33333325386047
EuroSAT,WIPT,0.0,999,195,1395,82.66667127609253
EuroSAT,Support-only Transformer,0.0,999,195,1395,77.33333706855774
EuroSAT,ProtoNet,fixed,999,196,1396,90.66666960716248
EuroSAT,WIPT,0.0,999,196,1396,90.66666960716248
EuroSAT,Support-only Transformer,0.0,999,196,1396,90.66666960716248
EuroSAT,ProtoNet,fixed,999,197,1397,75.99999904632568
EuroSAT,WIPT,0.0,999,197,1397,74.6666669845581
EuroSAT,Support-only Transformer,0.0,999,197,1397,56.00000023841858
EuroSAT,ProtoNet,fixed,999,198,1398,89.3333375453949
EuroSAT,WIPT,0.0,999,198,1398,87.99999952316284
EuroSAT,Support-only Transformer,0.0,999,198,1398,85.33333539962769
EuroSAT,ProtoNet,fixed,999,199,1399,73.33333492279053
EuroSAT,WIPT,0.0,999,199,1399,74.6666669845581
EuroSAT,Support-only Transformer,0.0,999,199,1399,68.00000071525574
EuroSAT,ProtoNet,fixed,999,200,1400,72.00000286102295
EuroSAT,WIPT,0.0,999,200,1400,72.00000286102295
EuroSAT,Support-only Transformer,0.0,999,200,1400,75.99999904632568
EuroSAT,ProtoNet,fixed,999,201,1401,84.00000333786011
EuroSAT,WIPT,0.0,999,201,1401,82.66667127609253
EuroSAT,Support-only Transformer,0.0,999,201,1401,80.0000011920929
EuroSAT,ProtoNet,fixed,999,202,1402,82.66667127609253
EuroSAT,WIPT,0.0,999,202,1402,78.66666913032532
EuroSAT,Support-only Transformer,0.0,999,202,1402,72.00000286102295
EuroSAT,ProtoNet,fixed,999,203,1403,80.0000011920929
EuroSAT,WIPT,0.0,999,203,1403,74.6666669845581
EuroSAT,Support-only Transformer,0.0,999,203,1403,72.00000286102295
EuroSAT,ProtoNet,fixed,999,204,1404,75.99999904632568
EuroSAT,WIPT,0.0,999,204,1404,74.6666669845581
EuroSAT,Support-only Transformer,0.0,999,204,1404,74.6666669845581
EuroSAT,ProtoNet,fixed,999,205,1405,89.3333375453949
EuroSAT,WIPT,0.0,999,205,1405,87.99999952316284
EuroSAT,Support-only Transformer,0.0,999,205,1405,90.66666960716248
EuroSAT,ProtoNet,fixed,999,206,1406,90.66666960716248
EuroSAT,WIPT,0.0,999,206,1406,90.66666960716248
EuroSAT,Support-only Transformer,0.0,999,206,1406,85.33333539962769
EuroSAT,ProtoNet,fixed,999,207,1407,90.66666960716248
EuroSAT,WIPT,0.0,999,207,1407,89.3333375453949
EuroSAT,Support-only Transformer,0.0,999,207,1407,89.3333375453949
EuroSAT,ProtoNet,fixed,999,208,1408,82.66667127609253
EuroSAT,WIPT,0.0,999,208,1408,81.33333325386047
EuroSAT,Support-only Transformer,0.0,999,208,1408,81.33333325386047
EuroSAT,ProtoNet,fixed,999,209,1409,92.00000166893005
EuroSAT,WIPT,0.0,999,209,1409,86.66666746139526
EuroSAT,Support-only Transformer,0.0,999,209,1409,75.99999904632568
EuroSAT,ProtoNet,fixed,999,210,1410,70.66667079925537
EuroSAT,WIPT,0.0,999,210,1410,69.33333277702332
EuroSAT,Support-only Transformer,0.0,999,210,1410,62.66666650772095
EuroSAT,ProtoNet,fixed,999,211,1411,81.33333325386047
EuroSAT,WIPT,0.0,999,211,1411,78.66666913032532
EuroSAT,Support-only Transformer,0.0,999,211,1411,73.33333492279053
EuroSAT,ProtoNet,fixed,999,212,1412,89.3333375453949
EuroSAT,WIPT,0.0,999,212,1412,92.00000166893005
EuroSAT,Support-only Transformer,0.0,999,212,1412,87.99999952316284
EuroSAT,ProtoNet,fixed,999,213,1413,84.00000333786011
EuroSAT,WIPT,0.0,999,213,1413,84.00000333786011
EuroSAT,Support-only Transformer,0.0,999,213,1413,87.99999952316284
EuroSAT,ProtoNet,fixed,999,214,1414,78.66666913032532
EuroSAT,WIPT,0.0,999,214,1414,75.99999904632568
EuroSAT,Support-only Transformer,0.0,999,214,1414,74.6666669845581
EuroSAT,ProtoNet,fixed,999,215,1415,90.66666960716248
EuroSAT,WIPT,0.0,999,215,1415,90.66666960716248
EuroSAT,Support-only Transformer,0.0,999,215,1415,89.3333375453949
EuroSAT,ProtoNet,fixed,999,216,1416,84.00000333786011
EuroSAT,WIPT,0.0,999,216,1416,81.33333325386047
EuroSAT,Support-only Transformer,0.0,999,216,1416,85.33333539962769
EuroSAT,ProtoNet,fixed,999,217,1417,85.33333539962769
EuroSAT,WIPT,0.0,999,217,1417,86.66666746139526
EuroSAT,Support-only Transformer,0.0,999,217,1417,86.66666746139526
EuroSAT,ProtoNet,fixed,999,218,1418,74.6666669845581
EuroSAT,WIPT,0.0,999,218,1418,75.99999904632568
EuroSAT,Support-only Transformer,0.0,999,218,1418,74.6666669845581
EuroSAT,ProtoNet,fixed,999,219,1419,78.66666913032532
EuroSAT,WIPT,0.0,999,219,1419,78.66666913032532
EuroSAT,Support-only Transformer,0.0,999,219,1419,80.0000011920929
EuroSAT,ProtoNet,fixed,999,220,1420,81.33333325386047
EuroSAT,WIPT,0.0,999,220,1420,81.33333325386047
EuroSAT,Support-only Transformer,0.0,999,220,1420,85.33333539962769
EuroSAT,ProtoNet,fixed,999,221,1421,75.99999904632568
EuroSAT,WIPT,0.0,999,221,1421,77.33333706855774
EuroSAT,Support-only Transformer,0.0,999,221,1421,68.00000071525574
EuroSAT,ProtoNet,fixed,999,222,1422,84.00000333786011
EuroSAT,WIPT,0.0,999,222,1422,84.00000333786011
EuroSAT,Support-only Transformer,0.0,999,222,1422,81.33333325386047
EuroSAT,ProtoNet,fixed,999,223,1423,85.33333539962769
EuroSAT,WIPT,0.0,999,223,1423,82.66667127609253
EuroSAT,Support-only Transformer,0.0,999,223,1423,82.66667127609253
EuroSAT,ProtoNet,fixed,999,224,1424,86.66666746139526
EuroSAT,WIPT,0.0,999,224,1424,86.66666746139526
EuroSAT,Support-only Transformer,0.0,999,224,1424,84.00000333786011
EuroSAT,ProtoNet,fixed,999,225,1425,96.00000381469727
EuroSAT,WIPT,0.0,999,225,1425,93.33333373069763
EuroSAT,Support-only Transformer,0.0,999,225,1425,90.66666960716248
EuroSAT,ProtoNet,fixed,999,226,1426,66.66666865348816
EuroSAT,WIPT,0.0,999,226,1426,70.66667079925537
EuroSAT,Support-only Transformer,0.0,999,226,1426,72.00000286102295
EuroSAT,ProtoNet,fixed,999,227,1427,81.33333325386047
EuroSAT,WIPT,0.0,999,227,1427,74.6666669845581
EuroSAT,Support-only Transformer,0.0,999,227,1427,72.00000286102295
EuroSAT,ProtoNet,fixed,999,228,1428,82.66667127609253
EuroSAT,WIPT,0.0,999,228,1428,78.66666913032532
EuroSAT,Support-only Transformer,0.0,999,228,1428,78.66666913032532
EuroSAT,ProtoNet,fixed,999,229,1429,63.999998569488525
EuroSAT,WIPT,0.0,999,229,1429,61.33333444595337
EuroSAT,Support-only Transformer,0.0,999,229,1429,60.00000238418579
EuroSAT,ProtoNet,fixed,999,230,1430,82.66667127609253
EuroSAT,WIPT,0.0,999,230,1430,77.33333706855774
EuroSAT,Support-only Transformer,0.0,999,230,1430,85.33333539962769
EuroSAT,ProtoNet,fixed,999,231,1431,92.00000166893005
EuroSAT,WIPT,0.0,999,231,1431,89.3333375453949
EuroSAT,Support-only Transformer,0.0,999,231,1431,90.66666960716248
EuroSAT,ProtoNet,fixed,999,232,1432,68.00000071525574
EuroSAT,WIPT,0.0,999,232,1432,69.33333277702332
EuroSAT,Support-only Transformer,0.0,999,232,1432,72.00000286102295
EuroSAT,ProtoNet,fixed,999,233,1433,85.33333539962769
EuroSAT,WIPT,0.0,999,233,1433,85.33333539962769
EuroSAT,Support-only Transformer,0.0,999,233,1433,78.66666913032532
EuroSAT,ProtoNet,fixed,999,234,1434,70.66667079925537
EuroSAT,WIPT,0.0,999,234,1434,72.00000286102295
EuroSAT,Support-only Transformer,0.0,999,234,1434,72.00000286102295
EuroSAT,ProtoNet,fixed,999,235,1435,87.99999952316284
EuroSAT,WIPT,0.0,999,235,1435,86.66666746139526
EuroSAT,Support-only Transformer,0.0,999,235,1435,86.66666746139526
EuroSAT,ProtoNet,fixed,999,236,1436,82.66667127609253
EuroSAT,WIPT,0.0,999,236,1436,78.66666913032532
EuroSAT,Support-only Transformer,0.0,999,236,1436,85.33333539962769
EuroSAT,ProtoNet,fixed,999,237,1437,86.66666746139526
EuroSAT,WIPT,0.0,999,237,1437,86.66666746139526
EuroSAT,Support-only Transformer,0.0,999,237,1437,87.99999952316284
EuroSAT,ProtoNet,fixed,999,238,1438,84.00000333786011
EuroSAT,WIPT,0.0,999,238,1438,80.0000011920929
EuroSAT,Support-only Transformer,0.0,999,238,1438,80.0000011920929
EuroSAT,ProtoNet,fixed,999,239,1439,97.33333587646484
EuroSAT,WIPT,0.0,999,239,1439,96.00000381469727
EuroSAT,Support-only Transformer,0.0,999,239,1439,87.99999952316284
EuroSAT,ProtoNet,fixed,999,240,1440,72.00000286102295
EuroSAT,WIPT,0.0,999,240,1440,68.00000071525574
EuroSAT,Support-only Transformer,0.0,999,240,1440,65.33333659172058
EuroSAT,ProtoNet,fixed,999,241,1441,81.33333325386047
EuroSAT,WIPT,0.0,999,241,1441,82.66667127609253
EuroSAT,Support-only Transformer,0.0,999,241,1441,78.66666913032532
EuroSAT,ProtoNet,fixed,999,242,1442,85.33333539962769
EuroSAT,WIPT,0.0,999,242,1442,84.00000333786011
EuroSAT,Support-only Transformer,0.0,999,242,1442,81.33333325386047
EuroSAT,ProtoNet,fixed,999,243,1443,69.33333277702332
EuroSAT,WIPT,0.0,999,243,1443,68.00000071525574
EuroSAT,Support-only Transformer,0.0,999,243,1443,72.00000286102295
EuroSAT,ProtoNet,fixed,999,244,1444,84.00000333786011
EuroSAT,WIPT,0.0,999,244,1444,78.66666913032532
EuroSAT,Support-only Transformer,0.0,999,244,1444,73.33333492279053
EuroSAT,ProtoNet,fixed,999,245,1445,86.66666746139526
EuroSAT,WIPT,0.0,999,245,1445,87.99999952316284
EuroSAT,Support-only Transformer,0.0,999,245,1445,85.33333539962769
EuroSAT,ProtoNet,fixed,999,246,1446,84.00000333786011
EuroSAT,WIPT,0.0,999,246,1446,85.33333539962769
EuroSAT,Support-only Transformer,0.0,999,246,1446,82.66667127609253
EuroSAT,ProtoNet,fixed,999,247,1447,85.33333539962769
EuroSAT,WIPT,0.0,999,247,1447,85.33333539962769
EuroSAT,Support-only Transformer,0.0,999,247,1447,86.66666746139526
EuroSAT,ProtoNet,fixed,999,248,1448,90.66666960716248
EuroSAT,WIPT,0.0,999,248,1448,92.00000166893005
EuroSAT,Support-only Transformer,0.0,999,248,1448,87.99999952316284
EuroSAT,ProtoNet,fixed,999,249,1449,75.99999904632568
EuroSAT,WIPT,0.0,999,249,1449,77.33333706855774
EuroSAT,Support-only Transformer,0.0,999,249,1449,72.00000286102295
EuroSAT,ProtoNet,fixed,999,250,1450,84.00000333786011
EuroSAT,WIPT,0.0,999,250,1450,82.66667127609253
EuroSAT,Support-only Transformer,0.0,999,250,1450,82.66667127609253
EuroSAT,ProtoNet,fixed,999,251,1451,82.66667127609253
EuroSAT,WIPT,0.0,999,251,1451,84.00000333786011
EuroSAT,Support-only Transformer,0.0,999,251,1451,84.00000333786011
EuroSAT,ProtoNet,fixed,999,252,1452,84.00000333786011
EuroSAT,WIPT,0.0,999,252,1452,86.66666746139526
EuroSAT,Support-only Transformer,0.0,999,252,1452,84.00000333786011
EuroSAT,ProtoNet,fixed,999,253,1453,85.33333539962769
EuroSAT,WIPT,0.0,999,253,1453,86.66666746139526
EuroSAT,Support-only Transformer,0.0,999,253,1453,80.0000011920929
EuroSAT,ProtoNet,fixed,999,254,1454,85.33333539962769
EuroSAT,WIPT,0.0,999,254,1454,85.33333539962769
EuroSAT,Support-only Transformer,0.0,999,254,1454,84.00000333786011
EuroSAT,ProtoNet,fixed,999,255,1455,90.66666960716248
EuroSAT,WIPT,0.0,999,255,1455,93.33333373069763
EuroSAT,Support-only Transformer,0.0,999,255,1455,93.33333373069763
EuroSAT,ProtoNet,fixed,999,256,1456,85.33333539962769
EuroSAT,WIPT,0.0,999,256,1456,81.33333325386047
EuroSAT,Support-only Transformer,0.0,999,256,1456,78.66666913032532
EuroSAT,ProtoNet,fixed,999,257,1457,89.3333375453949
EuroSAT,WIPT,0.0,999,257,1457,87.99999952316284
EuroSAT,Support-only Transformer,0.0,999,257,1457,84.00000333786011
EuroSAT,ProtoNet,fixed,999,258,1458,80.0000011920929
EuroSAT,WIPT,0.0,999,258,1458,77.33333706855774
EuroSAT,Support-only Transformer,0.0,999,258,1458,81.33333325386047
EuroSAT,ProtoNet,fixed,999,259,1459,87.99999952316284
EuroSAT,WIPT,0.0,999,259,1459,87.99999952316284
EuroSAT,Support-only Transformer,0.0,999,259,1459,89.3333375453949
EuroSAT,ProtoNet,fixed,999,260,1460,70.66667079925537
EuroSAT,WIPT,0.0,999,260,1460,70.66667079925537
EuroSAT,Support-only Transformer,0.0,999,260,1460,73.33333492279053
EuroSAT,ProtoNet,fixed,999,261,1461,77.33333706855774
EuroSAT,WIPT,0.0,999,261,1461,77.33333706855774
EuroSAT,Support-only Transformer,0.0,999,261,1461,75.99999904632568
EuroSAT,ProtoNet,fixed,999,262,1462,74.6666669845581
EuroSAT,WIPT,0.0,999,262,1462,72.00000286102295
EuroSAT,Support-only Transformer,0.0,999,262,1462,72.00000286102295
EuroSAT,ProtoNet,fixed,999,263,1463,73.33333492279053
EuroSAT,WIPT,0.0,999,263,1463,73.33333492279053
EuroSAT,Support-only Transformer,0.0,999,263,1463,75.99999904632568
EuroSAT,ProtoNet,fixed,999,264,1464,84.00000333786011
EuroSAT,WIPT,0.0,999,264,1464,87.99999952316284
EuroSAT,Support-only Transformer,0.0,999,264,1464,82.66667127609253
EuroSAT,ProtoNet,fixed,999,265,1465,70.66667079925537
EuroSAT,WIPT,0.0,999,265,1465,63.999998569488525
EuroSAT,Support-only Transformer,0.0,999,265,1465,65.33333659172058
EuroSAT,ProtoNet,fixed,999,266,1466,70.66667079925537
EuroSAT,WIPT,0.0,999,266,1466,70.66667079925537
EuroSAT,Support-only Transformer,0.0,999,266,1466,66.66666865348816
EuroSAT,ProtoNet,fixed,999,267,1467,70.66667079925537
EuroSAT,WIPT,0.0,999,267,1467,72.00000286102295
EuroSAT,Support-only Transformer,0.0,999,267,1467,74.6666669845581
EuroSAT,ProtoNet,fixed,999,268,1468,87.99999952316284
EuroSAT,WIPT,0.0,999,268,1468,87.99999952316284
EuroSAT,Support-only Transformer,0.0,999,268,1468,87.99999952316284
EuroSAT,ProtoNet,fixed,999,269,1469,87.99999952316284
EuroSAT,WIPT,0.0,999,269,1469,87.99999952316284
EuroSAT,Support-only Transformer,0.0,999,269,1469,87.99999952316284
EuroSAT,ProtoNet,fixed,999,270,1470,77.33333706855774
EuroSAT,WIPT,0.0,999,270,1470,78.66666913032532
EuroSAT,Support-only Transformer,0.0,999,270,1470,75.99999904632568
EuroSAT,ProtoNet,fixed,999,271,1471,84.00000333786011
EuroSAT,WIPT,0.0,999,271,1471,75.99999904632568
EuroSAT,Support-only Transformer,0.0,999,271,1471,80.0000011920929
EuroSAT,ProtoNet,fixed,999,272,1472,72.00000286102295
EuroSAT,WIPT,0.0,999,272,1472,72.00000286102295
EuroSAT,Support-only Transformer,0.0,999,272,1472,73.33333492279053
EuroSAT,ProtoNet,fixed,999,273,1473,77.33333706855774
EuroSAT,WIPT,0.0,999,273,1473,75.99999904632568
EuroSAT,Support-only Transformer,0.0,999,273,1473,72.00000286102295
EuroSAT,ProtoNet,fixed,999,274,1474,66.66666865348816
EuroSAT,WIPT,0.0,999,274,1474,61.33333444595337
EuroSAT,Support-only Transformer,0.0,999,274,1474,60.00000238418579
EuroSAT,ProtoNet,fixed,999,275,1475,89.3333375453949
EuroSAT,WIPT,0.0,999,275,1475,82.66667127609253
EuroSAT,Support-only Transformer,0.0,999,275,1475,84.00000333786011
EuroSAT,ProtoNet,fixed,999,276,1476,78.66666913032532
EuroSAT,WIPT,0.0,999,276,1476,81.33333325386047
EuroSAT,Support-only Transformer,0.0,999,276,1476,80.0000011920929
EuroSAT,ProtoNet,fixed,999,277,1477,90.66666960716248
EuroSAT,WIPT,0.0,999,277,1477,86.66666746139526
EuroSAT,Support-only Transformer,0.0,999,277,1477,85.33333539962769
EuroSAT,ProtoNet,fixed,999,278,1478,81.33333325386047
EuroSAT,WIPT,0.0,999,278,1478,80.0000011920929
EuroSAT,Support-only Transformer,0.0,999,278,1478,82.66667127609253
EuroSAT,ProtoNet,fixed,999,279,1479,90.66666960716248
EuroSAT,WIPT,0.0,999,279,1479,93.33333373069763
EuroSAT,Support-only Transformer,0.0,999,279,1479,87.99999952316284
EuroSAT,ProtoNet,fixed,999,280,1480,80.0000011920929
EuroSAT,WIPT,0.0,999,280,1480,77.33333706855774
EuroSAT,Support-only Transformer,0.0,999,280,1480,74.6666669845581
EuroSAT,ProtoNet,fixed,999,281,1481,72.00000286102295
EuroSAT,WIPT,0.0,999,281,1481,73.33333492279053
EuroSAT,Support-only Transformer,0.0,999,281,1481,70.66667079925537
EuroSAT,ProtoNet,fixed,999,282,1482,80.0000011920929
EuroSAT,WIPT,0.0,999,282,1482,81.33333325386047
EuroSAT,Support-only Transformer,0.0,999,282,1482,84.00000333786011
EuroSAT,ProtoNet,fixed,999,283,1483,93.33333373069763
EuroSAT,WIPT,0.0,999,283,1483,90.66666960716248
EuroSAT,Support-only Transformer,0.0,999,283,1483,89.3333375453949
EuroSAT,ProtoNet,fixed,999,284,1484,87.99999952316284
EuroSAT,WIPT,0.0,999,284,1484,89.3333375453949
EuroSAT,Support-only Transformer,0.0,999,284,1484,85.33333539962769
EuroSAT,ProtoNet,fixed,999,285,1485,75.99999904632568
EuroSAT,WIPT,0.0,999,285,1485,77.33333706855774
EuroSAT,Support-only Transformer,0.0,999,285,1485,82.66667127609253
EuroSAT,ProtoNet,fixed,999,286,1486,87.99999952316284
EuroSAT,WIPT,0.0,999,286,1486,89.3333375453949
EuroSAT,Support-only Transformer,0.0,999,286,1486,92.00000166893005
EuroSAT,ProtoNet,fixed,999,287,1487,78.66666913032532
EuroSAT,WIPT,0.0,999,287,1487,77.33333706855774
EuroSAT,Support-only Transformer,0.0,999,287,1487,70.66667079925537
EuroSAT,ProtoNet,fixed,999,288,1488,81.33333325386047
EuroSAT,WIPT,0.0,999,288,1488,82.66667127609253
EuroSAT,Support-only Transformer,0.0,999,288,1488,85.33333539962769
EuroSAT,ProtoNet,fixed,999,289,1489,89.3333375453949
EuroSAT,WIPT,0.0,999,289,1489,90.66666960716248
EuroSAT,Support-only Transformer,0.0,999,289,1489,85.33333539962769
EuroSAT,ProtoNet,fixed,999,290,1490,93.33333373069763
EuroSAT,WIPT,0.0,999,290,1490,93.33333373069763
EuroSAT,Support-only Transformer,0.0,999,290,1490,94.66667175292969
EuroSAT,ProtoNet,fixed,999,291,1491,84.00000333786011
EuroSAT,WIPT,0.0,999,291,1491,85.33333539962769
EuroSAT,Support-only Transformer,0.0,999,291,1491,84.00000333786011
EuroSAT,ProtoNet,fixed,999,292,1492,85.33333539962769
EuroSAT,WIPT,0.0,999,292,1492,85.33333539962769
EuroSAT,Support-only Transformer,0.0,999,292,1492,84.00000333786011
EuroSAT,ProtoNet,fixed,999,293,1493,87.99999952316284
EuroSAT,WIPT,0.0,999,293,1493,87.99999952316284
EuroSAT,Support-only Transformer,0.0,999,293,1493,74.6666669845581
EuroSAT,ProtoNet,fixed,999,294,1494,80.0000011920929
EuroSAT,WIPT,0.0,999,294,1494,77.33333706855774
EuroSAT,Support-only Transformer,0.0,999,294,1494,74.6666669845581
EuroSAT,ProtoNet,fixed,999,295,1495,68.00000071525574
EuroSAT,WIPT,0.0,999,295,1495,73.33333492279053
EuroSAT,Support-only Transformer,0.0,999,295,1495,73.33333492279053
EuroSAT,ProtoNet,fixed,999,296,1496,80.0000011920929
EuroSAT,WIPT,0.0,999,296,1496,80.0000011920929
EuroSAT,Support-only Transformer,0.0,999,296,1496,78.66666913032532
EuroSAT,ProtoNet,fixed,999,297,1497,81.33333325386047
EuroSAT,WIPT,0.0,999,297,1497,81.33333325386047
EuroSAT,Support-only Transformer,0.0,999,297,1497,80.0000011920929
EuroSAT,ProtoNet,fixed,999,298,1498,84.00000333786011
EuroSAT,WIPT,0.0,999,298,1498,81.33333325386047
EuroSAT,Support-only Transformer,0.0,999,298,1498,82.66667127609253
EuroSAT,ProtoNet,fixed,999,299,1499,81.33333325386047
EuroSAT,WIPT,0.0,999,299,1499,81.33333325386047
EuroSAT,Support-only Transformer,0.0,999,299,1499,84.00000333786011
ISIC,ProtoNet,fixed,42,0,0,50.66666603088379
ISIC,WIPT,0.0,42,0,0,46.666666865348816
ISIC,Support-only Transformer,0.0,42,0,0,46.666666865348816
ISIC,ProtoNet,fixed,42,1,1,36.000001430511475
ISIC,WIPT,0.0,42,1,1,34.66666638851166
ISIC,Support-only Transformer,0.0,42,1,1,33.33333432674408
ISIC,ProtoNet,fixed,42,2,2,41.333335638046265
ISIC,WIPT,0.0,42,2,2,38.66666853427887
ISIC,Support-only Transformer,0.0,42,2,2,34.66666638851166
ISIC,ProtoNet,fixed,42,3,3,42.66666769981384
ISIC,WIPT,0.0,42,3,3,41.333335638046265
ISIC,Support-only Transformer,0.0,42,3,3,37.33333349227905
ISIC,ProtoNet,fixed,42,4,4,29.333335161209106
ISIC,WIPT,0.0,42,4,4,28.00000011920929
ISIC,Support-only Transformer,0.0,42,4,4,33.33333432674408
ISIC,ProtoNet,fixed,42,5,5,33.33333432674408
ISIC,WIPT,0.0,42,5,5,34.66666638851166
ISIC,Support-only Transformer,0.0,42,5,5,30.666667222976685
ISIC,ProtoNet,fixed,42,6,6,29.333335161209106
ISIC,WIPT,0.0,42,6,6,33.33333432674408
ISIC,Support-only Transformer,0.0,42,6,6,34.66666638851166
ISIC,ProtoNet,fixed,42,7,7,46.666666865348816
ISIC,WIPT,0.0,42,7,7,46.666666865348816
ISIC,Support-only Transformer,0.0,42,7,7,37.33333349227905
ISIC,ProtoNet,fixed,42,8,8,33.33333432674408
ISIC,WIPT,0.0,42,8,8,33.33333432674408
ISIC,Support-only Transformer,0.0,42,8,8,34.66666638851166
ISIC,ProtoNet,fixed,42,9,9,45.33333480358124
ISIC,WIPT,0.0,42,9,9,42.66666769981384
ISIC,Support-only Transformer,0.0,42,9,9,40.00000059604645
ISIC,ProtoNet,fixed,42,10,10,31.999999284744263
ISIC,WIPT,0.0,42,10,10,29.333335161209106
ISIC,Support-only Transformer,0.0,42,10,10,26.66666805744171
ISIC,ProtoNet,fixed,42,11,11,45.33333480358124
ISIC,WIPT,0.0,42,11,11,48.00000190734863
ISIC,Support-only Transformer,0.0,42,11,11,46.666666865348816
ISIC,ProtoNet,fixed,42,12,12,37.33333349227905
ISIC,WIPT,0.0,42,12,12,37.33333349227905
ISIC,Support-only Transformer,0.0,42,12,12,31.999999284744263
ISIC,ProtoNet,fixed,42,13,13,37.33333349227905
ISIC,WIPT,0.0,42,13,13,36.000001430511475
ISIC,Support-only Transformer,0.0,42,13,13,34.66666638851166
ISIC,ProtoNet,fixed,42,14,14,29.333335161209106
ISIC,WIPT,0.0,42,14,14,29.333335161209106
ISIC,Support-only Transformer,0.0,42,14,14,28.00000011920929
ISIC,ProtoNet,fixed,42,15,15,41.333335638046265
ISIC,WIPT,0.0,42,15,15,36.000001430511475
ISIC,Support-only Transformer,0.0,42,15,15,37.33333349227905
ISIC,ProtoNet,fixed,42,16,16,42.66666769981384
ISIC,WIPT,0.0,42,16,16,40.00000059604645
ISIC,Support-only Transformer,0.0,42,16,16,36.000001430511475
ISIC,ProtoNet,fixed,42,17,17,48.00000190734863
ISIC,WIPT,0.0,42,17,17,43.99999976158142
ISIC,Support-only Transformer,0.0,42,17,17,43.99999976158142
ISIC,ProtoNet,fixed,42,18,18,38.66666853427887
ISIC,WIPT,0.0,42,18,18,36.000001430511475
ISIC,Support-only Transformer,0.0,42,18,18,41.333335638046265
ISIC,ProtoNet,fixed,42,19,19,33.33333432674408
ISIC,WIPT,0.0,42,19,19,31.999999284744263
ISIC,Support-only Transformer,0.0,42,19,19,29.333335161209106
ISIC,ProtoNet,fixed,42,20,20,38.66666853427887
ISIC,WIPT,0.0,42,20,20,36.000001430511475
ISIC,Support-only Transformer,0.0,42,20,20,36.000001430511475
ISIC,ProtoNet,fixed,42,21,21,42.66666769981384
ISIC,WIPT,0.0,42,21,21,42.66666769981384
ISIC,Support-only Transformer,0.0,42,21,21,38.66666853427887
ISIC,ProtoNet,fixed,42,22,22,38.66666853427887
ISIC,WIPT,0.0,42,22,22,40.00000059604645
ISIC,Support-only Transformer,0.0,42,22,22,37.33333349227905
ISIC,ProtoNet,fixed,42,23,23,41.333335638046265
ISIC,WIPT,0.0,42,23,23,41.333335638046265
ISIC,Support-only Transformer,0.0,42,23,23,40.00000059604645
ISIC,ProtoNet,fixed,42,24,24,31.999999284744263
ISIC,WIPT,0.0,42,24,24,30.666667222976685
ISIC,Support-only Transformer,0.0,42,24,24,30.666667222976685
ISIC,ProtoNet,fixed,42,25,25,38.66666853427887
ISIC,WIPT,0.0,42,25,25,40.00000059604645
ISIC,Support-only Transformer,0.0,42,25,25,38.66666853427887
ISIC,ProtoNet,fixed,42,26,26,40.00000059604645
ISIC,WIPT,0.0,42,26,26,40.00000059604645
ISIC,Support-only Transformer,0.0,42,26,26,33.33333432674408
ISIC,ProtoNet,fixed,42,27,27,49.33333396911621
ISIC,WIPT,0.0,42,27,27,45.33333480358124
ISIC,Support-only Transformer,0.0,42,27,27,43.99999976158142
ISIC,ProtoNet,fixed,42,28,28,34.66666638851166
ISIC,WIPT,0.0,42,28,28,37.33333349227905
ISIC,Support-only Transformer,0.0,42,28,28,29.333335161209106
ISIC,ProtoNet,fixed,42,29,29,40.00000059604645
ISIC,WIPT,0.0,42,29,29,42.66666769981384
ISIC,Support-only Transformer,0.0,42,29,29,36.000001430511475
ISIC,ProtoNet,fixed,42,30,30,42.66666769981384
ISIC,WIPT,0.0,42,30,30,41.333335638046265
ISIC,Support-only Transformer,0.0,42,30,30,33.33333432674408
ISIC,ProtoNet,fixed,42,31,31,30.666667222976685
ISIC,WIPT,0.0,42,31,31,33.33333432674408
ISIC,Support-only Transformer,0.0,42,31,31,33.33333432674408
ISIC,ProtoNet,fixed,42,32,32,31.999999284744263
ISIC,WIPT,0.0,42,32,32,34.66666638851166
ISIC,Support-only Transformer,0.0,42,32,32,30.666667222976685
ISIC,ProtoNet,fixed,42,33,33,40.00000059604645
ISIC,WIPT,0.0,42,33,33,36.000001430511475
ISIC,Support-only Transformer,0.0,42,33,33,31.999999284744263
ISIC,ProtoNet,fixed,42,34,34,34.66666638851166
ISIC,WIPT,0.0,42,34,34,36.000001430511475
ISIC,Support-only Transformer,0.0,42,34,34,36.000001430511475
ISIC,ProtoNet,fixed,42,35,35,28.00000011920929
ISIC,WIPT,0.0,42,35,35,31.999999284744263
ISIC,Support-only Transformer,0.0,42,35,35,36.000001430511475
ISIC,ProtoNet,fixed,42,36,36,42.66666769981384
ISIC,WIPT,0.0,42,36,36,42.66666769981384
ISIC,Support-only Transformer,0.0,42,36,36,40.00000059604645
ISIC,ProtoNet,fixed,42,37,37,33.33333432674408
ISIC,WIPT,0.0,42,37,37,37.33333349227905
ISIC,Support-only Transformer,0.0,42,37,37,37.33333349227905
ISIC,ProtoNet,fixed,42,38,38,37.33333349227905
ISIC,WIPT,0.0,42,38,38,42.66666769981384
ISIC,Support-only Transformer,0.0,42,38,38,31.999999284744263
ISIC,ProtoNet,fixed,42,39,39,43.99999976158142
ISIC,WIPT,0.0,42,39,39,41.333335638046265
ISIC,Support-only Transformer,0.0,42,39,39,33.33333432674408
ISIC,ProtoNet,fixed,42,40,40,53.33333611488342
ISIC,WIPT,0.0,42,40,40,53.33333611488342
ISIC,Support-only Transformer,0.0,42,40,40,49.33333396911621
ISIC,ProtoNet,fixed,42,41,41,41.333335638046265
ISIC,WIPT,0.0,42,41,41,41.333335638046265
ISIC,Support-only Transformer,0.0,42,41,41,40.00000059604645
ISIC,ProtoNet,fixed,42,42,42,37.33333349227905
ISIC,WIPT,0.0,42,42,42,36.000001430511475
ISIC,Support-only Transformer,0.0,42,42,42,34.66666638851166
ISIC,ProtoNet,fixed,42,43,43,25.333333015441895
ISIC,WIPT,0.0,42,43,43,21.33333384990692
ISIC,Support-only Transformer,0.0,42,43,43,28.00000011920929
ISIC,ProtoNet,fixed,42,44,44,42.66666769981384
ISIC,WIPT,0.0,42,44,44,42.66666769981384
ISIC,Support-only Transformer,0.0,42,44,44,38.66666853427887
ISIC,ProtoNet,fixed,42,45,45,36.000001430511475
ISIC,WIPT,0.0,42,45,45,34.66666638851166
ISIC,Support-only Transformer,0.0,42,45,45,34.66666638851166
ISIC,ProtoNet,fixed,42,46,46,30.666667222976685
ISIC,WIPT,0.0,42,46,46,31.999999284744263
ISIC,Support-only Transformer,0.0,42,46,46,33.33333432674408
ISIC,ProtoNet,fixed,42,47,47,29.333335161209106
ISIC,WIPT,0.0,42,47,47,31.999999284744263
ISIC,Support-only Transformer,0.0,42,47,47,28.00000011920929
ISIC,ProtoNet,fixed,42,48,48,43.99999976158142
ISIC,WIPT,0.0,42,48,48,43.99999976158142
ISIC,Support-only Transformer,0.0,42,48,48,42.66666769981384
ISIC,ProtoNet,fixed,42,49,49,38.66666853427887
ISIC,WIPT,0.0,42,49,49,34.66666638851166
ISIC,Support-only Transformer,0.0,42,49,49,36.000001430511475
ISIC,ProtoNet,fixed,42,50,50,25.333333015441895
ISIC,WIPT,0.0,42,50,50,29.333335161209106
ISIC,Support-only Transformer,0.0,42,50,50,29.333335161209106
ISIC,ProtoNet,fixed,42,51,51,26.66666805744171
ISIC,WIPT,0.0,42,51,51,26.66666805744171
ISIC,Support-only Transformer,0.0,42,51,51,28.00000011920929
ISIC,ProtoNet,fixed,42,52,52,48.00000190734863
ISIC,WIPT,0.0,42,52,52,46.666666865348816
ISIC,Support-only Transformer,0.0,42,52,52,37.33333349227905
ISIC,ProtoNet,fixed,42,53,53,43.99999976158142
ISIC,WIPT,0.0,42,53,53,48.00000190734863
ISIC,Support-only Transformer,0.0,42,53,53,45.33333480358124
ISIC,ProtoNet,fixed,42,54,54,37.33333349227905
ISIC,WIPT,0.0,42,54,54,41.333335638046265
ISIC,Support-only Transformer,0.0,42,54,54,38.66666853427887
ISIC,ProtoNet,fixed,42,55,55,41.333335638046265
ISIC,WIPT,0.0,42,55,55,41.333335638046265
ISIC,Support-only Transformer,0.0,42,55,55,37.33333349227905
ISIC,ProtoNet,fixed,42,56,56,22.66666740179062
ISIC,WIPT,0.0,42,56,56,25.333333015441895
ISIC,Support-only Transformer,0.0,42,56,56,22.66666740179062
ISIC,ProtoNet,fixed,42,57,57,37.33333349227905
ISIC,WIPT,0.0,42,57,57,33.33333432674408
ISIC,Support-only Transformer,0.0,42,57,57,33.33333432674408
ISIC,ProtoNet,fixed,42,58,58,46.666666865348816
ISIC,WIPT,0.0,42,58,58,42.66666769981384
ISIC,Support-only Transformer,0.0,42,58,58,43.99999976158142
ISIC,ProtoNet,fixed,42,59,59,43.99999976158142
ISIC,WIPT,0.0,42,59,59,43.99999976158142
ISIC,Support-only Transformer,0.0,42,59,59,41.333335638046265
ISIC,ProtoNet,fixed,42,60,60,36.000001430511475
ISIC,WIPT,0.0,42,60,60,33.33333432674408
ISIC,Support-only Transformer,0.0,42,60,60,31.999999284744263
ISIC,ProtoNet,fixed,42,61,61,34.66666638851166
ISIC,WIPT,0.0,42,61,61,34.66666638851166
ISIC,Support-only Transformer,0.0,42,61,61,33.33333432674408
ISIC,ProtoNet,fixed,42,62,62,34.66666638851166
ISIC,WIPT,0.0,42,62,62,31.999999284744263
ISIC,Support-only Transformer,0.0,42,62,62,33.33333432674408
ISIC,ProtoNet,fixed,42,63,63,61.33333444595337
ISIC,WIPT,0.0,42,63,63,58.66667032241821
ISIC,Support-only Transformer,0.0,42,63,63,57.33333230018616
ISIC,ProtoNet,fixed,42,64,64,31.999999284744263
ISIC,WIPT,0.0,42,64,64,31.999999284744263
ISIC,Support-only Transformer,0.0,42,64,64,31.999999284744263
ISIC,ProtoNet,fixed,42,65,65,33.33333432674408
ISIC,WIPT,0.0,42,65,65,36.000001430511475
ISIC,Support-only Transformer,0.0,42,65,65,34.66666638851166
ISIC,ProtoNet,fixed,42,66,66,28.00000011920929
ISIC,WIPT,0.0,42,66,66,31.999999284744263
ISIC,Support-only Transformer,0.0,42,66,66,25.333333015441895
ISIC,ProtoNet,fixed,42,67,67,41.333335638046265
ISIC,WIPT,0.0,42,67,67,40.00000059604645
ISIC,Support-only Transformer,0.0,42,67,67,31.999999284744263
ISIC,ProtoNet,fixed,42,68,68,31.999999284744263
ISIC,WIPT,0.0,42,68,68,34.66666638851166
ISIC,Support-only Transformer,0.0,42,68,68,31.999999284744263
ISIC,ProtoNet,fixed,42,69,69,29.333335161209106
ISIC,WIPT,0.0,42,69,69,28.00000011920929
ISIC,Support-only Transformer,0.0,42,69,69,22.66666740179062
ISIC,ProtoNet,fixed,42,70,70,30.666667222976685
ISIC,WIPT,0.0,42,70,70,29.333335161209106
ISIC,Support-only Transformer,0.0,42,70,70,34.66666638851166
ISIC,ProtoNet,fixed,42,71,71,37.33333349227905
ISIC,WIPT,0.0,42,71,71,40.00000059604645
ISIC,Support-only Transformer,0.0,42,71,71,34.66666638851166
ISIC,ProtoNet,fixed,42,72,72,33.33333432674408
ISIC,WIPT,0.0,42,72,72,34.66666638851166
ISIC,Support-only Transformer,0.0,42,72,72,37.33333349227905
ISIC,ProtoNet,fixed,42,73,73,28.00000011920929
ISIC,WIPT,0.0,42,73,73,29.333335161209106
ISIC,Support-only Transformer,0.0,42,73,73,29.333335161209106
ISIC,ProtoNet,fixed,42,74,74,31.999999284744263
ISIC,WIPT,0.0,42,74,74,29.333335161209106
ISIC,Support-only Transformer,0.0,42,74,74,31.999999284744263
ISIC,ProtoNet,fixed,42,75,75,41.333335638046265
ISIC,WIPT,0.0,42,75,75,36.000001430511475
ISIC,Support-only Transformer,0.0,42,75,75,42.66666769981384
ISIC,ProtoNet,fixed,42,76,76,41.333335638046265
ISIC,WIPT,0.0,42,76,76,43.99999976158142
ISIC,Support-only Transformer,0.0,42,76,76,40.00000059604645
ISIC,ProtoNet,fixed,42,77,77,37.33333349227905
ISIC,WIPT,0.0,42,77,77,37.33333349227905
ISIC,Support-only Transformer,0.0,42,77,77,38.66666853427887
ISIC,ProtoNet,fixed,42,78,78,41.333335638046265
ISIC,WIPT,0.0,42,78,78,38.66666853427887
ISIC,Support-only Transformer,0.0,42,78,78,36.000001430511475
ISIC,ProtoNet,fixed,42,79,79,38.66666853427887
ISIC,WIPT,0.0,42,79,79,34.66666638851166
ISIC,Support-only Transformer,0.0,42,79,79,36.000001430511475
ISIC,ProtoNet,fixed,42,80,80,30.666667222976685
ISIC,WIPT,0.0,42,80,80,30.666667222976685
ISIC,Support-only Transformer,0.0,42,80,80,34.66666638851166
ISIC,ProtoNet,fixed,42,81,81,37.33333349227905
ISIC,WIPT,0.0,42,81,81,33.33333432674408
ISIC,Support-only Transformer,0.0,42,81,81,28.00000011920929
ISIC,ProtoNet,fixed,42,82,82,33.33333432674408
ISIC,WIPT,0.0,42,82,82,34.66666638851166
ISIC,Support-only Transformer,0.0,42,82,82,31.999999284744263
ISIC,ProtoNet,fixed,42,83,83,45.33333480358124
ISIC,WIPT,0.0,42,83,83,42.66666769981384
ISIC,Support-only Transformer,0.0,42,83,83,42.66666769981384
ISIC,ProtoNet,fixed,42,84,84,45.33333480358124
ISIC,WIPT,0.0,42,84,84,42.66666769981384
ISIC,Support-only Transformer,0.0,42,84,84,40.00000059604645
ISIC,ProtoNet,fixed,42,85,85,52.000004053115845
ISIC,WIPT,0.0,42,85,85,48.00000190734863
ISIC,Support-only Transformer,0.0,42,85,85,48.00000190734863
ISIC,ProtoNet,fixed,42,86,86,41.333335638046265
ISIC,WIPT,0.0,42,86,86,42.66666769981384
ISIC,Support-only Transformer,0.0,42,86,86,46.666666865348816
ISIC,ProtoNet,fixed,42,87,87,46.666666865348816
ISIC,WIPT,0.0,42,87,87,41.333335638046265
ISIC,Support-only Transformer,0.0,42,87,87,37.33333349227905
ISIC,ProtoNet,fixed,42,88,88,43.99999976158142
ISIC,WIPT,0.0,42,88,88,42.66666769981384
ISIC,Support-only Transformer,0.0,42,88,88,43.99999976158142
ISIC,ProtoNet,fixed,42,89,89,42.66666769981384
ISIC,WIPT,0.0,42,89,89,40.00000059604645
ISIC,Support-only Transformer,0.0,42,89,89,46.666666865348816
ISIC,ProtoNet,fixed,42,90,90,30.666667222976685
ISIC,WIPT,0.0,42,90,90,28.00000011920929
ISIC,Support-only Transformer,0.0,42,90,90,34.66666638851166
ISIC,ProtoNet,fixed,42,91,91,40.00000059604645
ISIC,WIPT,0.0,42,91,91,38.66666853427887
ISIC,Support-only Transformer,0.0,42,91,91,37.33333349227905
ISIC,ProtoNet,fixed,42,92,92,48.00000190734863
ISIC,WIPT,0.0,42,92,92,46.666666865348816
ISIC,Support-only Transformer,0.0,42,92,92,41.333335638046265
ISIC,ProtoNet,fixed,42,93,93,38.66666853427887
ISIC,WIPT,0.0,42,93,93,41.333335638046265
ISIC,Support-only Transformer,0.0,42,93,93,42.66666769981384
ISIC,ProtoNet,fixed,42,94,94,25.333333015441895
ISIC,WIPT,0.0,42,94,94,29.333335161209106
ISIC,Support-only Transformer,0.0,42,94,94,29.333335161209106
ISIC,ProtoNet,fixed,42,95,95,43.99999976158142
ISIC,WIPT,0.0,42,95,95,38.66666853427887
ISIC,Support-only Transformer,0.0,42,95,95,45.33333480358124
ISIC,ProtoNet,fixed,42,96,96,37.33333349227905
ISIC,WIPT,0.0,42,96,96,40.00000059604645
ISIC,Support-only Transformer,0.0,42,96,96,42.66666769981384
ISIC,ProtoNet,fixed,42,97,97,38.66666853427887
ISIC,WIPT,0.0,42,97,97,38.66666853427887
ISIC,Support-only Transformer,0.0,42,97,97,33.33333432674408
ISIC,ProtoNet,fixed,42,98,98,43.99999976158142
ISIC,WIPT,0.0,42,98,98,40.00000059604645
ISIC,Support-only Transformer,0.0,42,98,98,41.333335638046265
ISIC,ProtoNet,fixed,42,99,99,45.33333480358124
ISIC,WIPT,0.0,42,99,99,42.66666769981384
ISIC,Support-only Transformer,0.0,42,99,99,36.000001430511475
ISIC,ProtoNet,fixed,42,100,100,46.666666865348816
ISIC,WIPT,0.0,42,100,100,48.00000190734863
ISIC,Support-only Transformer,0.0,42,100,100,45.33333480358124
ISIC,ProtoNet,fixed,42,101,101,25.333333015441895
ISIC,WIPT,0.0,42,101,101,29.333335161209106
ISIC,Support-only Transformer,0.0,42,101,101,26.66666805744171
ISIC,ProtoNet,fixed,42,102,102,34.66666638851166
ISIC,WIPT,0.0,42,102,102,34.66666638851166
ISIC,Support-only Transformer,0.0,42,102,102,28.00000011920929
ISIC,ProtoNet,fixed,42,103,103,45.33333480358124
ISIC,WIPT,0.0,42,103,103,46.666666865348816
ISIC,Support-only Transformer,0.0,42,103,103,40.00000059604645
ISIC,ProtoNet,fixed,42,104,104,42.66666769981384
ISIC,WIPT,0.0,42,104,104,41.333335638046265
ISIC,Support-only Transformer,0.0,42,104,104,37.33333349227905
ISIC,ProtoNet,fixed,42,105,105,28.00000011920929
ISIC,WIPT,0.0,42,105,105,28.00000011920929
ISIC,Support-only Transformer,0.0,42,105,105,34.66666638851166
ISIC,ProtoNet,fixed,42,106,106,41.333335638046265
ISIC,WIPT,0.0,42,106,106,41.333335638046265
ISIC,Support-only Transformer,0.0,42,106,106,41.333335638046265
ISIC,ProtoNet,fixed,42,107,107,36.000001430511475
ISIC,WIPT,0.0,42,107,107,37.33333349227905
ISIC,Support-only Transformer,0.0,42,107,107,36.000001430511475
ISIC,ProtoNet,fixed,42,108,108,38.66666853427887
ISIC,WIPT,0.0,42,108,108,40.00000059604645
ISIC,Support-only Transformer,0.0,42,108,108,34.66666638851166
ISIC,ProtoNet,fixed,42,109,109,41.333335638046265
ISIC,WIPT,0.0,42,109,109,38.66666853427887
ISIC,Support-only Transformer,0.0,42,109,109,37.33333349227905
ISIC,ProtoNet,fixed,42,110,110,33.33333432674408
ISIC,WIPT,0.0,42,110,110,30.666667222976685
ISIC,Support-only Transformer,0.0,42,110,110,37.33333349227905
ISIC,ProtoNet,fixed,42,111,111,40.00000059604645
ISIC,WIPT,0.0,42,111,111,42.66666769981384
ISIC,Support-only Transformer,0.0,42,111,111,38.66666853427887
ISIC,ProtoNet,fixed,42,112,112,42.66666769981384
ISIC,WIPT,0.0,42,112,112,38.66666853427887
ISIC,Support-only Transformer,0.0,42,112,112,31.999999284744263
ISIC,ProtoNet,fixed,42,113,113,43.99999976158142
ISIC,WIPT,0.0,42,113,113,41.333335638046265
ISIC,Support-only Transformer,0.0,42,113,113,31.999999284744263
ISIC,ProtoNet,fixed,42,114,114,43.99999976158142
ISIC,WIPT,0.0,42,114,114,43.99999976158142
ISIC,Support-only Transformer,0.0,42,114,114,31.999999284744263
ISIC,ProtoNet,fixed,42,115,115,37.33333349227905
ISIC,WIPT,0.0,42,115,115,40.00000059604645
ISIC,Support-only Transformer,0.0,42,115,115,31.999999284744263
ISIC,ProtoNet,fixed,42,116,116,40.00000059604645
ISIC,WIPT,0.0,42,116,116,36.000001430511475
ISIC,Support-only Transformer,0.0,42,116,116,37.33333349227905
ISIC,ProtoNet,fixed,42,117,117,38.66666853427887
ISIC,WIPT,0.0,42,117,117,41.333335638046265
ISIC,Support-only Transformer,0.0,42,117,117,40.00000059604645
ISIC,ProtoNet,fixed,42,118,118,40.00000059604645
ISIC,WIPT,0.0,42,118,118,42.66666769981384
ISIC,Support-only Transformer,0.0,42,118,118,34.66666638851166
ISIC,ProtoNet,fixed,42,119,119,31.999999284744263
ISIC,WIPT,0.0,42,119,119,31.999999284744263
ISIC,Support-only Transformer,0.0,42,119,119,31.999999284744263
ISIC,ProtoNet,fixed,42,120,120,43.99999976158142
ISIC,WIPT,0.0,42,120,120,45.33333480358124
ISIC,Support-only Transformer,0.0,42,120,120,34.66666638851166
ISIC,ProtoNet,fixed,42,121,121,29.333335161209106
ISIC,WIPT,0.0,42,121,121,29.333335161209106
ISIC,Support-only Transformer,0.0,42,121,121,30.666667222976685
ISIC,ProtoNet,fixed,42,122,122,28.00000011920929
ISIC,WIPT,0.0,42,122,122,29.333335161209106
ISIC,Support-only Transformer,0.0,42,122,122,22.66666740179062
ISIC,ProtoNet,fixed,42,123,123,40.00000059604645
ISIC,WIPT,0.0,42,123,123,40.00000059604645
ISIC,Support-only Transformer,0.0,42,123,123,38.66666853427887
ISIC,ProtoNet,fixed,42,124,124,34.66666638851166
ISIC,WIPT,0.0,42,124,124,34.66666638851166
ISIC,Support-only Transformer,0.0,42,124,124,30.666667222976685
ISIC,ProtoNet,fixed,42,125,125,37.33333349227905
ISIC,WIPT,0.0,42,125,125,37.33333349227905
ISIC,Support-only Transformer,0.0,42,125,125,37.33333349227905
ISIC,ProtoNet,fixed,42,126,126,37.33333349227905
ISIC,WIPT,0.0,42,126,126,38.66666853427887
ISIC,Support-only Transformer,0.0,42,126,126,41.333335638046265
ISIC,ProtoNet,fixed,42,127,127,21.33333384990692
ISIC,WIPT,0.0,42,127,127,22.66666740179062
ISIC,Support-only Transformer,0.0,42,127,127,21.33333384990692
ISIC,ProtoNet,fixed,42,128,128,37.33333349227905
ISIC,WIPT,0.0,42,128,128,41.333335638046265
ISIC,Support-only Transformer,0.0,42,128,128,37.33333349227905
ISIC,ProtoNet,fixed,42,129,129,45.33333480358124
ISIC,WIPT,0.0,42,129,129,41.333335638046265
ISIC,Support-only Transformer,0.0,42,129,129,45.33333480358124
ISIC,ProtoNet,fixed,42,130,130,38.66666853427887
ISIC,WIPT,0.0,42,130,130,40.00000059604645
ISIC,Support-only Transformer,0.0,42,130,130,38.66666853427887
ISIC,ProtoNet,fixed,42,131,131,33.33333432674408
ISIC,WIPT,0.0,42,131,131,37.33333349227905
ISIC,Support-only Transformer,0.0,42,131,131,29.333335161209106
ISIC,ProtoNet,fixed,42,132,132,25.333333015441895
ISIC,WIPT,0.0,42,132,132,24.000000953674316
ISIC,Support-only Transformer,0.0,42,132,132,30.666667222976685
ISIC,ProtoNet,fixed,42,133,133,31.999999284744263
ISIC,WIPT,0.0,42,133,133,31.999999284744263
ISIC,Support-only Transformer,0.0,42,133,133,34.66666638851166
ISIC,ProtoNet,fixed,42,134,134,43.99999976158142
ISIC,WIPT,0.0,42,134,134,43.99999976158142
ISIC,Support-only Transformer,0.0,42,134,134,42.66666769981384
ISIC,ProtoNet,fixed,42,135,135,37.33333349227905
ISIC,WIPT,0.0,42,135,135,41.333335638046265
ISIC,Support-only Transformer,0.0,42,135,135,37.33333349227905
ISIC,ProtoNet,fixed,42,136,136,33.33333432674408
ISIC,WIPT,0.0,42,136,136,33.33333432674408
ISIC,Support-only Transformer,0.0,42,136,136,34.66666638851166
ISIC,ProtoNet,fixed,42,137,137,48.00000190734863
ISIC,WIPT,0.0,42,137,137,49.33333396911621
ISIC,Support-only Transformer,0.0,42,137,137,37.33333349227905
ISIC,ProtoNet,fixed,42,138,138,40.00000059604645
ISIC,WIPT,0.0,42,138,138,41.333335638046265
ISIC,Support-only Transformer,0.0,42,138,138,46.666666865348816
ISIC,ProtoNet,fixed,42,139,139,26.66666805744171
ISIC,WIPT,0.0,42,139,139,24.000000953674316
ISIC,Support-only Transformer,0.0,42,139,139,25.333333015441895
ISIC,ProtoNet,fixed,42,140,140,38.66666853427887
ISIC,WIPT,0.0,42,140,140,37.33333349227905
ISIC,Support-only Transformer,0.0,42,140,140,43.99999976158142
ISIC,ProtoNet,fixed,42,141,141,48.00000190734863
ISIC,WIPT,0.0,42,141,141,46.666666865348816
ISIC,Support-only Transformer,0.0,42,141,141,41.333335638046265
ISIC,ProtoNet,fixed,42,142,142,30.666667222976685
ISIC,WIPT,0.0,42,142,142,33.33333432674408
ISIC,Support-only Transformer,0.0,42,142,142,33.33333432674408
ISIC,ProtoNet,fixed,42,143,143,37.33333349227905
ISIC,WIPT,0.0,42,143,143,40.00000059604645
ISIC,Support-only Transformer,0.0,42,143,143,38.66666853427887
ISIC,ProtoNet,fixed,42,144,144,38.66666853427887
ISIC,WIPT,0.0,42,144,144,37.33333349227905
ISIC,Support-only Transformer,0.0,42,144,144,31.999999284744263
ISIC,ProtoNet,fixed,42,145,145,37.33333349227905
ISIC,WIPT,0.0,42,145,145,37.33333349227905
ISIC,Support-only Transformer,0.0,42,145,145,31.999999284744263
ISIC,ProtoNet,fixed,42,146,146,57.33333230018616
ISIC,WIPT,0.0,42,146,146,58.66667032241821
ISIC,Support-only Transformer,0.0,42,146,146,56.00000023841858
ISIC,ProtoNet,fixed,42,147,147,34.66666638851166
ISIC,WIPT,0.0,42,147,147,36.000001430511475
ISIC,Support-only Transformer,0.0,42,147,147,34.66666638851166
ISIC,ProtoNet,fixed,42,148,148,48.00000190734863
ISIC,WIPT,0.0,42,148,148,48.00000190734863
ISIC,Support-only Transformer,0.0,42,148,148,46.666666865348816
ISIC,ProtoNet,fixed,42,149,149,24.000000953674316
ISIC,WIPT,0.0,42,149,149,22.66666740179062
ISIC,Support-only Transformer,0.0,42,149,149,24.000000953674316
ISIC,ProtoNet,fixed,42,150,150,45.33333480358124
ISIC,WIPT,0.0,42,150,150,43.99999976158142
ISIC,Support-only Transformer,0.0,42,150,150,38.66666853427887
ISIC,ProtoNet,fixed,42,151,151,38.66666853427887
ISIC,WIPT,0.0,42,151,151,36.000001430511475
ISIC,Support-only Transformer,0.0,42,151,151,40.00000059604645
ISIC,ProtoNet,fixed,42,152,152,37.33333349227905
ISIC,WIPT,0.0,42,152,152,36.000001430511475
ISIC,Support-only Transformer,0.0,42,152,152,30.666667222976685
ISIC,ProtoNet,fixed,42,153,153,37.33333349227905
ISIC,WIPT,0.0,42,153,153,33.33333432674408
ISIC,Support-only Transformer,0.0,42,153,153,36.000001430511475
ISIC,ProtoNet,fixed,42,154,154,50.66666603088379
ISIC,WIPT,0.0,42,154,154,48.00000190734863
ISIC,Support-only Transformer,0.0,42,154,154,42.66666769981384
ISIC,ProtoNet,fixed,42,155,155,36.000001430511475
ISIC,WIPT,0.0,42,155,155,34.66666638851166
ISIC,Support-only Transformer,0.0,42,155,155,33.33333432674408
ISIC,ProtoNet,fixed,42,156,156,38.66666853427887
ISIC,WIPT,0.0,42,156,156,38.66666853427887
ISIC,Support-only Transformer,0.0,42,156,156,34.66666638851166
ISIC,ProtoNet,fixed,42,157,157,28.00000011920929
ISIC,WIPT,0.0,42,157,157,29.333335161209106
ISIC,Support-only Transformer,0.0,42,157,157,24.000000953674316
ISIC,ProtoNet,fixed,42,158,158,45.33333480358124
ISIC,WIPT,0.0,42,158,158,43.99999976158142
ISIC,Support-only Transformer,0.0,42,158,158,33.33333432674408
ISIC,ProtoNet,fixed,42,159,159,25.333333015441895
ISIC,WIPT,0.0,42,159,159,28.00000011920929
ISIC,Support-only Transformer,0.0,42,159,159,28.00000011920929
ISIC,ProtoNet,fixed,42,160,160,49.33333396911621
ISIC,WIPT,0.0,42,160,160,52.000004053115845
ISIC,Support-only Transformer,0.0,42,160,160,48.00000190734863
ISIC,ProtoNet,fixed,42,161,161,45.33333480358124
ISIC,WIPT,0.0,42,161,161,42.66666769981384
ISIC,Support-only Transformer,0.0,42,161,161,36.000001430511475
ISIC,ProtoNet,fixed,42,162,162,45.33333480358124
ISIC,WIPT,0.0,42,162,162,43.99999976158142
ISIC,Support-only Transformer,0.0,42,162,162,31.999999284744263
ISIC,ProtoNet,fixed,42,163,163,46.666666865348816
ISIC,WIPT,0.0,42,163,163,48.00000190734863
ISIC,Support-only Transformer,0.0,42,163,163,45.33333480358124
ISIC,ProtoNet,fixed,42,164,164,38.66666853427887
ISIC,WIPT,0.0,42,164,164,40.00000059604645
ISIC,Support-only Transformer,0.0,42,164,164,36.000001430511475
ISIC,ProtoNet,fixed,42,165,165,34.66666638851166
ISIC,WIPT,0.0,42,165,165,33.33333432674408
ISIC,Support-only Transformer,0.0,42,165,165,33.33333432674408
ISIC,ProtoNet,fixed,42,166,166,31.999999284744263
ISIC,WIPT,0.0,42,166,166,28.00000011920929
ISIC,Support-only Transformer,0.0,42,166,166,31.999999284744263
ISIC,ProtoNet,fixed,42,167,167,38.66666853427887
ISIC,WIPT,0.0,42,167,167,42.66666769981384
ISIC,Support-only Transformer,0.0,42,167,167,34.66666638851166
ISIC,ProtoNet,fixed,42,168,168,42.66666769981384
ISIC,WIPT,0.0,42,168,168,37.33333349227905
ISIC,Support-only Transformer,0.0,42,168,168,40.00000059604645
ISIC,ProtoNet,fixed,42,169,169,37.33333349227905
ISIC,WIPT,0.0,42,169,169,36.000001430511475
ISIC,Support-only Transformer,0.0,42,169,169,33.33333432674408
ISIC,ProtoNet,fixed,42,170,170,37.33333349227905
ISIC,WIPT,0.0,42,170,170,33.33333432674408
ISIC,Support-only Transformer,0.0,42,170,170,31.999999284744263
ISIC,ProtoNet,fixed,42,171,171,45.33333480358124
ISIC,WIPT,0.0,42,171,171,45.33333480358124
ISIC,Support-only Transformer,0.0,42,171,171,38.66666853427887
ISIC,ProtoNet,fixed,42,172,172,46.666666865348816
ISIC,WIPT,0.0,42,172,172,41.333335638046265
ISIC,Support-only Transformer,0.0,42,172,172,40.00000059604645
ISIC,ProtoNet,fixed,42,173,173,40.00000059604645
ISIC,WIPT,0.0,42,173,173,37.33333349227905
ISIC,Support-only Transformer,0.0,42,173,173,37.33333349227905
ISIC,ProtoNet,fixed,42,174,174,50.66666603088379
ISIC,WIPT,0.0,42,174,174,50.66666603088379
ISIC,Support-only Transformer,0.0,42,174,174,41.333335638046265
ISIC,ProtoNet,fixed,42,175,175,25.333333015441895
ISIC,WIPT,0.0,42,175,175,24.000000953674316
ISIC,Support-only Transformer,0.0,42,175,175,18.666666746139526
ISIC,ProtoNet,fixed,42,176,176,38.66666853427887
ISIC,WIPT,0.0,42,176,176,34.66666638851166
ISIC,Support-only Transformer,0.0,42,176,176,42.66666769981384
ISIC,ProtoNet,fixed,42,177,177,40.00000059604645
ISIC,WIPT,0.0,42,177,177,34.66666638851166
ISIC,Support-only Transformer,0.0,42,177,177,33.33333432674408
ISIC,ProtoNet,fixed,42,178,178,38.66666853427887
ISIC,WIPT,0.0,42,178,178,33.33333432674408
ISIC,Support-only Transformer,0.0,42,178,178,34.66666638851166
ISIC,ProtoNet,fixed,42,179,179,43.99999976158142
ISIC,WIPT,0.0,42,179,179,40.00000059604645
ISIC,Support-only Transformer,0.0,42,179,179,46.666666865348816
ISIC,ProtoNet,fixed,42,180,180,30.666667222976685
ISIC,WIPT,0.0,42,180,180,28.00000011920929
ISIC,Support-only Transformer,0.0,42,180,180,24.000000953674316
ISIC,ProtoNet,fixed,42,181,181,43.99999976158142
ISIC,WIPT,0.0,42,181,181,50.66666603088379
ISIC,Support-only Transformer,0.0,42,181,181,46.666666865348816
ISIC,ProtoNet,fixed,42,182,182,34.66666638851166
ISIC,WIPT,0.0,42,182,182,37.33333349227905
ISIC,Support-only Transformer,0.0,42,182,182,37.33333349227905
ISIC,ProtoNet,fixed,42,183,183,45.33333480358124
ISIC,WIPT,0.0,42,183,183,41.333335638046265
ISIC,Support-only Transformer,0.0,42,183,183,40.00000059604645
ISIC,ProtoNet,fixed,42,184,184,30.666667222976685
ISIC,WIPT,0.0,42,184,184,29.333335161209106
ISIC,Support-only Transformer,0.0,42,184,184,34.66666638851166
ISIC,ProtoNet,fixed,42,185,185,42.66666769981384
ISIC,WIPT,0.0,42,185,185,41.333335638046265
ISIC,Support-only Transformer,0.0,42,185,185,41.333335638046265
ISIC,ProtoNet,fixed,42,186,186,45.33333480358124
ISIC,WIPT,0.0,42,186,186,38.66666853427887
ISIC,Support-only Transformer,0.0,42,186,186,36.000001430511475
ISIC,ProtoNet,fixed,42,187,187,40.00000059604645
ISIC,WIPT,0.0,42,187,187,41.333335638046265
ISIC,Support-only Transformer,0.0,42,187,187,41.333335638046265
ISIC,ProtoNet,fixed,42,188,188,41.333335638046265
ISIC,WIPT,0.0,42,188,188,37.33333349227905
ISIC,Support-only Transformer,0.0,42,188,188,41.333335638046265
ISIC,ProtoNet,fixed,42,189,189,42.66666769981384
ISIC,WIPT,0.0,42,189,189,43.99999976158142
ISIC,Support-only Transformer,0.0,42,189,189,41.333335638046265
ISIC,ProtoNet,fixed,42,190,190,41.333335638046265
ISIC,WIPT,0.0,42,190,190,41.333335638046265
ISIC,Support-only Transformer,0.0,42,190,190,34.66666638851166
ISIC,ProtoNet,fixed,42,191,191,45.33333480358124
ISIC,WIPT,0.0,42,191,191,48.00000190734863
ISIC,Support-only Transformer,0.0,42,191,191,40.00000059604645
ISIC,ProtoNet,fixed,42,192,192,40.00000059604645
ISIC,WIPT,0.0,42,192,192,41.333335638046265
ISIC,Support-only Transformer,0.0,42,192,192,45.33333480358124
ISIC,ProtoNet,fixed,42,193,193,28.00000011920929
ISIC,WIPT,0.0,42,193,193,24.000000953674316
ISIC,Support-only Transformer,0.0,42,193,193,31.999999284744263
ISIC,ProtoNet,fixed,42,194,194,49.33333396911621
ISIC,WIPT,0.0,42,194,194,43.99999976158142
ISIC,Support-only Transformer,0.0,42,194,194,38.66666853427887
ISIC,ProtoNet,fixed,42,195,195,42.66666769981384
ISIC,WIPT,0.0,42,195,195,45.33333480358124
ISIC,Support-only Transformer,0.0,42,195,195,38.66666853427887
ISIC,ProtoNet,fixed,42,196,196,29.333335161209106
ISIC,WIPT,0.0,42,196,196,31.999999284744263
ISIC,Support-only Transformer,0.0,42,196,196,30.666667222976685
ISIC,ProtoNet,fixed,42,197,197,37.33333349227905
ISIC,WIPT,0.0,42,197,197,37.33333349227905
ISIC,Support-only Transformer,0.0,42,197,197,33.33333432674408
ISIC,ProtoNet,fixed,42,198,198,38.66666853427887
ISIC,WIPT,0.0,42,198,198,40.00000059604645
ISIC,Support-only Transformer,0.0,42,198,198,40.00000059604645
ISIC,ProtoNet,fixed,42,199,199,41.333335638046265
ISIC,WIPT,0.0,42,199,199,37.33333349227905
ISIC,Support-only Transformer,0.0,42,199,199,37.33333349227905
ISIC,ProtoNet,fixed,42,200,200,37.33333349227905
ISIC,WIPT,0.0,42,200,200,37.33333349227905
ISIC,Support-only Transformer,0.0,42,200,200,40.00000059604645
ISIC,ProtoNet,fixed,42,201,201,42.66666769981384
ISIC,WIPT,0.0,42,201,201,43.99999976158142
ISIC,Support-only Transformer,0.0,42,201,201,45.33333480358124
ISIC,ProtoNet,fixed,42,202,202,31.999999284744263
ISIC,WIPT,0.0,42,202,202,31.999999284744263
ISIC,Support-only Transformer,0.0,42,202,202,36.000001430511475
ISIC,ProtoNet,fixed,42,203,203,38.66666853427887
ISIC,WIPT,0.0,42,203,203,42.66666769981384
ISIC,Support-only Transformer,0.0,42,203,203,31.999999284744263
ISIC,ProtoNet,fixed,42,204,204,37.33333349227905
ISIC,WIPT,0.0,42,204,204,38.66666853427887
ISIC,Support-only Transformer,0.0,42,204,204,30.666667222976685
ISIC,ProtoNet,fixed,42,205,205,38.66666853427887
ISIC,WIPT,0.0,42,205,205,38.66666853427887
ISIC,Support-only Transformer,0.0,42,205,205,33.33333432674408
ISIC,ProtoNet,fixed,42,206,206,36.000001430511475
ISIC,WIPT,0.0,42,206,206,36.000001430511475
ISIC,Support-only Transformer,0.0,42,206,206,37.33333349227905
ISIC,ProtoNet,fixed,42,207,207,38.66666853427887
ISIC,WIPT,0.0,42,207,207,41.333335638046265
ISIC,Support-only Transformer,0.0,42,207,207,38.66666853427887
ISIC,ProtoNet,fixed,42,208,208,49.33333396911621
ISIC,WIPT,0.0,42,208,208,48.00000190734863
ISIC,Support-only Transformer,0.0,42,208,208,49.33333396911621
ISIC,ProtoNet,fixed,42,209,209,33.33333432674408
ISIC,WIPT,0.0,42,209,209,36.000001430511475
ISIC,Support-only Transformer,0.0,42,209,209,28.00000011920929
ISIC,ProtoNet,fixed,42,210,210,31.999999284744263
ISIC,WIPT,0.0,42,210,210,29.333335161209106
ISIC,Support-only Transformer,0.0,42,210,210,28.00000011920929
ISIC,ProtoNet,fixed,42,211,211,52.000004053115845
ISIC,WIPT,0.0,42,211,211,52.000004053115845
ISIC,Support-only Transformer,0.0,42,211,211,49.33333396911621
ISIC,ProtoNet,fixed,42,212,212,46.666666865348816
ISIC,WIPT,0.0,42,212,212,48.00000190734863
ISIC,Support-only Transformer,0.0,42,212,212,45.33333480358124
ISIC,ProtoNet,fixed,42,213,213,43.99999976158142
ISIC,WIPT,0.0,42,213,213,49.33333396911621
ISIC,Support-only Transformer,0.0,42,213,213,36.000001430511475
ISIC,ProtoNet,fixed,42,214,214,37.33333349227905
ISIC,WIPT,0.0,42,214,214,37.33333349227905
ISIC,Support-only Transformer,0.0,42,214,214,31.999999284744263
ISIC,ProtoNet,fixed,42,215,215,34.66666638851166
ISIC,WIPT,0.0,42,215,215,36.000001430511475
ISIC,Support-only Transformer,0.0,42,215,215,33.33333432674408
ISIC,ProtoNet,fixed,42,216,216,42.66666769981384
ISIC,WIPT,0.0,42,216,216,43.99999976158142
ISIC,Support-only Transformer,0.0,42,216,216,37.33333349227905
ISIC,ProtoNet,fixed,42,217,217,31.999999284744263
ISIC,WIPT,0.0,42,217,217,30.666667222976685
ISIC,Support-only Transformer,0.0,42,217,217,34.66666638851166
ISIC,ProtoNet,fixed,42,218,218,38.66666853427887
ISIC,WIPT,0.0,42,218,218,43.99999976158142
ISIC,Support-only Transformer,0.0,42,218,218,41.333335638046265
ISIC,ProtoNet,fixed,42,219,219,31.999999284744263
ISIC,WIPT,0.0,42,219,219,28.00000011920929
ISIC,Support-only Transformer,0.0,42,219,219,29.333335161209106
ISIC,ProtoNet,fixed,42,220,220,43.99999976158142
ISIC,WIPT,0.0,42,220,220,46.666666865348816
ISIC,Support-only Transformer,0.0,42,220,220,41.333335638046265
ISIC,ProtoNet,fixed,42,221,221,50.66666603088379
ISIC,WIPT,0.0,42,221,221,53.33333611488342
ISIC,Support-only Transformer,0.0,42,221,221,53.33333611488342
ISIC,ProtoNet,fixed,42,222,222,42.66666769981384
ISIC,WIPT,0.0,42,222,222,43.99999976158142
ISIC,Support-only Transformer,0.0,42,222,222,45.33333480358124
ISIC,ProtoNet,fixed,42,223,223,33.33333432674408
ISIC,WIPT,0.0,42,223,223,30.666667222976685
ISIC,Support-only Transformer,0.0,42,223,223,31.999999284744263
ISIC,ProtoNet,fixed,42,224,224,54.666668176651
ISIC,WIPT,0.0,42,224,224,52.000004053115845
ISIC,Support-only Transformer,0.0,42,224,224,36.000001430511475
ISIC,ProtoNet,fixed,42,225,225,38.66666853427887
ISIC,WIPT,0.0,42,225,225,36.000001430511475
ISIC,Support-only Transformer,0.0,42,225,225,33.33333432674408
ISIC,ProtoNet,fixed,42,226,226,34.66666638851166
ISIC,WIPT,0.0,42,226,226,34.66666638851166
ISIC,Support-only Transformer,0.0,42,226,226,31.999999284744263
ISIC,ProtoNet,fixed,42,227,227,45.33333480358124
ISIC,WIPT,0.0,42,227,227,42.66666769981384
ISIC,Support-only Transformer,0.0,42,227,227,28.00000011920929
ISIC,ProtoNet,fixed,42,228,228,43.99999976158142
ISIC,WIPT,0.0,42,228,228,43.99999976158142
ISIC,Support-only Transformer,0.0,42,228,228,46.666666865348816
ISIC,ProtoNet,fixed,42,229,229,42.66666769981384
ISIC,WIPT,0.0,42,229,229,38.66666853427887
ISIC,Support-only Transformer,0.0,42,229,229,38.66666853427887
ISIC,ProtoNet,fixed,42,230,230,42.66666769981384
ISIC,WIPT,0.0,42,230,230,40.00000059604645
ISIC,Support-only Transformer,0.0,42,230,230,38.66666853427887
ISIC,ProtoNet,fixed,42,231,231,34.66666638851166
ISIC,WIPT,0.0,42,231,231,37.33333349227905
ISIC,Support-only Transformer,0.0,42,231,231,28.00000011920929
ISIC,ProtoNet,fixed,42,232,232,43.99999976158142
ISIC,WIPT,0.0,42,232,232,41.333335638046265
ISIC,Support-only Transformer,0.0,42,232,232,42.66666769981384
ISIC,ProtoNet,fixed,42,233,233,41.333335638046265
ISIC,WIPT,0.0,42,233,233,40.00000059604645
ISIC,Support-only Transformer,0.0,42,233,233,41.333335638046265
ISIC,ProtoNet,fixed,42,234,234,36.000001430511475
ISIC,WIPT,0.0,42,234,234,33.33333432674408
ISIC,Support-only Transformer,0.0,42,234,234,33.33333432674408
ISIC,ProtoNet,fixed,42,235,235,29.333335161209106
ISIC,WIPT,0.0,42,235,235,31.999999284744263
ISIC,Support-only Transformer,0.0,42,235,235,33.33333432674408
ISIC,ProtoNet,fixed,42,236,236,33.33333432674408
ISIC,WIPT,0.0,42,236,236,33.33333432674408
ISIC,Support-only Transformer,0.0,42,236,236,33.33333432674408
ISIC,ProtoNet,fixed,42,237,237,40.00000059604645
ISIC,WIPT,0.0,42,237,237,40.00000059604645
ISIC,Support-only Transformer,0.0,42,237,237,42.66666769981384
ISIC,ProtoNet,fixed,42,238,238,29.333335161209106
ISIC,WIPT,0.0,42,238,238,28.00000011920929
ISIC,Support-only Transformer,0.0,42,238,238,28.00000011920929
ISIC,ProtoNet,fixed,42,239,239,40.00000059604645
ISIC,WIPT,0.0,42,239,239,38.66666853427887
ISIC,Support-only Transformer,0.0,42,239,239,37.33333349227905
ISIC,ProtoNet,fixed,42,240,240,50.66666603088379
ISIC,WIPT,0.0,42,240,240,50.66666603088379
ISIC,Support-only Transformer,0.0,42,240,240,52.000004053115845
ISIC,ProtoNet,fixed,42,241,241,48.00000190734863
ISIC,WIPT,0.0,42,241,241,52.000004053115845
ISIC,Support-only Transformer,0.0,42,241,241,52.000004053115845
ISIC,ProtoNet,fixed,42,242,242,48.00000190734863
ISIC,WIPT,0.0,42,242,242,49.33333396911621
ISIC,Support-only Transformer,0.0,42,242,242,42.66666769981384
ISIC,ProtoNet,fixed,42,243,243,33.33333432674408
ISIC,WIPT,0.0,42,243,243,30.666667222976685
ISIC,Support-only Transformer,0.0,42,243,243,33.33333432674408
ISIC,ProtoNet,fixed,42,244,244,43.99999976158142
ISIC,WIPT,0.0,42,244,244,43.99999976158142
ISIC,Support-only Transformer,0.0,42,244,244,38.66666853427887
ISIC,ProtoNet,fixed,42,245,245,29.333335161209106
ISIC,WIPT,0.0,42,245,245,28.00000011920929
ISIC,Support-only Transformer,0.0,42,245,245,29.333335161209106
ISIC,ProtoNet,fixed,42,246,246,42.66666769981384
ISIC,WIPT,0.0,42,246,246,38.66666853427887
ISIC,Support-only Transformer,0.0,42,246,246,46.666666865348816
ISIC,ProtoNet,fixed,42,247,247,36.000001430511475
ISIC,WIPT,0.0,42,247,247,37.33333349227905
ISIC,Support-only Transformer,0.0,42,247,247,34.66666638851166
ISIC,ProtoNet,fixed,42,248,248,48.00000190734863
ISIC,WIPT,0.0,42,248,248,48.00000190734863
ISIC,Support-only Transformer,0.0,42,248,248,45.33333480358124
ISIC,ProtoNet,fixed,42,249,249,31.999999284744263
ISIC,WIPT,0.0,42,249,249,34.66666638851166
ISIC,Support-only Transformer,0.0,42,249,249,34.66666638851166
ISIC,ProtoNet,fixed,42,250,250,46.666666865348816
ISIC,WIPT,0.0,42,250,250,43.99999976158142
ISIC,Support-only Transformer,0.0,42,250,250,33.33333432674408
ISIC,ProtoNet,fixed,42,251,251,33.33333432674408
ISIC,WIPT,0.0,42,251,251,31.999999284744263
ISIC,Support-only Transformer,0.0,42,251,251,30.666667222976685
ISIC,ProtoNet,fixed,42,252,252,40.00000059604645
ISIC,WIPT,0.0,42,252,252,42.66666769981384
ISIC,Support-only Transformer,0.0,42,252,252,37.33333349227905
ISIC,ProtoNet,fixed,42,253,253,38.66666853427887
ISIC,WIPT,0.0,42,253,253,42.66666769981384
ISIC,Support-only Transformer,0.0,42,253,253,37.33333349227905
ISIC,ProtoNet,fixed,42,254,254,42.66666769981384
ISIC,WIPT,0.0,42,254,254,36.000001430511475
ISIC,Support-only Transformer,0.0,42,254,254,41.333335638046265
ISIC,ProtoNet,fixed,42,255,255,33.33333432674408
ISIC,WIPT,0.0,42,255,255,33.33333432674408
ISIC,Support-only Transformer,0.0,42,255,255,29.333335161209106
ISIC,ProtoNet,fixed,42,256,256,46.666666865348816
ISIC,WIPT,0.0,42,256,256,42.66666769981384
ISIC,Support-only Transformer,0.0,42,256,256,37.33333349227905
ISIC,ProtoNet,fixed,42,257,257,49.33333396911621
ISIC,WIPT,0.0,42,257,257,50.66666603088379
ISIC,Support-only Transformer,0.0,42,257,257,43.99999976158142
ISIC,ProtoNet,fixed,42,258,258,48.00000190734863
ISIC,WIPT,0.0,42,258,258,49.33333396911621
ISIC,Support-only Transformer,0.0,42,258,258,46.666666865348816
ISIC,ProtoNet,fixed,42,259,259,46.666666865348816
ISIC,WIPT,0.0,42,259,259,45.33333480358124
ISIC,Support-only Transformer,0.0,42,259,259,43.99999976158142
ISIC,ProtoNet,fixed,42,260,260,50.66666603088379
ISIC,WIPT,0.0,42,260,260,50.66666603088379
ISIC,Support-only Transformer,0.0,42,260,260,45.33333480358124
ISIC,ProtoNet,fixed,42,261,261,31.999999284744263
ISIC,WIPT,0.0,42,261,261,31.999999284744263
ISIC,Support-only Transformer,0.0,42,261,261,40.00000059604645
ISIC,ProtoNet,fixed,42,262,262,31.999999284744263
ISIC,WIPT,0.0,42,262,262,26.66666805744171
ISIC,Support-only Transformer,0.0,42,262,262,26.66666805744171
ISIC,ProtoNet,fixed,42,263,263,42.66666769981384
ISIC,WIPT,0.0,42,263,263,45.33333480358124
ISIC,Support-only Transformer,0.0,42,263,263,45.33333480358124
ISIC,ProtoNet,fixed,42,264,264,37.33333349227905
ISIC,WIPT,0.0,42,264,264,37.33333349227905
ISIC,Support-only Transformer,0.0,42,264,264,33.33333432674408
ISIC,ProtoNet,fixed,42,265,265,30.666667222976685
ISIC,WIPT,0.0,42,265,265,26.66666805744171
ISIC,Support-only Transformer,0.0,42,265,265,33.33333432674408
ISIC,ProtoNet,fixed,42,266,266,36.000001430511475
ISIC,WIPT,0.0,42,266,266,38.66666853427887
ISIC,Support-only Transformer,0.0,42,266,266,31.999999284744263
ISIC,ProtoNet,fixed,42,267,267,22.66666740179062
ISIC,WIPT,0.0,42,267,267,24.000000953674316
ISIC,Support-only Transformer,0.0,42,267,267,20.000000298023224
ISIC,ProtoNet,fixed,42,268,268,45.33333480358124
ISIC,WIPT,0.0,42,268,268,45.33333480358124
ISIC,Support-only Transformer,0.0,42,268,268,40.00000059604645
ISIC,ProtoNet,fixed,42,269,269,30.666667222976685
ISIC,WIPT,0.0,42,269,269,31.999999284744263
ISIC,Support-only Transformer,0.0,42,269,269,30.666667222976685
ISIC,ProtoNet,fixed,42,270,270,34.66666638851166
ISIC,WIPT,0.0,42,270,270,36.000001430511475
ISIC,Support-only Transformer,0.0,42,270,270,34.66666638851166
ISIC,ProtoNet,fixed,42,271,271,40.00000059604645
ISIC,WIPT,0.0,42,271,271,36.000001430511475
ISIC,Support-only Transformer,0.0,42,271,271,36.000001430511475
ISIC,ProtoNet,fixed,42,272,272,57.33333230018616
ISIC,WIPT,0.0,42,272,272,53.33333611488342
ISIC,Support-only Transformer,0.0,42,272,272,46.666666865348816
ISIC,ProtoNet,fixed,42,273,273,53.33333611488342
ISIC,WIPT,0.0,42,273,273,52.000004053115845
ISIC,Support-only Transformer,0.0,42,273,273,56.00000023841858
ISIC,ProtoNet,fixed,42,274,274,40.00000059604645
ISIC,WIPT,0.0,42,274,274,41.333335638046265
ISIC,Support-only Transformer,0.0,42,274,274,37.33333349227905
ISIC,ProtoNet,fixed,42,275,275,37.33333349227905
ISIC,WIPT,0.0,42,275,275,37.33333349227905
ISIC,Support-only Transformer,0.0,42,275,275,42.66666769981384
ISIC,ProtoNet,fixed,42,276,276,48.00000190734863
ISIC,WIPT,0.0,42,276,276,45.33333480358124
ISIC,Support-only Transformer,0.0,42,276,276,46.666666865348816
ISIC,ProtoNet,fixed,42,277,277,45.33333480358124
ISIC,WIPT,0.0,42,277,277,40.00000059604645
ISIC,Support-only Transformer,0.0,42,277,277,37.33333349227905
ISIC,ProtoNet,fixed,42,278,278,38.66666853427887
ISIC,WIPT,0.0,42,278,278,38.66666853427887
ISIC,Support-only Transformer,0.0,42,278,278,33.33333432674408
ISIC,ProtoNet,fixed,42,279,279,36.000001430511475
ISIC,WIPT,0.0,42,279,279,33.33333432674408
ISIC,Support-only Transformer,0.0,42,279,279,28.00000011920929
ISIC,ProtoNet,fixed,42,280,280,33.33333432674408
ISIC,WIPT,0.0,42,280,280,31.999999284744263
ISIC,Support-only Transformer,0.0,42,280,280,38.66666853427887
ISIC,ProtoNet,fixed,42,281,281,36.000001430511475
ISIC,WIPT,0.0,42,281,281,37.33333349227905
ISIC,Support-only Transformer,0.0,42,281,281,41.333335638046265
ISIC,ProtoNet,fixed,42,282,282,43.99999976158142
ISIC,WIPT,0.0,42,282,282,43.99999976158142
ISIC,Support-only Transformer,0.0,42,282,282,42.66666769981384
ISIC,ProtoNet,fixed,42,283,283,28.00000011920929
ISIC,WIPT,0.0,42,283,283,28.00000011920929
ISIC,Support-only Transformer,0.0,42,283,283,25.333333015441895
ISIC,ProtoNet,fixed,42,284,284,49.33333396911621
ISIC,WIPT,0.0,42,284,284,50.66666603088379
ISIC,Support-only Transformer,0.0,42,284,284,43.99999976158142
ISIC,ProtoNet,fixed,42,285,285,45.33333480358124
ISIC,WIPT,0.0,42,285,285,43.99999976158142
ISIC,Support-only Transformer,0.0,42,285,285,41.333335638046265
ISIC,ProtoNet,fixed,42,286,286,36.000001430511475
ISIC,WIPT,0.0,42,286,286,36.000001430511475
ISIC,Support-only Transformer,0.0,42,286,286,34.66666638851166
ISIC,ProtoNet,fixed,42,287,287,36.000001430511475
ISIC,WIPT,0.0,42,287,287,37.33333349227905
ISIC,Support-only Transformer,0.0,42,287,287,28.00000011920929
ISIC,ProtoNet,fixed,42,288,288,33.33333432674408
ISIC,WIPT,0.0,42,288,288,30.666667222976685
ISIC,Support-only Transformer,0.0,42,288,288,31.999999284744263
ISIC,ProtoNet,fixed,42,289,289,28.00000011920929
ISIC,WIPT,0.0,42,289,289,28.00000011920929
ISIC,Support-only Transformer,0.0,42,289,289,29.333335161209106
ISIC,ProtoNet,fixed,42,290,290,41.333335638046265
ISIC,WIPT,0.0,42,290,290,38.66666853427887
ISIC,Support-only Transformer,0.0,42,290,290,45.33333480358124
ISIC,ProtoNet,fixed,42,291,291,40.00000059604645
ISIC,WIPT,0.0,42,291,291,40.00000059604645
ISIC,Support-only Transformer,0.0,42,291,291,26.66666805744171
ISIC,ProtoNet,fixed,42,292,292,38.66666853427887
ISIC,WIPT,0.0,42,292,292,37.33333349227905
ISIC,Support-only Transformer,0.0,42,292,292,33.33333432674408
ISIC,ProtoNet,fixed,42,293,293,41.333335638046265
ISIC,WIPT,0.0,42,293,293,38.66666853427887
ISIC,Support-only Transformer,0.0,42,293,293,43.99999976158142
ISIC,ProtoNet,fixed,42,294,294,38.66666853427887
ISIC,WIPT,0.0,42,294,294,37.33333349227905
ISIC,Support-only Transformer,0.0,42,294,294,31.999999284744263
ISIC,ProtoNet,fixed,42,295,295,36.000001430511475
ISIC,WIPT,0.0,42,295,295,38.66666853427887
ISIC,Support-only Transformer,0.0,42,295,295,40.00000059604645
ISIC,ProtoNet,fixed,42,296,296,46.666666865348816
ISIC,WIPT,0.0,42,296,296,48.00000190734863
ISIC,Support-only Transformer,0.0,42,296,296,41.333335638046265
ISIC,ProtoNet,fixed,42,297,297,36.000001430511475
ISIC,WIPT,0.0,42,297,297,31.999999284744263
ISIC,Support-only Transformer,0.0,42,297,297,29.333335161209106
ISIC,ProtoNet,fixed,42,298,298,49.33333396911621
ISIC,WIPT,0.0,42,298,298,43.99999976158142
ISIC,Support-only Transformer,0.0,42,298,298,43.99999976158142
ISIC,ProtoNet,fixed,42,299,299,36.000001430511475
ISIC,WIPT,0.0,42,299,299,34.66666638851166
ISIC,Support-only Transformer,0.0,42,299,299,31.999999284744263
ISIC,ProtoNet,fixed,123,0,300,42.66666769981384
ISIC,WIPT,0.0,123,0,300,42.66666769981384
ISIC,Support-only Transformer,0.0,123,0,300,34.66666638851166
ISIC,ProtoNet,fixed,123,1,301,45.33333480358124
ISIC,WIPT,0.0,123,1,301,42.66666769981384
ISIC,Support-only Transformer,0.0,123,1,301,43.99999976158142
ISIC,ProtoNet,fixed,123,2,302,43.99999976158142
ISIC,WIPT,0.0,123,2,302,43.99999976158142
ISIC,Support-only Transformer,0.0,123,2,302,38.66666853427887
ISIC,ProtoNet,fixed,123,3,303,37.33333349227905
ISIC,WIPT,0.0,123,3,303,36.000001430511475
ISIC,Support-only Transformer,0.0,123,3,303,25.333333015441895
ISIC,ProtoNet,fixed,123,4,304,29.333335161209106
ISIC,WIPT,0.0,123,4,304,31.999999284744263
ISIC,Support-only Transformer,0.0,123,4,304,34.66666638851166
ISIC,ProtoNet,fixed,123,5,305,45.33333480358124
ISIC,WIPT,0.0,123,5,305,42.66666769981384
ISIC,Support-only Transformer,0.0,123,5,305,38.66666853427887
ISIC,ProtoNet,fixed,123,6,306,37.33333349227905
ISIC,WIPT,0.0,123,6,306,38.66666853427887
ISIC,Support-only Transformer,0.0,123,6,306,31.999999284744263
ISIC,ProtoNet,fixed,123,7,307,36.000001430511475
ISIC,WIPT,0.0,123,7,307,36.000001430511475
ISIC,Support-only Transformer,0.0,123,7,307,29.333335161209106
ISIC,ProtoNet,fixed,123,8,308,42.66666769981384
ISIC,WIPT,0.0,123,8,308,42.66666769981384
ISIC,Support-only Transformer,0.0,123,8,308,38.66666853427887
ISIC,ProtoNet,fixed,123,9,309,45.33333480358124
ISIC,WIPT,0.0,123,9,309,45.33333480358124
ISIC,Support-only Transformer,0.0,123,9,309,36.000001430511475
ISIC,ProtoNet,fixed,123,10,310,34.66666638851166
ISIC,WIPT,0.0,123,10,310,34.66666638851166
ISIC,Support-only Transformer,0.0,123,10,310,33.33333432674408
ISIC,ProtoNet,fixed,123,11,311,38.66666853427887
ISIC,WIPT,0.0,123,11,311,40.00000059604645
ISIC,Support-only Transformer,0.0,123,11,311,30.666667222976685
ISIC,ProtoNet,fixed,123,12,312,43.99999976158142
ISIC,WIPT,0.0,123,12,312,49.33333396911621
ISIC,Support-only Transformer,0.0,123,12,312,46.666666865348816
ISIC,ProtoNet,fixed,123,13,313,41.333335638046265
ISIC,WIPT,0.0,123,13,313,41.333335638046265
ISIC,Support-only Transformer,0.0,123,13,313,33.33333432674408
ISIC,ProtoNet,fixed,123,14,314,43.99999976158142
ISIC,WIPT,0.0,123,14,314,41.333335638046265
ISIC,Support-only Transformer,0.0,123,14,314,42.66666769981384
ISIC,ProtoNet,fixed,123,15,315,37.33333349227905
ISIC,WIPT,0.0,123,15,315,36.000001430511475
ISIC,Support-only Transformer,0.0,123,15,315,22.66666740179062
ISIC,ProtoNet,fixed,123,16,316,33.33333432674408
ISIC,WIPT,0.0,123,16,316,31.999999284744263
ISIC,Support-only Transformer,0.0,123,16,316,31.999999284744263
ISIC,ProtoNet,fixed,123,17,317,41.333335638046265
ISIC,WIPT,0.0,123,17,317,41.333335638046265
ISIC,Support-only Transformer,0.0,123,17,317,40.00000059604645
ISIC,ProtoNet,fixed,123,18,318,37.33333349227905
ISIC,WIPT,0.0,123,18,318,38.66666853427887
ISIC,Support-only Transformer,0.0,123,18,318,40.00000059604645
ISIC,ProtoNet,fixed,123,19,319,37.33333349227905
ISIC,WIPT,0.0,123,19,319,36.000001430511475
ISIC,Support-only Transformer,0.0,123,19,319,31.999999284744263
ISIC,ProtoNet,fixed,123,20,320,37.33333349227905
ISIC,WIPT,0.0,123,20,320,37.33333349227905
ISIC,Support-only Transformer,0.0,123,20,320,31.999999284744263
ISIC,ProtoNet,fixed,123,21,321,26.66666805744171
ISIC,WIPT,0.0,123,21,321,26.66666805744171
ISIC,Support-only Transformer,0.0,123,21,321,28.00000011920929
ISIC,ProtoNet,fixed,123,22,322,28.00000011920929
ISIC,WIPT,0.0,123,22,322,24.000000953674316
ISIC,Support-only Transformer,0.0,123,22,322,22.66666740179062
ISIC,ProtoNet,fixed,123,23,323,38.66666853427887
ISIC,WIPT,0.0,123,23,323,33.33333432674408
ISIC,Support-only Transformer,0.0,123,23,323,33.33333432674408
ISIC,ProtoNet,fixed,123,24,324,30.666667222976685
ISIC,WIPT,0.0,123,24,324,25.333333015441895
ISIC,Support-only Transformer,0.0,123,24,324,24.000000953674316
ISIC,ProtoNet,fixed,123,25,325,40.00000059604645
ISIC,WIPT,0.0,123,25,325,43.99999976158142
ISIC,Support-only Transformer,0.0,123,25,325,45.33333480358124
ISIC,ProtoNet,fixed,123,26,326,41.333335638046265
ISIC,WIPT,0.0,123,26,326,41.333335638046265
ISIC,Support-only Transformer,0.0,123,26,326,31.999999284744263
ISIC,ProtoNet,fixed,123,27,327,41.333335638046265
ISIC,WIPT,0.0,123,27,327,37.33333349227905
ISIC,Support-only Transformer,0.0,123,27,327,40.00000059604645
ISIC,ProtoNet,fixed,123,28,328,38.66666853427887
ISIC,WIPT,0.0,123,28,328,40.00000059604645
ISIC,Support-only Transformer,0.0,123,28,328,40.00000059604645
ISIC,ProtoNet,fixed,123,29,329,45.33333480358124
ISIC,WIPT,0.0,123,29,329,45.33333480358124
ISIC,Support-only Transformer,0.0,123,29,329,46.666666865348816
ISIC,ProtoNet,fixed,123,30,330,28.00000011920929
ISIC,WIPT,0.0,123,30,330,24.000000953674316
ISIC,Support-only Transformer,0.0,123,30,330,21.33333384990692
ISIC,ProtoNet,fixed,123,31,331,34.66666638851166
ISIC,WIPT,0.0,123,31,331,37.33333349227905
ISIC,Support-only Transformer,0.0,123,31,331,41.333335638046265
ISIC,ProtoNet,fixed,123,32,332,43.99999976158142
ISIC,WIPT,0.0,123,32,332,41.333335638046265
ISIC,Support-only Transformer,0.0,123,32,332,41.333335638046265
ISIC,ProtoNet,fixed,123,33,333,48.00000190734863
ISIC,WIPT,0.0,123,33,333,42.66666769981384
ISIC,Support-only Transformer,0.0,123,33,333,43.99999976158142
ISIC,ProtoNet,fixed,123,34,334,28.00000011920929
ISIC,WIPT,0.0,123,34,334,28.00000011920929
ISIC,Support-only Transformer,0.0,123,34,334,21.33333384990692
ISIC,ProtoNet,fixed,123,35,335,36.000001430511475
ISIC,WIPT,0.0,123,35,335,33.33333432674408
ISIC,Support-only Transformer,0.0,123,35,335,41.333335638046265
ISIC,ProtoNet,fixed,123,36,336,42.66666769981384
ISIC,WIPT,0.0,123,36,336,38.66666853427887
ISIC,Support-only Transformer,0.0,123,36,336,38.66666853427887
ISIC,ProtoNet,fixed,123,37,337,48.00000190734863
ISIC,WIPT,0.0,123,37,337,48.00000190734863
ISIC,Support-only Transformer,0.0,123,37,337,43.99999976158142
ISIC,ProtoNet,fixed,123,38,338,31.999999284744263
ISIC,WIPT,0.0,123,38,338,30.666667222976685
ISIC,Support-only Transformer,0.0,123,38,338,33.33333432674408
ISIC,ProtoNet,fixed,123,39,339,53.33333611488342
ISIC,WIPT,0.0,123,39,339,52.000004053115845
ISIC,Support-only Transformer,0.0,123,39,339,48.00000190734863
ISIC,ProtoNet,fixed,123,40,340,48.00000190734863
ISIC,WIPT,0.0,123,40,340,43.99999976158142
ISIC,Support-only Transformer,0.0,123,40,340,36.000001430511475
ISIC,ProtoNet,fixed,123,41,341,37.33333349227905
ISIC,WIPT,0.0,123,41,341,38.66666853427887
ISIC,Support-only Transformer,0.0,123,41,341,33.33333432674408
ISIC,ProtoNet,fixed,123,42,342,38.66666853427887
ISIC,WIPT,0.0,123,42,342,41.333335638046265
ISIC,Support-only Transformer,0.0,123,42,342,41.333335638046265
ISIC,ProtoNet,fixed,123,43,343,36.000001430511475
ISIC,WIPT,0.0,123,43,343,31.999999284744263
ISIC,Support-only Transformer,0.0,123,43,343,34.66666638851166
ISIC,ProtoNet,fixed,123,44,344,38.66666853427887
ISIC,WIPT,0.0,123,44,344,40.00000059604645
ISIC,Support-only Transformer,0.0,123,44,344,40.00000059604645
ISIC,ProtoNet,fixed,123,45,345,46.666666865348816
ISIC,WIPT,0.0,123,45,345,42.66666769981384
ISIC,Support-only Transformer,0.0,123,45,345,41.333335638046265
ISIC,ProtoNet,fixed,123,46,346,43.99999976158142
ISIC,WIPT,0.0,123,46,346,41.333335638046265
ISIC,Support-only Transformer,0.0,123,46,346,43.99999976158142
ISIC,ProtoNet,fixed,123,47,347,42.66666769981384
ISIC,WIPT,0.0,123,47,347,40.00000059604645
ISIC,Support-only Transformer,0.0,123,47,347,37.33333349227905
ISIC,ProtoNet,fixed,123,48,348,36.000001430511475
ISIC,WIPT,0.0,123,48,348,33.33333432674408
ISIC,Support-only Transformer,0.0,123,48,348,33.33333432674408
ISIC,ProtoNet,fixed,123,49,349,25.333333015441895
ISIC,WIPT,0.0,123,49,349,30.666667222976685
ISIC,Support-only Transformer,0.0,123,49,349,33.33333432674408
ISIC,ProtoNet,fixed,123,50,350,33.33333432674408
ISIC,WIPT,0.0,123,50,350,33.33333432674408
ISIC,Support-only Transformer,0.0,123,50,350,38.66666853427887
ISIC,ProtoNet,fixed,123,51,351,37.33333349227905
ISIC,WIPT,0.0,123,51,351,34.66666638851166
ISIC,Support-only Transformer,0.0,123,51,351,33.33333432674408
ISIC,ProtoNet,fixed,123,52,352,38.66666853427887
ISIC,WIPT,0.0,123,52,352,40.00000059604645
ISIC,Support-only Transformer,0.0,123,52,352,38.66666853427887
ISIC,ProtoNet,fixed,123,53,353,36.000001430511475
ISIC,WIPT,0.0,123,53,353,37.33333349227905
ISIC,Support-only Transformer,0.0,123,53,353,40.00000059604645
ISIC,ProtoNet,fixed,123,54,354,43.99999976158142
ISIC,WIPT,0.0,123,54,354,43.99999976158142
ISIC,Support-only Transformer,0.0,123,54,354,40.00000059604645
ISIC,ProtoNet,fixed,123,55,355,46.666666865348816
ISIC,WIPT,0.0,123,55,355,46.666666865348816
ISIC,Support-only Transformer,0.0,123,55,355,43.99999976158142
ISIC,ProtoNet,fixed,123,56,356,25.333333015441895
ISIC,WIPT,0.0,123,56,356,28.00000011920929
ISIC,Support-only Transformer,0.0,123,56,356,24.000000953674316
ISIC,ProtoNet,fixed,123,57,357,49.33333396911621
ISIC,WIPT,0.0,123,57,357,48.00000190734863
ISIC,Support-only Transformer,0.0,123,57,357,38.66666853427887
ISIC,ProtoNet,fixed,123,58,358,40.00000059604645
ISIC,WIPT,0.0,123,58,358,37.33333349227905
ISIC,Support-only Transformer,0.0,123,58,358,40.00000059604645
ISIC,ProtoNet,fixed,123,59,359,41.333335638046265
ISIC,WIPT,0.0,123,59,359,43.99999976158142
ISIC,Support-only Transformer,0.0,123,59,359,43.99999976158142
ISIC,ProtoNet,fixed,123,60,360,45.33333480358124
ISIC,WIPT,0.0,123,60,360,42.66666769981384
ISIC,Support-only Transformer,0.0,123,60,360,36.000001430511475
ISIC,ProtoNet,fixed,123,61,361,38.66666853427887
ISIC,WIPT,0.0,123,61,361,34.66666638851166
ISIC,Support-only Transformer,0.0,123,61,361,37.33333349227905
ISIC,ProtoNet,fixed,123,62,362,38.66666853427887
ISIC,WIPT,0.0,123,62,362,38.66666853427887
ISIC,Support-only Transformer,0.0,123,62,362,30.666667222976685
ISIC,ProtoNet,fixed,123,63,363,43.99999976158142
ISIC,WIPT,0.0,123,63,363,45.33333480358124
ISIC,Support-only Transformer,0.0,123,63,363,49.33333396911621
ISIC,ProtoNet,fixed,123,64,364,50.66666603088379
ISIC,WIPT,0.0,123,64,364,41.333335638046265
ISIC,Support-only Transformer,0.0,123,64,364,43.99999976158142
ISIC,ProtoNet,fixed,123,65,365,43.99999976158142
ISIC,WIPT,0.0,123,65,365,41.333335638046265
ISIC,Support-only Transformer,0.0,123,65,365,45.33333480358124
ISIC,ProtoNet,fixed,123,66,366,36.000001430511475
ISIC,WIPT,0.0,123,66,366,36.000001430511475
ISIC,Support-only Transformer,0.0,123,66,366,37.33333349227905
ISIC,ProtoNet,fixed,123,67,367,31.999999284744263
ISIC,WIPT,0.0,123,67,367,33.33333432674408
ISIC,Support-only Transformer,0.0,123,67,367,33.33333432674408
ISIC,ProtoNet,fixed,123,68,368,46.666666865348816
ISIC,WIPT,0.0,123,68,368,45.33333480358124
ISIC,Support-only Transformer,0.0,123,68,368,36.000001430511475
ISIC,ProtoNet,fixed,123,69,369,45.33333480358124
ISIC,WIPT,0.0,123,69,369,42.66666769981384
ISIC,Support-only Transformer,0.0,123,69,369,34.66666638851166
ISIC,ProtoNet,fixed,123,70,370,49.33333396911621
ISIC,WIPT,0.0,123,70,370,45.33333480358124
ISIC,Support-only Transformer,0.0,123,70,370,43.99999976158142
ISIC,ProtoNet,fixed,123,71,371,33.33333432674408
ISIC,WIPT,0.0,123,71,371,30.666667222976685
ISIC,Support-only Transformer,0.0,123,71,371,31.999999284744263
ISIC,ProtoNet,fixed,123,72,372,36.000001430511475
ISIC,WIPT,0.0,123,72,372,37.33333349227905
ISIC,Support-only Transformer,0.0,123,72,372,37.33333349227905
ISIC,ProtoNet,fixed,123,73,373,37.33333349227905
ISIC,WIPT,0.0,123,73,373,34.66666638851166
ISIC,Support-only Transformer,0.0,123,73,373,33.33333432674408
ISIC,ProtoNet,fixed,123,74,374,45.33333480358124
ISIC,WIPT,0.0,123,74,374,40.00000059604645
ISIC,Support-only Transformer,0.0,123,74,374,42.66666769981384
ISIC,ProtoNet,fixed,123,75,375,38.66666853427887
ISIC,WIPT,0.0,123,75,375,33.33333432674408
ISIC,Support-only Transformer,0.0,123,75,375,36.000001430511475
ISIC,ProtoNet,fixed,123,76,376,45.33333480358124
ISIC,WIPT,0.0,123,76,376,48.00000190734863
ISIC,Support-only Transformer,0.0,123,76,376,46.666666865348816
ISIC,ProtoNet,fixed,123,77,377,33.33333432674408
ISIC,WIPT,0.0,123,77,377,33.33333432674408
ISIC,Support-only Transformer,0.0,123,77,377,26.66666805744171
ISIC,ProtoNet,fixed,123,78,378,40.00000059604645
ISIC,WIPT,0.0,123,78,378,36.000001430511475
ISIC,Support-only Transformer,0.0,123,78,378,33.33333432674408
ISIC,ProtoNet,fixed,123,79,379,41.333335638046265
ISIC,WIPT,0.0,123,79,379,43.99999976158142
ISIC,Support-only Transformer,0.0,123,79,379,41.333335638046265
ISIC,ProtoNet,fixed,123,80,380,48.00000190734863
ISIC,WIPT,0.0,123,80,380,45.33333480358124
ISIC,Support-only Transformer,0.0,123,80,380,38.66666853427887
ISIC,ProtoNet,fixed,123,81,381,43.99999976158142
ISIC,WIPT,0.0,123,81,381,36.000001430511475
ISIC,Support-only Transformer,0.0,123,81,381,33.33333432674408
ISIC,ProtoNet,fixed,123,82,382,38.66666853427887
ISIC,WIPT,0.0,123,82,382,38.66666853427887
ISIC,Support-only Transformer,0.0,123,82,382,38.66666853427887
ISIC,ProtoNet,fixed,123,83,383,40.00000059604645
ISIC,WIPT,0.0,123,83,383,41.333335638046265
ISIC,Support-only Transformer,0.0,123,83,383,31.999999284744263
ISIC,ProtoNet,fixed,123,84,384,34.66666638851166
ISIC,WIPT,0.0,123,84,384,33.33333432674408
ISIC,Support-only Transformer,0.0,123,84,384,31.999999284744263
ISIC,ProtoNet,fixed,123,85,385,49.33333396911621
ISIC,WIPT,0.0,123,85,385,52.000004053115845
ISIC,Support-only Transformer,0.0,123,85,385,46.666666865348816
ISIC,ProtoNet,fixed,123,86,386,46.666666865348816
ISIC,WIPT,0.0,123,86,386,42.66666769981384
ISIC,Support-only Transformer,0.0,123,86,386,42.66666769981384
ISIC,ProtoNet,fixed,123,87,387,49.33333396911621
ISIC,WIPT,0.0,123,87,387,48.00000190734863
ISIC,Support-only Transformer,0.0,123,87,387,46.666666865348816
ISIC,ProtoNet,fixed,123,88,388,42.66666769981384
ISIC,WIPT,0.0,123,88,388,40.00000059604645
ISIC,Support-only Transformer,0.0,123,88,388,40.00000059604645
ISIC,ProtoNet,fixed,123,89,389,38.66666853427887
ISIC,WIPT,0.0,123,89,389,38.66666853427887
ISIC,Support-only Transformer,0.0,123,89,389,37.33333349227905
ISIC,ProtoNet,fixed,123,90,390,41.333335638046265
ISIC,WIPT,0.0,123,90,390,40.00000059604645
ISIC,Support-only Transformer,0.0,123,90,390,36.000001430511475
ISIC,ProtoNet,fixed,123,91,391,37.33333349227905
ISIC,WIPT,0.0,123,91,391,37.33333349227905
ISIC,Support-only Transformer,0.0,123,91,391,37.33333349227905
ISIC,ProtoNet,fixed,123,92,392,53.33333611488342
ISIC,WIPT,0.0,123,92,392,52.000004053115845
ISIC,Support-only Transformer,0.0,123,92,392,40.00000059604645
ISIC,ProtoNet,fixed,123,93,393,43.99999976158142
ISIC,WIPT,0.0,123,93,393,42.66666769981384
ISIC,Support-only Transformer,0.0,123,93,393,43.99999976158142
ISIC,ProtoNet,fixed,123,94,394,38.66666853427887
ISIC,WIPT,0.0,123,94,394,34.66666638851166
ISIC,Support-only Transformer,0.0,123,94,394,33.33333432674408
ISIC,ProtoNet,fixed,123,95,395,41.333335638046265
ISIC,WIPT,0.0,123,95,395,38.66666853427887
ISIC,Support-only Transformer,0.0,123,95,395,29.333335161209106
ISIC,ProtoNet,fixed,123,96,396,34.66666638851166
ISIC,WIPT,0.0,123,96,396,36.000001430511475
ISIC,Support-only Transformer,0.0,123,96,396,21.33333384990692
ISIC,ProtoNet,fixed,123,97,397,45.33333480358124
ISIC,WIPT,0.0,123,97,397,42.66666769981384
ISIC,Support-only Transformer,0.0,123,97,397,46.666666865348816
ISIC,ProtoNet,fixed,123,98,398,37.33333349227905
ISIC,WIPT,0.0,123,98,398,38.66666853427887
ISIC,Support-only Transformer,0.0,123,98,398,37.33333349227905
ISIC,ProtoNet,fixed,123,99,399,46.666666865348816
ISIC,WIPT,0.0,123,99,399,46.666666865348816
ISIC,Support-only Transformer,0.0,123,99,399,42.66666769981384
ISIC,ProtoNet,fixed,123,100,400,53.33333611488342
ISIC,WIPT,0.0,123,100,400,49.33333396911621
ISIC,Support-only Transformer,0.0,123,100,400,41.333335638046265
ISIC,ProtoNet,fixed,123,101,401,38.66666853427887
ISIC,WIPT,0.0,123,101,401,40.00000059604645
ISIC,Support-only Transformer,0.0,123,101,401,40.00000059604645
ISIC,ProtoNet,fixed,123,102,402,34.66666638851166
ISIC,WIPT,0.0,123,102,402,38.66666853427887
ISIC,Support-only Transformer,0.0,123,102,402,31.999999284744263
ISIC,ProtoNet,fixed,123,103,403,43.99999976158142
ISIC,WIPT,0.0,123,103,403,41.333335638046265
ISIC,Support-only Transformer,0.0,123,103,403,38.66666853427887
ISIC,ProtoNet,fixed,123,104,404,40.00000059604645
ISIC,WIPT,0.0,123,104,404,38.66666853427887
ISIC,Support-only Transformer,0.0,123,104,404,40.00000059604645
ISIC,ProtoNet,fixed,123,105,405,29.333335161209106
ISIC,WIPT,0.0,123,105,405,28.00000011920929
ISIC,Support-only Transformer,0.0,123,105,405,25.333333015441895
ISIC,ProtoNet,fixed,123,106,406,30.666667222976685
ISIC,WIPT,0.0,123,106,406,30.666667222976685
ISIC,Support-only Transformer,0.0,123,106,406,25.333333015441895
ISIC,ProtoNet,fixed,123,107,407,38.66666853427887
ISIC,WIPT,0.0,123,107,407,42.66666769981384
ISIC,Support-only Transformer,0.0,123,107,407,37.33333349227905
ISIC,ProtoNet,fixed,123,108,408,45.33333480358124
ISIC,WIPT,0.0,123,108,408,42.66666769981384
ISIC,Support-only Transformer,0.0,123,108,408,40.00000059604645
ISIC,ProtoNet,fixed,123,109,409,43.99999976158142
ISIC,WIPT,0.0,123,109,409,41.333335638046265
ISIC,Support-only Transformer,0.0,123,109,409,43.99999976158142
ISIC,ProtoNet,fixed,123,110,410,37.33333349227905
ISIC,WIPT,0.0,123,110,410,36.000001430511475
ISIC,Support-only Transformer,0.0,123,110,410,30.666667222976685
ISIC,ProtoNet,fixed,123,111,411,42.66666769981384
ISIC,WIPT,0.0,123,111,411,41.333335638046265
ISIC,Support-only Transformer,0.0,123,111,411,38.66666853427887
ISIC,ProtoNet,fixed,123,112,412,29.333335161209106
ISIC,WIPT,0.0,123,112,412,26.66666805744171
ISIC,Support-only Transformer,0.0,123,112,412,26.66666805744171
ISIC,ProtoNet,fixed,123,113,413,37.33333349227905
ISIC,WIPT,0.0,123,113,413,38.66666853427887
ISIC,Support-only Transformer,0.0,123,113,413,37.33333349227905
ISIC,ProtoNet,fixed,123,114,414,37.33333349227905
ISIC,WIPT,0.0,123,114,414,37.33333349227905
ISIC,Support-only Transformer,0.0,123,114,414,40.00000059604645
ISIC,ProtoNet,fixed,123,115,415,50.66666603088379
ISIC,WIPT,0.0,123,115,415,52.000004053115845
ISIC,Support-only Transformer,0.0,123,115,415,38.66666853427887
ISIC,ProtoNet,fixed,123,116,416,50.66666603088379
ISIC,WIPT,0.0,123,116,416,53.33333611488342
ISIC,Support-only Transformer,0.0,123,116,416,56.00000023841858
ISIC,ProtoNet,fixed,123,117,417,42.66666769981384
ISIC,WIPT,0.0,123,117,417,42.66666769981384
ISIC,Support-only Transformer,0.0,123,117,417,31.999999284744263
ISIC,ProtoNet,fixed,123,118,418,43.99999976158142
ISIC,WIPT,0.0,123,118,418,41.333335638046265
ISIC,Support-only Transformer,0.0,123,118,418,41.333335638046265
ISIC,ProtoNet,fixed,123,119,419,38.66666853427887
ISIC,WIPT,0.0,123,119,419,37.33333349227905
ISIC,Support-only Transformer,0.0,123,119,419,42.66666769981384
ISIC,ProtoNet,fixed,123,120,420,36.000001430511475
ISIC,WIPT,0.0,123,120,420,37.33333349227905
ISIC,Support-only Transformer,0.0,123,120,420,36.000001430511475
ISIC,ProtoNet,fixed,123,121,421,33.33333432674408
ISIC,WIPT,0.0,123,121,421,30.666667222976685
ISIC,Support-only Transformer,0.0,123,121,421,30.666667222976685
ISIC,ProtoNet,fixed,123,122,422,33.33333432674408
ISIC,WIPT,0.0,123,122,422,33.33333432674408
ISIC,Support-only Transformer,0.0,123,122,422,31.999999284744263
ISIC,ProtoNet,fixed,123,123,423,49.33333396911621
ISIC,WIPT,0.0,123,123,423,50.66666603088379
ISIC,Support-only Transformer,0.0,123,123,423,48.00000190734863
ISIC,ProtoNet,fixed,123,124,424,30.666667222976685
ISIC,WIPT,0.0,123,124,424,30.666667222976685
ISIC,Support-only Transformer,0.0,123,124,424,30.666667222976685
ISIC,ProtoNet,fixed,123,125,425,46.666666865348816
ISIC,WIPT,0.0,123,125,425,46.666666865348816
ISIC,Support-only Transformer,0.0,123,125,425,37.33333349227905
ISIC,ProtoNet,fixed,123,126,426,33.33333432674408
ISIC,WIPT,0.0,123,126,426,26.66666805744171
ISIC,Support-only Transformer,0.0,123,126,426,30.666667222976685
ISIC,ProtoNet,fixed,123,127,427,50.66666603088379
ISIC,WIPT,0.0,123,127,427,49.33333396911621
ISIC,Support-only Transformer,0.0,123,127,427,41.333335638046265
ISIC,ProtoNet,fixed,123,128,428,52.000004053115845
ISIC,WIPT,0.0,123,128,428,50.66666603088379
ISIC,Support-only Transformer,0.0,123,128,428,43.99999976158142
ISIC,ProtoNet,fixed,123,129,429,52.000004053115845
ISIC,WIPT,0.0,123,129,429,49.33333396911621
ISIC,Support-only Transformer,0.0,123,129,429,45.33333480358124
ISIC,ProtoNet,fixed,123,130,430,22.66666740179062
ISIC,WIPT,0.0,123,130,430,24.000000953674316
ISIC,Support-only Transformer,0.0,123,130,430,26.66666805744171
ISIC,ProtoNet,fixed,123,131,431,33.33333432674408
ISIC,WIPT,0.0,123,131,431,29.333335161209106
ISIC,Support-only Transformer,0.0,123,131,431,26.66666805744171
ISIC,ProtoNet,fixed,123,132,432,30.666667222976685
ISIC,WIPT,0.0,123,132,432,29.333335161209106
ISIC,Support-only Transformer,0.0,123,132,432,26.66666805744171
ISIC,ProtoNet,fixed,123,133,433,41.333335638046265
ISIC,WIPT,0.0,123,133,433,36.000001430511475
ISIC,Support-only Transformer,0.0,123,133,433,34.66666638851166
ISIC,ProtoNet,fixed,123,134,434,26.66666805744171
ISIC,WIPT,0.0,123,134,434,24.000000953674316
ISIC,Support-only Transformer,0.0,123,134,434,25.333333015441895
ISIC,ProtoNet,fixed,123,135,435,36.000001430511475
ISIC,WIPT,0.0,123,135,435,36.000001430511475
ISIC,Support-only Transformer,0.0,123,135,435,36.000001430511475
ISIC,ProtoNet,fixed,123,136,436,40.00000059604645
ISIC,WIPT,0.0,123,136,436,37.33333349227905
ISIC,Support-only Transformer,0.0,123,136,436,40.00000059604645
ISIC,ProtoNet,fixed,123,137,437,37.33333349227905
ISIC,WIPT,0.0,123,137,437,36.000001430511475
ISIC,Support-only Transformer,0.0,123,137,437,38.66666853427887
ISIC,ProtoNet,fixed,123,138,438,36.000001430511475
ISIC,WIPT,0.0,123,138,438,31.999999284744263
ISIC,Support-only Transformer,0.0,123,138,438,33.33333432674408
ISIC,ProtoNet,fixed,123,139,439,49.33333396911621
ISIC,WIPT,0.0,123,139,439,49.33333396911621
ISIC,Support-only Transformer,0.0,123,139,439,45.33333480358124
ISIC,ProtoNet,fixed,123,140,440,31.999999284744263
ISIC,WIPT,0.0,123,140,440,33.33333432674408
ISIC,Support-only Transformer,0.0,123,140,440,38.66666853427887
ISIC,ProtoNet,fixed,123,141,441,46.666666865348816
ISIC,WIPT,0.0,123,141,441,46.666666865348816
ISIC,Support-only Transformer,0.0,123,141,441,42.66666769981384
ISIC,ProtoNet,fixed,123,142,442,41.333335638046265
ISIC,WIPT,0.0,123,142,442,41.333335638046265
ISIC,Support-only Transformer,0.0,123,142,442,38.66666853427887
ISIC,ProtoNet,fixed,123,143,443,52.000004053115845
ISIC,WIPT,0.0,123,143,443,48.00000190734863
ISIC,Support-only Transformer,0.0,123,143,443,49.33333396911621
ISIC,ProtoNet,fixed,123,144,444,42.66666769981384
ISIC,WIPT,0.0,123,144,444,42.66666769981384
ISIC,Support-only Transformer,0.0,123,144,444,46.666666865348816
ISIC,ProtoNet,fixed,123,145,445,50.66666603088379
ISIC,WIPT,0.0,123,145,445,53.33333611488342
ISIC,Support-only Transformer,0.0,123,145,445,40.00000059604645
ISIC,ProtoNet,fixed,123,146,446,31.999999284744263
ISIC,WIPT,0.0,123,146,446,31.999999284744263
ISIC,Support-only Transformer,0.0,123,146,446,28.00000011920929
ISIC,ProtoNet,fixed,123,147,447,41.333335638046265
ISIC,WIPT,0.0,123,147,447,41.333335638046265
ISIC,Support-only Transformer,0.0,123,147,447,34.66666638851166
ISIC,ProtoNet,fixed,123,148,448,45.33333480358124
ISIC,WIPT,0.0,123,148,448,45.33333480358124
ISIC,Support-only Transformer,0.0,123,148,448,38.66666853427887
ISIC,ProtoNet,fixed,123,149,449,41.333335638046265
ISIC,WIPT,0.0,123,149,449,40.00000059604645
ISIC,Support-only Transformer,0.0,123,149,449,37.33333349227905
ISIC,ProtoNet,fixed,123,150,450,31.999999284744263
ISIC,WIPT,0.0,123,150,450,30.666667222976685
ISIC,Support-only Transformer,0.0,123,150,450,26.66666805744171
ISIC,ProtoNet,fixed,123,151,451,34.66666638851166
ISIC,WIPT,0.0,123,151,451,34.66666638851166
ISIC,Support-only Transformer,0.0,123,151,451,31.999999284744263
ISIC,ProtoNet,fixed,123,152,452,42.66666769981384
ISIC,WIPT,0.0,123,152,452,40.00000059604645
ISIC,Support-only Transformer,0.0,123,152,452,38.66666853427887
ISIC,ProtoNet,fixed,123,153,453,34.66666638851166
ISIC,WIPT,0.0,123,153,453,36.000001430511475
ISIC,Support-only Transformer,0.0,123,153,453,30.666667222976685
ISIC,ProtoNet,fixed,123,154,454,30.666667222976685
ISIC,WIPT,0.0,123,154,454,30.666667222976685
ISIC,Support-only Transformer,0.0,123,154,454,34.66666638851166
ISIC,ProtoNet,fixed,123,155,455,40.00000059604645
ISIC,WIPT,0.0,123,155,455,41.333335638046265
ISIC,Support-only Transformer,0.0,123,155,455,34.66666638851166
ISIC,ProtoNet,fixed,123,156,456,49.33333396911621
ISIC,WIPT,0.0,123,156,456,52.000004053115845
ISIC,Support-only Transformer,0.0,123,156,456,48.00000190734863
ISIC,ProtoNet,fixed,123,157,457,36.000001430511475
ISIC,WIPT,0.0,123,157,457,40.00000059604645
ISIC,Support-only Transformer,0.0,123,157,457,29.333335161209106
ISIC,ProtoNet,fixed,123,158,458,38.66666853427887
ISIC,WIPT,0.0,123,158,458,40.00000059604645
ISIC,Support-only Transformer,0.0,123,158,458,33.33333432674408
ISIC,ProtoNet,fixed,123,159,459,33.33333432674408
ISIC,WIPT,0.0,123,159,459,30.666667222976685
ISIC,Support-only Transformer,0.0,123,159,459,29.333335161209106
ISIC,ProtoNet,fixed,123,160,460,60.00000238418579
ISIC,WIPT,0.0,123,160,460,62.66666650772095
ISIC,Support-only Transformer,0.0,123,160,460,53.33333611488342
ISIC,ProtoNet,fixed,123,161,461,49.33333396911621
ISIC,WIPT,0.0,123,161,461,46.666666865348816
ISIC,Support-only Transformer,0.0,123,161,461,46.666666865348816
ISIC,ProtoNet,fixed,123,162,462,42.66666769981384
ISIC,WIPT,0.0,123,162,462,43.99999976158142
ISIC,Support-only Transformer,0.0,123,162,462,40.00000059604645
ISIC,ProtoNet,fixed,123,163,463,53.33333611488342
ISIC,WIPT,0.0,123,163,463,49.33333396911621
ISIC,Support-only Transformer,0.0,123,163,463,40.00000059604645
ISIC,ProtoNet,fixed,123,164,464,41.333335638046265
ISIC,WIPT,0.0,123,164,464,40.00000059604645
ISIC,Support-only Transformer,0.0,123,164,464,45.33333480358124
ISIC,ProtoNet,fixed,123,165,465,36.000001430511475
ISIC,WIPT,0.0,123,165,465,36.000001430511475
ISIC,Support-only Transformer,0.0,123,165,465,24.000000953674316
ISIC,ProtoNet,fixed,123,166,466,45.33333480358124
ISIC,WIPT,0.0,123,166,466,43.99999976158142
ISIC,Support-only Transformer,0.0,123,166,466,40.00000059604645
ISIC,ProtoNet,fixed,123,167,467,33.33333432674408
ISIC,WIPT,0.0,123,167,467,31.999999284744263
ISIC,Support-only Transformer,0.0,123,167,467,30.666667222976685
ISIC,ProtoNet,fixed,123,168,468,34.66666638851166
ISIC,WIPT,0.0,123,168,468,33.33333432674408
ISIC,Support-only Transformer,0.0,123,168,468,33.33333432674408
ISIC,ProtoNet,fixed,123,169,469,30.666667222976685
ISIC,WIPT,0.0,123,169,469,33.33333432674408
ISIC,Support-only Transformer,0.0,123,169,469,29.333335161209106
ISIC,ProtoNet,fixed,123,170,470,34.66666638851166
ISIC,WIPT,0.0,123,170,470,36.000001430511475
ISIC,Support-only Transformer,0.0,123,170,470,29.333335161209106
ISIC,ProtoNet,fixed,123,171,471,43.99999976158142
ISIC,WIPT,0.0,123,171,471,41.333335638046265
ISIC,Support-only Transformer,0.0,123,171,471,43.99999976158142
ISIC,ProtoNet,fixed,123,172,472,41.333335638046265
ISIC,WIPT,0.0,123,172,472,46.666666865348816
ISIC,Support-only Transformer,0.0,123,172,472,49.33333396911621
ISIC,ProtoNet,fixed,123,173,473,34.66666638851166
ISIC,WIPT,0.0,123,173,473,34.66666638851166
ISIC,Support-only Transformer,0.0,123,173,473,37.33333349227905
ISIC,ProtoNet,fixed,123,174,474,38.66666853427887
ISIC,WIPT,0.0,123,174,474,38.66666853427887
ISIC,Support-only Transformer,0.0,123,174,474,38.66666853427887
ISIC,ProtoNet,fixed,123,175,475,33.33333432674408
ISIC,WIPT,0.0,123,175,475,36.000001430511475
ISIC,Support-only Transformer,0.0,123,175,475,34.66666638851166
ISIC,ProtoNet,fixed,123,176,476,34.66666638851166
ISIC,WIPT,0.0,123,176,476,34.66666638851166
ISIC,Support-only Transformer,0.0,123,176,476,31.999999284744263
ISIC,ProtoNet,fixed,123,177,477,36.000001430511475
ISIC,WIPT,0.0,123,177,477,37.33333349227905
ISIC,Support-only Transformer,0.0,123,177,477,34.66666638851166
ISIC,ProtoNet,fixed,123,178,478,38.66666853427887
ISIC,WIPT,0.0,123,178,478,37.33333349227905
ISIC,Support-only Transformer,0.0,123,178,478,33.33333432674408
ISIC,ProtoNet,fixed,123,179,479,34.66666638851166
ISIC,WIPT,0.0,123,179,479,28.00000011920929
ISIC,Support-only Transformer,0.0,123,179,479,34.66666638851166
ISIC,ProtoNet,fixed,123,180,480,43.99999976158142
ISIC,WIPT,0.0,123,180,480,41.333335638046265
ISIC,Support-only Transformer,0.0,123,180,480,33.33333432674408
ISIC,ProtoNet,fixed,123,181,481,34.66666638851166
ISIC,WIPT,0.0,123,181,481,34.66666638851166
ISIC,Support-only Transformer,0.0,123,181,481,33.33333432674408
ISIC,ProtoNet,fixed,123,182,482,40.00000059604645
ISIC,WIPT,0.0,123,182,482,37.33333349227905
ISIC,Support-only Transformer,0.0,123,182,482,37.33333349227905
ISIC,ProtoNet,fixed,123,183,483,53.33333611488342
ISIC,WIPT,0.0,123,183,483,50.66666603088379
ISIC,Support-only Transformer,0.0,123,183,483,50.66666603088379
ISIC,ProtoNet,fixed,123,184,484,42.66666769981384
ISIC,WIPT,0.0,123,184,484,41.333335638046265
ISIC,Support-only Transformer,0.0,123,184,484,40.00000059604645
ISIC,ProtoNet,fixed,123,185,485,36.000001430511475
ISIC,WIPT,0.0,123,185,485,34.66666638851166
ISIC,Support-only Transformer,0.0,123,185,485,36.000001430511475
ISIC,ProtoNet,fixed,123,186,486,56.00000023841858
ISIC,WIPT,0.0,123,186,486,50.66666603088379
ISIC,Support-only Transformer,0.0,123,186,486,48.00000190734863
ISIC,ProtoNet,fixed,123,187,487,36.000001430511475
ISIC,WIPT,0.0,123,187,487,37.33333349227905
ISIC,Support-only Transformer,0.0,123,187,487,29.333335161209106
ISIC,ProtoNet,fixed,123,188,488,42.66666769981384
ISIC,WIPT,0.0,123,188,488,38.66666853427887
ISIC,Support-only Transformer,0.0,123,188,488,37.33333349227905
ISIC,ProtoNet,fixed,123,189,489,34.66666638851166
ISIC,WIPT,0.0,123,189,489,37.33333349227905
ISIC,Support-only Transformer,0.0,123,189,489,31.999999284744263
ISIC,ProtoNet,fixed,123,190,490,38.66666853427887
ISIC,WIPT,0.0,123,190,490,42.66666769981384
ISIC,Support-only Transformer,0.0,123,190,490,37.33333349227905
ISIC,ProtoNet,fixed,123,191,491,36.000001430511475
ISIC,WIPT,0.0,123,191,491,37.33333349227905
ISIC,Support-only Transformer,0.0,123,191,491,34.66666638851166
ISIC,ProtoNet,fixed,123,192,492,36.000001430511475
ISIC,WIPT,0.0,123,192,492,37.33333349227905
ISIC,Support-only Transformer,0.0,123,192,492,38.66666853427887
ISIC,ProtoNet,fixed,123,193,493,30.666667222976685
ISIC,WIPT,0.0,123,193,493,30.666667222976685
ISIC,Support-only Transformer,0.0,123,193,493,34.66666638851166
ISIC,ProtoNet,fixed,123,194,494,26.66666805744171
ISIC,WIPT,0.0,123,194,494,26.66666805744171
ISIC,Support-only Transformer,0.0,123,194,494,24.000000953674316
ISIC,ProtoNet,fixed,123,195,495,36.000001430511475
ISIC,WIPT,0.0,123,195,495,36.000001430511475
ISIC,Support-only Transformer,0.0,123,195,495,34.66666638851166
ISIC,ProtoNet,fixed,123,196,496,33.33333432674408
ISIC,WIPT,0.0,123,196,496,36.000001430511475
ISIC,Support-only Transformer,0.0,123,196,496,28.00000011920929
ISIC,ProtoNet,fixed,123,197,497,29.333335161209106
ISIC,WIPT,0.0,123,197,497,31.999999284744263
ISIC,Support-only Transformer,0.0,123,197,497,30.666667222976685
ISIC,ProtoNet,fixed,123,198,498,38.66666853427887
ISIC,WIPT,0.0,123,198,498,40.00000059604645
ISIC,Support-only Transformer,0.0,123,198,498,31.999999284744263
ISIC,ProtoNet,fixed,123,199,499,36.000001430511475
ISIC,WIPT,0.0,123,199,499,30.666667222976685
ISIC,Support-only Transformer,0.0,123,199,499,33.33333432674408
ISIC,ProtoNet,fixed,123,200,500,36.000001430511475
ISIC,WIPT,0.0,123,200,500,36.000001430511475
ISIC,Support-only Transformer,0.0,123,200,500,33.33333432674408
ISIC,ProtoNet,fixed,123,201,501,43.99999976158142
ISIC,WIPT,0.0,123,201,501,41.333335638046265
ISIC,Support-only Transformer,0.0,123,201,501,42.66666769981384
ISIC,ProtoNet,fixed,123,202,502,48.00000190734863
ISIC,WIPT,0.0,123,202,502,45.33333480358124
ISIC,Support-only Transformer,0.0,123,202,502,45.33333480358124
ISIC,ProtoNet,fixed,123,203,503,30.666667222976685
ISIC,WIPT,0.0,123,203,503,29.333335161209106
ISIC,Support-only Transformer,0.0,123,203,503,28.00000011920929
ISIC,ProtoNet,fixed,123,204,504,40.00000059604645
ISIC,WIPT,0.0,123,204,504,40.00000059604645
ISIC,Support-only Transformer,0.0,123,204,504,37.33333349227905
ISIC,ProtoNet,fixed,123,205,505,28.00000011920929
ISIC,WIPT,0.0,123,205,505,30.666667222976685
ISIC,Support-only Transformer,0.0,123,205,505,24.000000953674316
ISIC,ProtoNet,fixed,123,206,506,28.00000011920929
ISIC,WIPT,0.0,123,206,506,28.00000011920929
ISIC,Support-only Transformer,0.0,123,206,506,28.00000011920929
ISIC,ProtoNet,fixed,123,207,507,34.66666638851166
ISIC,WIPT,0.0,123,207,507,33.33333432674408
ISIC,Support-only Transformer,0.0,123,207,507,31.999999284744263
ISIC,ProtoNet,fixed,123,208,508,37.33333349227905
ISIC,WIPT,0.0,123,208,508,34.66666638851166
ISIC,Support-only Transformer,0.0,123,208,508,36.000001430511475
ISIC,ProtoNet,fixed,123,209,509,36.000001430511475
ISIC,WIPT,0.0,123,209,509,37.33333349227905
ISIC,Support-only Transformer,0.0,123,209,509,42.66666769981384
ISIC,ProtoNet,fixed,123,210,510,43.99999976158142
ISIC,WIPT,0.0,123,210,510,45.33333480358124
ISIC,Support-only Transformer,0.0,123,210,510,45.33333480358124
ISIC,ProtoNet,fixed,123,211,511,36.000001430511475
ISIC,WIPT,0.0,123,211,511,37.33333349227905
ISIC,Support-only Transformer,0.0,123,211,511,33.33333432674408
ISIC,ProtoNet,fixed,123,212,512,34.66666638851166
ISIC,WIPT,0.0,123,212,512,33.33333432674408
ISIC,Support-only Transformer,0.0,123,212,512,30.666667222976685
ISIC,ProtoNet,fixed,123,213,513,37.33333349227905
ISIC,WIPT,0.0,123,213,513,41.333335638046265
ISIC,Support-only Transformer,0.0,123,213,513,37.33333349227905
ISIC,ProtoNet,fixed,123,214,514,43.99999976158142
ISIC,WIPT,0.0,123,214,514,40.00000059604645
ISIC,Support-only Transformer,0.0,123,214,514,29.333335161209106
ISIC,ProtoNet,fixed,123,215,515,31.999999284744263
ISIC,WIPT,0.0,123,215,515,33.33333432674408
ISIC,Support-only Transformer,0.0,123,215,515,37.33333349227905
ISIC,ProtoNet,fixed,123,216,516,42.66666769981384
ISIC,WIPT,0.0,123,216,516,41.333335638046265
ISIC,Support-only Transformer,0.0,123,216,516,34.66666638851166
ISIC,ProtoNet,fixed,123,217,517,30.666667222976685
ISIC,WIPT,0.0,123,217,517,33.33333432674408
ISIC,Support-only Transformer,0.0,123,217,517,33.33333432674408
ISIC,ProtoNet,fixed,123,218,518,31.999999284744263
ISIC,WIPT,0.0,123,218,518,31.999999284744263
ISIC,Support-only Transformer,0.0,123,218,518,29.333335161209106
ISIC,ProtoNet,fixed,123,219,519,42.66666769981384
ISIC,WIPT,0.0,123,219,519,42.66666769981384
ISIC,Support-only Transformer,0.0,123,219,519,31.999999284744263
ISIC,ProtoNet,fixed,123,220,520,31.999999284744263
ISIC,WIPT,0.0,123,220,520,29.333335161209106
ISIC,Support-only Transformer,0.0,123,220,520,30.666667222976685
ISIC,ProtoNet,fixed,123,221,521,38.66666853427887
ISIC,WIPT,0.0,123,221,521,36.000001430511475
ISIC,Support-only Transformer,0.0,123,221,521,31.999999284744263
ISIC,ProtoNet,fixed,123,222,522,28.00000011920929
ISIC,WIPT,0.0,123,222,522,25.333333015441895
ISIC,Support-only Transformer,0.0,123,222,522,34.66666638851166
ISIC,ProtoNet,fixed,123,223,523,34.66666638851166
ISIC,WIPT,0.0,123,223,523,28.00000011920929
ISIC,Support-only Transformer,0.0,123,223,523,29.333335161209106
ISIC,ProtoNet,fixed,123,224,524,36.000001430511475
ISIC,WIPT,0.0,123,224,524,36.000001430511475
ISIC,Support-only Transformer,0.0,123,224,524,40.00000059604645
ISIC,ProtoNet,fixed,123,225,525,43.99999976158142
ISIC,WIPT,0.0,123,225,525,43.99999976158142
ISIC,Support-only Transformer,0.0,123,225,525,40.00000059604645
ISIC,ProtoNet,fixed,123,226,526,30.666667222976685
ISIC,WIPT,0.0,123,226,526,30.666667222976685
ISIC,Support-only Transformer,0.0,123,226,526,30.666667222976685
ISIC,ProtoNet,fixed,123,227,527,41.333335638046265
ISIC,WIPT,0.0,123,227,527,34.66666638851166
ISIC,Support-only Transformer,0.0,123,227,527,29.333335161209106
ISIC,ProtoNet,fixed,123,228,528,34.66666638851166
ISIC,WIPT,0.0,123,228,528,33.33333432674408
ISIC,Support-only Transformer,0.0,123,228,528,29.333335161209106
ISIC,ProtoNet,fixed,123,229,529,33.33333432674408
ISIC,WIPT,0.0,123,229,529,36.000001430511475
ISIC,Support-only Transformer,0.0,123,229,529,33.33333432674408
ISIC,ProtoNet,fixed,123,230,530,34.66666638851166
ISIC,WIPT,0.0,123,230,530,29.333335161209106
ISIC,Support-only Transformer,0.0,123,230,530,29.333335161209106
ISIC,ProtoNet,fixed,123,231,531,26.66666805744171
ISIC,WIPT,0.0,123,231,531,28.00000011920929
ISIC,Support-only Transformer,0.0,123,231,531,25.333333015441895
ISIC,ProtoNet,fixed,123,232,532,40.00000059604645
ISIC,WIPT,0.0,123,232,532,36.000001430511475
ISIC,Support-only Transformer,0.0,123,232,532,41.333335638046265
ISIC,ProtoNet,fixed,123,233,533,42.66666769981384
ISIC,WIPT,0.0,123,233,533,33.33333432674408
ISIC,Support-only Transformer,0.0,123,233,533,34.66666638851166
ISIC,ProtoNet,fixed,123,234,534,49.33333396911621
ISIC,WIPT,0.0,123,234,534,52.000004053115845
ISIC,Support-only Transformer,0.0,123,234,534,56.00000023841858
ISIC,ProtoNet,fixed,123,235,535,40.00000059604645
ISIC,WIPT,0.0,123,235,535,40.00000059604645
ISIC,Support-only Transformer,0.0,123,235,535,36.000001430511475
ISIC,ProtoNet,fixed,123,236,536,48.00000190734863
ISIC,WIPT,0.0,123,236,536,48.00000190734863
ISIC,Support-only Transformer,0.0,123,236,536,49.33333396911621
ISIC,ProtoNet,fixed,123,237,537,29.333335161209106
ISIC,WIPT,0.0,123,237,537,28.00000011920929
ISIC,Support-only Transformer,0.0,123,237,537,29.333335161209106
ISIC,ProtoNet,fixed,123,238,538,34.66666638851166
ISIC,WIPT,0.0,123,238,538,34.66666638851166
ISIC,Support-only Transformer,0.0,123,238,538,28.00000011920929
ISIC,ProtoNet,fixed,123,239,539,26.66666805744171
ISIC,WIPT,0.0,123,239,539,25.333333015441895
ISIC,Support-only Transformer,0.0,123,239,539,20.000000298023224
ISIC,ProtoNet,fixed,123,240,540,34.66666638851166
ISIC,WIPT,0.0,123,240,540,34.66666638851166
ISIC,Support-only Transformer,0.0,123,240,540,34.66666638851166
ISIC,ProtoNet,fixed,123,241,541,36.000001430511475
ISIC,WIPT,0.0,123,241,541,40.00000059604645
ISIC,Support-only Transformer,0.0,123,241,541,41.333335638046265
ISIC,ProtoNet,fixed,123,242,542,43.99999976158142
ISIC,WIPT,0.0,123,242,542,43.99999976158142
ISIC,Support-only Transformer,0.0,123,242,542,33.33333432674408
ISIC,ProtoNet,fixed,123,243,543,45.33333480358124
ISIC,WIPT,0.0,123,243,543,42.66666769981384
ISIC,Support-only Transformer,0.0,123,243,543,40.00000059604645
ISIC,ProtoNet,fixed,123,244,544,30.666667222976685
ISIC,WIPT,0.0,123,244,544,29.333335161209106
ISIC,Support-only Transformer,0.0,123,244,544,25.333333015441895
ISIC,ProtoNet,fixed,123,245,545,41.333335638046265
ISIC,WIPT,0.0,123,245,545,42.66666769981384
ISIC,Support-only Transformer,0.0,123,245,545,40.00000059604645
ISIC,ProtoNet,fixed,123,246,546,50.66666603088379
ISIC,WIPT,0.0,123,246,546,50.66666603088379
ISIC,Support-only Transformer,0.0,123,246,546,43.99999976158142
ISIC,ProtoNet,fixed,123,247,547,36.000001430511475
ISIC,WIPT,0.0,123,247,547,40.00000059604645
ISIC,Support-only Transformer,0.0,123,247,547,41.333335638046265
ISIC,ProtoNet,fixed,123,248,548,50.66666603088379
ISIC,WIPT,0.0,123,248,548,49.33333396911621
ISIC,Support-only Transformer,0.0,123,248,548,46.666666865348816
ISIC,ProtoNet,fixed,123,249,549,43.99999976158142
ISIC,WIPT,0.0,123,249,549,43.99999976158142
ISIC,Support-only Transformer,0.0,123,249,549,36.000001430511475
ISIC,ProtoNet,fixed,123,250,550,37.33333349227905
ISIC,WIPT,0.0,123,250,550,33.33333432674408
ISIC,Support-only Transformer,0.0,123,250,550,42.66666769981384
ISIC,ProtoNet,fixed,123,251,551,52.000004053115845
ISIC,WIPT,0.0,123,251,551,52.000004053115845
ISIC,Support-only Transformer,0.0,123,251,551,40.00000059604645
ISIC,ProtoNet,fixed,123,252,552,52.000004053115845
ISIC,WIPT,0.0,123,252,552,56.00000023841858
ISIC,Support-only Transformer,0.0,123,252,552,54.666668176651
ISIC,ProtoNet,fixed,123,253,553,29.333335161209106
ISIC,WIPT,0.0,123,253,553,30.666667222976685
ISIC,Support-only Transformer,0.0,123,253,553,30.666667222976685
ISIC,ProtoNet,fixed,123,254,554,31.999999284744263
ISIC,WIPT,0.0,123,254,554,33.33333432674408
ISIC,Support-only Transformer,0.0,123,254,554,25.333333015441895
ISIC,ProtoNet,fixed,123,255,555,36.000001430511475
ISIC,WIPT,0.0,123,255,555,34.66666638851166
ISIC,Support-only Transformer,0.0,123,255,555,30.666667222976685
ISIC,ProtoNet,fixed,123,256,556,26.66666805744171
ISIC,WIPT,0.0,123,256,556,25.333333015441895
ISIC,Support-only Transformer,0.0,123,256,556,25.333333015441895
ISIC,ProtoNet,fixed,123,257,557,26.66666805744171
ISIC,WIPT,0.0,123,257,557,26.66666805744171
ISIC,Support-only Transformer,0.0,123,257,557,29.333335161209106
ISIC,ProtoNet,fixed,123,258,558,28.00000011920929
ISIC,WIPT,0.0,123,258,558,26.66666805744171
ISIC,Support-only Transformer,0.0,123,258,558,24.000000953674316
ISIC,ProtoNet,fixed,123,259,559,42.66666769981384
ISIC,WIPT,0.0,123,259,559,41.333335638046265
ISIC,Support-only Transformer,0.0,123,259,559,37.33333349227905
ISIC,ProtoNet,fixed,123,260,560,49.33333396911621
ISIC,WIPT,0.0,123,260,560,48.00000190734863
ISIC,Support-only Transformer,0.0,123,260,560,54.666668176651
ISIC,ProtoNet,fixed,123,261,561,46.666666865348816
ISIC,WIPT,0.0,123,261,561,42.66666769981384
ISIC,Support-only Transformer,0.0,123,261,561,45.33333480358124
ISIC,ProtoNet,fixed,123,262,562,41.333335638046265
ISIC,WIPT,0.0,123,262,562,36.000001430511475
ISIC,Support-only Transformer,0.0,123,262,562,36.000001430511475
ISIC,ProtoNet,fixed,123,263,563,46.666666865348816
ISIC,WIPT,0.0,123,263,563,45.33333480358124
ISIC,Support-only Transformer,0.0,123,263,563,43.99999976158142
ISIC,ProtoNet,fixed,123,264,564,48.00000190734863
ISIC,WIPT,0.0,123,264,564,45.33333480358124
ISIC,Support-only Transformer,0.0,123,264,564,41.333335638046265
ISIC,ProtoNet,fixed,123,265,565,37.33333349227905
ISIC,WIPT,0.0,123,265,565,36.000001430511475
ISIC,Support-only Transformer,0.0,123,265,565,30.666667222976685
ISIC,ProtoNet,fixed,123,266,566,41.333335638046265
ISIC,WIPT,0.0,123,266,566,40.00000059604645
ISIC,Support-only Transformer,0.0,123,266,566,31.999999284744263
ISIC,ProtoNet,fixed,123,267,567,40.00000059604645
ISIC,WIPT,0.0,123,267,567,37.33333349227905
ISIC,Support-only Transformer,0.0,123,267,567,33.33333432674408
ISIC,ProtoNet,fixed,123,268,568,38.66666853427887
ISIC,WIPT,0.0,123,268,568,37.33333349227905
ISIC,Support-only Transformer,0.0,123,268,568,37.33333349227905
ISIC,ProtoNet,fixed,123,269,569,46.666666865348816
ISIC,WIPT,0.0,123,269,569,42.66666769981384
ISIC,Support-only Transformer,0.0,123,269,569,42.66666769981384
ISIC,ProtoNet,fixed,123,270,570,43.99999976158142
ISIC,WIPT,0.0,123,270,570,40.00000059604645
ISIC,Support-only Transformer,0.0,123,270,570,29.333335161209106
ISIC,ProtoNet,fixed,123,271,571,33.33333432674408
ISIC,WIPT,0.0,123,271,571,31.999999284744263
ISIC,Support-only Transformer,0.0,123,271,571,24.000000953674316
ISIC,ProtoNet,fixed,123,272,572,42.66666769981384
ISIC,WIPT,0.0,123,272,572,43.99999976158142
ISIC,Support-only Transformer,0.0,123,272,572,34.66666638851166
ISIC,ProtoNet,fixed,123,273,573,31.999999284744263
ISIC,WIPT,0.0,123,273,573,34.66666638851166
ISIC,Support-only Transformer,0.0,123,273,573,36.000001430511475
ISIC,ProtoNet,fixed,123,274,574,45.33333480358124
ISIC,WIPT,0.0,123,274,574,48.00000190734863
ISIC,Support-only Transformer,0.0,123,274,574,41.333335638046265
ISIC,ProtoNet,fixed,123,275,575,22.66666740179062
ISIC,WIPT,0.0,123,275,575,21.33333384990692
ISIC,Support-only Transformer,0.0,123,275,575,18.666666746139526
ISIC,ProtoNet,fixed,123,276,576,40.00000059604645
ISIC,WIPT,0.0,123,276,576,41.333335638046265
ISIC,Support-only Transformer,0.0,123,276,576,33.33333432674408
ISIC,ProtoNet,fixed,123,277,577,31.999999284744263
ISIC,WIPT,0.0,123,277,577,37.33333349227905
ISIC,Support-only Transformer,0.0,123,277,577,37.33333349227905
ISIC,ProtoNet,fixed,123,278,578,33.33333432674408
ISIC,WIPT,0.0,123,278,578,37.33333349227905
ISIC,Support-only Transformer,0.0,123,278,578,33.33333432674408
ISIC,ProtoNet,fixed,123,279,579,40.00000059604645
ISIC,WIPT,0.0,123,279,579,36.000001430511475
ISIC,Support-only Transformer,0.0,123,279,579,33.33333432674408
ISIC,ProtoNet,fixed,123,280,580,37.33333349227905
ISIC,WIPT,0.0,123,280,580,38.66666853427887
ISIC,Support-only Transformer,0.0,123,280,580,33.33333432674408
ISIC,ProtoNet,fixed,123,281,581,30.666667222976685
ISIC,WIPT,0.0,123,281,581,28.00000011920929
ISIC,Support-only Transformer,0.0,123,281,581,28.00000011920929
ISIC,ProtoNet,fixed,123,282,582,43.99999976158142
ISIC,WIPT,0.0,123,282,582,48.00000190734863
ISIC,Support-only Transformer,0.0,123,282,582,34.66666638851166
ISIC,ProtoNet,fixed,123,283,583,37.33333349227905
ISIC,WIPT,0.0,123,283,583,34.66666638851166
ISIC,Support-only Transformer,0.0,123,283,583,34.66666638851166
ISIC,ProtoNet,fixed,123,284,584,38.66666853427887
ISIC,WIPT,0.0,123,284,584,30.666667222976685
ISIC,Support-only Transformer,0.0,123,284,584,29.333335161209106
ISIC,ProtoNet,fixed,123,285,585,33.33333432674408
ISIC,WIPT,0.0,123,285,585,31.999999284744263
ISIC,Support-only Transformer,0.0,123,285,585,34.66666638851166
ISIC,ProtoNet,fixed,123,286,586,49.33333396911621
ISIC,WIPT,0.0,123,286,586,50.66666603088379
ISIC,Support-only Transformer,0.0,123,286,586,45.33333480358124
ISIC,ProtoNet,fixed,123,287,587,40.00000059604645
ISIC,WIPT,0.0,123,287,587,38.66666853427887
ISIC,Support-only Transformer,0.0,123,287,587,41.333335638046265
ISIC,ProtoNet,fixed,123,288,588,37.33333349227905
ISIC,WIPT,0.0,123,288,588,34.66666638851166
ISIC,Support-only Transformer,0.0,123,288,588,36.000001430511475
ISIC,ProtoNet,fixed,123,289,589,40.00000059604645
ISIC,WIPT,0.0,123,289,589,41.333335638046265
ISIC,Support-only Transformer,0.0,123,289,589,38.66666853427887
ISIC,ProtoNet,fixed,123,290,590,40.00000059604645
ISIC,WIPT,0.0,123,290,590,41.333335638046265
ISIC,Support-only Transformer,0.0,123,290,590,42.66666769981384
ISIC,ProtoNet,fixed,123,291,591,30.666667222976685
ISIC,WIPT,0.0,123,291,591,26.66666805744171
ISIC,Support-only Transformer,0.0,123,291,591,33.33333432674408
ISIC,ProtoNet,fixed,123,292,592,24.000000953674316
ISIC,WIPT,0.0,123,292,592,26.66666805744171
ISIC,Support-only Transformer,0.0,123,292,592,22.66666740179062
ISIC,ProtoNet,fixed,123,293,593,42.66666769981384
ISIC,WIPT,0.0,123,293,593,40.00000059604645
ISIC,Support-only Transformer,0.0,123,293,593,38.66666853427887
ISIC,ProtoNet,fixed,123,294,594,43.99999976158142
ISIC,WIPT,0.0,123,294,594,42.66666769981384
ISIC,Support-only Transformer,0.0,123,294,594,31.999999284744263
ISIC,ProtoNet,fixed,123,295,595,43.99999976158142
ISIC,WIPT,0.0,123,295,595,37.33333349227905
ISIC,Support-only Transformer,0.0,123,295,595,40.00000059604645
ISIC,ProtoNet,fixed,123,296,596,38.66666853427887
ISIC,WIPT,0.0,123,296,596,33.33333432674408
ISIC,Support-only Transformer,0.0,123,296,596,29.333335161209106
ISIC,ProtoNet,fixed,123,297,597,38.66666853427887
ISIC,WIPT,0.0,123,297,597,37.33333349227905
ISIC,Support-only Transformer,0.0,123,297,597,33.33333432674408
ISIC,ProtoNet,fixed,123,298,598,41.333335638046265
ISIC,WIPT,0.0,123,298,598,41.333335638046265
ISIC,Support-only Transformer,0.0,123,298,598,34.66666638851166
ISIC,ProtoNet,fixed,123,299,599,48.00000190734863
ISIC,WIPT,0.0,123,299,599,45.33333480358124
ISIC,Support-only Transformer,0.0,123,299,599,40.00000059604645
ISIC,ProtoNet,fixed,2024,0,600,43.99999976158142
ISIC,WIPT,0.0,2024,0,600,43.99999976158142
ISIC,Support-only Transformer,0.0,2024,0,600,38.66666853427887
ISIC,ProtoNet,fixed,2024,1,601,41.333335638046265
ISIC,WIPT,0.0,2024,1,601,37.33333349227905
ISIC,Support-only Transformer,0.0,2024,1,601,34.66666638851166
ISIC,ProtoNet,fixed,2024,2,602,34.66666638851166
ISIC,WIPT,0.0,2024,2,602,30.666667222976685
ISIC,Support-only Transformer,0.0,2024,2,602,36.000001430511475
ISIC,ProtoNet,fixed,2024,3,603,41.333335638046265
ISIC,WIPT,0.0,2024,3,603,38.66666853427887
ISIC,Support-only Transformer,0.0,2024,3,603,43.99999976158142
ISIC,ProtoNet,fixed,2024,4,604,36.000001430511475
ISIC,WIPT,0.0,2024,4,604,37.33333349227905
ISIC,Support-only Transformer,0.0,2024,4,604,33.33333432674408
ISIC,ProtoNet,fixed,2024,5,605,46.666666865348816
ISIC,WIPT,0.0,2024,5,605,48.00000190734863
ISIC,Support-only Transformer,0.0,2024,5,605,37.33333349227905
ISIC,ProtoNet,fixed,2024,6,606,38.66666853427887
ISIC,WIPT,0.0,2024,6,606,36.000001430511475
ISIC,Support-only Transformer,0.0,2024,6,606,26.66666805744171
ISIC,ProtoNet,fixed,2024,7,607,33.33333432674408
ISIC,WIPT,0.0,2024,7,607,33.33333432674408
ISIC,Support-only Transformer,0.0,2024,7,607,33.33333432674408
ISIC,ProtoNet,fixed,2024,8,608,37.33333349227905
ISIC,WIPT,0.0,2024,8,608,37.33333349227905
ISIC,Support-only Transformer,0.0,2024,8,608,33.33333432674408
ISIC,ProtoNet,fixed,2024,9,609,41.333335638046265
ISIC,WIPT,0.0,2024,9,609,38.66666853427887
ISIC,Support-only Transformer,0.0,2024,9,609,36.000001430511475
ISIC,ProtoNet,fixed,2024,10,610,34.66666638851166
ISIC,WIPT,0.0,2024,10,610,36.000001430511475
ISIC,Support-only Transformer,0.0,2024,10,610,37.33333349227905
ISIC,ProtoNet,fixed,2024,11,611,29.333335161209106
ISIC,WIPT,0.0,2024,11,611,28.00000011920929
ISIC,Support-only Transformer,0.0,2024,11,611,31.999999284744263
ISIC,ProtoNet,fixed,2024,12,612,36.000001430511475
ISIC,WIPT,0.0,2024,12,612,33.33333432674408
ISIC,Support-only Transformer,0.0,2024,12,612,30.666667222976685
ISIC,ProtoNet,fixed,2024,13,613,40.00000059604645
ISIC,WIPT,0.0,2024,13,613,41.333335638046265
ISIC,Support-only Transformer,0.0,2024,13,613,36.000001430511475
ISIC,ProtoNet,fixed,2024,14,614,29.333335161209106
ISIC,WIPT,0.0,2024,14,614,29.333335161209106
ISIC,Support-only Transformer,0.0,2024,14,614,31.999999284744263
ISIC,ProtoNet,fixed,2024,15,615,31.999999284744263
ISIC,WIPT,0.0,2024,15,615,30.666667222976685
ISIC,Support-only Transformer,0.0,2024,15,615,31.999999284744263
ISIC,ProtoNet,fixed,2024,16,616,37.33333349227905
ISIC,WIPT,0.0,2024,16,616,33.33333432674408
ISIC,Support-only Transformer,0.0,2024,16,616,26.66666805744171
ISIC,ProtoNet,fixed,2024,17,617,40.00000059604645
ISIC,WIPT,0.0,2024,17,617,40.00000059604645
ISIC,Support-only Transformer,0.0,2024,17,617,37.33333349227905
ISIC,ProtoNet,fixed,2024,18,618,36.000001430511475
ISIC,WIPT,0.0,2024,18,618,34.66666638851166
ISIC,Support-only Transformer,0.0,2024,18,618,34.66666638851166
ISIC,ProtoNet,fixed,2024,19,619,46.666666865348816
ISIC,WIPT,0.0,2024,19,619,45.33333480358124
ISIC,Support-only Transformer,0.0,2024,19,619,46.666666865348816
ISIC,ProtoNet,fixed,2024,20,620,37.33333349227905
ISIC,WIPT,0.0,2024,20,620,37.33333349227905
ISIC,Support-only Transformer,0.0,2024,20,620,36.000001430511475
ISIC,ProtoNet,fixed,2024,21,621,54.666668176651
ISIC,WIPT,0.0,2024,21,621,54.666668176651
ISIC,Support-only Transformer,0.0,2024,21,621,49.33333396911621
ISIC,ProtoNet,fixed,2024,22,622,31.999999284744263
ISIC,WIPT,0.0,2024,22,622,33.33333432674408
ISIC,Support-only Transformer,0.0,2024,22,622,38.66666853427887
ISIC,ProtoNet,fixed,2024,23,623,42.66666769981384
ISIC,WIPT,0.0,2024,23,623,42.66666769981384
ISIC,Support-only Transformer,0.0,2024,23,623,34.66666638851166
ISIC,ProtoNet,fixed,2024,24,624,38.66666853427887
ISIC,WIPT,0.0,2024,24,624,36.000001430511475
ISIC,Support-only Transformer,0.0,2024,24,624,36.000001430511475
ISIC,ProtoNet,fixed,2024,25,625,36.000001430511475
ISIC,WIPT,0.0,2024,25,625,31.999999284744263
ISIC,Support-only Transformer,0.0,2024,25,625,40.00000059604645
ISIC,ProtoNet,fixed,2024,26,626,36.000001430511475
ISIC,WIPT,0.0,2024,26,626,37.33333349227905
ISIC,Support-only Transformer,0.0,2024,26,626,36.000001430511475
ISIC,ProtoNet,fixed,2024,27,627,36.000001430511475
ISIC,WIPT,0.0,2024,27,627,33.33333432674408
ISIC,Support-only Transformer,0.0,2024,27,627,33.33333432674408
ISIC,ProtoNet,fixed,2024,28,628,31.999999284744263
ISIC,WIPT,0.0,2024,28,628,31.999999284744263
ISIC,Support-only Transformer,0.0,2024,28,628,26.66666805744171
ISIC,ProtoNet,fixed,2024,29,629,38.66666853427887
ISIC,WIPT,0.0,2024,29,629,33.33333432674408
ISIC,Support-only Transformer,0.0,2024,29,629,31.999999284744263
ISIC,ProtoNet,fixed,2024,30,630,52.000004053115845
ISIC,WIPT,0.0,2024,30,630,50.66666603088379
ISIC,Support-only Transformer,0.0,2024,30,630,46.666666865348816
ISIC,ProtoNet,fixed,2024,31,631,36.000001430511475
ISIC,WIPT,0.0,2024,31,631,38.66666853427887
ISIC,Support-only Transformer,0.0,2024,31,631,29.333335161209106
ISIC,ProtoNet,fixed,2024,32,632,26.66666805744171
ISIC,WIPT,0.0,2024,32,632,26.66666805744171
ISIC,Support-only Transformer,0.0,2024,32,632,29.333335161209106
ISIC,ProtoNet,fixed,2024,33,633,41.333335638046265
ISIC,WIPT,0.0,2024,33,633,41.333335638046265
ISIC,Support-only Transformer,0.0,2024,33,633,36.000001430511475
ISIC,ProtoNet,fixed,2024,34,634,38.66666853427887
ISIC,WIPT,0.0,2024,34,634,38.66666853427887
ISIC,Support-only Transformer,0.0,2024,34,634,42.66666769981384
ISIC,ProtoNet,fixed,2024,35,635,52.000004053115845
ISIC,WIPT,0.0,2024,35,635,50.66666603088379
ISIC,Support-only Transformer,0.0,2024,35,635,48.00000190734863
ISIC,ProtoNet,fixed,2024,36,636,33.33333432674408
ISIC,WIPT,0.0,2024,36,636,29.333335161209106
ISIC,Support-only Transformer,0.0,2024,36,636,28.00000011920929
ISIC,ProtoNet,fixed,2024,37,637,36.000001430511475
ISIC,WIPT,0.0,2024,37,637,37.33333349227905
ISIC,Support-only Transformer,0.0,2024,37,637,33.33333432674408
ISIC,ProtoNet,fixed,2024,38,638,34.66666638851166
ISIC,WIPT,0.0,2024,38,638,34.66666638851166
ISIC,Support-only Transformer,0.0,2024,38,638,34.66666638851166
ISIC,ProtoNet,fixed,2024,39,639,48.00000190734863
ISIC,WIPT,0.0,2024,39,639,46.666666865348816
ISIC,Support-only Transformer,0.0,2024,39,639,42.66666769981384
ISIC,ProtoNet,fixed,2024,40,640,26.66666805744171
ISIC,WIPT,0.0,2024,40,640,25.333333015441895
ISIC,Support-only Transformer,0.0,2024,40,640,26.66666805744171
ISIC,ProtoNet,fixed,2024,41,641,42.66666769981384
ISIC,WIPT,0.0,2024,41,641,41.333335638046265
ISIC,Support-only Transformer,0.0,2024,41,641,41.333335638046265
ISIC,ProtoNet,fixed,2024,42,642,38.66666853427887
ISIC,WIPT,0.0,2024,42,642,36.000001430511475
ISIC,Support-only Transformer,0.0,2024,42,642,33.33333432674408
ISIC,ProtoNet,fixed,2024,43,643,34.66666638851166
ISIC,WIPT,0.0,2024,43,643,36.000001430511475
ISIC,Support-only Transformer,0.0,2024,43,643,31.999999284744263
ISIC,ProtoNet,fixed,2024,44,644,42.66666769981384
ISIC,WIPT,0.0,2024,44,644,38.66666853427887
ISIC,Support-only Transformer,0.0,2024,44,644,36.000001430511475
ISIC,ProtoNet,fixed,2024,45,645,34.66666638851166
ISIC,WIPT,0.0,2024,45,645,36.000001430511475
ISIC,Support-only Transformer,0.0,2024,45,645,37.33333349227905
ISIC,ProtoNet,fixed,2024,46,646,25.333333015441895
ISIC,WIPT,0.0,2024,46,646,26.66666805744171
ISIC,Support-only Transformer,0.0,2024,46,646,25.333333015441895
ISIC,ProtoNet,fixed,2024,47,647,43.99999976158142
ISIC,WIPT,0.0,2024,47,647,41.333335638046265
ISIC,Support-only Transformer,0.0,2024,47,647,37.33333349227905
ISIC,ProtoNet,fixed,2024,48,648,48.00000190734863
ISIC,WIPT,0.0,2024,48,648,45.33333480358124
ISIC,Support-only Transformer,0.0,2024,48,648,43.99999976158142
ISIC,ProtoNet,fixed,2024,49,649,34.66666638851166
ISIC,WIPT,0.0,2024,49,649,36.000001430511475
ISIC,Support-only Transformer,0.0,2024,49,649,29.333335161209106
ISIC,ProtoNet,fixed,2024,50,650,40.00000059604645
ISIC,WIPT,0.0,2024,50,650,37.33333349227905
ISIC,Support-only Transformer,0.0,2024,50,650,30.666667222976685
ISIC,ProtoNet,fixed,2024,51,651,41.333335638046265
ISIC,WIPT,0.0,2024,51,651,42.66666769981384
ISIC,Support-only Transformer,0.0,2024,51,651,38.66666853427887
ISIC,ProtoNet,fixed,2024,52,652,36.000001430511475
ISIC,WIPT,0.0,2024,52,652,38.66666853427887
ISIC,Support-only Transformer,0.0,2024,52,652,36.000001430511475
ISIC,ProtoNet,fixed,2024,53,653,41.333335638046265
ISIC,WIPT,0.0,2024,53,653,42.66666769981384
ISIC,Support-only Transformer,0.0,2024,53,653,37.33333349227905
ISIC,ProtoNet,fixed,2024,54,654,34.66666638851166
ISIC,WIPT,0.0,2024,54,654,33.33333432674408
ISIC,Support-only Transformer,0.0,2024,54,654,34.66666638851166
ISIC,ProtoNet,fixed,2024,55,655,34.66666638851166
ISIC,WIPT,0.0,2024,55,655,36.000001430511475
ISIC,Support-only Transformer,0.0,2024,55,655,36.000001430511475
ISIC,ProtoNet,fixed,2024,56,656,30.666667222976685
ISIC,WIPT,0.0,2024,56,656,31.999999284744263
ISIC,Support-only Transformer,0.0,2024,56,656,28.00000011920929
ISIC,ProtoNet,fixed,2024,57,657,42.66666769981384
ISIC,WIPT,0.0,2024,57,657,42.66666769981384
ISIC,Support-only Transformer,0.0,2024,57,657,45.33333480358124
ISIC,ProtoNet,fixed,2024,58,658,29.333335161209106
ISIC,WIPT,0.0,2024,58,658,29.333335161209106
ISIC,Support-only Transformer,0.0,2024,58,658,31.999999284744263
ISIC,ProtoNet,fixed,2024,59,659,46.666666865348816
ISIC,WIPT,0.0,2024,59,659,41.333335638046265
ISIC,Support-only Transformer,0.0,2024,59,659,36.000001430511475
ISIC,ProtoNet,fixed,2024,60,660,37.33333349227905
ISIC,WIPT,0.0,2024,60,660,38.66666853427887
ISIC,Support-only Transformer,0.0,2024,60,660,37.33333349227905
ISIC,ProtoNet,fixed,2024,61,661,46.666666865348816
ISIC,WIPT,0.0,2024,61,661,48.00000190734863
ISIC,Support-only Transformer,0.0,2024,61,661,43.99999976158142
ISIC,ProtoNet,fixed,2024,62,662,41.333335638046265
ISIC,WIPT,0.0,2024,62,662,37.33333349227905
ISIC,Support-only Transformer,0.0,2024,62,662,41.333335638046265
ISIC,ProtoNet,fixed,2024,63,663,57.33333230018616
ISIC,WIPT,0.0,2024,63,663,54.666668176651
ISIC,Support-only Transformer,0.0,2024,63,663,38.66666853427887
ISIC,ProtoNet,fixed,2024,64,664,40.00000059604645
ISIC,WIPT,0.0,2024,64,664,42.66666769981384
ISIC,Support-only Transformer,0.0,2024,64,664,34.66666638851166
ISIC,ProtoNet,fixed,2024,65,665,28.00000011920929
ISIC,WIPT,0.0,2024,65,665,30.666667222976685
ISIC,Support-only Transformer,0.0,2024,65,665,36.000001430511475
ISIC,ProtoNet,fixed,2024,66,666,33.33333432674408
ISIC,WIPT,0.0,2024,66,666,34.66666638851166
ISIC,Support-only Transformer,0.0,2024,66,666,36.000001430511475
ISIC,ProtoNet,fixed,2024,67,667,33.33333432674408
ISIC,WIPT,0.0,2024,67,667,33.33333432674408
ISIC,Support-only Transformer,0.0,2024,67,667,30.666667222976685
ISIC,ProtoNet,fixed,2024,68,668,28.00000011920929
ISIC,WIPT,0.0,2024,68,668,28.00000011920929
ISIC,Support-only Transformer,0.0,2024,68,668,28.00000011920929
ISIC,ProtoNet,fixed,2024,69,669,31.999999284744263
ISIC,WIPT,0.0,2024,69,669,31.999999284744263
ISIC,Support-only Transformer,0.0,2024,69,669,31.999999284744263
ISIC,ProtoNet,fixed,2024,70,670,37.33333349227905
ISIC,WIPT,0.0,2024,70,670,33.33333432674408
ISIC,Support-only Transformer,0.0,2024,70,670,26.66666805744171
ISIC,ProtoNet,fixed,2024,71,671,38.66666853427887
ISIC,WIPT,0.0,2024,71,671,40.00000059604645
ISIC,Support-only Transformer,0.0,2024,71,671,36.000001430511475
ISIC,ProtoNet,fixed,2024,72,672,48.00000190734863
ISIC,WIPT,0.0,2024,72,672,50.66666603088379
ISIC,Support-only Transformer,0.0,2024,72,672,50.66666603088379
ISIC,ProtoNet,fixed,2024,73,673,45.33333480358124
ISIC,WIPT,0.0,2024,73,673,41.333335638046265
ISIC,Support-only Transformer,0.0,2024,73,673,41.333335638046265
ISIC,ProtoNet,fixed,2024,74,674,26.66666805744171
ISIC,WIPT,0.0,2024,74,674,25.333333015441895
ISIC,Support-only Transformer,0.0,2024,74,674,25.333333015441895
ISIC,ProtoNet,fixed,2024,75,675,31.999999284744263
ISIC,WIPT,0.0,2024,75,675,30.666667222976685
ISIC,Support-only Transformer,0.0,2024,75,675,29.333335161209106
ISIC,ProtoNet,fixed,2024,76,676,46.666666865348816
ISIC,WIPT,0.0,2024,76,676,43.99999976158142
ISIC,Support-only Transformer,0.0,2024,76,676,41.333335638046265
ISIC,ProtoNet,fixed,2024,77,677,43.99999976158142
ISIC,WIPT,0.0,2024,77,677,45.33333480358124
ISIC,Support-only Transformer,0.0,2024,77,677,50.66666603088379
ISIC,ProtoNet,fixed,2024,78,678,40.00000059604645
ISIC,WIPT,0.0,2024,78,678,38.66666853427887
ISIC,Support-only Transformer,0.0,2024,78,678,37.33333349227905
ISIC,ProtoNet,fixed,2024,79,679,46.666666865348816
ISIC,WIPT,0.0,2024,79,679,48.00000190734863
ISIC,Support-only Transformer,0.0,2024,79,679,49.33333396911621
ISIC,ProtoNet,fixed,2024,80,680,43.99999976158142
ISIC,WIPT,0.0,2024,80,680,41.333335638046265
ISIC,Support-only Transformer,0.0,2024,80,680,36.000001430511475
ISIC,ProtoNet,fixed,2024,81,681,29.333335161209106
ISIC,WIPT,0.0,2024,81,681,31.999999284744263
ISIC,Support-only Transformer,0.0,2024,81,681,28.00000011920929
ISIC,ProtoNet,fixed,2024,82,682,40.00000059604645
ISIC,WIPT,0.0,2024,82,682,38.66666853427887
ISIC,Support-only Transformer,0.0,2024,82,682,38.66666853427887
ISIC,ProtoNet,fixed,2024,83,683,37.33333349227905
ISIC,WIPT,0.0,2024,83,683,36.000001430511475
ISIC,Support-only Transformer,0.0,2024,83,683,40.00000059604645
ISIC,ProtoNet,fixed,2024,84,684,46.666666865348816
ISIC,WIPT,0.0,2024,84,684,42.66666769981384
ISIC,Support-only Transformer,0.0,2024,84,684,37.33333349227905
ISIC,ProtoNet,fixed,2024,85,685,46.666666865348816
ISIC,WIPT,0.0,2024,85,685,46.666666865348816
ISIC,Support-only Transformer,0.0,2024,85,685,43.99999976158142
ISIC,ProtoNet,fixed,2024,86,686,43.99999976158142
ISIC,WIPT,0.0,2024,86,686,42.66666769981384
ISIC,Support-only Transformer,0.0,2024,86,686,31.999999284744263
ISIC,ProtoNet,fixed,2024,87,687,48.00000190734863
ISIC,WIPT,0.0,2024,87,687,50.66666603088379
ISIC,Support-only Transformer,0.0,2024,87,687,46.666666865348816
ISIC,ProtoNet,fixed,2024,88,688,43.99999976158142
ISIC,WIPT,0.0,2024,88,688,41.333335638046265
ISIC,Support-only Transformer,0.0,2024,88,688,41.333335638046265
ISIC,ProtoNet,fixed,2024,89,689,43.99999976158142
ISIC,WIPT,0.0,2024,89,689,43.99999976158142
ISIC,Support-only Transformer,0.0,2024,89,689,41.333335638046265
ISIC,ProtoNet,fixed,2024,90,690,34.66666638851166
ISIC,WIPT,0.0,2024,90,690,30.666667222976685
ISIC,Support-only Transformer,0.0,2024,90,690,24.000000953674316
ISIC,ProtoNet,fixed,2024,91,691,41.333335638046265
ISIC,WIPT,0.0,2024,91,691,41.333335638046265
ISIC,Support-only Transformer,0.0,2024,91,691,43.99999976158142
ISIC,ProtoNet,fixed,2024,92,692,42.66666769981384
ISIC,WIPT,0.0,2024,92,692,43.99999976158142
ISIC,Support-only Transformer,0.0,2024,92,692,34.66666638851166
ISIC,ProtoNet,fixed,2024,93,693,40.00000059604645
ISIC,WIPT,0.0,2024,93,693,38.66666853427887
ISIC,Support-only Transformer,0.0,2024,93,693,40.00000059604645
ISIC,ProtoNet,fixed,2024,94,694,30.666667222976685
ISIC,WIPT,0.0,2024,94,694,30.666667222976685
ISIC,Support-only Transformer,0.0,2024,94,694,33.33333432674408
ISIC,ProtoNet,fixed,2024,95,695,48.00000190734863
ISIC,WIPT,0.0,2024,95,695,46.666666865348816
ISIC,Support-only Transformer,0.0,2024,95,695,43.99999976158142
ISIC,ProtoNet,fixed,2024,96,696,46.666666865348816
ISIC,WIPT,0.0,2024,96,696,46.666666865348816
ISIC,Support-only Transformer,0.0,2024,96,696,40.00000059604645
ISIC,ProtoNet,fixed,2024,97,697,45.33333480358124
ISIC,WIPT,0.0,2024,97,697,45.33333480358124
ISIC,Support-only Transformer,0.0,2024,97,697,48.00000190734863
ISIC,ProtoNet,fixed,2024,98,698,42.66666769981384
ISIC,WIPT,0.0,2024,98,698,42.66666769981384
ISIC,Support-only Transformer,0.0,2024,98,698,40.00000059604645
ISIC,ProtoNet,fixed,2024,99,699,33.33333432674408
ISIC,WIPT,0.0,2024,99,699,30.666667222976685
ISIC,Support-only Transformer,0.0,2024,99,699,34.66666638851166
ISIC,ProtoNet,fixed,2024,100,700,37.33333349227905
ISIC,WIPT,0.0,2024,100,700,40.00000059604645
ISIC,Support-only Transformer,0.0,2024,100,700,29.333335161209106
ISIC,ProtoNet,fixed,2024,101,701,37.33333349227905
ISIC,WIPT,0.0,2024,101,701,31.999999284744263
ISIC,Support-only Transformer,0.0,2024,101,701,40.00000059604645
ISIC,ProtoNet,fixed,2024,102,702,30.666667222976685
ISIC,WIPT,0.0,2024,102,702,29.333335161209106
ISIC,Support-only Transformer,0.0,2024,102,702,21.33333384990692
ISIC,ProtoNet,fixed,2024,103,703,29.333335161209106
ISIC,WIPT,0.0,2024,103,703,28.00000011920929
ISIC,Support-only Transformer,0.0,2024,103,703,26.66666805744171
ISIC,ProtoNet,fixed,2024,104,704,46.666666865348816
ISIC,WIPT,0.0,2024,104,704,43.99999976158142
ISIC,Support-only Transformer,0.0,2024,104,704,40.00000059604645
ISIC,ProtoNet,fixed,2024,105,705,30.666667222976685
ISIC,WIPT,0.0,2024,105,705,29.333335161209106
ISIC,Support-only Transformer,0.0,2024,105,705,29.333335161209106
ISIC,ProtoNet,fixed,2024,106,706,42.66666769981384
ISIC,WIPT,0.0,2024,106,706,42.66666769981384
ISIC,Support-only Transformer,0.0,2024,106,706,40.00000059604645
ISIC,ProtoNet,fixed,2024,107,707,37.33333349227905
ISIC,WIPT,0.0,2024,107,707,33.33333432674408
ISIC,Support-only Transformer,0.0,2024,107,707,36.000001430511475
ISIC,ProtoNet,fixed,2024,108,708,49.33333396911621
ISIC,WIPT,0.0,2024,108,708,48.00000190734863
ISIC,Support-only Transformer,0.0,2024,108,708,43.99999976158142
ISIC,ProtoNet,fixed,2024,109,709,26.66666805744171
ISIC,WIPT,0.0,2024,109,709,26.66666805744171
ISIC,Support-only Transformer,0.0,2024,109,709,24.000000953674316
ISIC,ProtoNet,fixed,2024,110,710,45.33333480358124
ISIC,WIPT,0.0,2024,110,710,41.333335638046265
ISIC,Support-only Transformer,0.0,2024,110,710,30.666667222976685
ISIC,ProtoNet,fixed,2024,111,711,43.99999976158142
ISIC,WIPT,0.0,2024,111,711,41.333335638046265
ISIC,Support-only Transformer,0.0,2024,111,711,38.66666853427887
ISIC,ProtoNet,fixed,2024,112,712,48.00000190734863
ISIC,WIPT,0.0,2024,112,712,48.00000190734863
ISIC,Support-only Transformer,0.0,2024,112,712,37.33333349227905
ISIC,ProtoNet,fixed,2024,113,713,31.999999284744263
ISIC,WIPT,0.0,2024,113,713,30.666667222976685
ISIC,Support-only Transformer,0.0,2024,113,713,28.00000011920929
ISIC,ProtoNet,fixed,2024,114,714,43.99999976158142
ISIC,WIPT,0.0,2024,114,714,41.333335638046265
ISIC,Support-only Transformer,0.0,2024,114,714,38.66666853427887
ISIC,ProtoNet,fixed,2024,115,715,42.66666769981384
ISIC,WIPT,0.0,2024,115,715,37.33333349227905
ISIC,Support-only Transformer,0.0,2024,115,715,36.000001430511475
ISIC,ProtoNet,fixed,2024,116,716,31.999999284744263
ISIC,WIPT,0.0,2024,116,716,34.66666638851166
ISIC,Support-only Transformer,0.0,2024,116,716,37.33333349227905
ISIC,ProtoNet,fixed,2024,117,717,36.000001430511475
ISIC,WIPT,0.0,2024,117,717,36.000001430511475
ISIC,Support-only Transformer,0.0,2024,117,717,36.000001430511475
ISIC,ProtoNet,fixed,2024,118,718,41.333335638046265
ISIC,WIPT,0.0,2024,118,718,37.33333349227905
ISIC,Support-only Transformer,0.0,2024,118,718,37.33333349227905
ISIC,ProtoNet,fixed,2024,119,719,38.66666853427887
ISIC,WIPT,0.0,2024,119,719,38.66666853427887
ISIC,Support-only Transformer,0.0,2024,119,719,30.666667222976685
ISIC,ProtoNet,fixed,2024,120,720,37.33333349227905
ISIC,WIPT,0.0,2024,120,720,36.000001430511475
ISIC,Support-only Transformer,0.0,2024,120,720,36.000001430511475
ISIC,ProtoNet,fixed,2024,121,721,41.333335638046265
ISIC,WIPT,0.0,2024,121,721,43.99999976158142
ISIC,Support-only Transformer,0.0,2024,121,721,33.33333432674408
ISIC,ProtoNet,fixed,2024,122,722,33.33333432674408
ISIC,WIPT,0.0,2024,122,722,36.000001430511475
ISIC,Support-only Transformer,0.0,2024,122,722,34.66666638851166
ISIC,ProtoNet,fixed,2024,123,723,52.000004053115845
ISIC,WIPT,0.0,2024,123,723,49.33333396911621
ISIC,Support-only Transformer,0.0,2024,123,723,45.33333480358124
ISIC,ProtoNet,fixed,2024,124,724,38.66666853427887
ISIC,WIPT,0.0,2024,124,724,36.000001430511475
ISIC,Support-only Transformer,0.0,2024,124,724,31.999999284744263
ISIC,ProtoNet,fixed,2024,125,725,40.00000059604645
ISIC,WIPT,0.0,2024,125,725,38.66666853427887
ISIC,Support-only Transformer,0.0,2024,125,725,37.33333349227905
ISIC,ProtoNet,fixed,2024,126,726,46.666666865348816
ISIC,WIPT,0.0,2024,126,726,43.99999976158142
ISIC,Support-only Transformer,0.0,2024,126,726,46.666666865348816
ISIC,ProtoNet,fixed,2024,127,727,49.33333396911621
ISIC,WIPT,0.0,2024,127,727,49.33333396911621
ISIC,Support-only Transformer,0.0,2024,127,727,46.666666865348816
ISIC,ProtoNet,fixed,2024,128,728,30.666667222976685
ISIC,WIPT,0.0,2024,128,728,34.66666638851166
ISIC,Support-only Transformer,0.0,2024,128,728,26.66666805744171
ISIC,ProtoNet,fixed,2024,129,729,43.99999976158142
ISIC,WIPT,0.0,2024,129,729,40.00000059604645
ISIC,Support-only Transformer,0.0,2024,129,729,40.00000059604645
ISIC,ProtoNet,fixed,2024,130,730,42.66666769981384
ISIC,WIPT,0.0,2024,130,730,40.00000059604645
ISIC,Support-only Transformer,0.0,2024,130,730,37.33333349227905
ISIC,ProtoNet,fixed,2024,131,731,41.333335638046265
ISIC,WIPT,0.0,2024,131,731,38.66666853427887
ISIC,Support-only Transformer,0.0,2024,131,731,37.33333349227905
ISIC,ProtoNet,fixed,2024,132,732,46.666666865348816
ISIC,WIPT,0.0,2024,132,732,48.00000190734863
ISIC,Support-only Transformer,0.0,2024,132,732,41.333335638046265
ISIC,ProtoNet,fixed,2024,133,733,29.333335161209106
ISIC,WIPT,0.0,2024,133,733,33.33333432674408
ISIC,Support-only Transformer,0.0,2024,133,733,38.66666853427887
ISIC,ProtoNet,fixed,2024,134,734,43.99999976158142
ISIC,WIPT,0.0,2024,134,734,40.00000059604645
ISIC,Support-only Transformer,0.0,2024,134,734,45.33333480358124
ISIC,ProtoNet,fixed,2024,135,735,37.33333349227905
ISIC,WIPT,0.0,2024,135,735,36.000001430511475
ISIC,Support-only Transformer,0.0,2024,135,735,36.000001430511475
ISIC,ProtoNet,fixed,2024,136,736,33.33333432674408
ISIC,WIPT,0.0,2024,136,736,33.33333432674408
ISIC,Support-only Transformer,0.0,2024,136,736,36.000001430511475
ISIC,ProtoNet,fixed,2024,137,737,43.99999976158142
ISIC,WIPT,0.0,2024,137,737,37.33333349227905
ISIC,Support-only Transformer,0.0,2024,137,737,31.999999284744263
ISIC,ProtoNet,fixed,2024,138,738,45.33333480358124
ISIC,WIPT,0.0,2024,138,738,43.99999976158142
ISIC,Support-only Transformer,0.0,2024,138,738,41.333335638046265
ISIC,ProtoNet,fixed,2024,139,739,36.000001430511475
ISIC,WIPT,0.0,2024,139,739,36.000001430511475
ISIC,Support-only Transformer,0.0,2024,139,739,38.66666853427887
ISIC,ProtoNet,fixed,2024,140,740,34.66666638851166
ISIC,WIPT,0.0,2024,140,740,34.66666638851166
ISIC,Support-only Transformer,0.0,2024,140,740,22.66666740179062
ISIC,ProtoNet,fixed,2024,141,741,45.33333480358124
ISIC,WIPT,0.0,2024,141,741,45.33333480358124
ISIC,Support-only Transformer,0.0,2024,141,741,37.33333349227905
ISIC,ProtoNet,fixed,2024,142,742,40.00000059604645
ISIC,WIPT,0.0,2024,142,742,37.33333349227905
ISIC,Support-only Transformer,0.0,2024,142,742,38.66666853427887
ISIC,ProtoNet,fixed,2024,143,743,31.999999284744263
ISIC,WIPT,0.0,2024,143,743,31.999999284744263
ISIC,Support-only Transformer,0.0,2024,143,743,31.999999284744263
ISIC,ProtoNet,fixed,2024,144,744,36.000001430511475
ISIC,WIPT,0.0,2024,144,744,41.333335638046265
ISIC,Support-only Transformer,0.0,2024,144,744,31.999999284744263
ISIC,ProtoNet,fixed,2024,145,745,45.33333480358124
ISIC,WIPT,0.0,2024,145,745,41.333335638046265
ISIC,Support-only Transformer,0.0,2024,145,745,41.333335638046265
ISIC,ProtoNet,fixed,2024,146,746,25.333333015441895
ISIC,WIPT,0.0,2024,146,746,25.333333015441895
ISIC,Support-only Transformer,0.0,2024,146,746,28.00000011920929
ISIC,ProtoNet,fixed,2024,147,747,53.33333611488342
ISIC,WIPT,0.0,2024,147,747,56.00000023841858
ISIC,Support-only Transformer,0.0,2024,147,747,54.666668176651
ISIC,ProtoNet,fixed,2024,148,748,38.66666853427887
ISIC,WIPT,0.0,2024,148,748,37.33333349227905
ISIC,Support-only Transformer,0.0,2024,148,748,37.33333349227905
ISIC,ProtoNet,fixed,2024,149,749,42.66666769981384
ISIC,WIPT,0.0,2024,149,749,43.99999976158142
ISIC,Support-only Transformer,0.0,2024,149,749,37.33333349227905
ISIC,ProtoNet,fixed,2024,150,750,38.66666853427887
ISIC,WIPT,0.0,2024,150,750,38.66666853427887
ISIC,Support-only Transformer,0.0,2024,150,750,30.666667222976685
ISIC,ProtoNet,fixed,2024,151,751,34.66666638851166
ISIC,WIPT,0.0,2024,151,751,31.999999284744263
ISIC,Support-only Transformer,0.0,2024,151,751,30.666667222976685
ISIC,ProtoNet,fixed,2024,152,752,48.00000190734863
ISIC,WIPT,0.0,2024,152,752,45.33333480358124
ISIC,Support-only Transformer,0.0,2024,152,752,40.00000059604645
ISIC,ProtoNet,fixed,2024,153,753,34.66666638851166
ISIC,WIPT,0.0,2024,153,753,34.66666638851166
ISIC,Support-only Transformer,0.0,2024,153,753,36.000001430511475
ISIC,ProtoNet,fixed,2024,154,754,21.33333384990692
ISIC,WIPT,0.0,2024,154,754,21.33333384990692
ISIC,Support-only Transformer,0.0,2024,154,754,26.66666805744171
ISIC,ProtoNet,fixed,2024,155,755,21.33333384990692
ISIC,WIPT,0.0,2024,155,755,18.666666746139526
ISIC,Support-only Transformer,0.0,2024,155,755,20.000000298023224
ISIC,ProtoNet,fixed,2024,156,756,25.333333015441895
ISIC,WIPT,0.0,2024,156,756,24.000000953674316
ISIC,Support-only Transformer,0.0,2024,156,756,33.33333432674408
ISIC,ProtoNet,fixed,2024,157,757,31.999999284744263
ISIC,WIPT,0.0,2024,157,757,33.33333432674408
ISIC,Support-only Transformer,0.0,2024,157,757,33.33333432674408
ISIC,ProtoNet,fixed,2024,158,758,40.00000059604645
ISIC,WIPT,0.0,2024,158,758,41.333335638046265
ISIC,Support-only Transformer,0.0,2024,158,758,40.00000059604645
ISIC,ProtoNet,fixed,2024,159,759,41.333335638046265
ISIC,WIPT,0.0,2024,159,759,40.00000059604645
ISIC,Support-only Transformer,0.0,2024,159,759,29.333335161209106
ISIC,ProtoNet,fixed,2024,160,760,42.66666769981384
ISIC,WIPT,0.0,2024,160,760,45.33333480358124
ISIC,Support-only Transformer,0.0,2024,160,760,38.66666853427887
ISIC,ProtoNet,fixed,2024,161,761,40.00000059604645
ISIC,WIPT,0.0,2024,161,761,40.00000059604645
ISIC,Support-only Transformer,0.0,2024,161,761,41.333335638046265
ISIC,ProtoNet,fixed,2024,162,762,24.000000953674316
ISIC,WIPT,0.0,2024,162,762,24.000000953674316
ISIC,Support-only Transformer,0.0,2024,162,762,24.000000953674316
ISIC,ProtoNet,fixed,2024,163,763,33.33333432674408
ISIC,WIPT,0.0,2024,163,763,31.999999284744263
ISIC,Support-only Transformer,0.0,2024,163,763,36.000001430511475
ISIC,ProtoNet,fixed,2024,164,764,50.66666603088379
ISIC,WIPT,0.0,2024,164,764,48.00000190734863
ISIC,Support-only Transformer,0.0,2024,164,764,50.66666603088379
ISIC,ProtoNet,fixed,2024,165,765,45.33333480358124
ISIC,WIPT,0.0,2024,165,765,41.333335638046265
ISIC,Support-only Transformer,0.0,2024,165,765,38.66666853427887
ISIC,ProtoNet,fixed,2024,166,766,43.99999976158142
ISIC,WIPT,0.0,2024,166,766,43.99999976158142
ISIC,Support-only Transformer,0.0,2024,166,766,40.00000059604645
ISIC,ProtoNet,fixed,2024,167,767,42.66666769981384
ISIC,WIPT,0.0,2024,167,767,37.33333349227905
ISIC,Support-only Transformer,0.0,2024,167,767,41.333335638046265
ISIC,ProtoNet,fixed,2024,168,768,48.00000190734863
ISIC,WIPT,0.0,2024,168,768,46.666666865348816
ISIC,Support-only Transformer,0.0,2024,168,768,48.00000190734863
ISIC,ProtoNet,fixed,2024,169,769,25.333333015441895
ISIC,WIPT,0.0,2024,169,769,24.000000953674316
ISIC,Support-only Transformer,0.0,2024,169,769,22.66666740179062
ISIC,ProtoNet,fixed,2024,170,770,50.66666603088379
ISIC,WIPT,0.0,2024,170,770,49.33333396911621
ISIC,Support-only Transformer,0.0,2024,170,770,46.666666865348816
ISIC,ProtoNet,fixed,2024,171,771,36.000001430511475
ISIC,WIPT,0.0,2024,171,771,31.999999284744263
ISIC,Support-only Transformer,0.0,2024,171,771,26.66666805744171
ISIC,ProtoNet,fixed,2024,172,772,48.00000190734863
ISIC,WIPT,0.0,2024,172,772,45.33333480358124
ISIC,Support-only Transformer,0.0,2024,172,772,36.000001430511475
ISIC,ProtoNet,fixed,2024,173,773,45.33333480358124
ISIC,WIPT,0.0,2024,173,773,43.99999976158142
ISIC,Support-only Transformer,0.0,2024,173,773,36.000001430511475
ISIC,ProtoNet,fixed,2024,174,774,41.333335638046265
ISIC,WIPT,0.0,2024,174,774,38.66666853427887
ISIC,Support-only Transformer,0.0,2024,174,774,40.00000059604645
ISIC,ProtoNet,fixed,2024,175,775,36.000001430511475
ISIC,WIPT,0.0,2024,175,775,33.33333432674408
ISIC,Support-only Transformer,0.0,2024,175,775,31.999999284744263
ISIC,ProtoNet,fixed,2024,176,776,34.66666638851166
ISIC,WIPT,0.0,2024,176,776,37.33333349227905
ISIC,Support-only Transformer,0.0,2024,176,776,31.999999284744263
ISIC,ProtoNet,fixed,2024,177,777,31.999999284744263
ISIC,WIPT,0.0,2024,177,777,33.33333432674408
ISIC,Support-only Transformer,0.0,2024,177,777,29.333335161209106
ISIC,ProtoNet,fixed,2024,178,778,34.66666638851166
ISIC,WIPT,0.0,2024,178,778,31.999999284744263
ISIC,Support-only Transformer,0.0,2024,178,778,30.666667222976685
ISIC,ProtoNet,fixed,2024,179,779,42.66666769981384
ISIC,WIPT,0.0,2024,179,779,41.333335638046265
ISIC,Support-only Transformer,0.0,2024,179,779,40.00000059604645
ISIC,ProtoNet,fixed,2024,180,780,45.33333480358124
ISIC,WIPT,0.0,2024,180,780,43.99999976158142
ISIC,Support-only Transformer,0.0,2024,180,780,42.66666769981384
ISIC,ProtoNet,fixed,2024,181,781,48.00000190734863
ISIC,WIPT,0.0,2024,181,781,45.33333480358124
ISIC,Support-only Transformer,0.0,2024,181,781,45.33333480358124
ISIC,ProtoNet,fixed,2024,182,782,31.999999284744263
ISIC,WIPT,0.0,2024,182,782,34.66666638851166
ISIC,Support-only Transformer,0.0,2024,182,782,37.33333349227905
ISIC,ProtoNet,fixed,2024,183,783,42.66666769981384
ISIC,WIPT,0.0,2024,183,783,41.333335638046265
ISIC,Support-only Transformer,0.0,2024,183,783,40.00000059604645
ISIC,ProtoNet,fixed,2024,184,784,30.666667222976685
ISIC,WIPT,0.0,2024,184,784,29.333335161209106
ISIC,Support-only Transformer,0.0,2024,184,784,33.33333432674408
ISIC,ProtoNet,fixed,2024,185,785,34.66666638851166
ISIC,WIPT,0.0,2024,185,785,34.66666638851166
ISIC,Support-only Transformer,0.0,2024,185,785,28.00000011920929
ISIC,ProtoNet,fixed,2024,186,786,36.000001430511475
ISIC,WIPT,0.0,2024,186,786,38.66666853427887
ISIC,Support-only Transformer,0.0,2024,186,786,43.99999976158142
ISIC,ProtoNet,fixed,2024,187,787,37.33333349227905
ISIC,WIPT,0.0,2024,187,787,38.66666853427887
ISIC,Support-only Transformer,0.0,2024,187,787,40.00000059604645
ISIC,ProtoNet,fixed,2024,188,788,29.333335161209106
ISIC,WIPT,0.0,2024,188,788,30.666667222976685
ISIC,Support-only Transformer,0.0,2024,188,788,31.999999284744263
ISIC,ProtoNet,fixed,2024,189,789,26.66666805744171
ISIC,WIPT,0.0,2024,189,789,25.333333015441895
ISIC,Support-only Transformer,0.0,2024,189,789,28.00000011920929
ISIC,ProtoNet,fixed,2024,190,790,49.33333396911621
ISIC,WIPT,0.0,2024,190,790,46.666666865348816
ISIC,Support-only Transformer,0.0,2024,190,790,43.99999976158142
ISIC,ProtoNet,fixed,2024,191,791,48.00000190734863
ISIC,WIPT,0.0,2024,191,791,54.666668176651
ISIC,Support-only Transformer,0.0,2024,191,791,46.666666865348816
ISIC,ProtoNet,fixed,2024,192,792,50.66666603088379
ISIC,WIPT,0.0,2024,192,792,45.33333480358124
ISIC,Support-only Transformer,0.0,2024,192,792,43.99999976158142
ISIC,ProtoNet,fixed,2024,193,793,25.333333015441895
ISIC,WIPT,0.0,2024,193,793,25.333333015441895
ISIC,Support-only Transformer,0.0,2024,193,793,20.000000298023224
ISIC,ProtoNet,fixed,2024,194,794,42.66666769981384
ISIC,WIPT,0.0,2024,194,794,43.99999976158142
ISIC,Support-only Transformer,0.0,2024,194,794,45.33333480358124
ISIC,ProtoNet,fixed,2024,195,795,38.66666853427887
ISIC,WIPT,0.0,2024,195,795,36.000001430511475
ISIC,Support-only Transformer,0.0,2024,195,795,31.999999284744263
ISIC,ProtoNet,fixed,2024,196,796,20.000000298023224
ISIC,WIPT,0.0,2024,196,796,25.333333015441895
ISIC,Support-only Transformer,0.0,2024,196,796,25.333333015441895
ISIC,ProtoNet,fixed,2024,197,797,36.000001430511475
ISIC,WIPT,0.0,2024,197,797,31.999999284744263
ISIC,Support-only Transformer,0.0,2024,197,797,34.66666638851166
ISIC,ProtoNet,fixed,2024,198,798,38.66666853427887
ISIC,WIPT,0.0,2024,198,798,36.000001430511475
ISIC,Support-only Transformer,0.0,2024,198,798,33.33333432674408
ISIC,ProtoNet,fixed,2024,199,799,46.666666865348816
ISIC,WIPT,0.0,2024,199,799,43.99999976158142
ISIC,Support-only Transformer,0.0,2024,199,799,40.00000059604645
ISIC,ProtoNet,fixed,2024,200,800,33.33333432674408
ISIC,WIPT,0.0,2024,200,800,34.66666638851166
ISIC,Support-only Transformer,0.0,2024,200,800,29.333335161209106
ISIC,ProtoNet,fixed,2024,201,801,49.33333396911621
ISIC,WIPT,0.0,2024,201,801,48.00000190734863
ISIC,Support-only Transformer,0.0,2024,201,801,46.666666865348816
ISIC,ProtoNet,fixed,2024,202,802,34.66666638851166
ISIC,WIPT,0.0,2024,202,802,33.33333432674408
ISIC,Support-only Transformer,0.0,2024,202,802,34.66666638851166
ISIC,ProtoNet,fixed,2024,203,803,30.666667222976685
ISIC,WIPT,0.0,2024,203,803,28.00000011920929
ISIC,Support-only Transformer,0.0,2024,203,803,28.00000011920929
ISIC,ProtoNet,fixed,2024,204,804,34.66666638851166
ISIC,WIPT,0.0,2024,204,804,36.000001430511475
ISIC,Support-only Transformer,0.0,2024,204,804,30.666667222976685
ISIC,ProtoNet,fixed,2024,205,805,36.000001430511475
ISIC,WIPT,0.0,2024,205,805,38.66666853427887
ISIC,Support-only Transformer,0.0,2024,205,805,31.999999284744263
ISIC,ProtoNet,fixed,2024,206,806,33.33333432674408
ISIC,WIPT,0.0,2024,206,806,36.000001430511475
ISIC,Support-only Transformer,0.0,2024,206,806,29.333335161209106
ISIC,ProtoNet,fixed,2024,207,807,49.33333396911621
ISIC,WIPT,0.0,2024,207,807,46.666666865348816
ISIC,Support-only Transformer,0.0,2024,207,807,43.99999976158142
ISIC,ProtoNet,fixed,2024,208,808,33.33333432674408
ISIC,WIPT,0.0,2024,208,808,36.000001430511475
ISIC,Support-only Transformer,0.0,2024,208,808,31.999999284744263
ISIC,ProtoNet,fixed,2024,209,809,48.00000190734863
ISIC,WIPT,0.0,2024,209,809,52.000004053115845
ISIC,Support-only Transformer,0.0,2024,209,809,41.333335638046265
ISIC,ProtoNet,fixed,2024,210,810,26.66666805744171
ISIC,WIPT,0.0,2024,210,810,26.66666805744171
ISIC,Support-only Transformer,0.0,2024,210,810,25.333333015441895
ISIC,ProtoNet,fixed,2024,211,811,36.000001430511475
ISIC,WIPT,0.0,2024,211,811,37.33333349227905
ISIC,Support-only Transformer,0.0,2024,211,811,37.33333349227905
ISIC,ProtoNet,fixed,2024,212,812,38.66666853427887
ISIC,WIPT,0.0,2024,212,812,41.333335638046265
ISIC,Support-only Transformer,0.0,2024,212,812,40.00000059604645
ISIC,ProtoNet,fixed,2024,213,813,31.999999284744263
ISIC,WIPT,0.0,2024,213,813,30.666667222976685
ISIC,Support-only Transformer,0.0,2024,213,813,30.666667222976685
ISIC,ProtoNet,fixed,2024,214,814,28.00000011920929
ISIC,WIPT,0.0,2024,214,814,29.333335161209106
ISIC,Support-only Transformer,0.0,2024,214,814,22.66666740179062
ISIC,ProtoNet,fixed,2024,215,815,34.66666638851166
ISIC,WIPT,0.0,2024,215,815,36.000001430511475
ISIC,Support-only Transformer,0.0,2024,215,815,28.00000011920929
ISIC,ProtoNet,fixed,2024,216,816,30.666667222976685
ISIC,WIPT,0.0,2024,216,816,30.666667222976685
ISIC,Support-only Transformer,0.0,2024,216,816,28.00000011920929
ISIC,ProtoNet,fixed,2024,217,817,43.99999976158142
ISIC,WIPT,0.0,2024,217,817,40.00000059604645
ISIC,Support-only Transformer,0.0,2024,217,817,31.999999284744263
ISIC,ProtoNet,fixed,2024,218,818,46.666666865348816
ISIC,WIPT,0.0,2024,218,818,46.666666865348816
ISIC,Support-only Transformer,0.0,2024,218,818,37.33333349227905
ISIC,ProtoNet,fixed,2024,219,819,40.00000059604645
ISIC,WIPT,0.0,2024,219,819,41.333335638046265
ISIC,Support-only Transformer,0.0,2024,219,819,28.00000011920929
ISIC,ProtoNet,fixed,2024,220,820,49.33333396911621
ISIC,WIPT,0.0,2024,220,820,46.666666865348816
ISIC,Support-only Transformer,0.0,2024,220,820,45.33333480358124
ISIC,ProtoNet,fixed,2024,221,821,36.000001430511475
ISIC,WIPT,0.0,2024,221,821,31.999999284744263
ISIC,Support-only Transformer,0.0,2024,221,821,36.000001430511475
ISIC,ProtoNet,fixed,2024,222,822,41.333335638046265
ISIC,WIPT,0.0,2024,222,822,38.66666853427887
ISIC,Support-only Transformer,0.0,2024,222,822,40.00000059604645
ISIC,ProtoNet,fixed,2024,223,823,31.999999284744263
ISIC,WIPT,0.0,2024,223,823,29.333335161209106
ISIC,Support-only Transformer,0.0,2024,223,823,33.33333432674408
ISIC,ProtoNet,fixed,2024,224,824,43.99999976158142
ISIC,WIPT,0.0,2024,224,824,42.66666769981384
ISIC,Support-only Transformer,0.0,2024,224,824,41.333335638046265
ISIC,ProtoNet,fixed,2024,225,825,37.33333349227905
ISIC,WIPT,0.0,2024,225,825,37.33333349227905
ISIC,Support-only Transformer,0.0,2024,225,825,37.33333349227905
ISIC,ProtoNet,fixed,2024,226,826,46.666666865348816
ISIC,WIPT,0.0,2024,226,826,48.00000190734863
ISIC,Support-only Transformer,0.0,2024,226,826,41.333335638046265
ISIC,ProtoNet,fixed,2024,227,827,38.66666853427887
ISIC,WIPT,0.0,2024,227,827,37.33333349227905
ISIC,Support-only Transformer,0.0,2024,227,827,41.333335638046265
ISIC,ProtoNet,fixed,2024,228,828,48.00000190734863
ISIC,WIPT,0.0,2024,228,828,49.33333396911621
ISIC,Support-only Transformer,0.0,2024,228,828,43.99999976158142
ISIC,ProtoNet,fixed,2024,229,829,33.33333432674408
ISIC,WIPT,0.0,2024,229,829,31.999999284744263
ISIC,Support-only Transformer,0.0,2024,229,829,26.66666805744171
ISIC,ProtoNet,fixed,2024,230,830,38.66666853427887
ISIC,WIPT,0.0,2024,230,830,41.333335638046265
ISIC,Support-only Transformer,0.0,2024,230,830,30.666667222976685
ISIC,ProtoNet,fixed,2024,231,831,52.000004053115845
ISIC,WIPT,0.0,2024,231,831,49.33333396911621
ISIC,Support-only Transformer,0.0,2024,231,831,38.66666853427887
ISIC,ProtoNet,fixed,2024,232,832,46.666666865348816
ISIC,WIPT,0.0,2024,232,832,46.666666865348816
ISIC,Support-only Transformer,0.0,2024,232,832,34.66666638851166
ISIC,ProtoNet,fixed,2024,233,833,30.666667222976685
ISIC,WIPT,0.0,2024,233,833,30.666667222976685
ISIC,Support-only Transformer,0.0,2024,233,833,26.66666805744171
ISIC,ProtoNet,fixed,2024,234,834,41.333335638046265
ISIC,WIPT,0.0,2024,234,834,41.333335638046265
ISIC,Support-only Transformer,0.0,2024,234,834,42.66666769981384
ISIC,ProtoNet,fixed,2024,235,835,31.999999284744263
ISIC,WIPT,0.0,2024,235,835,34.66666638851166
ISIC,Support-only Transformer,0.0,2024,235,835,34.66666638851166
ISIC,ProtoNet,fixed,2024,236,836,42.66666769981384
ISIC,WIPT,0.0,2024,236,836,38.66666853427887
ISIC,Support-only Transformer,0.0,2024,236,836,41.333335638046265
ISIC,ProtoNet,fixed,2024,237,837,46.666666865348816
ISIC,WIPT,0.0,2024,237,837,46.666666865348816
ISIC,Support-only Transformer,0.0,2024,237,837,41.333335638046265
ISIC,ProtoNet,fixed,2024,238,838,34.66666638851166
ISIC,WIPT,0.0,2024,238,838,40.00000059604645
ISIC,Support-only Transformer,0.0,2024,238,838,42.66666769981384
ISIC,ProtoNet,fixed,2024,239,839,40.00000059604645
ISIC,WIPT,0.0,2024,239,839,40.00000059604645
ISIC,Support-only Transformer,0.0,2024,239,839,38.66666853427887
ISIC,ProtoNet,fixed,2024,240,840,20.000000298023224
ISIC,WIPT,0.0,2024,240,840,25.333333015441895
ISIC,Support-only Transformer,0.0,2024,240,840,21.33333384990692
ISIC,ProtoNet,fixed,2024,241,841,31.999999284744263
ISIC,WIPT,0.0,2024,241,841,30.666667222976685
ISIC,Support-only Transformer,0.0,2024,241,841,33.33333432674408
ISIC,ProtoNet,fixed,2024,242,842,50.66666603088379
ISIC,WIPT,0.0,2024,242,842,49.33333396911621
ISIC,Support-only Transformer,0.0,2024,242,842,41.333335638046265
ISIC,ProtoNet,fixed,2024,243,843,42.66666769981384
ISIC,WIPT,0.0,2024,243,843,42.66666769981384
ISIC,Support-only Transformer,0.0,2024,243,843,38.66666853427887
ISIC,ProtoNet,fixed,2024,244,844,34.66666638851166
ISIC,WIPT,0.0,2024,244,844,34.66666638851166
ISIC,Support-only Transformer,0.0,2024,244,844,34.66666638851166
ISIC,ProtoNet,fixed,2024,245,845,45.33333480358124
ISIC,WIPT,0.0,2024,245,845,43.99999976158142
ISIC,Support-only Transformer,0.0,2024,245,845,45.33333480358124
ISIC,ProtoNet,fixed,2024,246,846,40.00000059604645
ISIC,WIPT,0.0,2024,246,846,37.33333349227905
ISIC,Support-only Transformer,0.0,2024,246,846,36.000001430511475
ISIC,ProtoNet,fixed,2024,247,847,40.00000059604645
ISIC,WIPT,0.0,2024,247,847,40.00000059604645
ISIC,Support-only Transformer,0.0,2024,247,847,40.00000059604645
ISIC,ProtoNet,fixed,2024,248,848,42.66666769981384
ISIC,WIPT,0.0,2024,248,848,36.000001430511475
ISIC,Support-only Transformer,0.0,2024,248,848,38.66666853427887
ISIC,ProtoNet,fixed,2024,249,849,41.333335638046265
ISIC,WIPT,0.0,2024,249,849,41.333335638046265
ISIC,Support-only Transformer,0.0,2024,249,849,33.33333432674408
ISIC,ProtoNet,fixed,2024,250,850,31.999999284744263
ISIC,WIPT,0.0,2024,250,850,34.66666638851166
ISIC,Support-only Transformer,0.0,2024,250,850,33.33333432674408
ISIC,ProtoNet,fixed,2024,251,851,31.999999284744263
ISIC,WIPT,0.0,2024,251,851,33.33333432674408
ISIC,Support-only Transformer,0.0,2024,251,851,36.000001430511475
ISIC,ProtoNet,fixed,2024,252,852,43.99999976158142
ISIC,WIPT,0.0,2024,252,852,43.99999976158142
ISIC,Support-only Transformer,0.0,2024,252,852,38.66666853427887
ISIC,ProtoNet,fixed,2024,253,853,37.33333349227905
ISIC,WIPT,0.0,2024,253,853,33.33333432674408
ISIC,Support-only Transformer,0.0,2024,253,853,36.000001430511475
ISIC,ProtoNet,fixed,2024,254,854,30.666667222976685
ISIC,WIPT,0.0,2024,254,854,33.33333432674408
ISIC,Support-only Transformer,0.0,2024,254,854,33.33333432674408
ISIC,ProtoNet,fixed,2024,255,855,28.00000011920929
ISIC,WIPT,0.0,2024,255,855,28.00000011920929
ISIC,Support-only Transformer,0.0,2024,255,855,26.66666805744171
ISIC,ProtoNet,fixed,2024,256,856,26.66666805744171
ISIC,WIPT,0.0,2024,256,856,28.00000011920929
ISIC,Support-only Transformer,0.0,2024,256,856,26.66666805744171
ISIC,ProtoNet,fixed,2024,257,857,34.66666638851166
ISIC,WIPT,0.0,2024,257,857,34.66666638851166
ISIC,Support-only Transformer,0.0,2024,257,857,38.66666853427887
ISIC,ProtoNet,fixed,2024,258,858,42.66666769981384
ISIC,WIPT,0.0,2024,258,858,41.333335638046265
ISIC,Support-only Transformer,0.0,2024,258,858,40.00000059604645
ISIC,ProtoNet,fixed,2024,259,859,38.66666853427887
ISIC,WIPT,0.0,2024,259,859,37.33333349227905
ISIC,Support-only Transformer,0.0,2024,259,859,42.66666769981384
ISIC,ProtoNet,fixed,2024,260,860,45.33333480358124
ISIC,WIPT,0.0,2024,260,860,43.99999976158142
ISIC,Support-only Transformer,0.0,2024,260,860,37.33333349227905
ISIC,ProtoNet,fixed,2024,261,861,49.33333396911621
ISIC,WIPT,0.0,2024,261,861,46.666666865348816
ISIC,Support-only Transformer,0.0,2024,261,861,43.99999976158142
ISIC,ProtoNet,fixed,2024,262,862,37.33333349227905
ISIC,WIPT,0.0,2024,262,862,37.33333349227905
ISIC,Support-only Transformer,0.0,2024,262,862,38.66666853427887
ISIC,ProtoNet,fixed,2024,263,863,38.66666853427887
ISIC,WIPT,0.0,2024,263,863,38.66666853427887
ISIC,Support-only Transformer,0.0,2024,263,863,31.999999284744263
ISIC,ProtoNet,fixed,2024,264,864,36.000001430511475
ISIC,WIPT,0.0,2024,264,864,36.000001430511475
ISIC,Support-only Transformer,0.0,2024,264,864,37.33333349227905
ISIC,ProtoNet,fixed,2024,265,865,34.66666638851166
ISIC,WIPT,0.0,2024,265,865,30.666667222976685
ISIC,Support-only Transformer,0.0,2024,265,865,33.33333432674408
ISIC,ProtoNet,fixed,2024,266,866,45.33333480358124
ISIC,WIPT,0.0,2024,266,866,41.333335638046265
ISIC,Support-only Transformer,0.0,2024,266,866,36.000001430511475
ISIC,ProtoNet,fixed,2024,267,867,37.33333349227905
ISIC,WIPT,0.0,2024,267,867,31.999999284744263
ISIC,Support-only Transformer,0.0,2024,267,867,37.33333349227905
ISIC,ProtoNet,fixed,2024,268,868,28.00000011920929
ISIC,WIPT,0.0,2024,268,868,29.333335161209106
ISIC,Support-only Transformer,0.0,2024,268,868,29.333335161209106
ISIC,ProtoNet,fixed,2024,269,869,46.666666865348816
ISIC,WIPT,0.0,2024,269,869,46.666666865348816
ISIC,Support-only Transformer,0.0,2024,269,869,42.66666769981384
ISIC,ProtoNet,fixed,2024,270,870,33.33333432674408
ISIC,WIPT,0.0,2024,270,870,28.00000011920929
ISIC,Support-only Transformer,0.0,2024,270,870,28.00000011920929
ISIC,ProtoNet,fixed,2024,271,871,54.666668176651
ISIC,WIPT,0.0,2024,271,871,49.33333396911621
ISIC,Support-only Transformer,0.0,2024,271,871,43.99999976158142
ISIC,ProtoNet,fixed,2024,272,872,34.66666638851166
ISIC,WIPT,0.0,2024,272,872,34.66666638851166
ISIC,Support-only Transformer,0.0,2024,272,872,30.666667222976685
ISIC,ProtoNet,fixed,2024,273,873,42.66666769981384
ISIC,WIPT,0.0,2024,273,873,43.99999976158142
ISIC,Support-only Transformer,0.0,2024,273,873,34.66666638851166
ISIC,ProtoNet,fixed,2024,274,874,48.00000190734863
ISIC,WIPT,0.0,2024,274,874,46.666666865348816
ISIC,Support-only Transformer,0.0,2024,274,874,45.33333480358124
ISIC,ProtoNet,fixed,2024,275,875,43.99999976158142
ISIC,WIPT,0.0,2024,275,875,42.66666769981384
ISIC,Support-only Transformer,0.0,2024,275,875,38.66666853427887
ISIC,ProtoNet,fixed,2024,276,876,34.66666638851166
ISIC,WIPT,0.0,2024,276,876,36.000001430511475
ISIC,Support-only Transformer,0.0,2024,276,876,30.666667222976685
ISIC,ProtoNet,fixed,2024,277,877,29.333335161209106
ISIC,WIPT,0.0,2024,277,877,29.333335161209106
ISIC,Support-only Transformer,0.0,2024,277,877,30.666667222976685
ISIC,ProtoNet,fixed,2024,278,878,46.666666865348816
ISIC,WIPT,0.0,2024,278,878,43.99999976158142
ISIC,Support-only Transformer,0.0,2024,278,878,36.000001430511475
ISIC,ProtoNet,fixed,2024,279,879,41.333335638046265
ISIC,WIPT,0.0,2024,279,879,42.66666769981384
ISIC,Support-only Transformer,0.0,2024,279,879,41.333335638046265
ISIC,ProtoNet,fixed,2024,280,880,42.66666769981384
ISIC,WIPT,0.0,2024,280,880,40.00000059604645
ISIC,Support-only Transformer,0.0,2024,280,880,33.33333432674408
ISIC,ProtoNet,fixed,2024,281,881,31.999999284744263
ISIC,WIPT,0.0,2024,281,881,33.33333432674408
ISIC,Support-only Transformer,0.0,2024,281,881,33.33333432674408
ISIC,ProtoNet,fixed,2024,282,882,40.00000059604645
ISIC,WIPT,0.0,2024,282,882,41.333335638046265
ISIC,Support-only Transformer,0.0,2024,282,882,43.99999976158142
ISIC,ProtoNet,fixed,2024,283,883,36.000001430511475
ISIC,WIPT,0.0,2024,283,883,38.66666853427887
ISIC,Support-only Transformer,0.0,2024,283,883,38.66666853427887
ISIC,ProtoNet,fixed,2024,284,884,40.00000059604645
ISIC,WIPT,0.0,2024,284,884,40.00000059604645
ISIC,Support-only Transformer,0.0,2024,284,884,41.333335638046265
ISIC,ProtoNet,fixed,2024,285,885,34.66666638851166
ISIC,WIPT,0.0,2024,285,885,36.000001430511475
ISIC,Support-only Transformer,0.0,2024,285,885,24.000000953674316
ISIC,ProtoNet,fixed,2024,286,886,22.66666740179062
ISIC,WIPT,0.0,2024,286,886,20.000000298023224
ISIC,Support-only Transformer,0.0,2024,286,886,22.66666740179062
ISIC,ProtoNet,fixed,2024,287,887,29.333335161209106
ISIC,WIPT,0.0,2024,287,887,30.666667222976685
ISIC,Support-only Transformer,0.0,2024,287,887,24.000000953674316
ISIC,ProtoNet,fixed,2024,288,888,48.00000190734863
ISIC,WIPT,0.0,2024,288,888,46.666666865348816
ISIC,Support-only Transformer,0.0,2024,288,888,43.99999976158142
ISIC,ProtoNet,fixed,2024,289,889,25.333333015441895
ISIC,WIPT,0.0,2024,289,889,25.333333015441895
ISIC,Support-only Transformer,0.0,2024,289,889,24.000000953674316
ISIC,ProtoNet,fixed,2024,290,890,34.66666638851166
ISIC,WIPT,0.0,2024,290,890,34.66666638851166
ISIC,Support-only Transformer,0.0,2024,290,890,31.999999284744263
ISIC,ProtoNet,fixed,2024,291,891,43.99999976158142
ISIC,WIPT,0.0,2024,291,891,46.666666865348816
ISIC,Support-only Transformer,0.0,2024,291,891,42.66666769981384
ISIC,ProtoNet,fixed,2024,292,892,40.00000059604645
ISIC,WIPT,0.0,2024,292,892,36.000001430511475
ISIC,Support-only Transformer,0.0,2024,292,892,41.333335638046265
ISIC,ProtoNet,fixed,2024,293,893,30.666667222976685
ISIC,WIPT,0.0,2024,293,893,33.33333432674408
ISIC,Support-only Transformer,0.0,2024,293,893,24.000000953674316
ISIC,ProtoNet,fixed,2024,294,894,43.99999976158142
ISIC,WIPT,0.0,2024,294,894,42.66666769981384
ISIC,Support-only Transformer,0.0,2024,294,894,41.333335638046265
ISIC,ProtoNet,fixed,2024,295,895,48.00000190734863
ISIC,WIPT,0.0,2024,295,895,48.00000190734863
ISIC,Support-only Transformer,0.0,2024,295,895,43.99999976158142
ISIC,ProtoNet,fixed,2024,296,896,42.66666769981384
ISIC,WIPT,0.0,2024,296,896,42.66666769981384
ISIC,Support-only Transformer,0.0,2024,296,896,40.00000059604645
ISIC,ProtoNet,fixed,2024,297,897,45.33333480358124
ISIC,WIPT,0.0,2024,297,897,48.00000190734863
ISIC,Support-only Transformer,0.0,2024,297,897,52.000004053115845
ISIC,ProtoNet,fixed,2024,298,898,40.00000059604645
ISIC,WIPT,0.0,2024,298,898,38.66666853427887
ISIC,Support-only Transformer,0.0,2024,298,898,37.33333349227905
ISIC,ProtoNet,fixed,2024,299,899,28.00000011920929
ISIC,WIPT,0.0,2024,299,899,33.33333432674408
ISIC,Support-only Transformer,0.0,2024,299,899,29.333335161209106
ISIC,ProtoNet,fixed,7,0,900,37.33333349227905
ISIC,WIPT,0.0,7,0,900,37.33333349227905
ISIC,Support-only Transformer,0.0,7,0,900,37.33333349227905
ISIC,ProtoNet,fixed,7,1,901,48.00000190734863
ISIC,WIPT,0.0,7,1,901,42.66666769981384
ISIC,Support-only Transformer,0.0,7,1,901,46.666666865348816
ISIC,ProtoNet,fixed,7,2,902,31.999999284744263
ISIC,WIPT,0.0,7,2,902,37.33333349227905
ISIC,Support-only Transformer,0.0,7,2,902,29.333335161209106
ISIC,ProtoNet,fixed,7,3,903,33.33333432674408
ISIC,WIPT,0.0,7,3,903,33.33333432674408
ISIC,Support-only Transformer,0.0,7,3,903,26.66666805744171
ISIC,ProtoNet,fixed,7,4,904,50.66666603088379
ISIC,WIPT,0.0,7,4,904,50.66666603088379
ISIC,Support-only Transformer,0.0,7,4,904,40.00000059604645
ISIC,ProtoNet,fixed,7,5,905,42.66666769981384
ISIC,WIPT,0.0,7,5,905,41.333335638046265
ISIC,Support-only Transformer,0.0,7,5,905,38.66666853427887
ISIC,ProtoNet,fixed,7,6,906,30.666667222976685
ISIC,WIPT,0.0,7,6,906,30.666667222976685
ISIC,Support-only Transformer,0.0,7,6,906,25.333333015441895
ISIC,ProtoNet,fixed,7,7,907,46.666666865348816
ISIC,WIPT,0.0,7,7,907,45.33333480358124
ISIC,Support-only Transformer,0.0,7,7,907,50.66666603088379
ISIC,ProtoNet,fixed,7,8,908,41.333335638046265
ISIC,WIPT,0.0,7,8,908,40.00000059604645
ISIC,Support-only Transformer,0.0,7,8,908,34.66666638851166
ISIC,ProtoNet,fixed,7,9,909,43.99999976158142
ISIC,WIPT,0.0,7,9,909,42.66666769981384
ISIC,Support-only Transformer,0.0,7,9,909,38.66666853427887
ISIC,ProtoNet,fixed,7,10,910,30.666667222976685
ISIC,WIPT,0.0,7,10,910,29.333335161209106
ISIC,Support-only Transformer,0.0,7,10,910,28.00000011920929
ISIC,ProtoNet,fixed,7,11,911,38.66666853427887
ISIC,WIPT,0.0,7,11,911,38.66666853427887
ISIC,Support-only Transformer,0.0,7,11,911,34.66666638851166
ISIC,ProtoNet,fixed,7,12,912,41.333335638046265
ISIC,WIPT,0.0,7,12,912,38.66666853427887
ISIC,Support-only Transformer,0.0,7,12,912,40.00000059604645
ISIC,ProtoNet,fixed,7,13,913,46.666666865348816
ISIC,WIPT,0.0,7,13,913,45.33333480358124
ISIC,Support-only Transformer,0.0,7,13,913,46.666666865348816
ISIC,ProtoNet,fixed,7,14,914,31.999999284744263
ISIC,WIPT,0.0,7,14,914,34.66666638851166
ISIC,Support-only Transformer,0.0,7,14,914,33.33333432674408
ISIC,ProtoNet,fixed,7,15,915,33.33333432674408
ISIC,WIPT,0.0,7,15,915,26.66666805744171
ISIC,Support-only Transformer,0.0,7,15,915,31.999999284744263
ISIC,ProtoNet,fixed,7,16,916,41.333335638046265
ISIC,WIPT,0.0,7,16,916,42.66666769981384
ISIC,Support-only Transformer,0.0,7,16,916,37.33333349227905
ISIC,ProtoNet,fixed,7,17,917,30.666667222976685
ISIC,WIPT,0.0,7,17,917,30.666667222976685
ISIC,Support-only Transformer,0.0,7,17,917,30.666667222976685
ISIC,ProtoNet,fixed,7,18,918,34.66666638851166
ISIC,WIPT,0.0,7,18,918,36.000001430511475
ISIC,Support-only Transformer,0.0,7,18,918,37.33333349227905
ISIC,ProtoNet,fixed,7,19,919,31.999999284744263
ISIC,WIPT,0.0,7,19,919,30.666667222976685
ISIC,Support-only Transformer,0.0,7,19,919,26.66666805744171
ISIC,ProtoNet,fixed,7,20,920,50.66666603088379
ISIC,WIPT,0.0,7,20,920,46.666666865348816
ISIC,Support-only Transformer,0.0,7,20,920,40.00000059604645
ISIC,ProtoNet,fixed,7,21,921,48.00000190734863
ISIC,WIPT,0.0,7,21,921,46.666666865348816
ISIC,Support-only Transformer,0.0,7,21,921,42.66666769981384
ISIC,ProtoNet,fixed,7,22,922,45.33333480358124
ISIC,WIPT,0.0,7,22,922,42.66666769981384
ISIC,Support-only Transformer,0.0,7,22,922,37.33333349227905
ISIC,ProtoNet,fixed,7,23,923,25.333333015441895
ISIC,WIPT,0.0,7,23,923,25.333333015441895
ISIC,Support-only Transformer,0.0,7,23,923,26.66666805744171
ISIC,ProtoNet,fixed,7,24,924,41.333335638046265
ISIC,WIPT,0.0,7,24,924,41.333335638046265
ISIC,Support-only Transformer,0.0,7,24,924,41.333335638046265
ISIC,ProtoNet,fixed,7,25,925,41.333335638046265
ISIC,WIPT,0.0,7,25,925,40.00000059604645
ISIC,Support-only Transformer,0.0,7,25,925,42.66666769981384
ISIC,ProtoNet,fixed,7,26,926,38.66666853427887
ISIC,WIPT,0.0,7,26,926,38.66666853427887
ISIC,Support-only Transformer,0.0,7,26,926,31.999999284744263
ISIC,ProtoNet,fixed,7,27,927,45.33333480358124
ISIC,WIPT,0.0,7,27,927,45.33333480358124
ISIC,Support-only Transformer,0.0,7,27,927,41.333335638046265
ISIC,ProtoNet,fixed,7,28,928,48.00000190734863
ISIC,WIPT,0.0,7,28,928,45.33333480358124
ISIC,Support-only Transformer,0.0,7,28,928,40.00000059604645
ISIC,ProtoNet,fixed,7,29,929,38.66666853427887
ISIC,WIPT,0.0,7,29,929,38.66666853427887
ISIC,Support-only Transformer,0.0,7,29,929,43.99999976158142
ISIC,ProtoNet,fixed,7,30,930,40.00000059604645
ISIC,WIPT,0.0,7,30,930,40.00000059604645
ISIC,Support-only Transformer,0.0,7,30,930,38.66666853427887
ISIC,ProtoNet,fixed,7,31,931,41.333335638046265
ISIC,WIPT,0.0,7,31,931,41.333335638046265
ISIC,Support-only Transformer,0.0,7,31,931,41.333335638046265
ISIC,ProtoNet,fixed,7,32,932,36.000001430511475
ISIC,WIPT,0.0,7,32,932,36.000001430511475
ISIC,Support-only Transformer,0.0,7,32,932,28.00000011920929
ISIC,ProtoNet,fixed,7,33,933,37.33333349227905
ISIC,WIPT,0.0,7,33,933,38.66666853427887
ISIC,Support-only Transformer,0.0,7,33,933,36.000001430511475
ISIC,ProtoNet,fixed,7,34,934,36.000001430511475
ISIC,WIPT,0.0,7,34,934,31.999999284744263
ISIC,Support-only Transformer,0.0,7,34,934,33.33333432674408
ISIC,ProtoNet,fixed,7,35,935,31.999999284744263
ISIC,WIPT,0.0,7,35,935,31.999999284744263
ISIC,Support-only Transformer,0.0,7,35,935,25.333333015441895
ISIC,ProtoNet,fixed,7,36,936,45.33333480358124
ISIC,WIPT,0.0,7,36,936,43.99999976158142
ISIC,Support-only Transformer,0.0,7,36,936,41.333335638046265
ISIC,ProtoNet,fixed,7,37,937,41.333335638046265
ISIC,WIPT,0.0,7,37,937,41.333335638046265
ISIC,Support-only Transformer,0.0,7,37,937,42.66666769981384
ISIC,ProtoNet,fixed,7,38,938,49.33333396911621
ISIC,WIPT,0.0,7,38,938,41.333335638046265
ISIC,Support-only Transformer,0.0,7,38,938,46.666666865348816
ISIC,ProtoNet,fixed,7,39,939,43.99999976158142
ISIC,WIPT,0.0,7,39,939,43.99999976158142
ISIC,Support-only Transformer,0.0,7,39,939,45.33333480358124
ISIC,ProtoNet,fixed,7,40,940,40.00000059604645
ISIC,WIPT,0.0,7,40,940,38.66666853427887
ISIC,Support-only Transformer,0.0,7,40,940,38.66666853427887
ISIC,ProtoNet,fixed,7,41,941,38.66666853427887
ISIC,WIPT,0.0,7,41,941,38.66666853427887
ISIC,Support-only Transformer,0.0,7,41,941,36.000001430511475
ISIC,ProtoNet,fixed,7,42,942,30.666667222976685
ISIC,WIPT,0.0,7,42,942,28.00000011920929
ISIC,Support-only Transformer,0.0,7,42,942,31.999999284744263
ISIC,ProtoNet,fixed,7,43,943,41.333335638046265
ISIC,WIPT,0.0,7,43,943,40.00000059604645
ISIC,Support-only Transformer,0.0,7,43,943,31.999999284744263
ISIC,ProtoNet,fixed,7,44,944,46.666666865348816
ISIC,WIPT,0.0,7,44,944,45.33333480358124
ISIC,Support-only Transformer,0.0,7,44,944,41.333335638046265
ISIC,ProtoNet,fixed,7,45,945,40.00000059604645
ISIC,WIPT,0.0,7,45,945,40.00000059604645
ISIC,Support-only Transformer,0.0,7,45,945,33.33333432674408
ISIC,ProtoNet,fixed,7,46,946,43.99999976158142
ISIC,WIPT,0.0,7,46,946,41.333335638046265
ISIC,Support-only Transformer,0.0,7,46,946,38.66666853427887
ISIC,ProtoNet,fixed,7,47,947,46.666666865348816
ISIC,WIPT,0.0,7,47,947,43.99999976158142
ISIC,Support-only Transformer,0.0,7,47,947,42.66666769981384
ISIC,ProtoNet,fixed,7,48,948,42.66666769981384
ISIC,WIPT,0.0,7,48,948,43.99999976158142
ISIC,Support-only Transformer,0.0,7,48,948,31.999999284744263
ISIC,ProtoNet,fixed,7,49,949,42.66666769981384
ISIC,WIPT,0.0,7,49,949,45.33333480358124
ISIC,Support-only Transformer,0.0,7,49,949,38.66666853427887
ISIC,ProtoNet,fixed,7,50,950,33.33333432674408
ISIC,WIPT,0.0,7,50,950,31.999999284744263
ISIC,Support-only Transformer,0.0,7,50,950,34.66666638851166
ISIC,ProtoNet,fixed,7,51,951,34.66666638851166
ISIC,WIPT,0.0,7,51,951,40.00000059604645
ISIC,Support-only Transformer,0.0,7,51,951,42.66666769981384
ISIC,ProtoNet,fixed,7,52,952,43.99999976158142
ISIC,WIPT,0.0,7,52,952,45.33333480358124
ISIC,Support-only Transformer,0.0,7,52,952,43.99999976158142
ISIC,ProtoNet,fixed,7,53,953,30.666667222976685
ISIC,WIPT,0.0,7,53,953,28.00000011920929
ISIC,Support-only Transformer,0.0,7,53,953,24.000000953674316
ISIC,ProtoNet,fixed,7,54,954,43.99999976158142
ISIC,WIPT,0.0,7,54,954,38.66666853427887
ISIC,Support-only Transformer,0.0,7,54,954,46.666666865348816
ISIC,ProtoNet,fixed,7,55,955,49.33333396911621
ISIC,WIPT,0.0,7,55,955,49.33333396911621
ISIC,Support-only Transformer,0.0,7,55,955,41.333335638046265
ISIC,ProtoNet,fixed,7,56,956,26.66666805744171
ISIC,WIPT,0.0,7,56,956,26.66666805744171
ISIC,Support-only Transformer,0.0,7,56,956,31.999999284744263
ISIC,ProtoNet,fixed,7,57,957,41.333335638046265
ISIC,WIPT,0.0,7,57,957,41.333335638046265
ISIC,Support-only Transformer,0.0,7,57,957,40.00000059604645
ISIC,ProtoNet,fixed,7,58,958,37.33333349227905
ISIC,WIPT,0.0,7,58,958,36.000001430511475
ISIC,Support-only Transformer,0.0,7,58,958,29.333335161209106
ISIC,ProtoNet,fixed,7,59,959,33.33333432674408
ISIC,WIPT,0.0,7,59,959,34.66666638851166
ISIC,Support-only Transformer,0.0,7,59,959,33.33333432674408
ISIC,ProtoNet,fixed,7,60,960,37.33333349227905
ISIC,WIPT,0.0,7,60,960,36.000001430511475
ISIC,Support-only Transformer,0.0,7,60,960,34.66666638851166
ISIC,ProtoNet,fixed,7,61,961,33.33333432674408
ISIC,WIPT,0.0,7,61,961,34.66666638851166
ISIC,Support-only Transformer,0.0,7,61,961,33.33333432674408
ISIC,ProtoNet,fixed,7,62,962,46.666666865348816
ISIC,WIPT,0.0,7,62,962,43.99999976158142
ISIC,Support-only Transformer,0.0,7,62,962,41.333335638046265
ISIC,ProtoNet,fixed,7,63,963,38.66666853427887
ISIC,WIPT,0.0,7,63,963,37.33333349227905
ISIC,Support-only Transformer,0.0,7,63,963,31.999999284744263
ISIC,ProtoNet,fixed,7,64,964,49.33333396911621
ISIC,WIPT,0.0,7,64,964,53.33333611488342
ISIC,Support-only Transformer,0.0,7,64,964,46.666666865348816
ISIC,ProtoNet,fixed,7,65,965,40.00000059604645
ISIC,WIPT,0.0,7,65,965,42.66666769981384
ISIC,Support-only Transformer,0.0,7,65,965,36.000001430511475
ISIC,ProtoNet,fixed,7,66,966,41.333335638046265
ISIC,WIPT,0.0,7,66,966,36.000001430511475
ISIC,Support-only Transformer,0.0,7,66,966,26.66666805744171
ISIC,ProtoNet,fixed,7,67,967,38.66666853427887
ISIC,WIPT,0.0,7,67,967,38.66666853427887
ISIC,Support-only Transformer,0.0,7,67,967,33.33333432674408
ISIC,ProtoNet,fixed,7,68,968,42.66666769981384
ISIC,WIPT,0.0,7,68,968,42.66666769981384
ISIC,Support-only Transformer,0.0,7,68,968,43.99999976158142
ISIC,ProtoNet,fixed,7,69,969,36.000001430511475
ISIC,WIPT,0.0,7,69,969,37.33333349227905
ISIC,Support-only Transformer,0.0,7,69,969,45.33333480358124
ISIC,ProtoNet,fixed,7,70,970,34.66666638851166
ISIC,WIPT,0.0,7,70,970,31.999999284744263
ISIC,Support-only Transformer,0.0,7,70,970,30.666667222976685
ISIC,ProtoNet,fixed,7,71,971,56.00000023841858
ISIC,WIPT,0.0,7,71,971,54.666668176651
ISIC,Support-only Transformer,0.0,7,71,971,56.00000023841858
ISIC,ProtoNet,fixed,7,72,972,48.00000190734863
ISIC,WIPT,0.0,7,72,972,49.33333396911621
ISIC,Support-only Transformer,0.0,7,72,972,46.666666865348816
ISIC,ProtoNet,fixed,7,73,973,45.33333480358124
ISIC,WIPT,0.0,7,73,973,43.99999976158142
ISIC,Support-only Transformer,0.0,7,73,973,48.00000190734863
ISIC,ProtoNet,fixed,7,74,974,49.33333396911621
ISIC,WIPT,0.0,7,74,974,48.00000190734863
ISIC,Support-only Transformer,0.0,7,74,974,46.666666865348816
ISIC,ProtoNet,fixed,7,75,975,46.666666865348816
ISIC,WIPT,0.0,7,75,975,45.33333480358124
ISIC,Support-only Transformer,0.0,7,75,975,37.33333349227905
ISIC,ProtoNet,fixed,7,76,976,43.99999976158142
ISIC,WIPT,0.0,7,76,976,34.66666638851166
ISIC,Support-only Transformer,0.0,7,76,976,31.999999284744263
ISIC,ProtoNet,fixed,7,77,977,49.33333396911621
ISIC,WIPT,0.0,7,77,977,48.00000190734863
ISIC,Support-only Transformer,0.0,7,77,977,56.00000023841858
ISIC,ProtoNet,fixed,7,78,978,36.000001430511475
ISIC,WIPT,0.0,7,78,978,40.00000059604645
ISIC,Support-only Transformer,0.0,7,78,978,38.66666853427887
ISIC,ProtoNet,fixed,7,79,979,40.00000059604645
ISIC,WIPT,0.0,7,79,979,34.66666638851166
ISIC,Support-only Transformer,0.0,7,79,979,36.000001430511475
ISIC,ProtoNet,fixed,7,80,980,43.99999976158142
ISIC,WIPT,0.0,7,80,980,41.333335638046265
ISIC,Support-only Transformer,0.0,7,80,980,40.00000059604645
ISIC,ProtoNet,fixed,7,81,981,28.00000011920929
ISIC,WIPT,0.0,7,81,981,29.333335161209106
ISIC,Support-only Transformer,0.0,7,81,981,28.00000011920929
ISIC,ProtoNet,fixed,7,82,982,31.999999284744263
ISIC,WIPT,0.0,7,82,982,28.00000011920929
ISIC,Support-only Transformer,0.0,7,82,982,26.66666805744171
ISIC,ProtoNet,fixed,7,83,983,33.33333432674408
ISIC,WIPT,0.0,7,83,983,31.999999284744263
ISIC,Support-only Transformer,0.0,7,83,983,30.666667222976685
ISIC,ProtoNet,fixed,7,84,984,42.66666769981384
ISIC,WIPT,0.0,7,84,984,45.33333480358124
ISIC,Support-only Transformer,0.0,7,84,984,40.00000059604645
ISIC,ProtoNet,fixed,7,85,985,40.00000059604645
ISIC,WIPT,0.0,7,85,985,36.000001430511475
ISIC,Support-only Transformer,0.0,7,85,985,41.333335638046265
ISIC,ProtoNet,fixed,7,86,986,37.33333349227905
ISIC,WIPT,0.0,7,86,986,33.33333432674408
ISIC,Support-only Transformer,0.0,7,86,986,33.33333432674408
ISIC,ProtoNet,fixed,7,87,987,46.666666865348816
ISIC,WIPT,0.0,7,87,987,46.666666865348816
ISIC,Support-only Transformer,0.0,7,87,987,45.33333480358124
ISIC,ProtoNet,fixed,7,88,988,40.00000059604645
ISIC,WIPT,0.0,7,88,988,38.66666853427887
ISIC,Support-only Transformer,0.0,7,88,988,37.33333349227905
ISIC,ProtoNet,fixed,7,89,989,33.33333432674408
ISIC,WIPT,0.0,7,89,989,41.333335638046265
ISIC,Support-only Transformer,0.0,7,89,989,30.666667222976685
ISIC,ProtoNet,fixed,7,90,990,46.666666865348816
ISIC,WIPT,0.0,7,90,990,46.666666865348816
ISIC,Support-only Transformer,0.0,7,90,990,38.66666853427887
ISIC,ProtoNet,fixed,7,91,991,37.33333349227905
ISIC,WIPT,0.0,7,91,991,34.66666638851166
ISIC,Support-only Transformer,0.0,7,91,991,28.00000011920929
ISIC,ProtoNet,fixed,7,92,992,33.33333432674408
ISIC,WIPT,0.0,7,92,992,31.999999284744263
ISIC,Support-only Transformer,0.0,7,92,992,28.00000011920929
ISIC,ProtoNet,fixed,7,93,993,42.66666769981384
ISIC,WIPT,0.0,7,93,993,41.333335638046265
ISIC,Support-only Transformer,0.0,7,93,993,45.33333480358124
ISIC,ProtoNet,fixed,7,94,994,43.99999976158142
ISIC,WIPT,0.0,7,94,994,41.333335638046265
ISIC,Support-only Transformer,0.0,7,94,994,33.33333432674408
ISIC,ProtoNet,fixed,7,95,995,41.333335638046265
ISIC,WIPT,0.0,7,95,995,40.00000059604645
ISIC,Support-only Transformer,0.0,7,95,995,46.666666865348816
ISIC,ProtoNet,fixed,7,96,996,36.000001430511475
ISIC,WIPT,0.0,7,96,996,33.33333432674408
ISIC,Support-only Transformer,0.0,7,96,996,30.666667222976685
ISIC,ProtoNet,fixed,7,97,997,37.33333349227905
ISIC,WIPT,0.0,7,97,997,38.66666853427887
ISIC,Support-only Transformer,0.0,7,97,997,29.333335161209106
ISIC,ProtoNet,fixed,7,98,998,42.66666769981384
ISIC,WIPT,0.0,7,98,998,40.00000059604645
ISIC,Support-only Transformer,0.0,7,98,998,33.33333432674408
ISIC,ProtoNet,fixed,7,99,999,52.000004053115845
ISIC,WIPT,0.0,7,99,999,52.000004053115845
ISIC,Support-only Transformer,0.0,7,99,999,53.33333611488342
ISIC,ProtoNet,fixed,7,100,1000,45.33333480358124
ISIC,WIPT,0.0,7,100,1000,48.00000190734863
ISIC,Support-only Transformer,0.0,7,100,1000,45.33333480358124
ISIC,ProtoNet,fixed,7,101,1001,40.00000059604645
ISIC,WIPT,0.0,7,101,1001,37.33333349227905
ISIC,Support-only Transformer,0.0,7,101,1001,29.333335161209106
ISIC,ProtoNet,fixed,7,102,1002,33.33333432674408
ISIC,WIPT,0.0,7,102,1002,33.33333432674408
ISIC,Support-only Transformer,0.0,7,102,1002,31.999999284744263
ISIC,ProtoNet,fixed,7,103,1003,41.333335638046265
ISIC,WIPT,0.0,7,103,1003,42.66666769981384
ISIC,Support-only Transformer,0.0,7,103,1003,31.999999284744263
ISIC,ProtoNet,fixed,7,104,1004,43.99999976158142
ISIC,WIPT,0.0,7,104,1004,43.99999976158142
ISIC,Support-only Transformer,0.0,7,104,1004,38.66666853427887
ISIC,ProtoNet,fixed,7,105,1005,37.33333349227905
ISIC,WIPT,0.0,7,105,1005,38.66666853427887
ISIC,Support-only Transformer,0.0,7,105,1005,40.00000059604645
ISIC,ProtoNet,fixed,7,106,1006,46.666666865348816
ISIC,WIPT,0.0,7,106,1006,43.99999976158142
ISIC,Support-only Transformer,0.0,7,106,1006,45.33333480358124
ISIC,ProtoNet,fixed,7,107,1007,40.00000059604645
ISIC,WIPT,0.0,7,107,1007,40.00000059604645
ISIC,Support-only Transformer,0.0,7,107,1007,30.666667222976685
ISIC,ProtoNet,fixed,7,108,1008,34.66666638851166
ISIC,WIPT,0.0,7,108,1008,37.33333349227905
ISIC,Support-only Transformer,0.0,7,108,1008,34.66666638851166
ISIC,ProtoNet,fixed,7,109,1009,41.333335638046265
ISIC,WIPT,0.0,7,109,1009,42.66666769981384
ISIC,Support-only Transformer,0.0,7,109,1009,40.00000059604645
ISIC,ProtoNet,fixed,7,110,1010,40.00000059604645
ISIC,WIPT,0.0,7,110,1010,41.333335638046265
ISIC,Support-only Transformer,0.0,7,110,1010,42.66666769981384
ISIC,ProtoNet,fixed,7,111,1011,28.00000011920929
ISIC,WIPT,0.0,7,111,1011,28.00000011920929
ISIC,Support-only Transformer,0.0,7,111,1011,28.00000011920929
ISIC,ProtoNet,fixed,7,112,1012,31.999999284744263
ISIC,WIPT,0.0,7,112,1012,30.666667222976685
ISIC,Support-only Transformer,0.0,7,112,1012,28.00000011920929
ISIC,ProtoNet,fixed,7,113,1013,34.66666638851166
ISIC,WIPT,0.0,7,113,1013,33.33333432674408
ISIC,Support-only Transformer,0.0,7,113,1013,33.33333432674408
ISIC,ProtoNet,fixed,7,114,1014,33.33333432674408
ISIC,WIPT,0.0,7,114,1014,34.66666638851166
ISIC,Support-only Transformer,0.0,7,114,1014,34.66666638851166
ISIC,ProtoNet,fixed,7,115,1015,31.999999284744263
ISIC,WIPT,0.0,7,115,1015,37.33333349227905
ISIC,Support-only Transformer,0.0,7,115,1015,33.33333432674408
ISIC,ProtoNet,fixed,7,116,1016,40.00000059604645
ISIC,WIPT,0.0,7,116,1016,41.333335638046265
ISIC,Support-only Transformer,0.0,7,116,1016,37.33333349227905
ISIC,ProtoNet,fixed,7,117,1017,42.66666769981384
ISIC,WIPT,0.0,7,117,1017,42.66666769981384
ISIC,Support-only Transformer,0.0,7,117,1017,42.66666769981384
ISIC,ProtoNet,fixed,7,118,1018,52.000004053115845
ISIC,WIPT,0.0,7,118,1018,49.33333396911621
ISIC,Support-only Transformer,0.0,7,118,1018,48.00000190734863
ISIC,ProtoNet,fixed,7,119,1019,26.66666805744171
ISIC,WIPT,0.0,7,119,1019,25.333333015441895
ISIC,Support-only Transformer,0.0,7,119,1019,26.66666805744171
ISIC,ProtoNet,fixed,7,120,1020,42.66666769981384
ISIC,WIPT,0.0,7,120,1020,45.33333480358124
ISIC,Support-only Transformer,0.0,7,120,1020,43.99999976158142
ISIC,ProtoNet,fixed,7,121,1021,37.33333349227905
ISIC,WIPT,0.0,7,121,1021,37.33333349227905
ISIC,Support-only Transformer,0.0,7,121,1021,38.66666853427887
ISIC,ProtoNet,fixed,7,122,1022,37.33333349227905
ISIC,WIPT,0.0,7,122,1022,34.66666638851166
ISIC,Support-only Transformer,0.0,7,122,1022,30.666667222976685
ISIC,ProtoNet,fixed,7,123,1023,34.66666638851166
ISIC,WIPT,0.0,7,123,1023,33.33333432674408
ISIC,Support-only Transformer,0.0,7,123,1023,28.00000011920929
ISIC,ProtoNet,fixed,7,124,1024,48.00000190734863
ISIC,WIPT,0.0,7,124,1024,48.00000190734863
ISIC,Support-only Transformer,0.0,7,124,1024,36.000001430511475
ISIC,ProtoNet,fixed,7,125,1025,41.333335638046265
ISIC,WIPT,0.0,7,125,1025,41.333335638046265
ISIC,Support-only Transformer,0.0,7,125,1025,36.000001430511475
ISIC,ProtoNet,fixed,7,126,1026,48.00000190734863
ISIC,WIPT,0.0,7,126,1026,48.00000190734863
ISIC,Support-only Transformer,0.0,7,126,1026,49.33333396911621
ISIC,ProtoNet,fixed,7,127,1027,28.00000011920929
ISIC,WIPT,0.0,7,127,1027,26.66666805744171
ISIC,Support-only Transformer,0.0,7,127,1027,26.66666805744171
ISIC,ProtoNet,fixed,7,128,1028,48.00000190734863
ISIC,WIPT,0.0,7,128,1028,49.33333396911621
ISIC,Support-only Transformer,0.0,7,128,1028,40.00000059604645
ISIC,ProtoNet,fixed,7,129,1029,26.66666805744171
ISIC,WIPT,0.0,7,129,1029,28.00000011920929
ISIC,Support-only Transformer,0.0,7,129,1029,29.333335161209106
ISIC,ProtoNet,fixed,7,130,1030,41.333335638046265
ISIC,WIPT,0.0,7,130,1030,40.00000059604645
ISIC,Support-only Transformer,0.0,7,130,1030,33.33333432674408
ISIC,ProtoNet,fixed,7,131,1031,34.66666638851166
ISIC,WIPT,0.0,7,131,1031,29.333335161209106
ISIC,Support-only Transformer,0.0,7,131,1031,34.66666638851166
ISIC,ProtoNet,fixed,7,132,1032,36.000001430511475
ISIC,WIPT,0.0,7,132,1032,34.66666638851166
ISIC,Support-only Transformer,0.0,7,132,1032,34.66666638851166
ISIC,ProtoNet,fixed,7,133,1033,36.000001430511475
ISIC,WIPT,0.0,7,133,1033,38.66666853427887
ISIC,Support-only Transformer,0.0,7,133,1033,33.33333432674408
ISIC,ProtoNet,fixed,7,134,1034,38.66666853427887
ISIC,WIPT,0.0,7,134,1034,37.33333349227905
ISIC,Support-only Transformer,0.0,7,134,1034,33.33333432674408
ISIC,ProtoNet,fixed,7,135,1035,43.99999976158142
ISIC,WIPT,0.0,7,135,1035,43.99999976158142
ISIC,Support-only Transformer,0.0,7,135,1035,43.99999976158142
ISIC,ProtoNet,fixed,7,136,1036,40.00000059604645
ISIC,WIPT,0.0,7,136,1036,41.333335638046265
ISIC,Support-only Transformer,0.0,7,136,1036,37.33333349227905
ISIC,ProtoNet,fixed,7,137,1037,49.33333396911621
ISIC,WIPT,0.0,7,137,1037,46.666666865348816
ISIC,Support-only Transformer,0.0,7,137,1037,42.66666769981384
ISIC,ProtoNet,fixed,7,138,1038,46.666666865348816
ISIC,WIPT,0.0,7,138,1038,45.33333480358124
ISIC,Support-only Transformer,0.0,7,138,1038,42.66666769981384
ISIC,ProtoNet,fixed,7,139,1039,43.99999976158142
ISIC,WIPT,0.0,7,139,1039,43.99999976158142
ISIC,Support-only Transformer,0.0,7,139,1039,33.33333432674408
ISIC,ProtoNet,fixed,7,140,1040,36.000001430511475
ISIC,WIPT,0.0,7,140,1040,37.33333349227905
ISIC,Support-only Transformer,0.0,7,140,1040,33.33333432674408
ISIC,ProtoNet,fixed,7,141,1041,36.000001430511475
ISIC,WIPT,0.0,7,141,1041,37.33333349227905
ISIC,Support-only Transformer,0.0,7,141,1041,36.000001430511475
ISIC,ProtoNet,fixed,7,142,1042,50.66666603088379
ISIC,WIPT,0.0,7,142,1042,49.33333396911621
ISIC,Support-only Transformer,0.0,7,142,1042,50.66666603088379
ISIC,ProtoNet,fixed,7,143,1043,38.66666853427887
ISIC,WIPT,0.0,7,143,1043,38.66666853427887
ISIC,Support-only Transformer,0.0,7,143,1043,43.99999976158142
ISIC,ProtoNet,fixed,7,144,1044,36.000001430511475
ISIC,WIPT,0.0,7,144,1044,33.33333432674408
ISIC,Support-only Transformer,0.0,7,144,1044,22.66666740179062
ISIC,ProtoNet,fixed,7,145,1045,26.66666805744171
ISIC,WIPT,0.0,7,145,1045,24.000000953674316
ISIC,Support-only Transformer,0.0,7,145,1045,25.333333015441895
ISIC,ProtoNet,fixed,7,146,1046,34.66666638851166
ISIC,WIPT,0.0,7,146,1046,31.999999284744263
ISIC,Support-only Transformer,0.0,7,146,1046,31.999999284744263
ISIC,ProtoNet,fixed,7,147,1047,40.00000059604645
ISIC,WIPT,0.0,7,147,1047,40.00000059604645
ISIC,Support-only Transformer,0.0,7,147,1047,40.00000059604645
ISIC,ProtoNet,fixed,7,148,1048,42.66666769981384
ISIC,WIPT,0.0,7,148,1048,43.99999976158142
ISIC,Support-only Transformer,0.0,7,148,1048,42.66666769981384
ISIC,ProtoNet,fixed,7,149,1049,54.666668176651
ISIC,WIPT,0.0,7,149,1049,57.33333230018616
ISIC,Support-only Transformer,0.0,7,149,1049,52.000004053115845
ISIC,ProtoNet,fixed,7,150,1050,43.99999976158142
ISIC,WIPT,0.0,7,150,1050,41.333335638046265
ISIC,Support-only Transformer,0.0,7,150,1050,31.999999284744263
ISIC,ProtoNet,fixed,7,151,1051,31.999999284744263
ISIC,WIPT,0.0,7,151,1051,30.666667222976685
ISIC,Support-only Transformer,0.0,7,151,1051,33.33333432674408
ISIC,ProtoNet,fixed,7,152,1052,41.333335638046265
ISIC,WIPT,0.0,7,152,1052,43.99999976158142
ISIC,Support-only Transformer,0.0,7,152,1052,40.00000059604645
ISIC,ProtoNet,fixed,7,153,1053,43.99999976158142
ISIC,WIPT,0.0,7,153,1053,40.00000059604645
ISIC,Support-only Transformer,0.0,7,153,1053,42.66666769981384
ISIC,ProtoNet,fixed,7,154,1054,36.000001430511475
ISIC,WIPT,0.0,7,154,1054,33.33333432674408
ISIC,Support-only Transformer,0.0,7,154,1054,43.99999976158142
ISIC,ProtoNet,fixed,7,155,1055,33.33333432674408
ISIC,WIPT,0.0,7,155,1055,36.000001430511475
ISIC,Support-only Transformer,0.0,7,155,1055,31.999999284744263
ISIC,ProtoNet,fixed,7,156,1056,40.00000059604645
ISIC,WIPT,0.0,7,156,1056,40.00000059604645
ISIC,Support-only Transformer,0.0,7,156,1056,45.33333480358124
ISIC,ProtoNet,fixed,7,157,1057,45.33333480358124
ISIC,WIPT,0.0,7,157,1057,40.00000059604645
ISIC,Support-only Transformer,0.0,7,157,1057,37.33333349227905
ISIC,ProtoNet,fixed,7,158,1058,41.333335638046265
ISIC,WIPT,0.0,7,158,1058,42.66666769981384
ISIC,Support-only Transformer,0.0,7,158,1058,38.66666853427887
ISIC,ProtoNet,fixed,7,159,1059,34.66666638851166
ISIC,WIPT,0.0,7,159,1059,36.000001430511475
ISIC,Support-only Transformer,0.0,7,159,1059,33.33333432674408
ISIC,ProtoNet,fixed,7,160,1060,31.999999284744263
ISIC,WIPT,0.0,7,160,1060,29.333335161209106
ISIC,Support-only Transformer,0.0,7,160,1060,29.333335161209106
ISIC,ProtoNet,fixed,7,161,1061,45.33333480358124
ISIC,WIPT,0.0,7,161,1061,42.66666769981384
ISIC,Support-only Transformer,0.0,7,161,1061,42.66666769981384
ISIC,ProtoNet,fixed,7,162,1062,40.00000059604645
ISIC,WIPT,0.0,7,162,1062,41.333335638046265
ISIC,Support-only Transformer,0.0,7,162,1062,43.99999976158142
ISIC,ProtoNet,fixed,7,163,1063,30.666667222976685
ISIC,WIPT,0.0,7,163,1063,30.666667222976685
ISIC,Support-only Transformer,0.0,7,163,1063,30.666667222976685
ISIC,ProtoNet,fixed,7,164,1064,43.99999976158142
ISIC,WIPT,0.0,7,164,1064,43.99999976158142
ISIC,Support-only Transformer,0.0,7,164,1064,37.33333349227905
ISIC,ProtoNet,fixed,7,165,1065,30.666667222976685
ISIC,WIPT,0.0,7,165,1065,31.999999284744263
ISIC,Support-only Transformer,0.0,7,165,1065,24.000000953674316
ISIC,ProtoNet,fixed,7,166,1066,54.666668176651
ISIC,WIPT,0.0,7,166,1066,52.000004053115845
ISIC,Support-only Transformer,0.0,7,166,1066,45.33333480358124
ISIC,ProtoNet,fixed,7,167,1067,50.66666603088379
ISIC,WIPT,0.0,7,167,1067,50.66666603088379
ISIC,Support-only Transformer,0.0,7,167,1067,41.333335638046265
ISIC,ProtoNet,fixed,7,168,1068,43.99999976158142
ISIC,WIPT,0.0,7,168,1068,37.33333349227905
ISIC,Support-only Transformer,0.0,7,168,1068,41.333335638046265
ISIC,ProtoNet,fixed,7,169,1069,33.33333432674408
ISIC,WIPT,0.0,7,169,1069,33.33333432674408
ISIC,Support-only Transformer,0.0,7,169,1069,26.66666805744171
ISIC,ProtoNet,fixed,7,170,1070,37.33333349227905
ISIC,WIPT,0.0,7,170,1070,34.66666638851166
ISIC,Support-only Transformer,0.0,7,170,1070,28.00000011920929
ISIC,ProtoNet,fixed,7,171,1071,42.66666769981384
ISIC,WIPT,0.0,7,171,1071,45.33333480358124
ISIC,Support-only Transformer,0.0,7,171,1071,38.66666853427887
ISIC,ProtoNet,fixed,7,172,1072,33.33333432674408
ISIC,WIPT,0.0,7,172,1072,31.999999284744263
ISIC,Support-only Transformer,0.0,7,172,1072,31.999999284744263
ISIC,ProtoNet,fixed,7,173,1073,42.66666769981384
ISIC,WIPT,0.0,7,173,1073,41.333335638046265
ISIC,Support-only Transformer,0.0,7,173,1073,36.000001430511475
ISIC,ProtoNet,fixed,7,174,1074,25.333333015441895
ISIC,WIPT,0.0,7,174,1074,25.333333015441895
ISIC,Support-only Transformer,0.0,7,174,1074,26.66666805744171
ISIC,ProtoNet,fixed,7,175,1075,34.66666638851166
ISIC,WIPT,0.0,7,175,1075,34.66666638851166
ISIC,Support-only Transformer,0.0,7,175,1075,33.33333432674408
ISIC,ProtoNet,fixed,7,176,1076,48.00000190734863
ISIC,WIPT,0.0,7,176,1076,46.666666865348816
ISIC,Support-only Transformer,0.0,7,176,1076,48.00000190734863
ISIC,ProtoNet,fixed,7,177,1077,34.66666638851166
ISIC,WIPT,0.0,7,177,1077,31.999999284744263
ISIC,Support-only Transformer,0.0,7,177,1077,29.333335161209106
ISIC,ProtoNet,fixed,7,178,1078,28.00000011920929
ISIC,WIPT,0.0,7,178,1078,26.66666805744171
ISIC,Support-only Transformer,0.0,7,178,1078,24.000000953674316
ISIC,ProtoNet,fixed,7,179,1079,40.00000059604645
ISIC,WIPT,0.0,7,179,1079,30.666667222976685
ISIC,Support-only Transformer,0.0,7,179,1079,34.66666638851166
ISIC,ProtoNet,fixed,7,180,1080,36.000001430511475
ISIC,WIPT,0.0,7,180,1080,36.000001430511475
ISIC,Support-only Transformer,0.0,7,180,1080,34.66666638851166
ISIC,ProtoNet,fixed,7,181,1081,38.66666853427887
ISIC,WIPT,0.0,7,181,1081,38.66666853427887
ISIC,Support-only Transformer,0.0,7,181,1081,42.66666769981384
ISIC,ProtoNet,fixed,7,182,1082,53.33333611488342
ISIC,WIPT,0.0,7,182,1082,52.000004053115845
ISIC,Support-only Transformer,0.0,7,182,1082,46.666666865348816
ISIC,ProtoNet,fixed,7,183,1083,54.666668176651
ISIC,WIPT,0.0,7,183,1083,56.00000023841858
ISIC,Support-only Transformer,0.0,7,183,1083,52.000004053115845
ISIC,ProtoNet,fixed,7,184,1084,28.00000011920929
ISIC,WIPT,0.0,7,184,1084,26.66666805744171
ISIC,Support-only Transformer,0.0,7,184,1084,29.333335161209106
ISIC,ProtoNet,fixed,7,185,1085,34.66666638851166
ISIC,WIPT,0.0,7,185,1085,33.33333432674408
ISIC,Support-only Transformer,0.0,7,185,1085,34.66666638851166
ISIC,ProtoNet,fixed,7,186,1086,43.99999976158142
ISIC,WIPT,0.0,7,186,1086,43.99999976158142
ISIC,Support-only Transformer,0.0,7,186,1086,45.33333480358124
ISIC,ProtoNet,fixed,7,187,1087,36.000001430511475
ISIC,WIPT,0.0,7,187,1087,36.000001430511475
ISIC,Support-only Transformer,0.0,7,187,1087,33.33333432674408
ISIC,ProtoNet,fixed,7,188,1088,41.333335638046265
ISIC,WIPT,0.0,7,188,1088,40.00000059604645
ISIC,Support-only Transformer,0.0,7,188,1088,36.000001430511475
ISIC,ProtoNet,fixed,7,189,1089,33.33333432674408
ISIC,WIPT,0.0,7,189,1089,33.33333432674408
ISIC,Support-only Transformer,0.0,7,189,1089,33.33333432674408
ISIC,ProtoNet,fixed,7,190,1090,45.33333480358124
ISIC,WIPT,0.0,7,190,1090,45.33333480358124
ISIC,Support-only Transformer,0.0,7,190,1090,43.99999976158142
ISIC,ProtoNet,fixed,7,191,1091,33.33333432674408
ISIC,WIPT,0.0,7,191,1091,26.66666805744171
ISIC,Support-only Transformer,0.0,7,191,1091,28.00000011920929
ISIC,ProtoNet,fixed,7,192,1092,30.666667222976685
ISIC,WIPT,0.0,7,192,1092,30.666667222976685
ISIC,Support-only Transformer,0.0,7,192,1092,33.33333432674408
ISIC,ProtoNet,fixed,7,193,1093,38.66666853427887
ISIC,WIPT,0.0,7,193,1093,37.33333349227905
ISIC,Support-only Transformer,0.0,7,193,1093,34.66666638851166
ISIC,ProtoNet,fixed,7,194,1094,38.66666853427887
ISIC,WIPT,0.0,7,194,1094,37.33333349227905
ISIC,Support-only Transformer,0.0,7,194,1094,33.33333432674408
ISIC,ProtoNet,fixed,7,195,1095,34.66666638851166
ISIC,WIPT,0.0,7,195,1095,36.000001430511475
ISIC,Support-only Transformer,0.0,7,195,1095,34.66666638851166
ISIC,ProtoNet,fixed,7,196,1096,45.33333480358124
ISIC,WIPT,0.0,7,196,1096,43.99999976158142
ISIC,Support-only Transformer,0.0,7,196,1096,36.000001430511475
ISIC,ProtoNet,fixed,7,197,1097,34.66666638851166
ISIC,WIPT,0.0,7,197,1097,34.66666638851166
ISIC,Support-only Transformer,0.0,7,197,1097,30.666667222976685
ISIC,ProtoNet,fixed,7,198,1098,40.00000059604645
ISIC,WIPT,0.0,7,198,1098,42.66666769981384
ISIC,Support-only Transformer,0.0,7,198,1098,29.333335161209106
ISIC,ProtoNet,fixed,7,199,1099,31.999999284744263
ISIC,WIPT,0.0,7,199,1099,30.666667222976685
ISIC,Support-only Transformer,0.0,7,199,1099,26.66666805744171
ISIC,ProtoNet,fixed,7,200,1100,40.00000059604645
ISIC,WIPT,0.0,7,200,1100,41.333335638046265
ISIC,Support-only Transformer,0.0,7,200,1100,38.66666853427887
ISIC,ProtoNet,fixed,7,201,1101,33.33333432674408
ISIC,WIPT,0.0,7,201,1101,36.000001430511475
ISIC,Support-only Transformer,0.0,7,201,1101,33.33333432674408
ISIC,ProtoNet,fixed,7,202,1102,50.66666603088379
ISIC,WIPT,0.0,7,202,1102,52.000004053115845
ISIC,Support-only Transformer,0.0,7,202,1102,53.33333611488342
ISIC,ProtoNet,fixed,7,203,1103,38.66666853427887
ISIC,WIPT,0.0,7,203,1103,37.33333349227905
ISIC,Support-only Transformer,0.0,7,203,1103,38.66666853427887
ISIC,ProtoNet,fixed,7,204,1104,46.666666865348816
ISIC,WIPT,0.0,7,204,1104,45.33333480358124
ISIC,Support-only Transformer,0.0,7,204,1104,41.333335638046265
ISIC,ProtoNet,fixed,7,205,1105,34.66666638851166
ISIC,WIPT,0.0,7,205,1105,36.000001430511475
ISIC,Support-only Transformer,0.0,7,205,1105,42.66666769981384
ISIC,ProtoNet,fixed,7,206,1106,40.00000059604645
ISIC,WIPT,0.0,7,206,1106,40.00000059604645
ISIC,Support-only Transformer,0.0,7,206,1106,41.333335638046265
ISIC,ProtoNet,fixed,7,207,1107,49.33333396911621
ISIC,WIPT,0.0,7,207,1107,48.00000190734863
ISIC,Support-only Transformer,0.0,7,207,1107,45.33333480358124
ISIC,ProtoNet,fixed,7,208,1108,31.999999284744263
ISIC,WIPT,0.0,7,208,1108,33.33333432674408
ISIC,Support-only Transformer,0.0,7,208,1108,30.666667222976685
ISIC,ProtoNet,fixed,7,209,1109,29.333335161209106
ISIC,WIPT,0.0,7,209,1109,31.999999284744263
ISIC,Support-only Transformer,0.0,7,209,1109,30.666667222976685
ISIC,ProtoNet,fixed,7,210,1110,50.66666603088379
ISIC,WIPT,0.0,7,210,1110,50.66666603088379
ISIC,Support-only Transformer,0.0,7,210,1110,43.99999976158142
ISIC,ProtoNet,fixed,7,211,1111,30.666667222976685
ISIC,WIPT,0.0,7,211,1111,28.00000011920929
ISIC,Support-only Transformer,0.0,7,211,1111,26.66666805744171
ISIC,ProtoNet,fixed,7,212,1112,28.00000011920929
ISIC,WIPT,0.0,7,212,1112,28.00000011920929
ISIC,Support-only Transformer,0.0,7,212,1112,30.666667222976685
ISIC,ProtoNet,fixed,7,213,1113,31.999999284744263
ISIC,WIPT,0.0,7,213,1113,30.666667222976685
ISIC,Support-only Transformer,0.0,7,213,1113,33.33333432674408
ISIC,ProtoNet,fixed,7,214,1114,48.00000190734863
ISIC,WIPT,0.0,7,214,1114,46.666666865348816
ISIC,Support-only Transformer,0.0,7,214,1114,48.00000190734863
ISIC,ProtoNet,fixed,7,215,1115,36.000001430511475
ISIC,WIPT,0.0,7,215,1115,33.33333432674408
ISIC,Support-only Transformer,0.0,7,215,1115,30.666667222976685
ISIC,ProtoNet,fixed,7,216,1116,50.66666603088379
ISIC,WIPT,0.0,7,216,1116,50.66666603088379
ISIC,Support-only Transformer,0.0,7,216,1116,56.00000023841858
ISIC,ProtoNet,fixed,7,217,1117,42.66666769981384
ISIC,WIPT,0.0,7,217,1117,37.33333349227905
ISIC,Support-only Transformer,0.0,7,217,1117,40.00000059604645
ISIC,ProtoNet,fixed,7,218,1118,29.333335161209106
ISIC,WIPT,0.0,7,218,1118,26.66666805744171
ISIC,Support-only Transformer,0.0,7,218,1118,38.66666853427887
ISIC,ProtoNet,fixed,7,219,1119,43.99999976158142
ISIC,WIPT,0.0,7,219,1119,48.00000190734863
ISIC,Support-only Transformer,0.0,7,219,1119,33.33333432674408
ISIC,ProtoNet,fixed,7,220,1120,25.333333015441895
ISIC,WIPT,0.0,7,220,1120,29.333335161209106
ISIC,Support-only Transformer,0.0,7,220,1120,31.999999284744263
ISIC,ProtoNet,fixed,7,221,1121,41.333335638046265
ISIC,WIPT,0.0,7,221,1121,42.66666769981384
ISIC,Support-only Transformer,0.0,7,221,1121,36.000001430511475
ISIC,ProtoNet,fixed,7,222,1122,30.666667222976685
ISIC,WIPT,0.0,7,222,1122,30.666667222976685
ISIC,Support-only Transformer,0.0,7,222,1122,22.66666740179062
ISIC,ProtoNet,fixed,7,223,1123,41.333335638046265
ISIC,WIPT,0.0,7,223,1123,37.33333349227905
ISIC,Support-only Transformer,0.0,7,223,1123,34.66666638851166
ISIC,ProtoNet,fixed,7,224,1124,30.666667222976685
ISIC,WIPT,0.0,7,224,1124,34.66666638851166
ISIC,Support-only Transformer,0.0,7,224,1124,36.000001430511475
ISIC,ProtoNet,fixed,7,225,1125,45.33333480358124
ISIC,WIPT,0.0,7,225,1125,45.33333480358124
ISIC,Support-only Transformer,0.0,7,225,1125,43.99999976158142
ISIC,ProtoNet,fixed,7,226,1126,38.66666853427887
ISIC,WIPT,0.0,7,226,1126,36.000001430511475
ISIC,Support-only Transformer,0.0,7,226,1126,31.999999284744263
ISIC,ProtoNet,fixed,7,227,1127,42.66666769981384
ISIC,WIPT,0.0,7,227,1127,45.33333480358124
ISIC,Support-only Transformer,0.0,7,227,1127,40.00000059604645
ISIC,ProtoNet,fixed,7,228,1128,36.000001430511475
ISIC,WIPT,0.0,7,228,1128,38.66666853427887
ISIC,Support-only Transformer,0.0,7,228,1128,30.666667222976685
ISIC,ProtoNet,fixed,7,229,1129,33.33333432674408
ISIC,WIPT,0.0,7,229,1129,40.00000059604645
ISIC,Support-only Transformer,0.0,7,229,1129,46.666666865348816
ISIC,ProtoNet,fixed,7,230,1130,45.33333480358124
ISIC,WIPT,0.0,7,230,1130,43.99999976158142
ISIC,Support-only Transformer,0.0,7,230,1130,40.00000059604645
ISIC,ProtoNet,fixed,7,231,1131,37.33333349227905
ISIC,WIPT,0.0,7,231,1131,37.33333349227905
ISIC,Support-only Transformer,0.0,7,231,1131,38.66666853427887
ISIC,ProtoNet,fixed,7,232,1132,48.00000190734863
ISIC,WIPT,0.0,7,232,1132,45.33333480358124
ISIC,Support-only Transformer,0.0,7,232,1132,40.00000059604645
ISIC,ProtoNet,fixed,7,233,1133,37.33333349227905
ISIC,WIPT,0.0,7,233,1133,34.66666638851166
ISIC,Support-only Transformer,0.0,7,233,1133,26.66666805744171
ISIC,ProtoNet,fixed,7,234,1134,38.66666853427887
ISIC,WIPT,0.0,7,234,1134,41.333335638046265
ISIC,Support-only Transformer,0.0,7,234,1134,40.00000059604645
ISIC,ProtoNet,fixed,7,235,1135,25.333333015441895
ISIC,WIPT,0.0,7,235,1135,24.000000953674316
ISIC,Support-only Transformer,0.0,7,235,1135,26.66666805744171
ISIC,ProtoNet,fixed,7,236,1136,38.66666853427887
ISIC,WIPT,0.0,7,236,1136,37.33333349227905
ISIC,Support-only Transformer,0.0,7,236,1136,30.666667222976685
ISIC,ProtoNet,fixed,7,237,1137,34.66666638851166
ISIC,WIPT,0.0,7,237,1137,34.66666638851166
ISIC,Support-only Transformer,0.0,7,237,1137,31.999999284744263
ISIC,ProtoNet,fixed,7,238,1138,43.99999976158142
ISIC,WIPT,0.0,7,238,1138,42.66666769981384
ISIC,Support-only Transformer,0.0,7,238,1138,40.00000059604645
ISIC,ProtoNet,fixed,7,239,1139,45.33333480358124
ISIC,WIPT,0.0,7,239,1139,41.333335638046265
ISIC,Support-only Transformer,0.0,7,239,1139,36.000001430511475
ISIC,ProtoNet,fixed,7,240,1140,38.66666853427887
ISIC,WIPT,0.0,7,240,1140,36.000001430511475
ISIC,Support-only Transformer,0.0,7,240,1140,34.66666638851166
ISIC,ProtoNet,fixed,7,241,1141,43.99999976158142
ISIC,WIPT,0.0,7,241,1141,46.666666865348816
ISIC,Support-only Transformer,0.0,7,241,1141,43.99999976158142
ISIC,ProtoNet,fixed,7,242,1142,28.00000011920929
ISIC,WIPT,0.0,7,242,1142,24.000000953674316
ISIC,Support-only Transformer,0.0,7,242,1142,28.00000011920929
ISIC,ProtoNet,fixed,7,243,1143,38.66666853427887
ISIC,WIPT,0.0,7,243,1143,37.33333349227905
ISIC,Support-only Transformer,0.0,7,243,1143,40.00000059604645
ISIC,ProtoNet,fixed,7,244,1144,41.333335638046265
ISIC,WIPT,0.0,7,244,1144,40.00000059604645
ISIC,Support-only Transformer,0.0,7,244,1144,42.66666769981384
ISIC,ProtoNet,fixed,7,245,1145,38.66666853427887
ISIC,WIPT,0.0,7,245,1145,37.33333349227905
ISIC,Support-only Transformer,0.0,7,245,1145,36.000001430511475
ISIC,ProtoNet,fixed,7,246,1146,26.66666805744171
ISIC,WIPT,0.0,7,246,1146,26.66666805744171
ISIC,Support-only Transformer,0.0,7,246,1146,28.00000011920929
ISIC,ProtoNet,fixed,7,247,1147,37.33333349227905
ISIC,WIPT,0.0,7,247,1147,34.66666638851166
ISIC,Support-only Transformer,0.0,7,247,1147,38.66666853427887
ISIC,ProtoNet,fixed,7,248,1148,52.000004053115845
ISIC,WIPT,0.0,7,248,1148,49.33333396911621
ISIC,Support-only Transformer,0.0,7,248,1148,53.33333611488342
ISIC,ProtoNet,fixed,7,249,1149,38.66666853427887
ISIC,WIPT,0.0,7,249,1149,33.33333432674408
ISIC,Support-only Transformer,0.0,7,249,1149,37.33333349227905
ISIC,ProtoNet,fixed,7,250,1150,36.000001430511475
ISIC,WIPT,0.0,7,250,1150,33.33333432674408
ISIC,Support-only Transformer,0.0,7,250,1150,34.66666638851166
ISIC,ProtoNet,fixed,7,251,1151,38.66666853427887
ISIC,WIPT,0.0,7,251,1151,36.000001430511475
ISIC,Support-only Transformer,0.0,7,251,1151,29.333335161209106
ISIC,ProtoNet,fixed,7,252,1152,40.00000059604645
ISIC,WIPT,0.0,7,252,1152,38.66666853427887
ISIC,Support-only Transformer,0.0,7,252,1152,42.66666769981384
ISIC,ProtoNet,fixed,7,253,1153,37.33333349227905
ISIC,WIPT,0.0,7,253,1153,34.66666638851166
ISIC,Support-only Transformer,0.0,7,253,1153,33.33333432674408
ISIC,ProtoNet,fixed,7,254,1154,43.99999976158142
ISIC,WIPT,0.0,7,254,1154,43.99999976158142
ISIC,Support-only Transformer,0.0,7,254,1154,41.333335638046265
ISIC,ProtoNet,fixed,7,255,1155,41.333335638046265
ISIC,WIPT,0.0,7,255,1155,42.66666769981384
ISIC,Support-only Transformer,0.0,7,255,1155,36.000001430511475
ISIC,ProtoNet,fixed,7,256,1156,37.33333349227905
ISIC,WIPT,0.0,7,256,1156,37.33333349227905
ISIC,Support-only Transformer,0.0,7,256,1156,33.33333432674408
ISIC,ProtoNet,fixed,7,257,1157,31.999999284744263
ISIC,WIPT,0.0,7,257,1157,30.666667222976685
ISIC,Support-only Transformer,0.0,7,257,1157,37.33333349227905
ISIC,ProtoNet,fixed,7,258,1158,48.00000190734863
ISIC,WIPT,0.0,7,258,1158,48.00000190734863
ISIC,Support-only Transformer,0.0,7,258,1158,42.66666769981384
ISIC,ProtoNet,fixed,7,259,1159,33.33333432674408
ISIC,WIPT,0.0,7,259,1159,25.333333015441895
ISIC,Support-only Transformer,0.0,7,259,1159,26.66666805744171
ISIC,ProtoNet,fixed,7,260,1160,53.33333611488342
ISIC,WIPT,0.0,7,260,1160,50.66666603088379
ISIC,Support-only Transformer,0.0,7,260,1160,48.00000190734863
ISIC,ProtoNet,fixed,7,261,1161,42.66666769981384
ISIC,WIPT,0.0,7,261,1161,40.00000059604645
ISIC,Support-only Transformer,0.0,7,261,1161,43.99999976158142
ISIC,ProtoNet,fixed,7,262,1162,37.33333349227905
ISIC,WIPT,0.0,7,262,1162,37.33333349227905
ISIC,Support-only Transformer,0.0,7,262,1162,33.33333432674408
ISIC,ProtoNet,fixed,7,263,1163,38.66666853427887
ISIC,WIPT,0.0,7,263,1163,38.66666853427887
ISIC,Support-only Transformer,0.0,7,263,1163,40.00000059604645
ISIC,ProtoNet,fixed,7,264,1164,41.333335638046265
ISIC,WIPT,0.0,7,264,1164,36.000001430511475
ISIC,Support-only Transformer,0.0,7,264,1164,36.000001430511475
ISIC,ProtoNet,fixed,7,265,1165,38.66666853427887
ISIC,WIPT,0.0,7,265,1165,40.00000059604645
ISIC,Support-only Transformer,0.0,7,265,1165,34.66666638851166
ISIC,ProtoNet,fixed,7,266,1166,52.000004053115845
ISIC,WIPT,0.0,7,266,1166,46.666666865348816
ISIC,Support-only Transformer,0.0,7,266,1166,43.99999976158142
ISIC,ProtoNet,fixed,7,267,1167,38.66666853427887
ISIC,WIPT,0.0,7,267,1167,37.33333349227905
ISIC,Support-only Transformer,0.0,7,267,1167,34.66666638851166
ISIC,ProtoNet,fixed,7,268,1168,29.333335161209106
ISIC,WIPT,0.0,7,268,1168,30.666667222976685
ISIC,Support-only Transformer,0.0,7,268,1168,25.333333015441895
ISIC,ProtoNet,fixed,7,269,1169,42.66666769981384
ISIC,WIPT,0.0,7,269,1169,38.66666853427887
ISIC,Support-only Transformer,0.0,7,269,1169,37.33333349227905
ISIC,ProtoNet,fixed,7,270,1170,43.99999976158142
ISIC,WIPT,0.0,7,270,1170,42.66666769981384
ISIC,Support-only Transformer,0.0,7,270,1170,40.00000059604645
ISIC,ProtoNet,fixed,7,271,1171,37.33333349227905
ISIC,WIPT,0.0,7,271,1171,37.33333349227905
ISIC,Support-only Transformer,0.0,7,271,1171,25.333333015441895
ISIC,ProtoNet,fixed,7,272,1172,37.33333349227905
ISIC,WIPT,0.0,7,272,1172,38.66666853427887
ISIC,Support-only Transformer,0.0,7,272,1172,36.000001430511475
ISIC,ProtoNet,fixed,7,273,1173,46.666666865348816
ISIC,WIPT,0.0,7,273,1173,45.33333480358124
ISIC,Support-only Transformer,0.0,7,273,1173,40.00000059604645
ISIC,ProtoNet,fixed,7,274,1174,38.66666853427887
ISIC,WIPT,0.0,7,274,1174,38.66666853427887
ISIC,Support-only Transformer,0.0,7,274,1174,34.66666638851166
ISIC,ProtoNet,fixed,7,275,1175,25.333333015441895
ISIC,WIPT,0.0,7,275,1175,25.333333015441895
ISIC,Support-only Transformer,0.0,7,275,1175,25.333333015441895
ISIC,ProtoNet,fixed,7,276,1176,40.00000059604645
ISIC,WIPT,0.0,7,276,1176,38.66666853427887
ISIC,Support-only Transformer,0.0,7,276,1176,33.33333432674408
ISIC,ProtoNet,fixed,7,277,1177,37.33333349227905
ISIC,WIPT,0.0,7,277,1177,34.66666638851166
ISIC,Support-only Transformer,0.0,7,277,1177,29.333335161209106
ISIC,ProtoNet,fixed,7,278,1178,25.333333015441895
ISIC,WIPT,0.0,7,278,1178,28.00000011920929
ISIC,Support-only Transformer,0.0,7,278,1178,30.666667222976685
ISIC,ProtoNet,fixed,7,279,1179,36.000001430511475
ISIC,WIPT,0.0,7,279,1179,33.33333432674408
ISIC,Support-only Transformer,0.0,7,279,1179,31.999999284744263
ISIC,ProtoNet,fixed,7,280,1180,28.00000011920929
ISIC,WIPT,0.0,7,280,1180,29.333335161209106
ISIC,Support-only Transformer,0.0,7,280,1180,21.33333384990692
ISIC,ProtoNet,fixed,7,281,1181,38.66666853427887
ISIC,WIPT,0.0,7,281,1181,34.66666638851166
ISIC,Support-only Transformer,0.0,7,281,1181,30.666667222976685
ISIC,ProtoNet,fixed,7,282,1182,42.66666769981384
ISIC,WIPT,0.0,7,282,1182,42.66666769981384
ISIC,Support-only Transformer,0.0,7,282,1182,36.000001430511475
ISIC,ProtoNet,fixed,7,283,1183,38.66666853427887
ISIC,WIPT,0.0,7,283,1183,37.33333349227905
ISIC,Support-only Transformer,0.0,7,283,1183,26.66666805744171
ISIC,ProtoNet,fixed,7,284,1184,36.000001430511475
ISIC,WIPT,0.0,7,284,1184,38.66666853427887
ISIC,Support-only Transformer,0.0,7,284,1184,34.66666638851166
ISIC,ProtoNet,fixed,7,285,1185,45.33333480358124
ISIC,WIPT,0.0,7,285,1185,42.66666769981384
ISIC,Support-only Transformer,0.0,7,285,1185,37.33333349227905
ISIC,ProtoNet,fixed,7,286,1186,34.66666638851166
ISIC,WIPT,0.0,7,286,1186,33.33333432674408
ISIC,Support-only Transformer,0.0,7,286,1186,28.00000011920929
ISIC,ProtoNet,fixed,7,287,1187,33.33333432674408
ISIC,WIPT,0.0,7,287,1187,31.999999284744263
ISIC,Support-only Transformer,0.0,7,287,1187,33.33333432674408
ISIC,ProtoNet,fixed,7,288,1188,43.99999976158142
ISIC,WIPT,0.0,7,288,1188,41.333335638046265
ISIC,Support-only Transformer,0.0,7,288,1188,48.00000190734863
ISIC,ProtoNet,fixed,7,289,1189,38.66666853427887
ISIC,WIPT,0.0,7,289,1189,38.66666853427887
ISIC,Support-only Transformer,0.0,7,289,1189,34.66666638851166
ISIC,ProtoNet,fixed,7,290,1190,26.66666805744171
ISIC,WIPT,0.0,7,290,1190,29.333335161209106
ISIC,Support-only Transformer,0.0,7,290,1190,26.66666805744171
ISIC,ProtoNet,fixed,7,291,1191,37.33333349227905
ISIC,WIPT,0.0,7,291,1191,34.66666638851166
ISIC,Support-only Transformer,0.0,7,291,1191,25.333333015441895
ISIC,ProtoNet,fixed,7,292,1192,42.66666769981384
ISIC,WIPT,0.0,7,292,1192,38.66666853427887
ISIC,Support-only Transformer,0.0,7,292,1192,34.66666638851166
ISIC,ProtoNet,fixed,7,293,1193,37.33333349227905
ISIC,WIPT,0.0,7,293,1193,33.33333432674408
ISIC,Support-only Transformer,0.0,7,293,1193,34.66666638851166
ISIC,ProtoNet,fixed,7,294,1194,41.333335638046265
ISIC,WIPT,0.0,7,294,1194,36.000001430511475
ISIC,Support-only Transformer,0.0,7,294,1194,37.33333349227905
ISIC,ProtoNet,fixed,7,295,1195,28.00000011920929
ISIC,WIPT,0.0,7,295,1195,31.999999284744263
ISIC,Support-only Transformer,0.0,7,295,1195,28.00000011920929
ISIC,ProtoNet,fixed,7,296,1196,36.000001430511475
ISIC,WIPT,0.0,7,296,1196,30.666667222976685
ISIC,Support-only Transformer,0.0,7,296,1196,31.999999284744263
ISIC,ProtoNet,fixed,7,297,1197,24.000000953674316
ISIC,WIPT,0.0,7,297,1197,25.333333015441895
ISIC,Support-only Transformer,0.0,7,297,1197,24.000000953674316
ISIC,ProtoNet,fixed,7,298,1198,36.000001430511475
ISIC,WIPT,0.0,7,298,1198,36.000001430511475
ISIC,Support-only Transformer,0.0,7,298,1198,36.000001430511475
ISIC,ProtoNet,fixed,7,299,1199,31.999999284744263
ISIC,WIPT,0.0,7,299,1199,34.66666638851166
ISIC,Support-only Transformer,0.0,7,299,1199,30.666667222976685
ISIC,ProtoNet,fixed,999,0,1200,40.00000059604645
ISIC,WIPT,0.0,999,0,1200,40.00000059604645
ISIC,Support-only Transformer,0.0,999,0,1200,43.99999976158142
ISIC,ProtoNet,fixed,999,1,1201,33.33333432674408
ISIC,WIPT,0.0,999,1,1201,33.33333432674408
ISIC,Support-only Transformer,0.0,999,1,1201,31.999999284744263
ISIC,ProtoNet,fixed,999,2,1202,41.333335638046265
ISIC,WIPT,0.0,999,2,1202,42.66666769981384
ISIC,Support-only Transformer,0.0,999,2,1202,31.999999284744263
ISIC,ProtoNet,fixed,999,3,1203,41.333335638046265
ISIC,WIPT,0.0,999,3,1203,41.333335638046265
ISIC,Support-only Transformer,0.0,999,3,1203,41.333335638046265
ISIC,ProtoNet,fixed,999,4,1204,45.33333480358124
ISIC,WIPT,0.0,999,4,1204,45.33333480358124
ISIC,Support-only Transformer,0.0,999,4,1204,40.00000059604645
ISIC,ProtoNet,fixed,999,5,1205,40.00000059604645
ISIC,WIPT,0.0,999,5,1205,42.66666769981384
ISIC,Support-only Transformer,0.0,999,5,1205,37.33333349227905
ISIC,ProtoNet,fixed,999,6,1206,43.99999976158142
ISIC,WIPT,0.0,999,6,1206,42.66666769981384
ISIC,Support-only Transformer,0.0,999,6,1206,34.66666638851166
ISIC,ProtoNet,fixed,999,7,1207,29.333335161209106
ISIC,WIPT,0.0,999,7,1207,26.66666805744171
ISIC,Support-only Transformer,0.0,999,7,1207,28.00000011920929
ISIC,ProtoNet,fixed,999,8,1208,40.00000059604645
ISIC,WIPT,0.0,999,8,1208,40.00000059604645
ISIC,Support-only Transformer,0.0,999,8,1208,37.33333349227905
ISIC,ProtoNet,fixed,999,9,1209,31.999999284744263
ISIC,WIPT,0.0,999,9,1209,28.00000011920929
ISIC,Support-only Transformer,0.0,999,9,1209,28.00000011920929
ISIC,ProtoNet,fixed,999,10,1210,37.33333349227905
ISIC,WIPT,0.0,999,10,1210,34.66666638851166
ISIC,Support-only Transformer,0.0,999,10,1210,31.999999284744263
ISIC,ProtoNet,fixed,999,11,1211,45.33333480358124
ISIC,WIPT,0.0,999,11,1211,50.66666603088379
ISIC,Support-only Transformer,0.0,999,11,1211,36.000001430511475
ISIC,ProtoNet,fixed,999,12,1212,33.33333432674408
ISIC,WIPT,0.0,999,12,1212,34.66666638851166
ISIC,Support-only Transformer,0.0,999,12,1212,22.66666740179062
ISIC,ProtoNet,fixed,999,13,1213,48.00000190734863
ISIC,WIPT,0.0,999,13,1213,42.66666769981384
ISIC,Support-only Transformer,0.0,999,13,1213,41.333335638046265
ISIC,ProtoNet,fixed,999,14,1214,40.00000059604645
ISIC,WIPT,0.0,999,14,1214,37.33333349227905
ISIC,Support-only Transformer,0.0,999,14,1214,38.66666853427887
ISIC,ProtoNet,fixed,999,15,1215,42.66666769981384
ISIC,WIPT,0.0,999,15,1215,48.00000190734863
ISIC,Support-only Transformer,0.0,999,15,1215,37.33333349227905
ISIC,ProtoNet,fixed,999,16,1216,37.33333349227905
ISIC,WIPT,0.0,999,16,1216,40.00000059604645
ISIC,Support-only Transformer,0.0,999,16,1216,36.000001430511475
ISIC,ProtoNet,fixed,999,17,1217,33.33333432674408
ISIC,WIPT,0.0,999,17,1217,31.999999284744263
ISIC,Support-only Transformer,0.0,999,17,1217,33.33333432674408
ISIC,ProtoNet,fixed,999,18,1218,29.333335161209106
ISIC,WIPT,0.0,999,18,1218,30.666667222976685
ISIC,Support-only Transformer,0.0,999,18,1218,36.000001430511475
ISIC,ProtoNet,fixed,999,19,1219,34.66666638851166
ISIC,WIPT,0.0,999,19,1219,37.33333349227905
ISIC,Support-only Transformer,0.0,999,19,1219,34.66666638851166
ISIC,ProtoNet,fixed,999,20,1220,45.33333480358124
ISIC,WIPT,0.0,999,20,1220,45.33333480358124
ISIC,Support-only Transformer,0.0,999,20,1220,49.33333396911621
ISIC,ProtoNet,fixed,999,21,1221,38.66666853427887
ISIC,WIPT,0.0,999,21,1221,38.66666853427887
ISIC,Support-only Transformer,0.0,999,21,1221,34.66666638851166
ISIC,ProtoNet,fixed,999,22,1222,37.33333349227905
ISIC,WIPT,0.0,999,22,1222,37.33333349227905
ISIC,Support-only Transformer,0.0,999,22,1222,33.33333432674408
ISIC,ProtoNet,fixed,999,23,1223,48.00000190734863
ISIC,WIPT,0.0,999,23,1223,46.666666865348816
ISIC,Support-only Transformer,0.0,999,23,1223,50.66666603088379
ISIC,ProtoNet,fixed,999,24,1224,43.99999976158142
ISIC,WIPT,0.0,999,24,1224,42.66666769981384
ISIC,Support-only Transformer,0.0,999,24,1224,36.000001430511475
ISIC,ProtoNet,fixed,999,25,1225,36.000001430511475
ISIC,WIPT,0.0,999,25,1225,34.66666638851166
ISIC,Support-only Transformer,0.0,999,25,1225,34.66666638851166
ISIC,ProtoNet,fixed,999,26,1226,40.00000059604645
ISIC,WIPT,0.0,999,26,1226,42.66666769981384
ISIC,Support-only Transformer,0.0,999,26,1226,41.333335638046265
ISIC,ProtoNet,fixed,999,27,1227,45.33333480358124
ISIC,WIPT,0.0,999,27,1227,42.66666769981384
ISIC,Support-only Transformer,0.0,999,27,1227,41.333335638046265
ISIC,ProtoNet,fixed,999,28,1228,48.00000190734863
ISIC,WIPT,0.0,999,28,1228,43.99999976158142
ISIC,Support-only Transformer,0.0,999,28,1228,41.333335638046265
ISIC,ProtoNet,fixed,999,29,1229,34.66666638851166
ISIC,WIPT,0.0,999,29,1229,36.000001430511475
ISIC,Support-only Transformer,0.0,999,29,1229,37.33333349227905
ISIC,ProtoNet,fixed,999,30,1230,41.333335638046265
ISIC,WIPT,0.0,999,30,1230,40.00000059604645
ISIC,Support-only Transformer,0.0,999,30,1230,40.00000059604645
ISIC,ProtoNet,fixed,999,31,1231,54.666668176651
ISIC,WIPT,0.0,999,31,1231,53.33333611488342
ISIC,Support-only Transformer,0.0,999,31,1231,58.66667032241821
ISIC,ProtoNet,fixed,999,32,1232,34.66666638851166
ISIC,WIPT,0.0,999,32,1232,36.000001430511475
ISIC,Support-only Transformer,0.0,999,32,1232,40.00000059604645
ISIC,ProtoNet,fixed,999,33,1233,34.66666638851166
ISIC,WIPT,0.0,999,33,1233,33.33333432674408
ISIC,Support-only Transformer,0.0,999,33,1233,36.000001430511475
ISIC,ProtoNet,fixed,999,34,1234,33.33333432674408
ISIC,WIPT,0.0,999,34,1234,36.000001430511475
ISIC,Support-only Transformer,0.0,999,34,1234,30.666667222976685
ISIC,ProtoNet,fixed,999,35,1235,46.666666865348816
ISIC,WIPT,0.0,999,35,1235,42.66666769981384
ISIC,Support-only Transformer,0.0,999,35,1235,45.33333480358124
ISIC,ProtoNet,fixed,999,36,1236,43.99999976158142
ISIC,WIPT,0.0,999,36,1236,43.99999976158142
ISIC,Support-only Transformer,0.0,999,36,1236,37.33333349227905
ISIC,ProtoNet,fixed,999,37,1237,40.00000059604645
ISIC,WIPT,0.0,999,37,1237,37.33333349227905
ISIC,Support-only Transformer,0.0,999,37,1237,37.33333349227905
ISIC,ProtoNet,fixed,999,38,1238,30.666667222976685
ISIC,WIPT,0.0,999,38,1238,34.66666638851166
ISIC,Support-only Transformer,0.0,999,38,1238,33.33333432674408
ISIC,ProtoNet,fixed,999,39,1239,37.33333349227905
ISIC,WIPT,0.0,999,39,1239,37.33333349227905
ISIC,Support-only Transformer,0.0,999,39,1239,45.33333480358124
ISIC,ProtoNet,fixed,999,40,1240,52.000004053115845
ISIC,WIPT,0.0,999,40,1240,45.33333480358124
ISIC,Support-only Transformer,0.0,999,40,1240,49.33333396911621
ISIC,ProtoNet,fixed,999,41,1241,37.33333349227905
ISIC,WIPT,0.0,999,41,1241,36.000001430511475
ISIC,Support-only Transformer,0.0,999,41,1241,31.999999284744263
ISIC,ProtoNet,fixed,999,42,1242,40.00000059604645
ISIC,WIPT,0.0,999,42,1242,37.33333349227905
ISIC,Support-only Transformer,0.0,999,42,1242,30.666667222976685
ISIC,ProtoNet,fixed,999,43,1243,37.33333349227905
ISIC,WIPT,0.0,999,43,1243,38.66666853427887
ISIC,Support-only Transformer,0.0,999,43,1243,33.33333432674408
ISIC,ProtoNet,fixed,999,44,1244,42.66666769981384
ISIC,WIPT,0.0,999,44,1244,41.333335638046265
ISIC,Support-only Transformer,0.0,999,44,1244,38.66666853427887
ISIC,ProtoNet,fixed,999,45,1245,29.333335161209106
ISIC,WIPT,0.0,999,45,1245,28.00000011920929
ISIC,Support-only Transformer,0.0,999,45,1245,25.333333015441895
ISIC,ProtoNet,fixed,999,46,1246,20.000000298023224
ISIC,WIPT,0.0,999,46,1246,21.33333384990692
ISIC,Support-only Transformer,0.0,999,46,1246,24.000000953674316
ISIC,ProtoNet,fixed,999,47,1247,40.00000059604645
ISIC,WIPT,0.0,999,47,1247,40.00000059604645
ISIC,Support-only Transformer,0.0,999,47,1247,36.000001430511475
ISIC,ProtoNet,fixed,999,48,1248,45.33333480358124
ISIC,WIPT,0.0,999,48,1248,43.99999976158142
ISIC,Support-only Transformer,0.0,999,48,1248,41.333335638046265
ISIC,ProtoNet,fixed,999,49,1249,36.000001430511475
ISIC,WIPT,0.0,999,49,1249,34.66666638851166
ISIC,Support-only Transformer,0.0,999,49,1249,37.33333349227905
ISIC,ProtoNet,fixed,999,50,1250,34.66666638851166
ISIC,WIPT,0.0,999,50,1250,36.000001430511475
ISIC,Support-only Transformer,0.0,999,50,1250,26.66666805744171
ISIC,ProtoNet,fixed,999,51,1251,40.00000059604645
ISIC,WIPT,0.0,999,51,1251,42.66666769981384
ISIC,Support-only Transformer,0.0,999,51,1251,37.33333349227905
ISIC,ProtoNet,fixed,999,52,1252,37.33333349227905
ISIC,WIPT,0.0,999,52,1252,38.66666853427887
ISIC,Support-only Transformer,0.0,999,52,1252,38.66666853427887
ISIC,ProtoNet,fixed,999,53,1253,37.33333349227905
ISIC,WIPT,0.0,999,53,1253,37.33333349227905
ISIC,Support-only Transformer,0.0,999,53,1253,34.66666638851166
ISIC,ProtoNet,fixed,999,54,1254,56.00000023841858
ISIC,WIPT,0.0,999,54,1254,54.666668176651
ISIC,Support-only Transformer,0.0,999,54,1254,52.000004053115845
ISIC,ProtoNet,fixed,999,55,1255,50.66666603088379
ISIC,WIPT,0.0,999,55,1255,49.33333396911621
ISIC,Support-only Transformer,0.0,999,55,1255,46.666666865348816
ISIC,ProtoNet,fixed,999,56,1256,40.00000059604645
ISIC,WIPT,0.0,999,56,1256,41.333335638046265
ISIC,Support-only Transformer,0.0,999,56,1256,31.999999284744263
ISIC,ProtoNet,fixed,999,57,1257,41.333335638046265
ISIC,WIPT,0.0,999,57,1257,41.333335638046265
ISIC,Support-only Transformer,0.0,999,57,1257,42.66666769981384
ISIC,ProtoNet,fixed,999,58,1258,33.33333432674408
ISIC,WIPT,0.0,999,58,1258,29.333335161209106
ISIC,Support-only Transformer,0.0,999,58,1258,33.33333432674408
ISIC,ProtoNet,fixed,999,59,1259,41.333335638046265
ISIC,WIPT,0.0,999,59,1259,40.00000059604645
ISIC,Support-only Transformer,0.0,999,59,1259,33.33333432674408
ISIC,ProtoNet,fixed,999,60,1260,34.66666638851166
ISIC,WIPT,0.0,999,60,1260,33.33333432674408
ISIC,Support-only Transformer,0.0,999,60,1260,34.66666638851166
ISIC,ProtoNet,fixed,999,61,1261,36.000001430511475
ISIC,WIPT,0.0,999,61,1261,40.00000059604645
ISIC,Support-only Transformer,0.0,999,61,1261,33.33333432674408
ISIC,ProtoNet,fixed,999,62,1262,34.66666638851166
ISIC,WIPT,0.0,999,62,1262,40.00000059604645
ISIC,Support-only Transformer,0.0,999,62,1262,40.00000059604645
ISIC,ProtoNet,fixed,999,63,1263,33.33333432674408
ISIC,WIPT,0.0,999,63,1263,36.000001430511475
ISIC,Support-only Transformer,0.0,999,63,1263,38.66666853427887
ISIC,ProtoNet,fixed,999,64,1264,36.000001430511475
ISIC,WIPT,0.0,999,64,1264,37.33333349227905
ISIC,Support-only Transformer,0.0,999,64,1264,37.33333349227905
ISIC,ProtoNet,fixed,999,65,1265,54.666668176651
ISIC,WIPT,0.0,999,65,1265,54.666668176651
ISIC,Support-only Transformer,0.0,999,65,1265,53.33333611488342
ISIC,ProtoNet,fixed,999,66,1266,31.999999284744263
ISIC,WIPT,0.0,999,66,1266,34.66666638851166
ISIC,Support-only Transformer,0.0,999,66,1266,25.333333015441895
ISIC,ProtoNet,fixed,999,67,1267,33.33333432674408
ISIC,WIPT,0.0,999,67,1267,30.666667222976685
ISIC,Support-only Transformer,0.0,999,67,1267,33.33333432674408
ISIC,ProtoNet,fixed,999,68,1268,31.999999284744263
ISIC,WIPT,0.0,999,68,1268,34.66666638851166
ISIC,Support-only Transformer,0.0,999,68,1268,26.66666805744171
ISIC,ProtoNet,fixed,999,69,1269,42.66666769981384
ISIC,WIPT,0.0,999,69,1269,42.66666769981384
ISIC,Support-only Transformer,0.0,999,69,1269,38.66666853427887
ISIC,ProtoNet,fixed,999,70,1270,33.33333432674408
ISIC,WIPT,0.0,999,70,1270,36.000001430511475
ISIC,Support-only Transformer,0.0,999,70,1270,36.000001430511475
ISIC,ProtoNet,fixed,999,71,1271,46.666666865348816
ISIC,WIPT,0.0,999,71,1271,42.66666769981384
ISIC,Support-only Transformer,0.0,999,71,1271,40.00000059604645
ISIC,ProtoNet,fixed,999,72,1272,42.66666769981384
ISIC,WIPT,0.0,999,72,1272,41.333335638046265
ISIC,Support-only Transformer,0.0,999,72,1272,36.000001430511475
ISIC,ProtoNet,fixed,999,73,1273,53.33333611488342
ISIC,WIPT,0.0,999,73,1273,50.66666603088379
ISIC,Support-only Transformer,0.0,999,73,1273,42.66666769981384
ISIC,ProtoNet,fixed,999,74,1274,42.66666769981384
ISIC,WIPT,0.0,999,74,1274,41.333335638046265
ISIC,Support-only Transformer,0.0,999,74,1274,49.33333396911621
ISIC,ProtoNet,fixed,999,75,1275,31.999999284744263
ISIC,WIPT,0.0,999,75,1275,30.666667222976685
ISIC,Support-only Transformer,0.0,999,75,1275,30.666667222976685
ISIC,ProtoNet,fixed,999,76,1276,37.33333349227905
ISIC,WIPT,0.0,999,76,1276,37.33333349227905
ISIC,Support-only Transformer,0.0,999,76,1276,34.66666638851166
ISIC,ProtoNet,fixed,999,77,1277,40.00000059604645
ISIC,WIPT,0.0,999,77,1277,45.33333480358124
ISIC,Support-only Transformer,0.0,999,77,1277,37.33333349227905
ISIC,ProtoNet,fixed,999,78,1278,33.33333432674408
ISIC,WIPT,0.0,999,78,1278,31.999999284744263
ISIC,Support-only Transformer,0.0,999,78,1278,26.66666805744171
ISIC,ProtoNet,fixed,999,79,1279,37.33333349227905
ISIC,WIPT,0.0,999,79,1279,41.333335638046265
ISIC,Support-only Transformer,0.0,999,79,1279,46.666666865348816
ISIC,ProtoNet,fixed,999,80,1280,45.33333480358124
ISIC,WIPT,0.0,999,80,1280,52.000004053115845
ISIC,Support-only Transformer,0.0,999,80,1280,40.00000059604645
ISIC,ProtoNet,fixed,999,81,1281,40.00000059604645
ISIC,WIPT,0.0,999,81,1281,38.66666853427887
ISIC,Support-only Transformer,0.0,999,81,1281,37.33333349227905
ISIC,ProtoNet,fixed,999,82,1282,36.000001430511475
ISIC,WIPT,0.0,999,82,1282,34.66666638851166
ISIC,Support-only Transformer,0.0,999,82,1282,30.666667222976685
ISIC,ProtoNet,fixed,999,83,1283,30.666667222976685
ISIC,WIPT,0.0,999,83,1283,36.000001430511475
ISIC,Support-only Transformer,0.0,999,83,1283,37.33333349227905
ISIC,ProtoNet,fixed,999,84,1284,49.33333396911621
ISIC,WIPT,0.0,999,84,1284,46.666666865348816
ISIC,Support-only Transformer,0.0,999,84,1284,40.00000059604645
ISIC,ProtoNet,fixed,999,85,1285,28.00000011920929
ISIC,WIPT,0.0,999,85,1285,28.00000011920929
ISIC,Support-only Transformer,0.0,999,85,1285,42.66666769981384
ISIC,ProtoNet,fixed,999,86,1286,40.00000059604645
ISIC,WIPT,0.0,999,86,1286,37.33333349227905
ISIC,Support-only Transformer,0.0,999,86,1286,31.999999284744263
ISIC,ProtoNet,fixed,999,87,1287,52.000004053115845
ISIC,WIPT,0.0,999,87,1287,52.000004053115845
ISIC,Support-only Transformer,0.0,999,87,1287,45.33333480358124
ISIC,ProtoNet,fixed,999,88,1288,38.66666853427887
ISIC,WIPT,0.0,999,88,1288,38.66666853427887
ISIC,Support-only Transformer,0.0,999,88,1288,40.00000059604645
ISIC,ProtoNet,fixed,999,89,1289,36.000001430511475
ISIC,WIPT,0.0,999,89,1289,33.33333432674408
ISIC,Support-only Transformer,0.0,999,89,1289,31.999999284744263
ISIC,ProtoNet,fixed,999,90,1290,43.99999976158142
ISIC,WIPT,0.0,999,90,1290,45.33333480358124
ISIC,Support-only Transformer,0.0,999,90,1290,37.33333349227905
ISIC,ProtoNet,fixed,999,91,1291,46.666666865348816
ISIC,WIPT,0.0,999,91,1291,53.33333611488342
ISIC,Support-only Transformer,0.0,999,91,1291,41.333335638046265
ISIC,ProtoNet,fixed,999,92,1292,33.33333432674408
ISIC,WIPT,0.0,999,92,1292,36.000001430511475
ISIC,Support-only Transformer,0.0,999,92,1292,28.00000011920929
ISIC,ProtoNet,fixed,999,93,1293,40.00000059604645
ISIC,WIPT,0.0,999,93,1293,41.333335638046265
ISIC,Support-only Transformer,0.0,999,93,1293,38.66666853427887
ISIC,ProtoNet,fixed,999,94,1294,30.666667222976685
ISIC,WIPT,0.0,999,94,1294,25.333333015441895
ISIC,Support-only Transformer,0.0,999,94,1294,24.000000953674316
ISIC,ProtoNet,fixed,999,95,1295,36.000001430511475
ISIC,WIPT,0.0,999,95,1295,34.66666638851166
ISIC,Support-only Transformer,0.0,999,95,1295,36.000001430511475
ISIC,ProtoNet,fixed,999,96,1296,33.33333432674408
ISIC,WIPT,0.0,999,96,1296,33.33333432674408
ISIC,Support-only Transformer,0.0,999,96,1296,31.999999284744263
ISIC,ProtoNet,fixed,999,97,1297,34.66666638851166
ISIC,WIPT,0.0,999,97,1297,30.666667222976685
ISIC,Support-only Transformer,0.0,999,97,1297,36.000001430511475
ISIC,ProtoNet,fixed,999,98,1298,37.33333349227905
ISIC,WIPT,0.0,999,98,1298,31.999999284744263
ISIC,Support-only Transformer,0.0,999,98,1298,29.333335161209106
ISIC,ProtoNet,fixed,999,99,1299,34.66666638851166
ISIC,WIPT,0.0,999,99,1299,28.00000011920929
ISIC,Support-only Transformer,0.0,999,99,1299,36.000001430511475
ISIC,ProtoNet,fixed,999,100,1300,43.99999976158142
ISIC,WIPT,0.0,999,100,1300,42.66666769981384
ISIC,Support-only Transformer,0.0,999,100,1300,45.33333480358124
ISIC,ProtoNet,fixed,999,101,1301,24.000000953674316
ISIC,WIPT,0.0,999,101,1301,21.33333384990692
ISIC,Support-only Transformer,0.0,999,101,1301,26.66666805744171
ISIC,ProtoNet,fixed,999,102,1302,46.666666865348816
ISIC,WIPT,0.0,999,102,1302,43.99999976158142
ISIC,Support-only Transformer,0.0,999,102,1302,45.33333480358124
ISIC,ProtoNet,fixed,999,103,1303,40.00000059604645
ISIC,WIPT,0.0,999,103,1303,40.00000059604645
ISIC,Support-only Transformer,0.0,999,103,1303,37.33333349227905
ISIC,ProtoNet,fixed,999,104,1304,36.000001430511475
ISIC,WIPT,0.0,999,104,1304,37.33333349227905
ISIC,Support-only Transformer,0.0,999,104,1304,34.66666638851166
ISIC,ProtoNet,fixed,999,105,1305,34.66666638851166
ISIC,WIPT,0.0,999,105,1305,34.66666638851166
ISIC,Support-only Transformer,0.0,999,105,1305,34.66666638851166
ISIC,ProtoNet,fixed,999,106,1306,25.333333015441895
ISIC,WIPT,0.0,999,106,1306,26.66666805744171
ISIC,Support-only Transformer,0.0,999,106,1306,25.333333015441895
ISIC,ProtoNet,fixed,999,107,1307,30.666667222976685
ISIC,WIPT,0.0,999,107,1307,33.33333432674408
ISIC,Support-only Transformer,0.0,999,107,1307,31.999999284744263
ISIC,ProtoNet,fixed,999,108,1308,42.66666769981384
ISIC,WIPT,0.0,999,108,1308,48.00000190734863
ISIC,Support-only Transformer,0.0,999,108,1308,33.33333432674408
ISIC,ProtoNet,fixed,999,109,1309,41.333335638046265
ISIC,WIPT,0.0,999,109,1309,40.00000059604645
ISIC,Support-only Transformer,0.0,999,109,1309,37.33333349227905
ISIC,ProtoNet,fixed,999,110,1310,38.66666853427887
ISIC,WIPT,0.0,999,110,1310,40.00000059604645
ISIC,Support-only Transformer,0.0,999,110,1310,37.33333349227905
ISIC,ProtoNet,fixed,999,111,1311,38.66666853427887
ISIC,WIPT,0.0,999,111,1311,37.33333349227905
ISIC,Support-only Transformer,0.0,999,111,1311,37.33333349227905
ISIC,ProtoNet,fixed,999,112,1312,42.66666769981384
ISIC,WIPT,0.0,999,112,1312,45.33333480358124
ISIC,Support-only Transformer,0.0,999,112,1312,38.66666853427887
ISIC,ProtoNet,fixed,999,113,1313,45.33333480358124
ISIC,WIPT,0.0,999,113,1313,46.666666865348816
ISIC,Support-only Transformer,0.0,999,113,1313,41.333335638046265
ISIC,ProtoNet,fixed,999,114,1314,52.000004053115845
ISIC,WIPT,0.0,999,114,1314,48.00000190734863
ISIC,Support-only Transformer,0.0,999,114,1314,46.666666865348816
ISIC,ProtoNet,fixed,999,115,1315,26.66666805744171
ISIC,WIPT,0.0,999,115,1315,26.66666805744171
ISIC,Support-only Transformer,0.0,999,115,1315,25.333333015441895
ISIC,ProtoNet,fixed,999,116,1316,41.333335638046265
ISIC,WIPT,0.0,999,116,1316,41.333335638046265
ISIC,Support-only Transformer,0.0,999,116,1316,40.00000059604645
ISIC,ProtoNet,fixed,999,117,1317,46.666666865348816
ISIC,WIPT,0.0,999,117,1317,43.99999976158142
ISIC,Support-only Transformer,0.0,999,117,1317,42.66666769981384
ISIC,ProtoNet,fixed,999,118,1318,48.00000190734863
ISIC,WIPT,0.0,999,118,1318,48.00000190734863
ISIC,Support-only Transformer,0.0,999,118,1318,49.33333396911621
ISIC,ProtoNet,fixed,999,119,1319,42.66666769981384
ISIC,WIPT,0.0,999,119,1319,49.33333396911621
ISIC,Support-only Transformer,0.0,999,119,1319,49.33333396911621
ISIC,ProtoNet,fixed,999,120,1320,37.33333349227905
ISIC,WIPT,0.0,999,120,1320,34.66666638851166
ISIC,Support-only Transformer,0.0,999,120,1320,31.999999284744263
ISIC,ProtoNet,fixed,999,121,1321,38.66666853427887
ISIC,WIPT,0.0,999,121,1321,34.66666638851166
ISIC,Support-only Transformer,0.0,999,121,1321,28.00000011920929
ISIC,ProtoNet,fixed,999,122,1322,29.333335161209106
ISIC,WIPT,0.0,999,122,1322,28.00000011920929
ISIC,Support-only Transformer,0.0,999,122,1322,25.333333015441895
ISIC,ProtoNet,fixed,999,123,1323,42.66666769981384
ISIC,WIPT,0.0,999,123,1323,42.66666769981384
ISIC,Support-only Transformer,0.0,999,123,1323,37.33333349227905
ISIC,ProtoNet,fixed,999,124,1324,43.99999976158142
ISIC,WIPT,0.0,999,124,1324,41.333335638046265
ISIC,Support-only Transformer,0.0,999,124,1324,33.33333432674408
ISIC,ProtoNet,fixed,999,125,1325,30.666667222976685
ISIC,WIPT,0.0,999,125,1325,36.000001430511475
ISIC,Support-only Transformer,0.0,999,125,1325,36.000001430511475
ISIC,ProtoNet,fixed,999,126,1326,41.333335638046265
ISIC,WIPT,0.0,999,126,1326,41.333335638046265
ISIC,Support-only Transformer,0.0,999,126,1326,38.66666853427887
ISIC,ProtoNet,fixed,999,127,1327,31.999999284744263
ISIC,WIPT,0.0,999,127,1327,31.999999284744263
ISIC,Support-only Transformer,0.0,999,127,1327,30.666667222976685
ISIC,ProtoNet,fixed,999,128,1328,31.999999284744263
ISIC,WIPT,0.0,999,128,1328,31.999999284744263
ISIC,Support-only Transformer,0.0,999,128,1328,33.33333432674408
ISIC,ProtoNet,fixed,999,129,1329,52.000004053115845
ISIC,WIPT,0.0,999,129,1329,48.00000190734863
ISIC,Support-only Transformer,0.0,999,129,1329,48.00000190734863
ISIC,ProtoNet,fixed,999,130,1330,29.333335161209106
ISIC,WIPT,0.0,999,130,1330,26.66666805744171
ISIC,Support-only Transformer,0.0,999,130,1330,31.999999284744263
ISIC,ProtoNet,fixed,999,131,1331,40.00000059604645
ISIC,WIPT,0.0,999,131,1331,37.33333349227905
ISIC,Support-only Transformer,0.0,999,131,1331,37.33333349227905
ISIC,ProtoNet,fixed,999,132,1332,38.66666853427887
ISIC,WIPT,0.0,999,132,1332,36.000001430511475
ISIC,Support-only Transformer,0.0,999,132,1332,37.33333349227905
ISIC,ProtoNet,fixed,999,133,1333,48.00000190734863
ISIC,WIPT,0.0,999,133,1333,48.00000190734863
ISIC,Support-only Transformer,0.0,999,133,1333,46.666666865348816
ISIC,ProtoNet,fixed,999,134,1334,41.333335638046265
ISIC,WIPT,0.0,999,134,1334,42.66666769981384
ISIC,Support-only Transformer,0.0,999,134,1334,34.66666638851166
ISIC,ProtoNet,fixed,999,135,1335,38.66666853427887
ISIC,WIPT,0.0,999,135,1335,38.66666853427887
ISIC,Support-only Transformer,0.0,999,135,1335,34.66666638851166
ISIC,ProtoNet,fixed,999,136,1336,40.00000059604645
ISIC,WIPT,0.0,999,136,1336,37.33333349227905
ISIC,Support-only Transformer,0.0,999,136,1336,38.66666853427887
ISIC,ProtoNet,fixed,999,137,1337,45.33333480358124
ISIC,WIPT,0.0,999,137,1337,41.333335638046265
ISIC,Support-only Transformer,0.0,999,137,1337,41.333335638046265
ISIC,ProtoNet,fixed,999,138,1338,25.333333015441895
ISIC,WIPT,0.0,999,138,1338,22.66666740179062
ISIC,Support-only Transformer,0.0,999,138,1338,21.33333384990692
ISIC,ProtoNet,fixed,999,139,1339,36.000001430511475
ISIC,WIPT,0.0,999,139,1339,33.33333432674408
ISIC,Support-only Transformer,0.0,999,139,1339,34.66666638851166
ISIC,ProtoNet,fixed,999,140,1340,49.33333396911621
ISIC,WIPT,0.0,999,140,1340,46.666666865348816
ISIC,Support-only Transformer,0.0,999,140,1340,49.33333396911621
ISIC,ProtoNet,fixed,999,141,1341,33.33333432674408
ISIC,WIPT,0.0,999,141,1341,30.666667222976685
ISIC,Support-only Transformer,0.0,999,141,1341,34.66666638851166
ISIC,ProtoNet,fixed,999,142,1342,45.33333480358124
ISIC,WIPT,0.0,999,142,1342,45.33333480358124
ISIC,Support-only Transformer,0.0,999,142,1342,43.99999976158142
ISIC,ProtoNet,fixed,999,143,1343,45.33333480358124
ISIC,WIPT,0.0,999,143,1343,48.00000190734863
ISIC,Support-only Transformer,0.0,999,143,1343,41.333335638046265
ISIC,ProtoNet,fixed,999,144,1344,33.33333432674408
ISIC,WIPT,0.0,999,144,1344,31.999999284744263
ISIC,Support-only Transformer,0.0,999,144,1344,30.666667222976685
ISIC,ProtoNet,fixed,999,145,1345,40.00000059604645
ISIC,WIPT,0.0,999,145,1345,40.00000059604645
ISIC,Support-only Transformer,0.0,999,145,1345,30.666667222976685
ISIC,ProtoNet,fixed,999,146,1346,37.33333349227905
ISIC,WIPT,0.0,999,146,1346,31.999999284744263
ISIC,Support-only Transformer,0.0,999,146,1346,36.000001430511475
ISIC,ProtoNet,fixed,999,147,1347,26.66666805744171
ISIC,WIPT,0.0,999,147,1347,24.000000953674316
ISIC,Support-only Transformer,0.0,999,147,1347,25.333333015441895
ISIC,ProtoNet,fixed,999,148,1348,41.333335638046265
ISIC,WIPT,0.0,999,148,1348,36.000001430511475
ISIC,Support-only Transformer,0.0,999,148,1348,31.999999284744263
ISIC,ProtoNet,fixed,999,149,1349,48.00000190734863
ISIC,WIPT,0.0,999,149,1349,41.333335638046265
ISIC,Support-only Transformer,0.0,999,149,1349,42.66666769981384
ISIC,ProtoNet,fixed,999,150,1350,28.00000011920929
ISIC,WIPT,0.0,999,150,1350,25.333333015441895
ISIC,Support-only Transformer,0.0,999,150,1350,26.66666805744171
ISIC,ProtoNet,fixed,999,151,1351,37.33333349227905
ISIC,WIPT,0.0,999,151,1351,38.66666853427887
ISIC,Support-only Transformer,0.0,999,151,1351,34.66666638851166
ISIC,ProtoNet,fixed,999,152,1352,38.66666853427887
ISIC,WIPT,0.0,999,152,1352,42.66666769981384
ISIC,Support-only Transformer,0.0,999,152,1352,37.33333349227905
ISIC,ProtoNet,fixed,999,153,1353,38.66666853427887
ISIC,WIPT,0.0,999,153,1353,37.33333349227905
ISIC,Support-only Transformer,0.0,999,153,1353,34.66666638851166
ISIC,ProtoNet,fixed,999,154,1354,48.00000190734863
ISIC,WIPT,0.0,999,154,1354,49.33333396911621
ISIC,Support-only Transformer,0.0,999,154,1354,43.99999976158142
ISIC,ProtoNet,fixed,999,155,1355,49.33333396911621
ISIC,WIPT,0.0,999,155,1355,40.00000059604645
ISIC,Support-only Transformer,0.0,999,155,1355,41.333335638046265
ISIC,ProtoNet,fixed,999,156,1356,49.33333396911621
ISIC,WIPT,0.0,999,156,1356,45.33333480358124
ISIC,Support-only Transformer,0.0,999,156,1356,42.66666769981384
ISIC,ProtoNet,fixed,999,157,1357,43.99999976158142
ISIC,WIPT,0.0,999,157,1357,41.333335638046265
ISIC,Support-only Transformer,0.0,999,157,1357,43.99999976158142
ISIC,ProtoNet,fixed,999,158,1358,45.33333480358124
ISIC,WIPT,0.0,999,158,1358,48.00000190734863
ISIC,Support-only Transformer,0.0,999,158,1358,40.00000059604645
ISIC,ProtoNet,fixed,999,159,1359,41.333335638046265
ISIC,WIPT,0.0,999,159,1359,43.99999976158142
ISIC,Support-only Transformer,0.0,999,159,1359,38.66666853427887
ISIC,ProtoNet,fixed,999,160,1360,31.999999284744263
ISIC,WIPT,0.0,999,160,1360,34.66666638851166
ISIC,Support-only Transformer,0.0,999,160,1360,25.333333015441895
ISIC,ProtoNet,fixed,999,161,1361,43.99999976158142
ISIC,WIPT,0.0,999,161,1361,48.00000190734863
ISIC,Support-only Transformer,0.0,999,161,1361,40.00000059604645
ISIC,ProtoNet,fixed,999,162,1362,36.000001430511475
ISIC,WIPT,0.0,999,162,1362,36.000001430511475
ISIC,Support-only Transformer,0.0,999,162,1362,29.333335161209106
ISIC,ProtoNet,fixed,999,163,1363,29.333335161209106
ISIC,WIPT,0.0,999,163,1363,30.666667222976685
ISIC,Support-only Transformer,0.0,999,163,1363,21.33333384990692
ISIC,ProtoNet,fixed,999,164,1364,48.00000190734863
ISIC,WIPT,0.0,999,164,1364,46.666666865348816
ISIC,Support-only Transformer,0.0,999,164,1364,37.33333349227905
ISIC,ProtoNet,fixed,999,165,1365,20.000000298023224
ISIC,WIPT,0.0,999,165,1365,21.33333384990692
ISIC,Support-only Transformer,0.0,999,165,1365,24.000000953674316
ISIC,ProtoNet,fixed,999,166,1366,33.33333432674408
ISIC,WIPT,0.0,999,166,1366,31.999999284744263
ISIC,Support-only Transformer,0.0,999,166,1366,33.33333432674408
ISIC,ProtoNet,fixed,999,167,1367,48.00000190734863
ISIC,WIPT,0.0,999,167,1367,49.33333396911621
ISIC,Support-only Transformer,0.0,999,167,1367,42.66666769981384
ISIC,ProtoNet,fixed,999,168,1368,46.666666865348816
ISIC,WIPT,0.0,999,168,1368,54.666668176651
ISIC,Support-only Transformer,0.0,999,168,1368,43.99999976158142
ISIC,ProtoNet,fixed,999,169,1369,42.66666769981384
ISIC,WIPT,0.0,999,169,1369,38.66666853427887
ISIC,Support-only Transformer,0.0,999,169,1369,36.000001430511475
ISIC,ProtoNet,fixed,999,170,1370,36.000001430511475
ISIC,WIPT,0.0,999,170,1370,29.333335161209106
ISIC,Support-only Transformer,0.0,999,170,1370,29.333335161209106
ISIC,ProtoNet,fixed,999,171,1371,28.00000011920929
ISIC,WIPT,0.0,999,171,1371,30.666667222976685
ISIC,Support-only Transformer,0.0,999,171,1371,29.333335161209106
ISIC,ProtoNet,fixed,999,172,1372,26.66666805744171
ISIC,WIPT,0.0,999,172,1372,26.66666805744171
ISIC,Support-only Transformer,0.0,999,172,1372,28.00000011920929
ISIC,ProtoNet,fixed,999,173,1373,41.333335638046265
ISIC,WIPT,0.0,999,173,1373,41.333335638046265
ISIC,Support-only Transformer,0.0,999,173,1373,43.99999976158142
ISIC,ProtoNet,fixed,999,174,1374,33.33333432674408
ISIC,WIPT,0.0,999,174,1374,28.00000011920929
ISIC,Support-only Transformer,0.0,999,174,1374,30.666667222976685
ISIC,ProtoNet,fixed,999,175,1375,41.333335638046265
ISIC,WIPT,0.0,999,175,1375,37.33333349227905
ISIC,Support-only Transformer,0.0,999,175,1375,38.66666853427887
ISIC,ProtoNet,fixed,999,176,1376,43.99999976158142
ISIC,WIPT,0.0,999,176,1376,43.99999976158142
ISIC,Support-only Transformer,0.0,999,176,1376,41.333335638046265
ISIC,ProtoNet,fixed,999,177,1377,38.66666853427887
ISIC,WIPT,0.0,999,177,1377,36.000001430511475
ISIC,Support-only Transformer,0.0,999,177,1377,34.66666638851166
ISIC,ProtoNet,fixed,999,178,1378,36.000001430511475
ISIC,WIPT,0.0,999,178,1378,30.666667222976685
ISIC,Support-only Transformer,0.0,999,178,1378,30.666667222976685
ISIC,ProtoNet,fixed,999,179,1379,25.333333015441895
ISIC,WIPT,0.0,999,179,1379,25.333333015441895
ISIC,Support-only Transformer,0.0,999,179,1379,25.333333015441895
ISIC,ProtoNet,fixed,999,180,1380,40.00000059604645
ISIC,WIPT,0.0,999,180,1380,42.66666769981384
ISIC,Support-only Transformer,0.0,999,180,1380,41.333335638046265
ISIC,ProtoNet,fixed,999,181,1381,52.000004053115845
ISIC,WIPT,0.0,999,181,1381,52.000004053115845
ISIC,Support-only Transformer,0.0,999,181,1381,46.666666865348816
ISIC,ProtoNet,fixed,999,182,1382,29.333335161209106
ISIC,WIPT,0.0,999,182,1382,28.00000011920929
ISIC,Support-only Transformer,0.0,999,182,1382,29.333335161209106
ISIC,ProtoNet,fixed,999,183,1383,37.33333349227905
ISIC,WIPT,0.0,999,183,1383,37.33333349227905
ISIC,Support-only Transformer,0.0,999,183,1383,38.66666853427887
ISIC,ProtoNet,fixed,999,184,1384,37.33333349227905
ISIC,WIPT,0.0,999,184,1384,40.00000059604645
ISIC,Support-only Transformer,0.0,999,184,1384,40.00000059604645
ISIC,ProtoNet,fixed,999,185,1385,30.666667222976685
ISIC,WIPT,0.0,999,185,1385,30.666667222976685
ISIC,Support-only Transformer,0.0,999,185,1385,30.666667222976685
ISIC,ProtoNet,fixed,999,186,1386,34.66666638851166
ISIC,WIPT,0.0,999,186,1386,33.33333432674408
ISIC,Support-only Transformer,0.0,999,186,1386,31.999999284744263
ISIC,ProtoNet,fixed,999,187,1387,33.33333432674408
ISIC,WIPT,0.0,999,187,1387,31.999999284744263
ISIC,Support-only Transformer,0.0,999,187,1387,33.33333432674408
ISIC,ProtoNet,fixed,999,188,1388,42.66666769981384
ISIC,WIPT,0.0,999,188,1388,42.66666769981384
ISIC,Support-only Transformer,0.0,999,188,1388,36.000001430511475
ISIC,ProtoNet,fixed,999,189,1389,38.66666853427887
ISIC,WIPT,0.0,999,189,1389,36.000001430511475
ISIC,Support-only Transformer,0.0,999,189,1389,37.33333349227905
ISIC,ProtoNet,fixed,999,190,1390,38.66666853427887
ISIC,WIPT,0.0,999,190,1390,34.66666638851166
ISIC,Support-only Transformer,0.0,999,190,1390,34.66666638851166
ISIC,ProtoNet,fixed,999,191,1391,36.000001430511475
ISIC,WIPT,0.0,999,191,1391,36.000001430511475
ISIC,Support-only Transformer,0.0,999,191,1391,36.000001430511475
ISIC,ProtoNet,fixed,999,192,1392,38.66666853427887
ISIC,WIPT,0.0,999,192,1392,38.66666853427887
ISIC,Support-only Transformer,0.0,999,192,1392,34.66666638851166
ISIC,ProtoNet,fixed,999,193,1393,30.666667222976685
ISIC,WIPT,0.0,999,193,1393,31.999999284744263
ISIC,Support-only Transformer,0.0,999,193,1393,31.999999284744263
ISIC,ProtoNet,fixed,999,194,1394,34.66666638851166
ISIC,WIPT,0.0,999,194,1394,34.66666638851166
ISIC,Support-only Transformer,0.0,999,194,1394,36.000001430511475
ISIC,ProtoNet,fixed,999,195,1395,22.66666740179062
ISIC,WIPT,0.0,999,195,1395,21.33333384990692
ISIC,Support-only Transformer,0.0,999,195,1395,20.000000298023224
ISIC,ProtoNet,fixed,999,196,1396,33.33333432674408
ISIC,WIPT,0.0,999,196,1396,31.999999284744263
ISIC,Support-only Transformer,0.0,999,196,1396,34.66666638851166
ISIC,ProtoNet,fixed,999,197,1397,36.000001430511475
ISIC,WIPT,0.0,999,197,1397,37.33333349227905
ISIC,Support-only Transformer,0.0,999,197,1397,34.66666638851166
ISIC,ProtoNet,fixed,999,198,1398,38.66666853427887
ISIC,WIPT,0.0,999,198,1398,41.333335638046265
ISIC,Support-only Transformer,0.0,999,198,1398,38.66666853427887
ISIC,ProtoNet,fixed,999,199,1399,48.00000190734863
ISIC,WIPT,0.0,999,199,1399,45.33333480358124
ISIC,Support-only Transformer,0.0,999,199,1399,48.00000190734863
ISIC,ProtoNet,fixed,999,200,1400,37.33333349227905
ISIC,WIPT,0.0,999,200,1400,34.66666638851166
ISIC,Support-only Transformer,0.0,999,200,1400,33.33333432674408
ISIC,ProtoNet,fixed,999,201,1401,36.000001430511475
ISIC,WIPT,0.0,999,201,1401,36.000001430511475
ISIC,Support-only Transformer,0.0,999,201,1401,30.666667222976685
ISIC,ProtoNet,fixed,999,202,1402,46.666666865348816
ISIC,WIPT,0.0,999,202,1402,46.666666865348816
ISIC,Support-only Transformer,0.0,999,202,1402,40.00000059604645
ISIC,ProtoNet,fixed,999,203,1403,34.66666638851166
ISIC,WIPT,0.0,999,203,1403,37.33333349227905
ISIC,Support-only Transformer,0.0,999,203,1403,31.999999284744263
ISIC,ProtoNet,fixed,999,204,1404,31.999999284744263
ISIC,WIPT,0.0,999,204,1404,31.999999284744263
ISIC,Support-only Transformer,0.0,999,204,1404,28.00000011920929
ISIC,ProtoNet,fixed,999,205,1405,38.66666853427887
ISIC,WIPT,0.0,999,205,1405,34.66666638851166
ISIC,Support-only Transformer,0.0,999,205,1405,33.33333432674408
ISIC,ProtoNet,fixed,999,206,1406,43.99999976158142
ISIC,WIPT,0.0,999,206,1406,42.66666769981384
ISIC,Support-only Transformer,0.0,999,206,1406,33.33333432674408
ISIC,ProtoNet,fixed,999,207,1407,37.33333349227905
ISIC,WIPT,0.0,999,207,1407,36.000001430511475
ISIC,Support-only Transformer,0.0,999,207,1407,36.000001430511475
ISIC,ProtoNet,fixed,999,208,1408,43.99999976158142
ISIC,WIPT,0.0,999,208,1408,40.00000059604645
ISIC,Support-only Transformer,0.0,999,208,1408,34.66666638851166
ISIC,ProtoNet,fixed,999,209,1409,36.000001430511475
ISIC,WIPT,0.0,999,209,1409,36.000001430511475
ISIC,Support-only Transformer,0.0,999,209,1409,36.000001430511475
ISIC,ProtoNet,fixed,999,210,1410,33.33333432674408
ISIC,WIPT,0.0,999,210,1410,31.999999284744263
ISIC,Support-only Transformer,0.0,999,210,1410,33.33333432674408
ISIC,ProtoNet,fixed,999,211,1411,42.66666769981384
ISIC,WIPT,0.0,999,211,1411,37.33333349227905
ISIC,Support-only Transformer,0.0,999,211,1411,41.333335638046265
ISIC,ProtoNet,fixed,999,212,1412,42.66666769981384
ISIC,WIPT,0.0,999,212,1412,40.00000059604645
ISIC,Support-only Transformer,0.0,999,212,1412,40.00000059604645
ISIC,ProtoNet,fixed,999,213,1413,40.00000059604645
ISIC,WIPT,0.0,999,213,1413,40.00000059604645
ISIC,Support-only Transformer,0.0,999,213,1413,38.66666853427887
ISIC,ProtoNet,fixed,999,214,1414,36.000001430511475
ISIC,WIPT,0.0,999,214,1414,36.000001430511475
ISIC,Support-only Transformer,0.0,999,214,1414,33.33333432674408
ISIC,ProtoNet,fixed,999,215,1415,40.00000059604645
ISIC,WIPT,0.0,999,215,1415,38.66666853427887
ISIC,Support-only Transformer,0.0,999,215,1415,37.33333349227905
ISIC,ProtoNet,fixed,999,216,1416,28.00000011920929
ISIC,WIPT,0.0,999,216,1416,22.66666740179062
ISIC,Support-only Transformer,0.0,999,216,1416,24.000000953674316
ISIC,ProtoNet,fixed,999,217,1417,41.333335638046265
ISIC,WIPT,0.0,999,217,1417,38.66666853427887
ISIC,Support-only Transformer,0.0,999,217,1417,38.66666853427887
ISIC,ProtoNet,fixed,999,218,1418,31.999999284744263
ISIC,WIPT,0.0,999,218,1418,30.666667222976685
ISIC,Support-only Transformer,0.0,999,218,1418,36.000001430511475
ISIC,ProtoNet,fixed,999,219,1419,38.66666853427887
ISIC,WIPT,0.0,999,219,1419,34.66666638851166
ISIC,Support-only Transformer,0.0,999,219,1419,25.333333015441895
ISIC,ProtoNet,fixed,999,220,1420,36.000001430511475
ISIC,WIPT,0.0,999,220,1420,34.66666638851166
ISIC,Support-only Transformer,0.0,999,220,1420,38.66666853427887
ISIC,ProtoNet,fixed,999,221,1421,43.99999976158142
ISIC,WIPT,0.0,999,221,1421,41.333335638046265
ISIC,Support-only Transformer,0.0,999,221,1421,34.66666638851166
ISIC,ProtoNet,fixed,999,222,1422,37.33333349227905
ISIC,WIPT,0.0,999,222,1422,38.66666853427887
ISIC,Support-only Transformer,0.0,999,222,1422,34.66666638851166
ISIC,ProtoNet,fixed,999,223,1423,42.66666769981384
ISIC,WIPT,0.0,999,223,1423,42.66666769981384
ISIC,Support-only Transformer,0.0,999,223,1423,38.66666853427887
ISIC,ProtoNet,fixed,999,224,1424,33.33333432674408
ISIC,WIPT,0.0,999,224,1424,31.999999284744263
ISIC,Support-only Transformer,0.0,999,224,1424,29.333335161209106
ISIC,ProtoNet,fixed,999,225,1425,36.000001430511475
ISIC,WIPT,0.0,999,225,1425,33.33333432674408
ISIC,Support-only Transformer,0.0,999,225,1425,29.333335161209106
ISIC,ProtoNet,fixed,999,226,1426,30.666667222976685
ISIC,WIPT,0.0,999,226,1426,31.999999284744263
ISIC,Support-only Transformer,0.0,999,226,1426,31.999999284744263
ISIC,ProtoNet,fixed,999,227,1427,49.33333396911621
ISIC,WIPT,0.0,999,227,1427,50.66666603088379
ISIC,Support-only Transformer,0.0,999,227,1427,48.00000190734863
ISIC,ProtoNet,fixed,999,228,1428,48.00000190734863
ISIC,WIPT,0.0,999,228,1428,45.33333480358124
ISIC,Support-only Transformer,0.0,999,228,1428,41.333335638046265
ISIC,ProtoNet,fixed,999,229,1429,25.333333015441895
ISIC,WIPT,0.0,999,229,1429,24.000000953674316
ISIC,Support-only Transformer,0.0,999,229,1429,26.66666805744171
ISIC,ProtoNet,fixed,999,230,1430,24.000000953674316
ISIC,WIPT,0.0,999,230,1430,26.66666805744171
ISIC,Support-only Transformer,0.0,999,230,1430,28.00000011920929
ISIC,ProtoNet,fixed,999,231,1431,25.333333015441895
ISIC,WIPT,0.0,999,231,1431,25.333333015441895
ISIC,Support-only Transformer,0.0,999,231,1431,29.333335161209106
ISIC,ProtoNet,fixed,999,232,1432,36.000001430511475
ISIC,WIPT,0.0,999,232,1432,34.66666638851166
ISIC,Support-only Transformer,0.0,999,232,1432,28.00000011920929
ISIC,ProtoNet,fixed,999,233,1433,46.666666865348816
ISIC,WIPT,0.0,999,233,1433,46.666666865348816
ISIC,Support-only Transformer,0.0,999,233,1433,40.00000059604645
ISIC,ProtoNet,fixed,999,234,1434,25.333333015441895
ISIC,WIPT,0.0,999,234,1434,30.666667222976685
ISIC,Support-only Transformer,0.0,999,234,1434,22.66666740179062
ISIC,ProtoNet,fixed,999,235,1435,45.33333480358124
ISIC,WIPT,0.0,999,235,1435,45.33333480358124
ISIC,Support-only Transformer,0.0,999,235,1435,40.00000059604645
ISIC,ProtoNet,fixed,999,236,1436,56.00000023841858
ISIC,WIPT,0.0,999,236,1436,54.666668176651
ISIC,Support-only Transformer,0.0,999,236,1436,49.33333396911621
ISIC,ProtoNet,fixed,999,237,1437,31.999999284744263
ISIC,WIPT,0.0,999,237,1437,33.33333432674408
ISIC,Support-only Transformer,0.0,999,237,1437,33.33333432674408
ISIC,ProtoNet,fixed,999,238,1438,42.66666769981384
ISIC,WIPT,0.0,999,238,1438,42.66666769981384
ISIC,Support-only Transformer,0.0,999,238,1438,37.33333349227905
ISIC,ProtoNet,fixed,999,239,1439,42.66666769981384
ISIC,WIPT,0.0,999,239,1439,41.333335638046265
ISIC,Support-only Transformer,0.0,999,239,1439,41.333335638046265
ISIC,ProtoNet,fixed,999,240,1440,30.666667222976685
ISIC,WIPT,0.0,999,240,1440,29.333335161209106
ISIC,Support-only Transformer,0.0,999,240,1440,33.33333432674408
ISIC,ProtoNet,fixed,999,241,1441,33.33333432674408
ISIC,WIPT,0.0,999,241,1441,34.66666638851166
ISIC,Support-only Transformer,0.0,999,241,1441,31.999999284744263
ISIC,ProtoNet,fixed,999,242,1442,31.999999284744263
ISIC,WIPT,0.0,999,242,1442,33.33333432674408
ISIC,Support-only Transformer,0.0,999,242,1442,38.66666853427887
ISIC,ProtoNet,fixed,999,243,1443,52.000004053115845
ISIC,WIPT,0.0,999,243,1443,53.33333611488342
ISIC,Support-only Transformer,0.0,999,243,1443,43.99999976158142
ISIC,ProtoNet,fixed,999,244,1444,34.66666638851166
ISIC,WIPT,0.0,999,244,1444,33.33333432674408
ISIC,Support-only Transformer,0.0,999,244,1444,33.33333432674408
ISIC,ProtoNet,fixed,999,245,1445,36.000001430511475
ISIC,WIPT,0.0,999,245,1445,37.33333349227905
ISIC,Support-only Transformer,0.0,999,245,1445,38.66666853427887
ISIC,ProtoNet,fixed,999,246,1446,37.33333349227905
ISIC,WIPT,0.0,999,246,1446,37.33333349227905
ISIC,Support-only Transformer,0.0,999,246,1446,36.000001430511475
ISIC,ProtoNet,fixed,999,247,1447,41.333335638046265
ISIC,WIPT,0.0,999,247,1447,42.66666769981384
ISIC,Support-only Transformer,0.0,999,247,1447,43.99999976158142
ISIC,ProtoNet,fixed,999,248,1448,46.666666865348816
ISIC,WIPT,0.0,999,248,1448,45.33333480358124
ISIC,Support-only Transformer,0.0,999,248,1448,41.333335638046265
ISIC,ProtoNet,fixed,999,249,1449,41.333335638046265
ISIC,WIPT,0.0,999,249,1449,42.66666769981384
ISIC,Support-only Transformer,0.0,999,249,1449,40.00000059604645
ISIC,ProtoNet,fixed,999,250,1450,37.33333349227905
ISIC,WIPT,0.0,999,250,1450,37.33333349227905
ISIC,Support-only Transformer,0.0,999,250,1450,36.000001430511475
ISIC,ProtoNet,fixed,999,251,1451,49.33333396911621
ISIC,WIPT,0.0,999,251,1451,46.666666865348816
ISIC,Support-only Transformer,0.0,999,251,1451,42.66666769981384
ISIC,ProtoNet,fixed,999,252,1452,46.666666865348816
ISIC,WIPT,0.0,999,252,1452,43.99999976158142
ISIC,Support-only Transformer,0.0,999,252,1452,37.33333349227905
ISIC,ProtoNet,fixed,999,253,1453,37.33333349227905
ISIC,WIPT,0.0,999,253,1453,40.00000059604645
ISIC,Support-only Transformer,0.0,999,253,1453,34.66666638851166
ISIC,ProtoNet,fixed,999,254,1454,43.99999976158142
ISIC,WIPT,0.0,999,254,1454,41.333335638046265
ISIC,Support-only Transformer,0.0,999,254,1454,42.66666769981384
ISIC,ProtoNet,fixed,999,255,1455,41.333335638046265
ISIC,WIPT,0.0,999,255,1455,41.333335638046265
ISIC,Support-only Transformer,0.0,999,255,1455,34.66666638851166
ISIC,ProtoNet,fixed,999,256,1456,48.00000190734863
ISIC,WIPT,0.0,999,256,1456,45.33333480358124
ISIC,Support-only Transformer,0.0,999,256,1456,38.66666853427887
ISIC,ProtoNet,fixed,999,257,1457,41.333335638046265
ISIC,WIPT,0.0,999,257,1457,42.66666769981384
ISIC,Support-only Transformer,0.0,999,257,1457,41.333335638046265
ISIC,ProtoNet,fixed,999,258,1458,45.33333480358124
ISIC,WIPT,0.0,999,258,1458,48.00000190734863
ISIC,Support-only Transformer,0.0,999,258,1458,48.00000190734863
ISIC,ProtoNet,fixed,999,259,1459,40.00000059604645
ISIC,WIPT,0.0,999,259,1459,43.99999976158142
ISIC,Support-only Transformer,0.0,999,259,1459,41.333335638046265
ISIC,ProtoNet,fixed,999,260,1460,48.00000190734863
ISIC,WIPT,0.0,999,260,1460,38.66666853427887
ISIC,Support-only Transformer,0.0,999,260,1460,42.66666769981384
ISIC,ProtoNet,fixed,999,261,1461,40.00000059604645
ISIC,WIPT,0.0,999,261,1461,41.333335638046265
ISIC,Support-only Transformer,0.0,999,261,1461,38.66666853427887
ISIC,ProtoNet,fixed,999,262,1462,42.66666769981384
ISIC,WIPT,0.0,999,262,1462,38.66666853427887
ISIC,Support-only Transformer,0.0,999,262,1462,34.66666638851166
ISIC,ProtoNet,fixed,999,263,1463,34.66666638851166
ISIC,WIPT,0.0,999,263,1463,38.66666853427887
ISIC,Support-only Transformer,0.0,999,263,1463,40.00000059604645
ISIC,ProtoNet,fixed,999,264,1464,42.66666769981384
ISIC,WIPT,0.0,999,264,1464,42.66666769981384
ISIC,Support-only Transformer,0.0,999,264,1464,28.00000011920929
ISIC,ProtoNet,fixed,999,265,1465,34.66666638851166
ISIC,WIPT,0.0,999,265,1465,31.999999284744263
ISIC,Support-only Transformer,0.0,999,265,1465,34.66666638851166
ISIC,ProtoNet,fixed,999,266,1466,38.66666853427887
ISIC,WIPT,0.0,999,266,1466,34.66666638851166
ISIC,Support-only Transformer,0.0,999,266,1466,36.000001430511475
ISIC,ProtoNet,fixed,999,267,1467,34.66666638851166
ISIC,WIPT,0.0,999,267,1467,33.33333432674408
ISIC,Support-only Transformer,0.0,999,267,1467,36.000001430511475
ISIC,ProtoNet,fixed,999,268,1468,41.333335638046265
ISIC,WIPT,0.0,999,268,1468,41.333335638046265
ISIC,Support-only Transformer,0.0,999,268,1468,38.66666853427887
ISIC,ProtoNet,fixed,999,269,1469,37.33333349227905
ISIC,WIPT,0.0,999,269,1469,42.66666769981384
ISIC,Support-only Transformer,0.0,999,269,1469,38.66666853427887
ISIC,ProtoNet,fixed,999,270,1470,34.66666638851166
ISIC,WIPT,0.0,999,270,1470,30.666667222976685
ISIC,Support-only Transformer,0.0,999,270,1470,31.999999284744263
ISIC,ProtoNet,fixed,999,271,1471,37.33333349227905
ISIC,WIPT,0.0,999,271,1471,37.33333349227905
ISIC,Support-only Transformer,0.0,999,271,1471,31.999999284744263
ISIC,ProtoNet,fixed,999,272,1472,29.333335161209106
ISIC,WIPT,0.0,999,272,1472,26.66666805744171
ISIC,Support-only Transformer,0.0,999,272,1472,24.000000953674316
ISIC,ProtoNet,fixed,999,273,1473,41.333335638046265
ISIC,WIPT,0.0,999,273,1473,37.33333349227905
ISIC,Support-only Transformer,0.0,999,273,1473,36.000001430511475
ISIC,ProtoNet,fixed,999,274,1474,41.333335638046265
ISIC,WIPT,0.0,999,274,1474,40.00000059604645
ISIC,Support-only Transformer,0.0,999,274,1474,29.333335161209106
ISIC,ProtoNet,fixed,999,275,1475,42.66666769981384
ISIC,WIPT,0.0,999,275,1475,43.99999976158142
ISIC,Support-only Transformer,0.0,999,275,1475,45.33333480358124
ISIC,ProtoNet,fixed,999,276,1476,29.333335161209106
ISIC,WIPT,0.0,999,276,1476,28.00000011920929
ISIC,Support-only Transformer,0.0,999,276,1476,22.66666740179062
ISIC,ProtoNet,fixed,999,277,1477,40.00000059604645
ISIC,WIPT,0.0,999,277,1477,40.00000059604645
ISIC,Support-only Transformer,0.0,999,277,1477,34.66666638851166
ISIC,ProtoNet,fixed,999,278,1478,26.66666805744171
ISIC,WIPT,0.0,999,278,1478,28.00000011920929
ISIC,Support-only Transformer,0.0,999,278,1478,28.00000011920929
ISIC,ProtoNet,fixed,999,279,1479,34.66666638851166
ISIC,WIPT,0.0,999,279,1479,36.000001430511475
ISIC,Support-only Transformer,0.0,999,279,1479,29.333335161209106
ISIC,ProtoNet,fixed,999,280,1480,36.000001430511475
ISIC,WIPT,0.0,999,280,1480,37.33333349227905
ISIC,Support-only Transformer,0.0,999,280,1480,38.66666853427887
ISIC,ProtoNet,fixed,999,281,1481,40.00000059604645
ISIC,WIPT,0.0,999,281,1481,43.99999976158142
ISIC,Support-only Transformer,0.0,999,281,1481,49.33333396911621
ISIC,ProtoNet,fixed,999,282,1482,31.999999284744263
ISIC,WIPT,0.0,999,282,1482,31.999999284744263
ISIC,Support-only Transformer,0.0,999,282,1482,33.33333432674408
ISIC,ProtoNet,fixed,999,283,1483,36.000001430511475
ISIC,WIPT,0.0,999,283,1483,37.33333349227905
ISIC,Support-only Transformer,0.0,999,283,1483,33.33333432674408
ISIC,ProtoNet,fixed,999,284,1484,38.66666853427887
ISIC,WIPT,0.0,999,284,1484,37.33333349227905
ISIC,Support-only Transformer,0.0,999,284,1484,37.33333349227905
ISIC,ProtoNet,fixed,999,285,1485,46.666666865348816
ISIC,WIPT,0.0,999,285,1485,45.33333480358124
ISIC,Support-only Transformer,0.0,999,285,1485,37.33333349227905
ISIC,ProtoNet,fixed,999,286,1486,26.66666805744171
ISIC,WIPT,0.0,999,286,1486,26.66666805744171
ISIC,Support-only Transformer,0.0,999,286,1486,29.333335161209106
ISIC,ProtoNet,fixed,999,287,1487,29.333335161209106
ISIC,WIPT,0.0,999,287,1487,29.333335161209106
ISIC,Support-only Transformer,0.0,999,287,1487,30.666667222976685
ISIC,ProtoNet,fixed,999,288,1488,45.33333480358124
ISIC,WIPT,0.0,999,288,1488,41.333335638046265
ISIC,Support-only Transformer,0.0,999,288,1488,43.99999976158142
ISIC,ProtoNet,fixed,999,289,1489,37.33333349227905
ISIC,WIPT,0.0,999,289,1489,36.000001430511475
ISIC,Support-only Transformer,0.0,999,289,1489,34.66666638851166
ISIC,ProtoNet,fixed,999,290,1490,31.999999284744263
ISIC,WIPT,0.0,999,290,1490,29.333335161209106
ISIC,Support-only Transformer,0.0,999,290,1490,26.66666805744171
ISIC,ProtoNet,fixed,999,291,1491,40.00000059604645
ISIC,WIPT,0.0,999,291,1491,40.00000059604645
ISIC,Support-only Transformer,0.0,999,291,1491,42.66666769981384
ISIC,ProtoNet,fixed,999,292,1492,26.66666805744171
ISIC,WIPT,0.0,999,292,1492,24.000000953674316
ISIC,Support-only Transformer,0.0,999,292,1492,24.000000953674316
ISIC,ProtoNet,fixed,999,293,1493,46.666666865348816
ISIC,WIPT,0.0,999,293,1493,43.99999976158142
ISIC,Support-only Transformer,0.0,999,293,1493,43.99999976158142
ISIC,ProtoNet,fixed,999,294,1494,37.33333349227905
ISIC,WIPT,0.0,999,294,1494,33.33333432674408
ISIC,Support-only Transformer,0.0,999,294,1494,30.666667222976685
ISIC,ProtoNet,fixed,999,295,1495,34.66666638851166
ISIC,WIPT,0.0,999,295,1495,37.33333349227905
ISIC,Support-only Transformer,0.0,999,295,1495,33.33333432674408
ISIC,ProtoNet,fixed,999,296,1496,38.66666853427887
ISIC,WIPT,0.0,999,296,1496,36.000001430511475
ISIC,Support-only Transformer,0.0,999,296,1496,38.66666853427887
ISIC,ProtoNet,fixed,999,297,1497,42.66666769981384
ISIC,WIPT,0.0,999,297,1497,42.66666769981384
ISIC,Support-only Transformer,0.0,999,297,1497,37.33333349227905
ISIC,ProtoNet,fixed,999,298,1498,34.66666638851166
ISIC,WIPT,0.0,999,298,1498,36.000001430511475
ISIC,Support-only Transformer,0.0,999,298,1498,34.66666638851166
ISIC,ProtoNet,fixed,999,299,1499,34.66666638851166
ISIC,WIPT,0.0,999,299,1499,30.666667222976685
ISIC,Support-only Transformer,0.0,999,299,1499,34.66666638851166
