dataset,episode,protonet_margin,support_transformer_margin,wipt_margin,wipt_minus_protonet,wipt_minus_support_transformer
CUB,0,0.343862,0.299,0.3438,-6.20000000000065e-05,0.0448
CUB,1,0.341774,0.2961,0.3371,-0.004674,0.041
CUB,2,0.303956,0.2578,0.3052,0.001244,0.0474
CUB,3,0.283623,0.2284,0.2806,-0.0030229999999999,0.0522
CUB,4,0.416957,0.3512,0.4091,-0.007857,0.0579
CUB,5,0.31354,0.275,0.3083,-0.0052399999999999,0.0332999999999999
CUB,6,0.358143,0.3135,0.3571,-0.001043,0.0435999999999999
CUB,7,0.408875,0.3455,0.4138,0.004925,0.0683
CUB,8,0.335094,0.2666,0.3323,-0.002794,0.0656999999999999
CUB,9,0.354979,0.3072,0.3535,-0.001479,0.0463
CUB,10,0.346016,0.29,0.3459,-0.000116,0.0559
CUB,11,0.38908,0.3361,0.39,0.00092,0.0539
CUB,12,0.353869,0.2863,0.3507,-0.0031689999999999,0.0644
CUB,13,0.376304,0.3018,0.3711,-0.005204,0.0692999999999999
CUB,14,0.32592,0.2785,0.3274,0.00148,0.0489
CUB,15,0.317966,0.2584,0.3132,-0.004766,0.0547999999999999
CUB,16,0.285223,0.2345,0.2864,0.0011769999999999,0.0519
CUB,17,0.31979,0.2872,0.3199,0.0001099999999999,0.0327
CUB,18,0.304127,0.2513,0.2999,-0.0042269999999999,0.0485999999999999
CUB,19,0.36776,0.3157,0.3669,-0.0008599999999999,0.0512
CUB,20,0.35969,0.295,0.3593,-0.00039,0.0643
CUB,21,0.291596,0.2585,0.2959,0.0043039999999999,0.0373999999999999
CUB,22,0.364565,0.3076,0.3624,-0.0021649999999999,0.0548
CUB,23,0.245504,0.2145,0.2445,-0.001004,0.03
CUB,24,0.272554,0.235,0.2741,0.0015459999999999,0.0391
CUB,25,0.303688,0.2686,0.3047,0.001012,0.0361
CUB,26,0.415436,0.3582,0.4096,-0.005836,0.0514
CUB,27,0.337275,0.2797,0.3322,-0.0050749999999999,0.0524999999999999
CUB,28,0.374204,0.3293,0.3761,0.001896,0.0468
CUB,29,0.343552,0.2972,0.34,-0.0035519999999999,0.0428
CUB,30,0.313062,0.2828,0.3137,0.0006379999999999,0.0308999999999999
CUB,31,0.337265,0.2913,0.3411,0.003835,0.0498
CUB,32,0.368116,0.3177,0.3651,-0.003016,0.0474
CUB,33,0.330929,0.2706,0.3309,-2.8999999999945736e-05,0.0603
CUB,34,0.30722,0.246,0.3067,-0.00052,0.0606999999999999
CUB,35,0.356916,0.3213,0.3629,0.0059839999999999,0.0416
CUB,36,0.326678,0.279,0.3303,0.0036219999999999,0.0512999999999999
CUB,37,0.294165,0.2452,0.2892,-0.0049649999999999,0.044
CUB,38,0.340957,0.2839,0.343,0.002043,0.0591
CUB,39,0.447436,0.3811,0.4416,-0.005836,0.0605
CUB,40,0.3861,0.3261,0.3825,-0.0035999999999999,0.0564
CUB,41,0.310125,0.2559,0.3055,-0.0046249999999999,0.0495999999999999
CUB,42,0.256955,0.218,0.2518,-0.0051549999999999,0.0338
CUB,43,0.292939,0.2467,0.2893,-0.003639,0.0426
CUB,44,0.214313,0.1822,0.2135,-0.000813,0.0312999999999999
CUB,45,0.357458,0.2994,0.3548,-0.0026579999999999,0.0554
CUB,46,0.349384,0.2755,0.3495,0.000116,0.0739999999999999
CUB,47,0.276634,0.229,0.2733,-0.003334,0.0442999999999999
CUB,48,0.41374,0.3619,0.4152,0.00146,0.0533
CUB,49,0.238818,0.1982,0.24,0.0011819999999999,0.0418
CUB,50,0.346069,0.3024,0.3451,-0.0009689999999999,0.0427
CUB,51,0.32257,0.2789,0.3229,0.0003299999999999,0.044
CUB,52,0.28235,0.2334,0.2841,0.00175,0.0507
CUB,53,0.357381,0.3203,0.3542,-0.0031809999999999,0.0339
CUB,54,0.250666,0.2073,0.2461,-0.0045659999999999,0.0388
CUB,55,0.354645,0.3106,0.3492,-0.0054449999999999,0.0386
CUB,56,0.26754,0.2201,0.2685,0.00096,0.0484
CUB,57,0.334022,0.281,0.3331,-0.0009219999999999,0.0520999999999999
CUB,58,0.291489,0.2335,0.289,-0.002489,0.0554999999999999
CUB,59,0.381422,0.3217,0.384,0.002578,0.0623
CUB,60,0.366305,0.3043,0.3648,-0.0015049999999999,0.0605
CUB,61,0.284664,0.2455,0.2853,0.000636,0.0398
CUB,62,0.305986,0.2483,0.3103,0.004314,0.062
CUB,63,0.304025,0.2693,0.3032,-0.0008249999999999,0.0339
CUB,64,0.384534,0.3229,0.3851,0.000566,0.0621999999999999
CUB,65,0.31756,0.2655,0.3215,0.0039399999999999,0.0559999999999999
CUB,66,0.318036,0.2719,0.3243,0.0062639999999999,0.0524
CUB,67,0.35187,0.2907,0.3455,-0.00637,0.0547999999999999
CUB,68,0.216516,0.1811,0.215,-0.0015159999999999,0.0338999999999999
CUB,69,0.377604,0.2982,0.3735,-0.0041039999999999,0.0752999999999999
CUB,70,0.376069,0.3215,0.3739,-0.0021689999999999,0.0524
CUB,71,0.311907,0.2586,0.3111,-0.000807,0.0524999999999999
CUB,72,0.294158,0.2399,0.2958,0.001642,0.0559
CUB,73,0.374917,0.3243,0.366,-0.008917,0.0417
CUB,74,0.310604,0.2522,0.3078,-0.0028039999999999,0.0556
CUB,75,0.145113,0.1032,0.1466,0.001487,0.0434
CUB,76,0.313702,0.2676,0.3207,0.006998,0.0530999999999999
CUB,77,0.256002,0.2268,0.2567,0.0006979999999999,0.0298999999999999
CUB,78,0.255142,0.2117,0.2588,0.0036579999999999,0.0470999999999999
CUB,79,0.323946,0.2659,0.3223,-0.001646,0.0563999999999999
CUB,80,0.412383,0.3384,0.4115,-0.000883,0.0731
CUB,81,0.267978,0.2279,0.2721,0.004122,0.0442
CUB,82,0.30595,0.2589,0.3091,0.0031499999999999,0.0501999999999999
CUB,83,0.378744,0.3259,0.3819,0.0031559999999999,0.0559999999999999
CUB,84,0.33093,0.275,0.3299,-0.0010299999999999,0.0549
CUB,85,0.310864,0.2664,0.3163,0.005436,0.0499
CUB,86,0.335427,0.2892,0.3332,-0.0022269999999999,0.0439999999999999
CUB,87,0.310656,0.2748,0.3147,0.0040439999999999,0.0398999999999999
CUB,88,0.377216,0.3178,0.3727,-0.004516,0.0548999999999999
CUB,89,0.333344,0.2587,0.3247,-0.0086439999999999,0.066
CUB,90,0.309666,0.2728,0.3134,0.003734,0.0406
CUB,91,0.368742,0.3124,0.3672,-0.0015419999999999,0.0548
CUB,92,0.29821,0.2513,0.2942,-0.0040099999999999,0.0428999999999999
CUB,93,0.443084,0.3744,0.4441,0.001016,0.0696999999999999
CUB,94,0.342377,0.2955,0.3422,-0.0001769999999999,0.0467
CUB,95,0.303667,0.2429,0.2997,-0.0039669999999999,0.0568
CUB,96,0.305241,0.2611,0.3053,5.900000000003125e-05,0.0442
CUB,97,0.336076,0.2942,0.3375,0.001424,0.0433
CUB,98,0.41555,0.3567,0.4155,-4.999999999999449e-05,0.0587999999999999
CUB,99,0.375311,0.3064,0.3718,-0.0035109999999999,0.0654
CUB,100,0.323551,0.2714,0.3259,0.002349,0.0545
CUB,101,0.2904,0.2487,0.2939,0.0035,0.0451999999999999
CUB,102,0.283119,0.2464,0.2854,0.0022809999999999,0.0389999999999999
CUB,103,0.318871,0.2648,0.3172,-0.001671,0.0524
CUB,104,0.233961,0.1839,0.2382,0.0042389999999999,0.0542999999999999
CUB,105,0.316846,0.2709,0.3174,0.0005539999999999,0.0465
CUB,106,0.319468,0.2651,0.3142,-0.0052679999999999,0.0490999999999999
CUB,107,0.323737,0.2684,0.3197,-0.004037,0.0512999999999999
CUB,108,0.186999,0.1569,0.1863,-0.000699,0.0293999999999999
CUB,109,0.233787,0.2044,0.2315,-0.0022869999999999,0.0271
CUB,110,0.346318,0.2809,0.3444,-0.001918,0.0635
CUB,111,0.289571,0.2376,0.2877,-0.001871,0.0501
CUB,112,0.329716,0.2612,0.3297,-1.6000000000016e-05,0.0685
CUB,113,0.373517,0.3229,0.3682,-0.0053169999999999,0.0453
CUB,114,0.32044,0.2819,0.3178,-0.0026399999999999,0.0359
CUB,115,0.352418,0.3158,0.352,-0.000418,0.0361999999999999
CUB,116,0.30019,0.2624,0.3055,0.0053099999999999,0.0430999999999999
CUB,117,0.314728,0.257,0.3132,-0.001528,0.0561999999999999
CUB,118,0.357905,0.3139,0.3579,-4.999999999977245e-06,0.0439999999999999
CUB,119,0.243893,0.209,0.241,-0.002893,0.032
CUB,120,0.228432,0.178,0.2288,0.000368,0.0508
CUB,121,0.291577,0.2203,0.2908,-0.0007769999999999,0.0705
CUB,122,0.269489,0.2439,0.2682,-0.0012889999999999,0.0242999999999999
CUB,123,0.29196,0.2523,0.2896,-0.0023599999999999,0.0373
CUB,124,0.331175,0.2952,0.3263,-0.004875,0.0310999999999999
CUB,125,0.320566,0.273,0.318,-0.002566,0.0449999999999999
CUB,126,0.25824,0.2071,0.2575,-0.00074,0.0504
CUB,127,0.256879,0.2264,0.26,0.0031209999999999,0.0336
CUB,128,0.271964,0.2245,0.2696,-0.0023639999999999,0.0451
CUB,129,0.295446,0.2523,0.2967,0.001254,0.0443999999999999
CUB,130,0.391184,0.3214,0.3915,0.000316,0.0701
CUB,131,0.337122,0.2869,0.3408,0.003678,0.0539
CUB,132,0.330294,0.2825,0.3235,-0.0067939999999999,0.041
CUB,133,0.345714,0.292,0.347,0.0012859999999999,0.0549999999999999
CUB,134,0.312923,0.2752,0.3152,0.0022769999999999,0.0399999999999999
CUB,135,0.307376,0.2644,0.3066,-0.0007759999999999,0.0421999999999999
CUB,136,0.348696,0.3005,0.3472,-0.0014959999999999,0.0467
CUB,137,0.212211,0.1766,0.2136,0.001389,0.037
CUB,138,0.401308,0.3382,0.4037,0.002392,0.0655
CUB,139,0.372788,0.3259,0.3667,-0.0060879999999999,0.0408
CUB,140,0.342429,0.3039,0.3442,0.001771,0.0403
CUB,141,0.314316,0.2636,0.3167,0.0023839999999999,0.0530999999999999
CUB,142,0.326396,0.2713,0.3234,-0.0029959999999999,0.0521
CUB,143,0.293688,0.258,0.2945,0.0008119999999999,0.0364999999999999
CUB,144,0.313263,0.2686,0.3178,0.004537,0.0492
CUB,145,0.312065,0.2685,0.3142,0.0021349999999999,0.0456999999999999
CUB,146,0.457951,0.4012,0.4649,0.0069489999999999,0.0636999999999999
CUB,147,0.360656,0.314,0.3642,0.003544,0.0502
CUB,148,0.265454,0.2415,0.2684,0.002946,0.0269
CUB,149,0.384309,0.3086,0.3819,-0.0024089999999999,0.0733
CUB,150,0.25051,0.2035,0.2527,0.0021899999999999,0.0491999999999999
CUB,151,0.323837,0.2787,0.3241,0.000263,0.0453999999999999
CUB,152,0.338166,0.2777,0.3344,-0.003766,0.0566999999999999
CUB,153,0.292083,0.2361,0.294,0.001917,0.0578999999999999
CUB,154,0.356795,0.321,0.3616,0.004805,0.0405999999999999
CUB,155,0.28933,0.2448,0.2865,-0.0028299999999999,0.0416999999999999
CUB,156,0.144099,0.1266,0.1415,-0.002599,0.0148999999999999
CUB,157,0.275602,0.2256,0.2752,-0.000402,0.0496
CUB,158,0.295805,0.2614,0.3009,0.005095,0.0394999999999999
CUB,159,0.256909,0.2075,0.2611,0.004191,0.0536
CUB,160,0.348091,0.3033,0.3484,0.000309,0.0450999999999999
CUB,161,0.366699,0.3192,0.363,-0.003699,0.0438
CUB,162,0.369137,0.31,0.3747,0.0055629999999999,0.0646999999999999
CUB,163,0.283223,0.2464,0.2857,0.002477,0.0393
CUB,164,0.362525,0.2943,0.3559,-0.0066249999999999,0.0615999999999999
CUB,165,0.348582,0.2856,0.347,-0.001582,0.0613999999999999
CUB,166,0.325887,0.2666,0.3264,0.000513,0.0598
CUB,167,0.328924,0.2888,0.3279,-0.0010239999999999,0.0391
CUB,168,0.333521,0.2772,0.3341,0.0005789999999999,0.0569
CUB,169,0.386634,0.3246,0.3818,-0.004834,0.0571999999999999
CUB,170,0.252667,0.1984,0.2484,-0.0042669999999999,0.05
CUB,171,0.289055,0.2435,0.2873,-0.001755,0.0438
CUB,172,0.393998,0.3417,0.3986,0.0046019999999999,0.0569
CUB,173,0.396238,0.3312,0.39,-0.0062379999999999,0.0588
CUB,174,0.374194,0.3112,0.3734,-0.000794,0.0622
CUB,175,0.321452,0.2721,0.3225,0.0010479999999999,0.0504
CUB,176,0.374786,0.3202,0.3724,-0.0023859999999999,0.0522
CUB,177,0.31057,0.2518,0.31,-0.00057,0.0581999999999999
CUB,178,0.327323,0.2862,0.3228,-0.0045229999999999,0.0365999999999999
CUB,179,0.318493,0.2675,0.3135,-0.004993,0.0459999999999999
CUB,180,0.322477,0.2955,0.3201,-0.002377,0.0246
CUB,181,0.264099,0.2128,0.259,-0.0050989999999999,0.0462
CUB,182,0.397048,0.368,0.4011,0.004052,0.0331
CUB,183,0.310042,0.2739,0.3065,-0.0035419999999999,0.0326
CUB,184,0.364272,0.3199,0.3648,0.000528,0.0448999999999999
CUB,185,0.395149,0.347,0.396,0.000851,0.049
CUB,186,0.370931,0.3106,0.3756,0.0046689999999999,0.065
CUB,187,0.382104,0.3133,0.3773,-0.0048039999999999,0.064
CUB,188,0.351743,0.3009,0.3497,-0.0020429999999999,0.0488
CUB,189,0.330908,0.2674,0.3269,-0.0040079999999999,0.0595
CUB,190,0.342604,0.2951,0.3408,-0.001804,0.0457
CUB,191,0.342699,0.2838,0.3401,-0.0025989999999999,0.0563
CUB,192,0.376299,0.318,0.3747,-0.001599,0.0566999999999999
CUB,193,0.295169,0.2529,0.2925,-0.002669,0.0395999999999999
CUB,194,0.288117,0.2378,0.2884,0.0002829999999999,0.0505999999999999
CUB,195,0.268124,0.2094,0.2678,-0.0003239999999999,0.0583999999999999
CUB,196,0.4036,0.3466,0.4066,0.003,0.06
CUB,197,0.205501,0.1694,0.2066,0.001099,0.0372
CUB,198,0.344491,0.3098,0.3423,-0.0021909999999999,0.0324999999999999
CUB,199,0.367414,0.3092,0.3649,-0.002514,0.0557
CUB,200,0.348821,0.2995,0.3421,-0.0067209999999999,0.0426
CUB,201,0.232866,0.2016,0.2338,0.000934,0.0322
CUB,202,0.297802,0.2371,0.2907,-0.0071019999999999,0.0536
CUB,203,0.291412,0.2554,0.2918,0.0003879999999999,0.0363999999999999
CUB,204,0.316832,0.2826,0.3213,0.0044679999999999,0.0386999999999999
CUB,205,0.331622,0.2662,0.3324,0.000778,0.0661999999999999
CUB,206,0.348641,0.2818,0.3466,-0.0020409999999999,0.0648
CUB,207,0.226097,0.2044,0.2221,-0.003997,0.0176999999999999
CUB,208,0.348895,0.2877,0.3504,0.0015049999999999,0.0626999999999999
CUB,209,0.394362,0.3266,0.3936,-0.0007619999999999,0.067
CUB,210,0.402402,0.3314,0.4034,0.0009979999999999,0.072
CUB,211,0.160806,0.1266,0.1561,-0.004706,0.0295
CUB,212,0.329094,0.29,0.3248,-0.004294,0.0348
CUB,213,0.373554,0.3115,0.3654,-0.0081539999999999,0.0539
CUB,214,0.288784,0.2409,0.2895,0.0007159999999999,0.0485999999999999
CUB,215,0.210575,0.1736,0.2119,0.0013249999999999,0.0383
CUB,216,0.358811,0.3008,0.3576,-0.001211,0.0567999999999999
CUB,217,0.29356,0.2457,0.294,0.0004399999999999,0.0482999999999999
CUB,218,0.201002,0.1714,0.2015,0.000498,0.0301
CUB,219,0.255006,0.2065,0.2556,0.0005939999999999,0.0491
CUB,220,0.332983,0.2898,0.3344,0.001417,0.0445999999999999
CUB,221,0.384091,0.339,0.382,-0.002091,0.0429999999999999
CUB,222,0.363613,0.3071,0.3627,-0.0009129999999999,0.0556
CUB,223,0.20895,0.1942,0.2155,0.00655,0.0212999999999999
CUB,224,0.369949,0.3161,0.3713,0.001351,0.0552
CUB,225,0.355214,0.276,0.3502,-0.0050139999999999,0.0741999999999999
CUB,226,0.33711,0.2809,0.3363,-0.00081,0.0554
CUB,227,0.401246,0.3393,0.4019,0.0006539999999999,0.0625999999999999
CUB,228,0.351441,0.3066,0.3491,-0.0023409999999999,0.0425
CUB,229,0.354998,0.2998,0.3504,-0.0045979999999999,0.0505999999999999
CUB,230,0.307314,0.2535,0.3041,-0.0032139999999999,0.0505999999999999
CUB,231,0.372104,0.3222,0.3679,-0.0042039999999999,0.0457
CUB,232,0.345456,0.2814,0.3461,0.000644,0.0647
CUB,233,0.342732,0.2907,0.3374,-0.005332,0.0466999999999999
CUB,234,0.340793,0.2818,0.3415,0.000707,0.0597
CUB,235,0.385837,0.3151,0.3887,0.002863,0.0736
CUB,236,0.30094,0.2485,0.301,6.0000000000004494e-05,0.0524999999999999
CUB,237,0.410498,0.3542,0.4063,-0.0041979999999999,0.0520999999999999
CUB,238,0.328674,0.2764,0.326,-0.002674,0.0496
CUB,239,0.259109,0.2111,0.2553,-0.0038089999999999,0.0442
CUB,240,0.387771,0.32,0.3817,-0.0060709999999999,0.0616999999999999
CUB,241,0.299718,0.2437,0.2994,-0.0003179999999999,0.0557
CUB,242,0.227638,0.1871,0.2213,-0.006338,0.0342
CUB,243,0.415022,0.3512,0.4113,-0.003722,0.0600999999999999
CUB,244,0.361212,0.3055,0.3613,8.80000000000325e-05,0.0558
CUB,245,0.247807,0.2036,0.2472,-0.0006069999999999,0.0436
CUB,246,0.280189,0.233,0.2776,-0.002589,0.0446
CUB,247,0.29161,0.2424,0.2861,-0.0055099999999999,0.0437
CUB,248,0.265314,0.2227,0.266,0.000686,0.0433
CUB,249,0.337301,0.2933,0.3314,-0.005901,0.0380999999999999
CUB,250,0.254531,0.2204,0.2573,0.0027689999999999,0.0368999999999999
CUB,251,0.188108,0.152,0.1844,-0.0037079999999999,0.0324
CUB,252,0.32542,0.2746,0.3239,-0.0015199999999999,0.0493
CUB,253,0.395865,0.3245,0.392,-0.003865,0.0675
CUB,254,0.380532,0.327,0.38,-0.0005319999999999,0.0529999999999999
CUB,255,0.224905,0.1657,0.2208,-0.0041049999999999,0.0551
CUB,256,0.194985,0.1752,0.1979,0.002915,0.0226999999999999
CUB,257,0.357835,0.2813,0.3489,-0.008935,0.0676
CUB,258,0.324761,0.2759,0.3294,0.004639,0.0535
CUB,259,0.35968,0.3135,0.3626,0.0029199999999999,0.0490999999999999
CUB,260,0.400472,0.3327,0.3998,-0.000672,0.0670999999999999
CUB,261,0.340255,0.2975,0.3444,0.004145,0.0469
CUB,262,0.3936,0.324,0.3905,-0.0030999999999999,0.0665
CUB,263,0.440129,0.3629,0.4411,0.0009709999999999,0.0781999999999999
CUB,264,0.424598,0.3623,0.4267,0.002102,0.0644
CUB,265,0.32646,0.2728,0.3253,-0.0011599999999999,0.0524999999999999
CUB,266,0.231486,0.1993,0.2296,-0.0018859999999999,0.0302999999999999
CUB,267,0.287221,0.2205,0.288,0.0007789999999999,0.0674999999999999
CUB,268,0.395558,0.3332,0.3957,0.0001419999999999,0.0625
CUB,269,0.334691,0.2766,0.3378,0.0031089999999999,0.0611999999999999
CUB,270,0.415499,0.3484,0.4112,-0.0042989999999999,0.0628
CUB,271,0.410158,0.3504,0.4141,0.003942,0.0637
CUB,272,0.332862,0.2867,0.3318,-0.001062,0.0450999999999999
CUB,273,0.360961,0.3083,0.3591,-0.001861,0.0507999999999999
CUB,274,0.395691,0.3471,0.3977,0.0020089999999999,0.0505999999999999
CUB,275,0.298344,0.2567,0.3039,0.005556,0.0472
CUB,276,0.282864,0.2334,0.284,0.0011359999999999,0.0505999999999999
CUB,277,0.263228,0.1999,0.2575,-0.005728,0.0576
CUB,278,0.318482,0.2615,0.3189,0.000418,0.0574
CUB,279,0.322756,0.2592,0.3221,-0.0006559999999999,0.0629
CUB,280,0.321162,0.278,0.3118,-0.0093619999999999,0.0338
CUB,281,0.274172,0.2346,0.2765,0.0023279999999999,0.0419
CUB,282,0.378007,0.3286,0.3819,0.003893,0.0533
CUB,283,0.386546,0.3195,0.3902,0.0036539999999999,0.0706999999999999
CUB,284,0.375026,0.3138,0.3712,-0.003826,0.0573999999999999
CUB,285,0.374017,0.3032,0.3724,-0.0016169999999999,0.0691999999999999
CUB,286,0.260953,0.2302,0.2616,0.000647,0.0314
CUB,287,0.234958,0.1986,0.2335,-0.0014579999999999,0.0349
CUB,288,0.376879,0.308,0.3731,-0.003779,0.0650999999999999
CUB,289,0.330599,0.2983,0.3303,-0.0002989999999999,0.0319999999999999
CUB,290,0.323432,0.2865,0.318,-0.0054319999999999,0.0315
CUB,291,0.314936,0.2691,0.314,-0.0009359999999999,0.0448999999999999
CUB,292,0.309307,0.2625,0.3073,-0.0020069999999999,0.0448
CUB,293,0.339407,0.2898,0.3422,0.0027929999999999,0.0524
CUB,294,0.384945,0.3209,0.3809,-0.0040449999999999,0.06
CUB,295,0.370699,0.3181,0.3709,0.000201,0.0528
CUB,296,0.130685,0.1079,0.1321,0.0014149999999999,0.0242
CUB,297,0.220512,0.1802,0.2215,0.0009879999999999,0.0413
CUB,298,0.320835,0.2635,0.3258,0.0049649999999999,0.0622999999999999
CUB,299,0.310347,0.2631,0.3122,0.0018529999999999,0.0490999999999999
CUB,300,0.435287,0.3704,0.4336,-0.0016869999999999,0.0631999999999999
CUB,301,0.372895,0.3179,0.3723,-0.0005949999999999,0.0544
CUB,302,0.341308,0.2754,0.3387,-0.0026079999999999,0.0633
CUB,303,0.343161,0.2975,0.3424,-0.000761,0.0448999999999999
CUB,304,0.276114,0.2215,0.2772,0.0010859999999999,0.0557
CUB,305,0.218602,0.1819,0.2246,0.005998,0.0426999999999999
CUB,306,0.330031,0.2829,0.3276,-0.002431,0.0447
CUB,307,0.365639,0.3203,0.3654,-0.0002389999999999,0.0451
CUB,308,0.316445,0.2617,0.3143,-0.0021449999999999,0.0526
CUB,309,0.390409,0.3142,0.3873,-0.003109,0.0731
CUB,310,0.4009,0.3374,0.4059,0.005,0.0685
CUB,311,0.32041,0.2662,0.3178,-0.0026099999999999,0.0516
CUB,312,0.335169,0.2814,0.3352,3.100000000000325e-05,0.0538
CUB,313,0.357457,0.2961,0.3548,-0.002657,0.0587
CUB,314,0.323492,0.2659,0.3207,-0.002792,0.0547999999999999
CUB,315,0.340946,0.2771,0.3422,0.0012539999999999,0.0650999999999999
CUB,316,0.409821,0.3198,0.4016,-0.0082209999999999,0.0818
CUB,317,0.354519,0.2839,0.3539,-0.0006189999999999,0.07
CUB,318,0.2759,0.2292,0.2734,-0.0025,0.0441999999999999
CUB,319,0.362,0.3331,0.3607,-0.0012999999999999,0.0276
CUB,320,0.261678,0.218,0.2648,0.0031219999999999,0.0467999999999999
CUB,321,0.363525,0.304,0.3617,-0.0018249999999999,0.0577
CUB,322,0.414004,0.3629,0.4161,0.002096,0.0532
CUB,323,0.325914,0.3028,0.3231,-0.0028139999999999,0.0202999999999999
CUB,324,0.382133,0.3131,0.3783,-0.0038329999999999,0.0652
CUB,325,0.28436,0.2259,0.2824,-0.00196,0.0564999999999999
CUB,326,0.376955,0.3178,0.3699,-0.0070549999999999,0.0520999999999999
CUB,327,0.363795,0.3251,0.3658,0.002005,0.0407
CUB,328,0.266757,0.2293,0.2625,-0.004257,0.0332
CUB,329,0.387155,0.3303,0.384,-0.003155,0.0537
CUB,330,0.320107,0.263,0.3151,-0.0050069999999999,0.0520999999999999
CUB,331,0.38692,0.3478,0.3851,-0.0018199999999999,0.0373
CUB,332,0.282976,0.2709,0.2813,-0.001676,0.0104
CUB,333,0.279977,0.2326,0.2757,-0.0042769999999999,0.0431
CUB,334,0.387044,0.3455,0.3986,0.011556,0.0531
CUB,335,0.308935,0.2583,0.3068,-0.0021349999999999,0.0485
CUB,336,0.345796,0.3054,0.3415,-0.0042959999999999,0.0361
CUB,337,0.374378,0.3037,0.374,-0.0003779999999999,0.0702999999999999
CUB,338,0.285363,0.2313,0.2897,0.004337,0.0584
CUB,339,0.389616,0.3331,0.3904,0.000784,0.0573
CUB,340,0.299011,0.2576,0.2966,-0.002411,0.0389999999999999
CUB,341,0.343109,0.2951,0.3374,-0.005709,0.0423
CUB,342,0.395568,0.3247,0.3984,0.002832,0.0736999999999999
CUB,343,0.304046,0.2658,0.3001,-0.003946,0.0343
CUB,344,0.265281,0.2242,0.2652,-8.099999999999774e-05,0.0409999999999999
CUB,345,0.335463,0.2832,0.3403,0.0048369999999999,0.0570999999999999
CUB,346,0.225895,0.1951,0.2293,0.0034049999999999,0.0342
CUB,347,0.33364,0.2788,0.3322,-0.0014399999999999,0.0534
CUB,348,0.371194,0.3093,0.366,-0.005194,0.0566999999999999
CUB,349,0.324727,0.3074,0.3253,0.0005729999999999,0.0178999999999999
CUB,350,0.270111,0.2207,0.2702,8.900000000000574e-05,0.0494999999999999
CUB,351,0.282061,0.2257,0.282,-6.100000000003325e-05,0.0562999999999999
CUB,352,0.289857,0.25,0.2936,0.003743,0.0436
CUB,353,0.320427,0.2878,0.3245,0.0040729999999999,0.0367
CUB,354,0.41565,0.3638,0.4163,0.0006499999999999,0.0524999999999999
CUB,355,0.335243,0.2943,0.3348,-0.000443,0.0404999999999999
CUB,356,0.276989,0.2444,0.281,0.004011,0.0366
CUB,357,0.245526,0.1938,0.2431,-0.0024259999999999,0.0493
CUB,358,0.271937,0.2184,0.2663,-0.005637,0.0478999999999999
CUB,359,0.392769,0.3481,0.3964,0.0036309999999999,0.0482999999999999
CUB,360,0.193519,0.1548,0.1953,0.001781,0.0405
CUB,361,0.319324,0.2584,0.3158,-0.0035239999999999,0.0574
CUB,362,0.214824,0.1822,0.211,-0.0038239999999999,0.0287999999999999
CUB,363,0.426449,0.3586,0.4226,-0.003849,0.064
CUB,364,0.360775,0.2983,0.3635,0.0027249999999999,0.0651999999999999
CUB,365,0.237213,0.1878,0.2332,-0.004013,0.0453999999999999
CUB,366,0.237854,0.1861,0.2352,-0.002654,0.0491
CUB,367,0.389834,0.3238,0.3866,-0.003234,0.0628
CUB,368,0.427499,0.3631,0.4333,0.005801,0.0702
CUB,369,0.351192,0.3082,0.3492,-0.0019919999999999,0.041
CUB,370,0.371158,0.3296,0.3677,-0.0034579999999999,0.0381
CUB,371,0.352017,0.2967,0.3535,0.0014829999999999,0.0567999999999999
CUB,372,0.246022,0.2234,0.2464,0.000378,0.023
CUB,373,0.309703,0.2491,0.3101,0.0003969999999999,0.061
CUB,374,0.375262,0.3337,0.3726,-0.0026619999999999,0.0388999999999999
CUB,375,0.358522,0.3073,0.3569,-0.001622,0.0495999999999999
CUB,376,0.255394,0.2098,0.2579,0.002506,0.0481
CUB,377,0.29297,0.2493,0.2986,0.0056299999999999,0.0492999999999999
CUB,378,0.347689,0.3072,0.3423,-0.005389,0.0351
CUB,379,0.356544,0.3004,0.3589,0.0023559999999999,0.0584999999999999
CUB,380,0.321594,0.2706,0.3132,-0.008394,0.0425999999999999
CUB,381,0.233226,0.1851,0.2339,0.000674,0.0488
CUB,382,0.375988,0.3043,0.3755,-0.0004879999999999,0.0711999999999999
CUB,383,0.267722,0.2019,0.2631,-0.004622,0.0612
CUB,384,0.389306,0.3247,0.3894,9.40000000000385e-05,0.0647
CUB,385,0.26046,0.2181,0.2577,-0.00276,0.0395999999999999
CUB,386,0.374224,0.3211,0.3729,-0.0013239999999999,0.0518
CUB,387,0.39613,0.3338,0.3981,0.00197,0.0643
CUB,388,0.321819,0.2585,0.3177,-0.004119,0.0591999999999999
CUB,389,0.327387,0.283,0.3359,0.0085129999999999,0.0529
CUB,390,0.259053,0.2516,0.2573,-0.001753,0.0056999999999999
CUB,391,0.339145,0.2822,0.3376,-0.0015449999999999,0.0554
CUB,392,0.290422,0.2348,0.2903,-0.000122,0.0554999999999999
CUB,393,0.395086,0.3393,0.3905,-0.0045859999999999,0.0512
CUB,394,0.282943,0.2275,0.2821,-0.0008429999999999,0.0546
CUB,395,0.295349,0.229,0.296,0.000651,0.0669999999999999
CUB,396,0.395248,0.3235,0.3909,-0.0043479999999999,0.0674
CUB,397,0.381659,0.3316,0.3797,-0.001959,0.0480999999999999
CUB,398,0.281452,0.2421,0.2828,0.001348,0.0406999999999999
CUB,399,0.325421,0.2764,0.3273,0.0018789999999999,0.0509
CUB,400,0.275674,0.2254,0.2761,0.000426,0.0507
CUB,401,0.330645,0.2763,0.3316,0.0009549999999999,0.0553
CUB,402,0.324178,0.2672,0.3245,0.0003219999999999,0.0573
CUB,403,0.279986,0.2357,0.2834,0.0034139999999999,0.0476999999999999
CUB,404,0.328717,0.2813,0.3223,-0.006417,0.0409999999999999
CUB,405,0.294425,0.2628,0.298,0.0035749999999999,0.0352
CUB,406,0.268046,0.2272,0.2722,0.0041539999999999,0.0449999999999999
CUB,407,0.274142,0.232,0.2797,0.005558,0.0476999999999999
CUB,408,0.350438,0.2926,0.3492,-0.001238,0.0565999999999999
CUB,409,0.444979,0.3731,0.4423,-0.0026789999999999,0.0692
CUB,410,0.386353,0.3375,0.3839,-0.0024529999999999,0.0464
CUB,411,0.345281,0.2677,0.3448,-0.000481,0.0771
CUB,412,0.404664,0.3352,0.4018,-0.002864,0.0665999999999999
CUB,413,0.343502,0.2945,0.3442,0.000698,0.0497
CUB,414,0.329573,0.2809,0.3283,-0.001273,0.0474
CUB,415,0.261977,0.2148,0.2665,0.0045229999999999,0.0517
CUB,416,0.319682,0.2733,0.3198,0.0001179999999999,0.0464999999999999
CUB,417,0.386061,0.3283,0.3892,0.003139,0.0609
CUB,418,0.302739,0.2497,0.3044,0.001661,0.0547
CUB,419,0.225169,0.1821,0.2244,-0.000769,0.0422999999999999
CUB,420,0.322983,0.2884,0.3303,0.0073169999999999,0.0418999999999999
CUB,421,0.334608,0.2825,0.3303,-0.004308,0.0478
CUB,422,0.292393,0.2459,0.2899,-0.002493,0.0439999999999999
CUB,423,0.393334,0.3645,0.3931,-0.000234,0.0286
CUB,424,0.307741,0.2693,0.3103,0.002559,0.041
CUB,425,0.201454,0.1702,0.2006,-0.0008539999999999,0.0304
CUB,426,0.364849,0.2833,0.3666,0.001751,0.0832999999999999
CUB,427,0.303541,0.2664,0.3033,-0.0002409999999999,0.0368999999999999
CUB,428,0.284487,0.2444,0.2865,0.0020129999999999,0.0420999999999999
CUB,429,0.405931,0.3278,0.4035,-0.0024309999999999,0.0757
CUB,430,0.306058,0.2416,0.3008,-0.0052579999999999,0.0592
CUB,431,0.30102,0.2581,0.2991,-0.00192,0.0409999999999999
CUB,432,0.284371,0.2353,0.2754,-0.008971,0.0400999999999999
CUB,433,0.322902,0.3011,0.3242,0.0012979999999999,0.0231
CUB,434,0.342447,0.3084,0.3414,-0.001047,0.0329999999999999
CUB,435,0.262532,0.1996,0.2612,-0.0013319999999999,0.0615999999999999
CUB,436,0.306592,0.2632,0.3082,0.0016079999999999,0.0449999999999999
CUB,437,0.24709,0.2018,0.2456,-0.0014899999999999,0.0438
CUB,438,0.362713,0.2994,0.3628,8.700000000000374e-05,0.0634
CUB,439,0.418524,0.3649,0.4177,-0.0008239999999999,0.0528
CUB,440,0.321323,0.2795,0.3197,-0.001623,0.0401999999999999
CUB,441,0.3233,0.2628,0.3297,0.0064,0.0669
CUB,442,0.389636,0.3379,0.3924,0.002764,0.0545
CUB,443,0.329788,0.2871,0.3329,0.0031119999999999,0.0457999999999999
CUB,444,0.294303,0.2408,0.2945,0.000197,0.0537
CUB,445,0.263375,0.2298,0.2591,-0.004275,0.0292999999999999
CUB,446,0.398502,0.3449,0.3991,0.0005979999999999,0.0542
CUB,447,0.370342,0.3281,0.3725,0.0021579999999999,0.0443999999999999
CUB,448,0.243671,0.1813,0.2385,-0.005171,0.0572
CUB,449,0.376849,0.3114,0.3753,-0.0015489999999999,0.0639
CUB,450,0.299935,0.2393,0.2968,-0.0031349999999999,0.0574999999999999
CUB,451,0.30865,0.2518,0.3025,-0.0061499999999999,0.0506999999999999
CUB,452,0.382357,0.3142,0.3836,0.0012429999999999,0.0694
CUB,453,0.386945,0.3382,0.3798,-0.0071449999999999,0.0416
CUB,454,0.2066,0.171,0.2031,-0.0035,0.0320999999999999
CUB,455,0.209343,0.1585,0.2043,-0.0050429999999999,0.0458
CUB,456,0.392999,0.3357,0.3969,0.0039009999999999,0.0611999999999999
CUB,457,0.426894,0.3702,0.4315,0.0046059999999999,0.0613
CUB,458,0.299906,0.2776,0.2977,-0.0022059999999999,0.0201
CUB,459,0.272126,0.2347,0.2686,-0.0035259999999999,0.0339
CUB,460,0.394484,0.3293,0.3968,0.0023159999999999,0.0675
CUB,461,0.216051,0.1656,0.2128,-0.003251,0.0471999999999999
CUB,462,0.339762,0.2863,0.3341,-0.005662,0.0478
CUB,463,0.374693,0.3125,0.3801,0.0054069999999999,0.0676
CUB,464,0.264863,0.2073,0.2681,0.0032369999999999,0.0607999999999999
CUB,465,0.311768,0.272,0.3096,-0.002168,0.0375999999999999
CUB,466,0.38736,0.332,0.3865,-0.0008599999999999,0.0544999999999999
CUB,467,0.343474,0.2679,0.3423,-0.001174,0.0743999999999999
CUB,468,0.338721,0.2892,0.3295,-0.0092209999999999,0.0403
CUB,469,0.378543,0.3191,0.3775,-0.001043,0.0584
CUB,470,0.347409,0.2891,0.3445,-0.002909,0.0553999999999999
CUB,471,0.320621,0.268,0.3137,-0.006921,0.0456999999999999
CUB,472,0.307412,0.2497,0.3085,0.0010879999999999,0.0587999999999999
CUB,473,0.336361,0.2935,0.3359,-0.000461,0.0423999999999999
CUB,474,0.330931,0.2713,0.3282,-0.0027309999999999,0.0569
CUB,475,0.293241,0.2514,0.2956,0.002359,0.0441999999999999
CUB,476,0.308693,0.2556,0.3086,-9.300000000000974e-05,0.0529999999999999
CUB,477,0.336109,0.2815,0.3343,-0.001809,0.0528
CUB,478,0.307068,0.2696,0.3063,-0.0007679999999999,0.0367
CUB,479,0.330932,0.2737,0.3256,-0.005332,0.0519
CUB,480,0.348785,0.2985,0.3461,-0.0026849999999999,0.0476
CUB,481,0.340624,0.2716,0.3413,0.000676,0.0696999999999999
CUB,482,0.276926,0.2557,0.2806,0.003674,0.0249
CUB,483,0.14633,0.1216,0.1442,-0.0021299999999999,0.0225999999999999
CUB,484,0.279671,0.2295,0.2799,0.0002289999999999,0.0503999999999999
CUB,485,0.275494,0.2306,0.2714,-0.004094,0.0407999999999999
CUB,486,0.365931,0.3118,0.3677,0.001769,0.0559
CUB,487,0.343692,0.2903,0.3467,0.003008,0.0564
CUB,488,0.375981,0.3132,0.3723,-0.0036809999999999,0.0591
CUB,489,0.365813,0.3032,0.3574,-0.008413,0.0541999999999999
CUB,490,0.340292,0.2819,0.3399,-0.000392,0.0579999999999999
CUB,491,0.243775,0.1953,0.2407,-0.0030749999999999,0.0453999999999999
CUB,492,0.371224,0.3135,0.3721,0.0008759999999999,0.0585999999999999
CUB,493,0.379774,0.3215,0.376,-0.0037739999999999,0.0544999999999999
CUB,494,0.362572,0.3042,0.3568,-0.0057719999999999,0.0525999999999999
CUB,495,0.22449,0.1819,0.2282,0.0037099999999999,0.0462999999999999
CUB,496,0.297606,0.2439,0.2919,-0.0057059999999999,0.0479999999999999
CUB,497,0.411148,0.3419,0.4145,0.0033519999999999,0.0726
CUB,498,0.312418,0.2486,0.3138,0.001382,0.0652
CUB,499,0.388762,0.3303,0.3849,-0.0038619999999999,0.0546
CUB,500,0.381843,0.3208,0.3753,-0.0065429999999999,0.0545
CUB,501,0.272584,0.2368,0.2749,0.0023159999999999,0.0380999999999999
CUB,502,0.363901,0.2939,0.3604,-0.0035009999999999,0.0665
CUB,503,0.364969,0.333,0.3626,-0.002369,0.0295999999999999
CUB,504,0.362386,0.3077,0.3623,-8.599999999997499e-05,0.0546
CUB,505,0.359029,0.3236,0.3594,0.000371,0.0358
CUB,506,0.379889,0.3422,0.379,-0.0008889999999999,0.0368
CUB,507,0.299963,0.2316,0.2975,-0.0024629999999999,0.0658999999999999
CUB,508,0.351537,0.3019,0.3473,-0.0042369999999999,0.0453999999999999
CUB,509,0.38839,0.3358,0.3855,-0.00289,0.0497
CUB,510,0.325649,0.2759,0.3329,0.0072509999999999,0.0569999999999999
CUB,511,0.342371,0.2961,0.3421,-0.0002709999999999,0.046
CUB,512,0.296329,0.2331,0.293,-0.003329,0.0598999999999999
CUB,513,0.271971,0.249,0.2707,-0.001271,0.0216999999999999
CUB,514,0.319752,0.2784,0.3182,-0.0015519999999999,0.0398
CUB,515,0.285896,0.2446,0.2865,0.0006039999999999,0.0418999999999999
CUB,516,0.344001,0.2911,0.3419,-0.002101,0.0507999999999999
CUB,517,0.310104,0.238,0.3139,0.003796,0.0759
CUB,518,0.265383,0.2214,0.2672,0.001817,0.0457999999999999
CUB,519,0.280678,0.2225,0.2718,-0.0088779999999999,0.0492999999999999
CUB,520,0.30217,0.2529,0.2966,-0.00557,0.0436999999999999
CUB,521,0.335785,0.2744,0.329,-0.0067849999999999,0.0546
CUB,522,0.367794,0.325,0.3745,0.0067059999999999,0.0494999999999999
CUB,523,0.360332,0.2953,0.3606,0.0002679999999999,0.0652999999999999
CUB,524,0.335054,0.2736,0.34,0.004946,0.0664
CUB,525,0.307163,0.2463,0.3059,-0.001263,0.0596
CUB,526,0.357198,0.3037,0.353,-0.004198,0.0492999999999999
CUB,527,0.282285,0.2312,0.2868,0.0045149999999999,0.0556
CUB,528,0.358478,0.3153,0.3561,-0.0023779999999999,0.0408
CUB,529,0.347368,0.2949,0.3495,0.0021319999999999,0.0545999999999999
CUB,530,0.336216,0.2837,0.3377,0.0014839999999999,0.0539999999999999
CUB,531,0.303239,0.2548,0.3061,0.002861,0.0512999999999999
CUB,532,0.287581,0.2243,0.2847,-0.0028809999999999,0.0604
CUB,533,0.292474,0.2466,0.2933,0.0008259999999999,0.0466999999999999
CUB,534,0.296659,0.2498,0.295,-0.001659,0.0451999999999999
CUB,535,0.324185,0.2858,0.3223,-0.001885,0.0364999999999999
CUB,536,0.275247,0.2255,0.273,-0.0022469999999999,0.0475
CUB,537,0.297827,0.2673,0.2972,-0.0006269999999999,0.0299
CUB,538,0.35499,0.2909,0.3521,-0.00289,0.0612
CUB,539,0.340794,0.2856,0.3379,-0.002894,0.0522999999999999
CUB,540,0.314303,0.2734,0.3094,-0.0049029999999999,0.036
CUB,541,0.382178,0.325,0.3854,0.003222,0.0604
CUB,542,0.245853,0.2087,0.2437,-0.0021529999999999,0.035
CUB,543,0.359739,0.3189,0.3623,0.002561,0.0433999999999999
CUB,544,0.294032,0.2506,0.2976,0.0035679999999999,0.0469999999999999
CUB,545,0.36173,0.3129,0.3656,0.0038699999999999,0.0526999999999999
CUB,546,0.36068,0.3148,0.3639,0.00322,0.0490999999999999
CUB,547,0.382971,0.3086,0.3803,-0.0026709999999999,0.0717
CUB,548,0.291311,0.2362,0.292,0.0006889999999999,0.0557999999999999
CUB,549,0.364258,0.3141,0.3652,0.0009419999999999,0.0511
CUB,550,0.295099,0.2525,0.2963,0.001201,0.0438
CUB,551,0.300264,0.2647,0.3049,0.004636,0.0402
CUB,552,0.377385,0.31,0.37,-0.007385,0.06
CUB,553,0.318192,0.2607,0.3151,-0.0030919999999999,0.0544
CUB,554,0.376709,0.3091,0.3756,-0.001109,0.0665
CUB,555,0.382539,0.3122,0.3826,6.099999999997774e-05,0.0704
CUB,556,0.35103,0.3026,0.3503,-0.00073,0.0477
CUB,557,0.35342,0.289,0.3521,-0.0013199999999999,0.0631
CUB,558,0.293495,0.2371,0.2926,-0.0008949999999999,0.0555
CUB,559,0.350334,0.2906,0.3513,0.000966,0.0606999999999999
CUB,560,0.273501,0.239,0.2731,-0.0004009999999999,0.0341
CUB,561,0.304856,0.2516,0.3075,0.0026439999999999,0.0559
CUB,562,0.39203,0.3504,0.3938,0.0017699999999999,0.0433999999999999
CUB,563,0.259612,0.2363,0.256,-0.003612,0.0196999999999999
CUB,564,0.388247,0.3307,0.3822,-0.006047,0.0514999999999999
CUB,565,0.313391,0.2833,0.3056,-0.0077909999999999,0.0222999999999999
CUB,566,0.261049,0.2198,0.2604,-0.0006489999999999,0.0406
CUB,567,0.330781,0.2821,0.3312,0.000419,0.0490999999999999
CUB,568,0.395792,0.3201,0.3974,0.0016079999999999,0.0772999999999999
CUB,569,0.38062,0.3044,0.3763,-0.0043199999999999,0.0719
CUB,570,0.33982,0.2802,0.3402,0.0003799999999999,0.06
CUB,571,0.307027,0.2589,0.3057,-0.0013269999999999,0.0468
CUB,572,0.390218,0.3207,0.3874,-0.0028179999999999,0.0667
CUB,573,0.417193,0.3417,0.4112,-0.0059929999999999,0.0695
CUB,574,0.340683,0.3058,0.3425,0.001817,0.0367
CUB,575,0.379325,0.3319,0.3753,-0.004025,0.0434
CUB,576,0.316326,0.2759,0.3131,-0.003226,0.0372
CUB,577,0.261138,0.2098,0.2639,0.002762,0.0541
CUB,578,0.242436,0.204,0.2441,0.0016639999999999,0.0401
CUB,579,0.373519,0.3193,0.3734,-0.0001189999999999,0.0541
CUB,580,0.261492,0.2217,0.2569,-0.0045919999999999,0.0352
CUB,581,0.401409,0.3459,0.4017,0.0002909999999999,0.0558
CUB,582,0.238536,0.2139,0.2427,0.004164,0.0287999999999999
CUB,583,0.400135,0.3556,0.4055,0.005365,0.0499
CUB,584,0.393222,0.3259,0.3916,-0.001622,0.0656999999999999
CUB,585,0.251846,0.2032,0.2479,-0.003946,0.0447
CUB,586,0.337012,0.2746,0.3371,8.80000000000325e-05,0.0625
CUB,587,0.322847,0.2724,0.3233,0.0004529999999999,0.0509
CUB,588,0.360097,0.3102,0.366,0.0059029999999999,0.0558
CUB,589,0.262393,0.2181,0.2621,-0.0002929999999999,0.044
CUB,590,0.356504,0.2982,0.3567,0.000196,0.0584999999999999
CUB,591,0.377855,0.319,0.3776,-0.000255,0.0585999999999999
CUB,592,0.294622,0.2588,0.2938,-0.0008219999999999,0.035
CUB,593,0.332451,0.2744,0.3306,-0.0018509999999999,0.0562
CUB,594,0.305918,0.2652,0.3024,-0.003518,0.0372
CUB,595,0.268202,0.245,0.2696,0.001398,0.0246
CUB,596,0.259024,0.2291,0.2588,-0.000224,0.0296999999999999
CUB,597,0.329227,0.2912,0.3191,-0.0101269999999999,0.0278999999999999
CUB,598,0.297222,0.244,0.2934,-0.0038219999999999,0.0494
CUB,599,0.268726,0.2174,0.2634,-0.0053259999999999,0.046
CUB,600,0.359891,0.3184,0.3631,0.0032089999999999,0.0446999999999999
CUB,601,0.255925,0.2068,0.2531,-0.002825,0.0462999999999999
CUB,602,0.302242,0.2494,0.3078,0.005558,0.0584
CUB,603,0.379643,0.3242,0.3828,0.0031569999999999,0.0585999999999999
CUB,604,0.385915,0.3327,0.3918,0.0058849999999999,0.0590999999999999
CUB,605,0.28844,0.2349,0.2879,-0.0005399999999999,0.0529999999999999
CUB,606,0.349024,0.3167,0.3471,-0.0019239999999999,0.0304
CUB,607,0.401023,0.3375,0.4012,0.0001769999999999,0.0636999999999999
CUB,608,0.281624,0.2412,0.2836,0.001976,0.0424
CUB,609,0.320847,0.2712,0.3167,-0.004147,0.0454999999999999
CUB,610,0.298314,0.25,0.2992,0.0008859999999999,0.0492
CUB,611,0.358238,0.3123,0.3537,-0.0045379999999999,0.0413999999999999
CUB,612,0.24409,0.2152,0.2417,-0.00239,0.0264999999999999
CUB,613,0.219917,0.1922,0.2206,0.0006829999999999,0.0283999999999999
CUB,614,0.415867,0.3625,0.4128,-0.0030669999999999,0.0503
CUB,615,0.353732,0.298,0.3562,0.002468,0.0582
CUB,616,0.161717,0.1197,0.1606,-0.001117,0.0408999999999999
CUB,617,0.406631,0.3316,0.4062,-0.000431,0.0746
CUB,618,0.34148,0.3023,0.3427,0.0012199999999999,0.0403999999999999
CUB,619,0.387174,0.3288,0.3861,-0.001074,0.0573
CUB,620,0.305614,0.2821,0.3022,-0.0034139999999999,0.0201
CUB,621,0.208327,0.1673,0.204,-0.004327,0.0366999999999999
CUB,622,0.177341,0.141,0.1773,-4.099999999998549e-05,0.0363
CUB,623,0.427124,0.3597,0.4295,0.0023759999999999,0.0697999999999999
CUB,624,0.354111,0.2992,0.3535,-0.000611,0.0542999999999999
CUB,625,0.3189,0.2722,0.3203,0.0013999999999999,0.0480999999999999
CUB,626,0.340763,0.2969,0.3369,-0.003863,0.0399999999999999
CUB,627,0.389202,0.3363,0.3942,0.004998,0.0579
CUB,628,0.334848,0.2755,0.3375,0.002652,0.062
CUB,629,0.383088,0.333,0.3778,-0.0052879999999999,0.0448
CUB,630,0.347083,0.2937,0.3595,0.012417,0.0657999999999999
CUB,631,0.3249,0.2569,0.3211,-0.0038,0.0641999999999999
CUB,632,0.324226,0.2683,0.3261,0.0018739999999999,0.0578
CUB,633,0.249388,0.1993,0.2451,-0.0042879999999999,0.0458
CUB,634,0.256252,0.2054,0.2534,-0.0028519999999999,0.048
CUB,635,0.329167,0.2834,0.3326,0.003433,0.0492
CUB,636,0.326423,0.265,0.326,-0.000423,0.061
CUB,637,0.269075,0.2383,0.2676,-0.001475,0.0292999999999999
CUB,638,0.308486,0.2693,0.3137,0.0052139999999999,0.0443999999999999
CUB,639,0.321141,0.2724,0.3125,-0.008641,0.0401
CUB,640,0.197337,0.1767,0.1969,-0.000437,0.0201999999999999
CUB,641,0.210808,0.1742,0.2124,0.001592,0.0382
CUB,642,0.38049,0.3439,0.3854,0.00491,0.0415
CUB,643,0.433954,0.3657,0.4362,0.0022459999999999,0.0704999999999999
CUB,644,0.283982,0.248,0.2871,0.003118,0.0391
CUB,645,0.354599,0.298,0.3542,-0.0003989999999999,0.0562
CUB,646,0.289393,0.231,0.2891,-0.0002929999999999,0.0581
CUB,647,0.323169,0.2859,0.3216,-0.0015689999999999,0.0357
CUB,648,0.362312,0.3071,0.3609,-0.001412,0.0538
CUB,649,0.260711,0.2229,0.2641,0.0033889999999999,0.0412
CUB,650,0.19875,0.1668,0.1926,-0.00615,0.0257999999999999
CUB,651,0.319483,0.2624,0.3185,-0.000983,0.0560999999999999
CUB,652,0.420502,0.3549,0.4159,-0.0046019999999999,0.061
CUB,653,0.291174,0.2626,0.293,0.0018259999999999,0.0303999999999999
CUB,654,0.28958,0.2294,0.2884,-0.00118,0.059
CUB,655,0.375249,0.328,0.375,-0.0002489999999999,0.0469999999999999
CUB,656,0.384351,0.3155,0.3832,-0.001151,0.0676999999999999
CUB,657,0.299567,0.2508,0.2962,-0.003367,0.0453999999999999
CUB,658,0.238886,0.2043,0.2426,0.003714,0.0383
CUB,659,0.407176,0.3377,0.4032,-0.0039759999999999,0.0655
CUB,660,0.317825,0.2696,0.3166,-0.001225,0.0469999999999999
CUB,661,0.369742,0.3047,0.3669,-0.002842,0.0621999999999999
CUB,662,0.282115,0.2357,0.2833,0.0011849999999999,0.0476
CUB,663,0.387098,0.3206,0.3852,-0.001898,0.0645999999999999
CUB,664,0.346774,0.2793,0.3449,-0.001874,0.0655999999999999
CUB,665,0.340368,0.2968,0.3339,-0.006468,0.0370999999999999
CUB,666,0.241343,0.2083,0.2434,0.002057,0.0350999999999999
CUB,667,0.219978,0.1796,0.2193,-0.000678,0.0396999999999999
CUB,668,0.341141,0.2777,0.3388,-0.002341,0.0610999999999999
CUB,669,0.2829,0.2266,0.2765,-0.0063999999999999,0.0499
CUB,670,0.321238,0.2785,0.3194,-0.001838,0.0408999999999999
CUB,671,0.279408,0.2297,0.2756,-0.0038079999999999,0.0459
CUB,672,0.350144,0.2832,0.3539,0.0037559999999999,0.0706999999999999
CUB,673,0.240678,0.2081,0.2407,2.1999999999994246e-05,0.0325999999999999
CUB,674,0.350603,0.2948,0.3558,0.005197,0.061
CUB,675,0.383191,0.3325,0.388,0.004809,0.0554999999999999
CUB,676,0.299906,0.243,0.2964,-0.003506,0.0534
CUB,677,0.365642,0.3106,0.3633,-0.002342,0.0527
CUB,678,0.253001,0.2152,0.2596,0.006599,0.0443999999999999
CUB,679,0.374393,0.3112,0.3766,0.002207,0.0654
CUB,680,0.415149,0.3378,0.413,-0.002149,0.0751999999999999
CUB,681,0.343403,0.293,0.3368,-0.006603,0.0438
CUB,682,0.364903,0.3012,0.3643,-0.0006029999999999,0.0630999999999999
CUB,683,0.284017,0.2316,0.2852,0.0011829999999999,0.0536
CUB,684,0.320462,0.271,0.3202,-0.000262,0.0491999999999999
CUB,685,0.329738,0.2799,0.3278,-0.0019379999999999,0.0479
CUB,686,0.288391,0.2251,0.2908,0.0024089999999999,0.0657
CUB,687,0.38497,0.3151,0.3785,-0.0064699999999999,0.0634
CUB,688,0.275676,0.225,0.2753,-0.0003759999999999,0.0502999999999999
CUB,689,0.274586,0.2374,0.2694,-0.005186,0.0319999999999999
CUB,690,0.322443,0.2675,0.3232,0.000757,0.0556999999999999
CUB,691,0.320893,0.2806,0.3228,0.0019069999999999,0.0421999999999999
CUB,692,0.279699,0.2472,0.2781,-0.0015989999999999,0.0309
CUB,693,0.384335,0.3149,0.387,0.002665,0.0721
CUB,694,0.263143,0.2207,0.263,-0.000143,0.0423
CUB,695,0.40733,0.3407,0.4069,-0.00043,0.0661999999999999
CUB,696,0.288506,0.254,0.2877,-0.0008059999999999,0.0337
CUB,697,0.232942,0.2103,0.2293,-0.003642,0.019
CUB,698,0.349134,0.2909,0.3493,0.0001659999999999,0.0584
CUB,699,0.203111,0.1765,0.2012,-0.001911,0.0247
CUB,700,0.353267,0.2969,0.3534,0.0001329999999999,0.0564999999999999
CUB,701,0.336519,0.2772,0.3394,0.0028809999999999,0.0621999999999999
CUB,702,0.37916,0.3158,0.3754,-0.0037599999999999,0.0595999999999999
CUB,703,0.356921,0.3007,0.3541,-0.0028209999999999,0.0534
CUB,704,0.344888,0.2945,0.3424,-0.0024879999999999,0.0479
CUB,705,0.330222,0.2648,0.3302,-2.2000000000022e-05,0.0654
CUB,706,0.279374,0.221,0.2748,-0.004574,0.0537999999999999
CUB,707,0.205487,0.1704,0.2088,0.003313,0.0384
CUB,708,0.415988,0.3519,0.4181,0.002112,0.0662
CUB,709,0.348532,0.2986,0.3485,-3.2000000000032e-05,0.0499
CUB,710,0.333873,0.2854,0.3319,-0.001973,0.0464999999999999
CUB,711,0.358201,0.305,0.356,-0.002201,0.0509999999999999
CUB,712,0.279969,0.2486,0.2756,-0.004369,0.027
CUB,713,0.388012,0.3338,0.3922,0.0041879999999999,0.0584
CUB,714,0.386077,0.3185,0.3827,-0.003377,0.0641999999999999
CUB,715,0.309233,0.264,0.309,-0.0002329999999999,0.0449999999999999
CUB,716,0.329252,0.2552,0.33,0.000748,0.0748
CUB,717,0.350895,0.3054,0.3473,-0.003595,0.0418999999999999
CUB,718,0.379613,0.3264,0.3718,-0.0078129999999999,0.0453999999999999
CUB,719,0.246718,0.2006,0.2467,-1.7999999999990246e-05,0.0461
CUB,720,0.35543,0.304,0.3456,-0.00983,0.0416
CUB,721,0.399236,0.338,0.4007,0.001464,0.0626999999999999
CUB,722,0.248205,0.1985,0.2462,-0.002005,0.0476999999999999
CUB,723,0.238708,0.1837,0.2381,-0.0006079999999999,0.0544
CUB,724,0.376333,0.3151,0.373,-0.0033329999999999,0.0579
CUB,725,0.337727,0.2828,0.334,-0.0037269999999999,0.0512
CUB,726,0.384357,0.3336,0.3804,-0.0039569999999999,0.0468
CUB,727,0.345521,0.2732,0.345,-0.000521,0.0717999999999999
CUB,728,0.318936,0.2634,0.3229,0.003964,0.0595
CUB,729,0.3567,0.3176,0.3526,-0.0040999999999999,0.035
CUB,730,0.266175,0.222,0.2646,-0.0015749999999999,0.0426
CUB,731,0.351022,0.2943,0.3542,0.003178,0.0599
CUB,732,0.298476,0.2499,0.2982,-0.0002759999999999,0.0483
CUB,733,0.416222,0.354,0.4129,-0.0033219999999999,0.0589
CUB,734,0.303809,0.2654,0.3012,-0.0026089999999999,0.0358
CUB,735,0.311643,0.2514,0.309,-0.002643,0.0575999999999999
CUB,736,0.312093,0.2556,0.309,-0.003093,0.0534
CUB,737,0.258931,0.224,0.2538,-0.0051309999999999,0.0298
CUB,738,0.326677,0.2846,0.3246,-0.0020769999999999,0.0399999999999999
CUB,739,0.398888,0.3374,0.397,-0.001888,0.0596
CUB,740,0.391868,0.3194,0.3902,-0.001668,0.0707999999999999
CUB,741,0.151214,0.1216,0.1528,0.001586,0.0311999999999999
CUB,742,0.329509,0.2735,0.3331,0.003591,0.0595999999999999
CUB,743,0.383859,0.3273,0.3811,-0.002759,0.0538
CUB,744,0.318837,0.2688,0.3178,-0.0010369999999999,0.049
CUB,745,0.335709,0.2909,0.3388,0.003091,0.0479
CUB,746,0.255404,0.2169,0.2534,-0.002004,0.0365
CUB,747,0.332901,0.2753,0.332,-0.0009009999999999,0.0567
CUB,748,0.392513,0.3599,0.3922,-0.000313,0.0322999999999999
CUB,749,0.306932,0.2665,0.3077,0.0007679999999999,0.0411999999999999
CUB,750,0.310065,0.2616,0.3061,-0.0039649999999999,0.0444999999999999
CUB,751,0.380866,0.334,0.3825,0.001634,0.0484999999999999
CUB,752,0.37371,0.319,0.3732,-0.00051,0.0541999999999999
CUB,753,0.308011,0.2559,0.3051,-0.0029109999999999,0.0491999999999999
CUB,754,0.292885,0.2546,0.2926,-0.0002849999999999,0.038
CUB,755,0.255186,0.2261,0.2575,0.0023139999999999,0.0314
CUB,756,0.331442,0.2874,0.3299,-0.0015419999999999,0.0425
CUB,757,0.383281,0.3224,0.3755,-0.0077809999999999,0.0530999999999999
CUB,758,0.251592,0.2039,0.2496,-0.0019919999999999,0.0456999999999999
CUB,759,0.340392,0.2935,0.3432,0.002808,0.0497
CUB,760,0.286067,0.2359,0.2816,-0.0044669999999999,0.0457
CUB,761,0.360653,0.3001,0.361,0.0003469999999999,0.0609
CUB,762,0.348572,0.2723,0.3439,-0.004672,0.0716
CUB,763,0.30569,0.2477,0.3016,-0.00409,0.0538999999999999
CUB,764,0.366814,0.3194,0.3699,0.003086,0.0504999999999999
CUB,765,0.227614,0.1929,0.2234,-0.004214,0.0305
CUB,766,0.322405,0.2529,0.3196,-0.002805,0.0666999999999999
CUB,767,0.347942,0.2984,0.354,0.006058,0.0555999999999999
CUB,768,0.253072,0.2106,0.257,0.0039279999999999,0.0464
CUB,769,0.33214,0.2811,0.3273,-0.00484,0.0461999999999999
CUB,770,0.198421,0.157,0.199,0.000579,0.042
CUB,771,0.334341,0.2972,0.3395,0.005159,0.0423
CUB,772,0.363147,0.3083,0.3642,0.001053,0.0559
CUB,773,0.362727,0.2959,0.3636,0.0008729999999999,0.0676999999999999
CUB,774,0.177938,0.1466,0.1782,0.0002619999999999,0.0315999999999999
CUB,775,0.301872,0.2558,0.3029,0.001028,0.0470999999999999
CUB,776,0.272825,0.2187,0.2728,-2.4999999999997247e-05,0.0540999999999999
CUB,777,0.265163,0.2245,0.2666,0.001437,0.0421
CUB,778,0.284097,0.2347,0.2828,-0.0012969999999999,0.0481
CUB,779,0.35436,0.2969,0.3524,-0.00196,0.0554999999999999
CUB,780,0.378558,0.3267,0.3802,0.0016419999999999,0.0534999999999999
CUB,781,0.403771,0.3519,0.4029,-0.000871,0.0509999999999999
CUB,782,0.29028,0.2507,0.2904,0.00012,0.0397
CUB,783,0.375833,0.3206,0.3826,0.006767,0.062
CUB,784,0.288201,0.2513,0.2905,0.0022989999999999,0.0391999999999999
CUB,785,0.345499,0.297,0.3412,-0.0042989999999999,0.0442
CUB,786,0.411155,0.3414,0.4106,-0.0005549999999999,0.0692
CUB,787,0.265698,0.2138,0.264,-0.0016979999999999,0.0502
CUB,788,0.331252,0.278,0.3348,0.0035479999999999,0.0567999999999999
CUB,789,0.339001,0.2858,0.3442,0.005199,0.0584
CUB,790,0.351076,0.2984,0.3538,0.002724,0.0554
CUB,791,0.239053,0.1897,0.2402,0.001147,0.0504999999999999
CUB,792,0.317073,0.2656,0.3103,-0.0067729999999999,0.0447
CUB,793,0.366104,0.3061,0.3635,-0.0026039999999999,0.0574
CUB,794,0.206199,0.1653,0.2078,0.001601,0.0425
CUB,795,0.415876,0.3634,0.4186,0.002724,0.0552
CUB,796,0.23998,0.2007,0.239,-0.00098,0.0383
CUB,797,0.318063,0.2684,0.3198,0.0017369999999999,0.0513999999999999
CUB,798,0.36268,0.2945,0.3639,0.0012199999999999,0.0694
CUB,799,0.367144,0.3114,0.3708,0.0036559999999999,0.0594
CUB,800,0.329208,0.27,0.3204,-0.0088079999999999,0.0504
CUB,801,0.317354,0.2801,0.3141,-0.003254,0.0339999999999999
CUB,802,0.217167,0.1788,0.211,-0.006167,0.0322
CUB,803,0.275018,0.2358,0.2762,0.001182,0.0403999999999999
CUB,804,0.216335,0.1981,0.2144,-0.0019349999999999,0.0163
CUB,805,0.389231,0.323,0.3844,-0.0048309999999999,0.0614
CUB,806,0.306295,0.2498,0.3042,-0.0020949999999999,0.0544
CUB,807,0.396624,0.3339,0.397,0.000376,0.0631
CUB,808,0.31123,0.2459,0.3071,-0.00413,0.0611999999999999
CUB,809,0.277214,0.2192,0.2774,0.0001859999999999,0.0581999999999999
CUB,810,0.316999,0.2546,0.3176,0.000601,0.063
CUB,811,0.303702,0.2564,0.3018,-0.001902,0.0453999999999999
CUB,812,0.408131,0.3382,0.4091,0.0009689999999999,0.0709
CUB,813,0.296138,0.2564,0.2977,0.001562,0.0413
CUB,814,0.340632,0.2827,0.3413,0.000668,0.0585999999999999
CUB,815,0.454418,0.389,0.4594,0.0049819999999999,0.0703999999999999
CUB,816,0.293216,0.2379,0.293,-0.0002159999999999,0.0550999999999999
CUB,817,0.353587,0.2954,0.3556,0.002013,0.0602
CUB,818,0.326713,0.2947,0.3292,0.002487,0.0344999999999999
CUB,819,0.323181,0.2713,0.322,-0.0011809999999999,0.0507
CUB,820,0.377449,0.3085,0.3694,-0.0080489999999999,0.0609
CUB,821,0.299749,0.2498,0.3045,0.004751,0.0547
CUB,822,0.300024,0.2533,0.3002,0.000176,0.0469
CUB,823,0.347766,0.2999,0.3475,-0.000266,0.0475999999999999
CUB,824,0.348454,0.2879,0.3508,0.002346,0.0629
CUB,825,0.318428,0.2713,0.3209,0.002472,0.0496
CUB,826,0.284551,0.247,0.2807,-0.0038509999999999,0.0337
CUB,827,0.351314,0.2849,0.3526,0.001286,0.0677
CUB,828,0.233828,0.188,0.2364,0.0025719999999999,0.0484
CUB,829,0.31094,0.2683,0.3116,0.0006599999999999,0.0433
CUB,830,0.33243,0.2818,0.3275,-0.0049299999999999,0.0457
CUB,831,0.373232,0.3331,0.3756,0.0023679999999999,0.0424999999999999
CUB,832,0.303906,0.2649,0.3099,0.0059939999999999,0.0449999999999999
CUB,833,0.292452,0.2617,0.2948,0.002348,0.0331
CUB,834,0.27618,0.2278,0.277,0.00082,0.0492
CUB,835,0.350571,0.3123,0.354,0.0034289999999999,0.0416999999999999
CUB,836,0.296531,0.2647,0.2924,-0.0041309999999999,0.0277
CUB,837,0.219087,0.1634,0.2204,0.001313,0.057
CUB,838,0.374993,0.3208,0.3728,-0.002193,0.052
CUB,839,0.352334,0.3077,0.3487,-0.0036339999999999,0.041
CUB,840,0.420115,0.3609,0.4219,0.0017849999999999,0.061
CUB,841,0.286027,0.2411,0.2894,0.003373,0.0482999999999999
CUB,842,0.40641,0.335,0.4053,-0.0011099999999999,0.0702999999999999
CUB,843,0.230518,0.1865,0.2306,8.199999999999874e-05,0.0441
CUB,844,0.275079,0.2321,0.2767,0.0016209999999999,0.0446
CUB,845,0.351855,0.297,0.3488,-0.0030549999999999,0.0518
CUB,846,0.353298,0.2888,0.3486,-0.0046979999999999,0.0598
CUB,847,0.320677,0.2605,0.3163,-0.0043769999999999,0.0558
CUB,848,0.336838,0.2896,0.3336,-0.003238,0.0439999999999999
CUB,849,0.277241,0.2433,0.281,0.003759,0.0377
CUB,850,0.282656,0.2321,0.2788,-0.003856,0.0466999999999999
CUB,851,0.366531,0.313,0.3684,0.001869,0.0554
CUB,852,0.14239,0.1225,0.1446,0.00221,0.0221
CUB,853,0.271776,0.2145,0.27,-0.0017759999999999,0.0555
CUB,854,0.336299,0.3012,0.3367,0.0004009999999999,0.0354999999999999
CUB,855,0.343297,0.292,0.3371,-0.006197,0.0451
CUB,856,0.341556,0.3113,0.3425,0.000944,0.0312
CUB,857,0.26897,0.2314,0.2692,0.00023,0.0378
CUB,858,0.270723,0.223,0.2713,0.0005769999999999,0.0482999999999999
CUB,859,0.272759,0.2257,0.2793,0.006541,0.0535999999999999
CUB,860,0.268301,0.2098,0.2749,0.0065989999999999,0.0650999999999999
CUB,861,0.339618,0.2983,0.3307,-0.0089179999999999,0.0323999999999999
CUB,862,0.347848,0.3075,0.3517,0.003852,0.0442
CUB,863,0.216116,0.1835,0.217,0.0008839999999999,0.0335
CUB,864,0.33615,0.2875,0.3367,0.0005499999999999,0.0492
CUB,865,0.224129,0.1874,0.2269,0.0027709999999999,0.0394999999999999
CUB,866,0.360292,0.3207,0.3607,0.000408,0.04
CUB,867,0.392079,0.3331,0.3934,0.001321,0.0603
CUB,868,0.387402,0.3209,0.3829,-0.004502,0.062
CUB,869,0.357922,0.2979,0.3579,-2.2000000000022e-05,0.06
CUB,870,0.364658,0.3075,0.3642,-0.0004579999999999,0.0567
CUB,871,0.349296,0.3029,0.3536,0.004304,0.0507
CUB,872,0.338703,0.3087,0.3378,-0.0009029999999999,0.0291
CUB,873,0.306798,0.256,0.3073,0.000502,0.0513
CUB,874,0.363755,0.3088,0.3627,-0.0010549999999999,0.0539
CUB,875,0.215888,0.1763,0.2154,-0.0004879999999999,0.0390999999999999
CUB,876,0.262216,0.2364,0.2629,0.000684,0.0265
CUB,877,0.290395,0.2423,0.289,-0.001395,0.0466999999999999
CUB,878,0.26895,0.2336,0.2597,-0.00925,0.0260999999999999
CUB,879,0.337596,0.2892,0.3378,0.0002039999999999,0.0485999999999999
CUB,880,0.366794,0.3035,0.3631,-0.003694,0.0595999999999999
CUB,881,0.430127,0.3699,0.4283,-0.0018269999999999,0.0584
CUB,882,0.381525,0.3194,0.3809,-0.0006249999999999,0.0615
CUB,883,0.28796,0.2374,0.2881,0.00014,0.0507
CUB,884,0.252912,0.2083,0.2547,0.0017879999999999,0.0463999999999999
CUB,885,0.283582,0.2329,0.2858,0.0022179999999999,0.0529
CUB,886,0.301044,0.2561,0.3028,0.001756,0.0467
CUB,887,0.361088,0.3061,0.3564,-0.004688,0.0503
CUB,888,0.257124,0.2175,0.2564,-0.000724,0.0389
CUB,889,0.299495,0.2348,0.3035,0.0040049999999999,0.0686999999999999
CUB,890,0.391446,0.3249,0.3895,-0.001946,0.0645999999999999
CUB,891,0.335543,0.281,0.3354,-0.000143,0.0543999999999999
CUB,892,0.29585,0.2476,0.2965,0.0006499999999999,0.0489
CUB,893,0.360908,0.3025,0.3628,0.001892,0.0603
CUB,894,0.355545,0.3095,0.3563,0.000755,0.0468
CUB,895,0.341814,0.2992,0.3401,-0.0017139999999999,0.0408999999999999
CUB,896,0.310108,0.276,0.3086,-0.001508,0.0325999999999999
CUB,897,0.279635,0.2322,0.279,-0.0006349999999999,0.0468
CUB,898,0.419037,0.3562,0.4218,0.002763,0.0655999999999999
CUB,899,0.293221,0.2452,0.2917,-0.0015209999999999,0.0465
CUB,900,0.266574,0.2259,0.2663,-0.0002739999999999,0.0403999999999999
CUB,901,0.304181,0.2951,0.3052,0.001019,0.0101
CUB,902,0.331676,0.284,0.3314,-0.000276,0.0474
CUB,903,0.247211,0.204,0.2483,0.001089,0.0443
CUB,904,0.382315,0.3283,0.3787,-0.003615,0.0504
CUB,905,0.378179,0.346,0.3807,0.0025209999999999,0.0347
CUB,906,0.389329,0.3338,0.3945,0.005171,0.0607
CUB,907,0.328318,0.2823,0.3249,-0.0034179999999999,0.0426
CUB,908,0.286248,0.2503,0.283,-0.003248,0.0326999999999999
CUB,909,0.35044,0.2965,0.3507,0.00026,0.0542
CUB,910,0.308382,0.2487,0.3088,0.000418,0.0601
CUB,911,0.338898,0.2904,0.3454,0.006502,0.0549999999999999
CUB,912,0.390265,0.3285,0.3965,0.006235,0.068
CUB,913,0.398434,0.3492,0.3979,-0.000534,0.0486999999999999
CUB,914,0.40969,0.3505,0.4045,-0.0051899999999999,0.054
CUB,915,0.342554,0.2924,0.3385,-0.004054,0.0461
CUB,916,0.282032,0.2313,0.2816,-0.0004319999999999,0.0503
CUB,917,0.351945,0.2968,0.3491,-0.0028449999999999,0.0523
CUB,918,0.320368,0.2896,0.3274,0.007032,0.0378
CUB,919,0.270144,0.2231,0.2728,0.0026559999999999,0.0496999999999999
CUB,920,0.284287,0.2325,0.2871,0.002813,0.0546
CUB,921,0.339275,0.2878,0.3424,0.0031249999999999,0.0545999999999999
CUB,922,0.346017,0.2977,0.3432,-0.002817,0.0454999999999999
CUB,923,0.302856,0.2538,0.3046,0.0017439999999999,0.0507999999999999
CUB,924,0.385137,0.3239,0.3869,0.001763,0.063
CUB,925,0.282289,0.2326,0.2793,-0.002989,0.0466999999999999
CUB,926,0.309455,0.2624,0.3079,-0.0015549999999999,0.0454999999999999
CUB,927,0.383482,0.3312,0.3801,-0.0033819999999999,0.0489
CUB,928,0.352787,0.2862,0.3539,0.0011129999999999,0.0676999999999999
CUB,929,0.382912,0.3297,0.377,-0.0059119999999999,0.0473
CUB,930,0.362554,0.3006,0.3641,0.0015459999999999,0.0635
CUB,931,0.348872,0.2959,0.3486,-0.0002719999999999,0.0527
CUB,932,0.331401,0.2928,0.3282,-0.003201,0.0353999999999999
CUB,933,0.335783,0.2873,0.3315,-0.0042829999999999,0.0442
CUB,934,0.333722,0.2899,0.3342,0.0004779999999999,0.0443
CUB,935,0.34492,0.2896,0.3425,-0.0024199999999999,0.0529
CUB,936,0.360649,0.2993,0.3572,-0.0034489999999999,0.0579
CUB,937,0.18139,0.1576,0.178,-0.00339,0.0204
CUB,938,0.294006,0.2385,0.2923,-0.0017059999999999,0.0538
CUB,939,0.310297,0.2566,0.3125,0.002203,0.0559
CUB,940,0.296276,0.2326,0.2927,-0.0035759999999999,0.0601
CUB,941,0.355784,0.2981,0.3583,0.002516,0.0602
CUB,942,0.41528,0.339,0.4133,-0.0019799999999999,0.0742999999999999
CUB,943,0.275125,0.2283,0.2765,0.001375,0.0482
CUB,944,0.301413,0.2486,0.2983,-0.0031129999999999,0.0497
CUB,945,0.319246,0.2687,0.321,0.001754,0.0523
CUB,946,0.284476,0.255,0.2825,-0.001976,0.0274999999999999
CUB,947,0.29879,0.2557,0.2973,-0.0014899999999999,0.0416
CUB,948,0.308066,0.2455,0.3106,0.0025339999999999,0.0650999999999999
CUB,949,0.299411,0.2546,0.2938,-0.0056109999999999,0.0392
CUB,950,0.403453,0.3394,0.4005,-0.0029529999999999,0.0611
CUB,951,0.313913,0.2682,0.3119,-0.0020129999999999,0.0437
CUB,952,0.377152,0.318,0.3725,-0.0046519999999999,0.0544999999999999
CUB,953,0.337395,0.2751,0.3372,-0.000195,0.0620999999999999
CUB,954,0.298756,0.2559,0.3014,0.0026439999999999,0.0454999999999999
CUB,955,0.318532,0.2821,0.3198,0.0012679999999999,0.0376999999999999
CUB,956,0.250679,0.2006,0.2527,0.0020209999999999,0.0520999999999999
CUB,957,0.284682,0.2348,0.2847,1.8000000000018e-05,0.0499
CUB,958,0.331631,0.2795,0.3351,0.003469,0.0555999999999999
CUB,959,0.392193,0.326,0.3909,-0.0012929999999999,0.0649
CUB,960,0.377973,0.3074,0.3802,0.0022269999999999,0.0727999999999999
CUB,961,0.394727,0.3289,0.3969,0.0021729999999999,0.0679999999999999
CUB,962,0.36992,0.328,0.3684,-0.00152,0.0403999999999999
CUB,963,0.322879,0.2703,0.3222,-0.000679,0.0519
CUB,964,0.357867,0.2961,0.3563,-0.0015669999999999,0.0602
CUB,965,0.372464,0.3199,0.3756,0.0031359999999999,0.0556999999999999
CUB,966,0.384572,0.3221,0.387,0.0024279999999999,0.0649
CUB,967,0.388881,0.3296,0.3907,0.001819,0.0610999999999999
CUB,968,0.389513,0.324,0.3897,0.0001869999999999,0.0656999999999999
CUB,969,0.233556,0.1791,0.2344,0.0008439999999999,0.0552999999999999
CUB,970,0.245207,0.2105,0.2487,0.0034929999999999,0.0382
CUB,971,0.351555,0.3062,0.357,0.0054449999999999,0.0507999999999999
CUB,972,0.330708,0.2831,0.3286,-0.0021079999999999,0.0454999999999999
CUB,973,0.372914,0.3213,0.3726,-0.000314,0.0513
CUB,974,0.305057,0.2451,0.3091,0.0040429999999999,0.0639999999999999
CUB,975,0.400888,0.3371,0.3975,-0.003388,0.0604
CUB,976,0.33974,0.2794,0.3377,-0.0020399999999999,0.0583
CUB,977,0.392309,0.3281,0.3939,0.0015909999999999,0.0657999999999999
CUB,978,0.285718,0.2359,0.2864,0.0006819999999999,0.0504999999999999
CUB,979,0.368257,0.3207,0.3735,0.0052429999999999,0.0528
CUB,980,0.279767,0.2253,0.2799,0.0001329999999999,0.0545999999999999
CUB,981,0.376301,0.3162,0.3773,0.000999,0.0611
CUB,982,0.156421,0.1306,0.1579,0.001479,0.0273
CUB,983,0.368482,0.3009,0.3654,-0.0030819999999999,0.0645
CUB,984,0.302131,0.2606,0.3036,0.0014689999999999,0.0429999999999999
CUB,985,0.300621,0.247,0.2964,-0.004221,0.0494
CUB,986,0.323163,0.2878,0.3225,-0.0006629999999999,0.0347
CUB,987,0.350437,0.2949,0.3444,-0.006037,0.0494999999999999
CUB,988,0.308633,0.2476,0.3102,0.0015669999999999,0.0625999999999999
CUB,989,0.204812,0.1655,0.2049,8.800000000000474e-05,0.0393999999999999
CUB,990,0.372305,0.3229,0.376,0.003695,0.0530999999999999
CUB,991,0.369078,0.3094,0.3621,-0.006978,0.0526999999999999
CUB,992,0.397772,0.3465,0.3993,0.0015279999999999,0.0528
CUB,993,0.427192,0.366,0.4265,-0.000692,0.0605
CUB,994,0.381003,0.3346,0.3803,-0.0007029999999999,0.0457
CUB,995,0.364664,0.3235,0.3637,-0.0009639999999999,0.0402
CUB,996,0.422166,0.3521,0.4212,-0.0009659999999999,0.0691
CUB,997,0.397831,0.3398,0.4003,0.0024689999999999,0.0605
CUB,998,0.349285,0.2996,0.3488,-0.000485,0.0492
CUB,999,0.341201,0.2952,0.338,-0.0032009999999999,0.0428
CUB,1000,0.351436,0.2952,0.3462,-0.005236,0.0509999999999999
CUB,1001,0.353889,0.3093,0.3546,0.000711,0.0453
CUB,1002,0.39287,0.3327,0.3942,0.0013299999999999,0.0615
CUB,1003,0.260686,0.2182,0.2604,-0.0002859999999999,0.0422
CUB,1004,0.388193,0.3402,0.3853,-0.002893,0.0450999999999999
CUB,1005,0.387964,0.3497,0.3921,0.004136,0.0423999999999999
CUB,1006,0.409112,0.3572,0.4179,0.008788,0.0606999999999999
CUB,1007,0.38058,0.3262,0.3826,0.00202,0.0564
CUB,1008,0.425038,0.3603,0.4225,-0.002538,0.0621999999999999
CUB,1009,0.271373,0.2194,0.2717,0.000327,0.0522999999999999
CUB,1010,0.394167,0.3261,0.3981,0.003933,0.072
CUB,1011,0.297385,0.2611,0.2953,-0.002085,0.0342
CUB,1012,0.378002,0.3058,0.3728,-0.0052019999999999,0.067
CUB,1013,0.245586,0.2119,0.2464,0.000814,0.0345
CUB,1014,0.237912,0.1939,0.2361,-0.001812,0.0422
CUB,1015,0.294046,0.2442,0.2919,-0.0021459999999999,0.0476999999999999
CUB,1016,0.407124,0.3382,0.4062,-0.0009239999999999,0.068
CUB,1017,0.277969,0.2389,0.2766,-0.001369,0.0377
CUB,1018,0.410393,0.3416,0.4086,-0.0017929999999999,0.067
CUB,1019,0.283062,0.26,0.2787,-0.0043619999999999,0.0186999999999999
CUB,1020,0.377538,0.3089,0.378,0.000462,0.0691
CUB,1021,0.409084,0.3654,0.4097,0.000616,0.0443
CUB,1022,0.384392,0.3239,0.3831,-0.001292,0.0591999999999999
CUB,1023,0.373177,0.3258,0.3698,-0.0033769999999999,0.044
CUB,1024,0.323075,0.2613,0.3233,0.0002249999999999,0.062
CUB,1025,0.360601,0.3068,0.3603,-0.0003009999999999,0.0534999999999999
CUB,1026,0.353404,0.2692,0.3502,-0.0032039999999999,0.081
CUB,1027,0.207605,0.172,0.2044,-0.003205,0.0324
CUB,1028,0.358421,0.3057,0.3568,-0.0016209999999999,0.0510999999999999
CUB,1029,0.327747,0.2793,0.3279,0.000153,0.0486
CUB,1030,0.281891,0.2309,0.2791,-0.0027909999999999,0.0482
CUB,1031,0.298136,0.249,0.29,-0.008136,0.0409999999999999
CUB,1032,0.220661,0.1792,0.2185,-0.0021609999999999,0.0393
CUB,1033,0.255952,0.2164,0.2576,0.0016479999999999,0.0411999999999999
CUB,1034,0.410333,0.3504,0.4124,0.0020669999999999,0.062
CUB,1035,0.397163,0.3339,0.3925,-0.0046629999999999,0.0586
CUB,1036,0.277888,0.2327,0.2792,0.0013119999999999,0.0465
CUB,1037,0.326383,0.2799,0.3234,-0.0029829999999999,0.0435
CUB,1038,0.299518,0.2477,0.3024,0.0028819999999999,0.0547
CUB,1039,0.2809,0.2401,0.2804,-0.0005,0.0402999999999999
CUB,1040,0.437141,0.3725,0.4374,0.000259,0.0649
CUB,1041,0.31493,0.2707,0.3187,0.0037699999999999,0.0479999999999999
CUB,1042,0.399423,0.3227,0.3945,-0.0049229999999999,0.0718
CUB,1043,0.331695,0.2813,0.3321,0.0004049999999999,0.0508
CUB,1044,0.362196,0.3185,0.3569,-0.005296,0.0383999999999999
CUB,1045,0.325012,0.2821,0.3272,0.0021879999999999,0.0450999999999999
CUB,1046,0.307797,0.2584,0.3055,-0.0022969999999999,0.0470999999999999
CUB,1047,0.389923,0.3383,0.3843,-0.005623,0.0459999999999999
CUB,1048,0.369642,0.3286,0.3749,0.0052579999999999,0.0463
CUB,1049,0.398636,0.3417,0.3888,-0.009836,0.0470999999999999
CUB,1050,0.429387,0.359,0.4239,-0.005487,0.0649
CUB,1051,0.31067,0.2629,0.3079,-0.0027699999999999,0.0449999999999999
CUB,1052,0.274663,0.218,0.2737,-0.0009629999999999,0.0557
CUB,1053,0.401561,0.3557,0.4027,0.001139,0.0469999999999999
CUB,1054,0.436109,0.3751,0.4364,0.0002909999999999,0.0613
CUB,1055,0.219145,0.1687,0.2159,-0.0032449999999999,0.0472
CUB,1056,0.413189,0.3633,0.4138,0.000611,0.0504999999999999
CUB,1057,0.315974,0.2542,0.3172,0.001226,0.063
CUB,1058,0.27994,0.2451,0.2686,-0.01134,0.0234999999999999
CUB,1059,0.331753,0.272,0.3347,0.0029469999999999,0.0626999999999999
CUB,1060,0.341422,0.2776,0.3383,-0.003122,0.0606999999999999
CUB,1061,0.269452,0.2359,0.2713,0.0018479999999999,0.0353999999999999
CUB,1062,0.338125,0.2833,0.3351,-0.003025,0.0518
CUB,1063,0.324354,0.2758,0.3291,0.004746,0.0533
CUB,1064,0.396315,0.3526,0.3995,0.003185,0.0469
CUB,1065,0.206957,0.1633,0.2084,0.0014429999999999,0.0451
CUB,1066,0.28847,0.2296,0.2897,0.00123,0.0601
CUB,1067,0.219187,0.1702,0.2164,-0.0027869999999999,0.0462
CUB,1068,0.386436,0.3268,0.3808,-0.0056359999999999,0.054
CUB,1069,0.227185,0.179,0.2283,0.001115,0.0493
CUB,1070,0.251468,0.2049,0.2498,-0.001668,0.0448999999999999
CUB,1071,0.386769,0.3259,0.3897,0.002931,0.0637999999999999
CUB,1072,0.296551,0.238,0.2952,-0.0013509999999999,0.0572
CUB,1073,0.360888,0.3025,0.3574,-0.0034879999999999,0.0549
CUB,1074,0.33503,0.3005,0.3341,-0.0009299999999999,0.0336
CUB,1075,0.320515,0.2626,0.3156,-0.004915,0.0529999999999999
CUB,1076,0.29655,0.2439,0.2982,0.00165,0.0543
CUB,1077,0.318665,0.256,0.3182,-0.0004649999999999,0.0621999999999999
CUB,1078,0.33327,0.2827,0.334,0.00073,0.0513
CUB,1079,0.361808,0.3161,0.3639,0.0020919999999999,0.0478
CUB,1080,0.284966,0.2348,0.2838,-0.001166,0.0489999999999999
CUB,1081,0.294673,0.2431,0.2881,-0.0065729999999999,0.045
CUB,1082,0.36924,0.3222,0.3703,0.00106,0.0481
CUB,1083,0.245453,0.2149,0.2483,0.0028469999999999,0.0333999999999999
CUB,1084,0.274704,0.2173,0.2769,0.0021959999999999,0.0595999999999999
CUB,1085,0.336649,0.2849,0.3336,-0.0030489999999999,0.0487
CUB,1086,0.333342,0.2713,0.3335,0.0001579999999999,0.0622
CUB,1087,0.391441,0.3224,0.3948,0.003359,0.0723999999999999
CUB,1088,0.273167,0.2225,0.274,0.000833,0.0515
CUB,1089,0.321999,0.2738,0.3173,-0.0046989999999999,0.0435
CUB,1090,0.356291,0.3162,0.3585,0.0022089999999999,0.0423
CUB,1091,0.388687,0.3385,0.393,0.004313,0.0544999999999999
CUB,1092,0.431921,0.3608,0.4342,0.0022789999999999,0.0733999999999999
CUB,1093,0.371366,0.3039,0.3652,-0.0061659999999999,0.0613
CUB,1094,0.310264,0.2614,0.3116,0.001336,0.0501999999999999
CUB,1095,0.335419,0.3,0.3432,0.0077809999999999,0.0432
CUB,1096,0.312165,0.2648,0.3078,-0.004365,0.043
CUB,1097,0.350326,0.2891,0.3542,0.0038739999999999,0.0650999999999999
CUB,1098,0.340148,0.2911,0.3442,0.004052,0.0530999999999999
CUB,1099,0.215492,0.1736,0.2216,0.006108,0.0479999999999999
CUB,1100,0.375741,0.3105,0.3751,-0.000641,0.0645999999999999
CUB,1101,0.314276,0.2636,0.3114,-0.0028759999999999,0.0478
CUB,1102,0.3933,0.3279,0.3939,0.0005999999999999,0.0659999999999999
CUB,1103,0.330839,0.2836,0.3278,-0.003039,0.0441999999999999
CUB,1104,0.338667,0.2742,0.3468,0.008133,0.0726
CUB,1105,0.318892,0.2484,0.3127,-0.006192,0.0642999999999999
CUB,1106,0.336856,0.2858,0.3388,0.001944,0.0529999999999999
CUB,1107,0.40221,0.351,0.4049,0.0026899999999999,0.0539
CUB,1108,0.33929,0.2827,0.337,-0.0022899999999999,0.0543
CUB,1109,0.358164,0.3108,0.3603,0.002136,0.0494999999999999
CUB,1110,0.40936,0.3336,0.4052,-0.0041599999999999,0.0716
CUB,1111,0.403033,0.3501,0.4139,0.010867,0.0637999999999999
CUB,1112,0.315645,0.2524,0.3141,-0.001545,0.0616999999999999
CUB,1113,0.246336,0.2045,0.2478,0.0014639999999999,0.0433
CUB,1114,0.415773,0.3548,0.4159,0.0001269999999999,0.0610999999999999
CUB,1115,0.348996,0.2878,0.3474,-0.0015959999999999,0.0595999999999999
CUB,1116,0.196841,0.1699,0.1963,-0.0005409999999999,0.0264
CUB,1117,0.366864,0.3212,0.3687,0.001836,0.0475
CUB,1118,0.276734,0.2303,0.28,0.003266,0.0497
CUB,1119,0.263855,0.2282,0.2583,-0.005555,0.0300999999999999
CUB,1120,0.331913,0.2885,0.3348,0.0028869999999999,0.0463
CUB,1121,0.324475,0.2673,0.3221,-0.002375,0.0548
CUB,1122,0.343198,0.29,0.3356,-0.0075979999999999,0.0456
CUB,1123,0.272114,0.2454,0.2726,0.0004859999999999,0.0272
CUB,1124,0.290369,0.2434,0.2919,0.001531,0.0484999999999999
CUB,1125,0.413499,0.3543,0.413,-0.000499,0.0586999999999999
CUB,1126,0.328606,0.2787,0.3268,-0.001806,0.0480999999999999
CUB,1127,0.359811,0.3198,0.3594,-0.0004109999999999,0.0396
CUB,1128,0.363596,0.3028,0.3638,0.000204,0.061
CUB,1129,0.370774,0.3176,0.363,-0.007774,0.0453999999999999
CUB,1130,0.273443,0.2393,0.2763,0.0028569999999999,0.0369999999999999
CUB,1131,0.231975,0.1892,0.2278,-0.0041749999999999,0.0385999999999999
CUB,1132,0.262584,0.2254,0.263,0.000416,0.0376
CUB,1133,0.31563,0.2615,0.3173,0.00167,0.0558
CUB,1134,0.348759,0.3102,0.3463,-0.0024589999999999,0.0361
CUB,1135,0.287061,0.2442,0.2888,0.0017389999999999,0.0446
CUB,1136,0.277168,0.2592,0.2806,0.0034319999999999,0.0214
CUB,1137,0.331054,0.2754,0.331,-5.3999999999998494e-05,0.0556
CUB,1138,0.350255,0.297,0.3502,-5.499999999997174e-05,0.0532
CUB,1139,0.281594,0.2475,0.2835,0.0019059999999999,0.0359999999999999
CUB,1140,0.305189,0.2579,0.3025,-0.0026889999999999,0.0445999999999999
CUB,1141,0.357425,0.3002,0.3544,-0.003025,0.0541999999999999
CUB,1142,0.369925,0.3069,0.3692,-0.000725,0.0622999999999999
CUB,1143,0.261895,0.2068,0.2595,-0.0023949999999999,0.0527
CUB,1144,0.368127,0.3102,0.3685,0.000373,0.0583
CUB,1145,0.310271,0.2556,0.3079,-0.002371,0.0523
CUB,1146,0.250292,0.2077,0.2503,8.000000000008e-06,0.0426
CUB,1147,0.243184,0.2071,0.2452,0.0020159999999999,0.0380999999999999
CUB,1148,0.379167,0.3115,0.3803,0.001133,0.0688
CUB,1149,0.190496,0.1491,0.1909,0.0004039999999999,0.0417999999999999
CUB,1150,0.252474,0.2161,0.2546,0.002126,0.0385
CUB,1151,0.320628,0.253,0.3155,-0.005128,0.0625
CUB,1152,0.315471,0.2674,0.3094,-0.0060709999999999,0.0419999999999999
CUB,1153,0.370486,0.3149,0.3703,-0.0001859999999999,0.0554
CUB,1154,0.350869,0.3009,0.3561,0.005231,0.0552
CUB,1155,0.397425,0.3326,0.3885,-0.0089249999999999,0.0559
CUB,1156,0.273638,0.2375,0.2724,-0.001238,0.0348999999999999
CUB,1157,0.314414,0.2553,0.3158,0.0013859999999999,0.0605
CUB,1158,0.278131,0.2274,0.2726,-0.005531,0.0452
CUB,1159,0.344456,0.2823,0.3391,-0.0053559999999999,0.0568
CUB,1160,0.357524,0.2857,0.3538,-0.003724,0.0681
CUB,1161,0.307742,0.2719,0.3064,-0.001342,0.0345
CUB,1162,0.381068,0.321,0.3816,0.0005319999999999,0.0605999999999999
CUB,1163,0.253937,0.2008,0.2535,-0.000437,0.0527
CUB,1164,0.25311,0.1988,0.2516,-0.00151,0.0527999999999999
CUB,1165,0.403916,0.3416,0.3968,-0.007116,0.0551999999999999
CUB,1166,0.36838,0.312,0.3718,0.00342,0.0598
CUB,1167,0.312301,0.2696,0.3106,-0.001701,0.0409999999999999
CUB,1168,0.311248,0.2704,0.3149,0.0036519999999999,0.0445
CUB,1169,0.433932,0.3701,0.4378,0.003868,0.0677
CUB,1170,0.271246,0.2351,0.2673,-0.003946,0.0321999999999999
CUB,1171,0.312418,0.2634,0.3181,0.005682,0.0546999999999999
CUB,1172,0.338861,0.288,0.3352,-0.003661,0.0472
CUB,1173,0.239341,0.2015,0.2412,0.0018589999999999,0.0396999999999999
CUB,1174,0.356682,0.3045,0.3486,-0.0080819999999999,0.0441
CUB,1175,0.359898,0.2928,0.3503,-0.0095979999999999,0.0574999999999999
CUB,1176,0.275574,0.2576,0.2778,0.002226,0.0201999999999999
CUB,1177,0.312629,0.2704,0.3171,0.004471,0.0467
CUB,1178,0.308793,0.2584,0.2981,-0.010693,0.0396999999999999
CUB,1179,0.435266,0.3816,0.4315,-0.0037659999999999,0.0499
CUB,1180,0.338056,0.2886,0.3358,-0.002256,0.0471999999999999
CUB,1181,0.275794,0.2232,0.275,-0.0007939999999999,0.0518
CUB,1182,0.339187,0.2933,0.3456,0.006413,0.0523
CUB,1183,0.389054,0.3087,0.384,-0.005054,0.0753
CUB,1184,0.305175,0.2534,0.3014,-0.0037749999999999,0.0479999999999999
CUB,1185,0.31454,0.2697,0.3147,0.0001599999999999,0.0449999999999999
CUB,1186,0.367589,0.2972,0.3689,0.001311,0.0716999999999999
CUB,1187,0.342395,0.2863,0.3387,-0.003695,0.0524
CUB,1188,0.351987,0.3013,0.355,0.0030129999999999,0.0536999999999999
CUB,1189,0.295609,0.2465,0.293,-0.002609,0.0464999999999999
CUB,1190,0.386749,0.3281,0.3893,0.0025509999999999,0.0611999999999999
CUB,1191,0.33386,0.2649,0.3311,-0.0027599999999999,0.0661999999999999
CUB,1192,0.232846,0.2018,0.2312,-0.001646,0.0293999999999999
CUB,1193,0.316012,0.2537,0.3168,0.000788,0.0631
CUB,1194,0.277091,0.2327,0.2779,0.000809,0.0451999999999999
CUB,1195,0.323091,0.2698,0.3244,0.001309,0.0546
CUB,1196,0.355398,0.2958,0.3527,-0.0026979999999999,0.0569
CUB,1197,0.277406,0.2305,0.2771,-0.0003059999999999,0.0466
CUB,1198,0.275465,0.2287,0.2754,-6.500000000003725e-05,0.0466999999999999
CUB,1199,0.411039,0.353,0.4069,-0.004139,0.0539
CUB,1200,0.208823,0.1633,0.2086,-0.000223,0.0453
CUB,1201,0.33404,0.2792,0.3358,0.0017599999999999,0.0565999999999999
CUB,1202,0.452431,0.3967,0.4529,0.0004689999999999,0.0562
CUB,1203,0.365973,0.3102,0.3668,0.000827,0.0566
CUB,1204,0.287183,0.246,0.2845,-0.002683,0.0384999999999999
CUB,1205,0.337005,0.2847,0.3366,-0.0004049999999999,0.0519
CUB,1206,0.322613,0.2748,0.324,0.001387,0.0492
CUB,1207,0.36196,0.2883,0.3637,0.00174,0.0754
CUB,1208,0.399936,0.3507,0.4069,0.0069639999999999,0.0561999999999999
CUB,1209,0.366733,0.3151,0.368,0.001267,0.0529
CUB,1210,0.378446,0.3308,0.3839,0.005454,0.0531
CUB,1211,0.377021,0.3287,0.3777,0.0006789999999999,0.0489999999999999
CUB,1212,0.361743,0.3157,0.3679,0.006157,0.0522
CUB,1213,0.301328,0.2518,0.3049,0.003572,0.0530999999999999
CUB,1214,0.404158,0.3236,0.3987,-0.005458,0.0751
CUB,1215,0.259087,0.2166,0.2626,0.0035129999999999,0.046
CUB,1216,0.209629,0.1663,0.2095,-0.000129,0.0431999999999999
CUB,1217,0.356868,0.3123,0.3575,0.0006319999999999,0.0451999999999999
CUB,1218,0.342975,0.2864,0.3417,-0.0012749999999999,0.0553
CUB,1219,0.240061,0.202,0.2396,-0.0004609999999999,0.0375999999999999
CUB,1220,0.353984,0.2958,0.351,-0.002984,0.0551999999999999
CUB,1221,0.310439,0.2666,0.306,-0.004439,0.0393999999999999
CUB,1222,0.33,0.2766,0.3284,-0.0015999999999999,0.0518
CUB,1223,0.254671,0.2151,0.2558,0.001129,0.0407
CUB,1224,0.2541,0.2118,0.2538,-0.0002999999999999,0.042
CUB,1225,0.218055,0.192,0.2158,-0.002255,0.0237999999999999
CUB,1226,0.374678,0.3249,0.3714,-0.003278,0.0464999999999999
CUB,1227,0.203724,0.1981,0.2052,0.001476,0.0070999999999999
CUB,1228,0.397083,0.3338,0.3971,1.6999999999989246e-05,0.0633
CUB,1229,0.369138,0.3062,0.3709,0.0017619999999999,0.0646999999999999
CUB,1230,0.393307,0.3235,0.3901,-0.003207,0.0665999999999999
CUB,1231,0.186047,0.1616,0.1869,0.000853,0.0253
CUB,1232,0.332678,0.2864,0.3335,0.000822,0.0471
CUB,1233,0.348914,0.2903,0.3489,-1.4000000000014e-05,0.0585999999999999
CUB,1234,0.332136,0.2861,0.3323,0.0001639999999999,0.0461999999999999
CUB,1235,0.37896,0.3054,0.3734,-0.00556,0.068
CUB,1236,0.336874,0.302,0.3346,-0.0022739999999999,0.0326
CUB,1237,0.31497,0.2495,0.3109,-0.00407,0.0614
CUB,1238,0.201907,0.158,0.1986,-0.003307,0.0406
CUB,1239,0.366656,0.302,0.3645,-0.0021559999999999,0.0625
CUB,1240,0.357682,0.3042,0.3572,-0.0004819999999999,0.0529999999999999
CUB,1241,0.313892,0.2651,0.3092,-0.004692,0.0440999999999999
CUB,1242,0.332726,0.276,0.3313,-0.001426,0.0552999999999999
CUB,1243,0.289609,0.2328,0.288,-0.001609,0.0551999999999999
CUB,1244,0.213542,0.1807,0.2119,-0.001642,0.0312
CUB,1245,0.235355,0.2137,0.2357,0.0003449999999999,0.0219999999999999
CUB,1246,0.320059,0.2684,0.3243,0.0042409999999999,0.0558999999999999
CUB,1247,0.355313,0.2967,0.3529,-0.0024129999999999,0.0561999999999999
CUB,1248,0.407629,0.3429,0.405,-0.0026289999999999,0.0621
CUB,1249,0.343676,0.2807,0.3422,-0.0014759999999999,0.0615
CUB,1250,0.19792,0.1474,0.1939,-0.00402,0.0464999999999999
CUB,1251,0.367958,0.3122,0.3675,-0.000458,0.0553
CUB,1252,0.341557,0.2921,0.3433,0.0017429999999999,0.0511999999999999
CUB,1253,0.293021,0.2505,0.2881,-0.0049209999999999,0.0376
CUB,1254,0.300678,0.2569,0.2995,-0.001178,0.0425999999999999
CUB,1255,0.338486,0.285,0.3406,0.002114,0.0556
CUB,1256,0.231236,0.201,0.2348,0.003564,0.0338
CUB,1257,0.330282,0.2803,0.3328,0.0025179999999999,0.0524999999999999
CUB,1258,0.38952,0.3068,0.3806,-0.0089199999999999,0.0737999999999999
CUB,1259,0.414143,0.3492,0.4126,-0.0015429999999999,0.0634
CUB,1260,0.383071,0.3225,0.38,-0.0030709999999999,0.0574999999999999
CUB,1261,0.394992,0.3366,0.3882,-0.006792,0.0515999999999999
CUB,1262,0.373894,0.3117,0.3735,-0.000394,0.0618
CUB,1263,0.265841,0.2119,0.2705,0.004659,0.0586
CUB,1264,0.349703,0.2933,0.3555,0.0057969999999999,0.0621999999999999
CUB,1265,0.309981,0.2662,0.3119,0.001919,0.0457
CUB,1266,0.388458,0.3125,0.3844,-0.004058,0.0719
CUB,1267,0.263341,0.2357,0.2616,-0.0017409999999999,0.0259
CUB,1268,0.36145,0.3091,0.3615,4.999999999999449e-05,0.0524
CUB,1269,0.310787,0.2608,0.3072,-0.003587,0.0464
CUB,1270,0.360637,0.3249,0.362,0.001363,0.0370999999999999
CUB,1271,0.284563,0.2338,0.2848,0.0002369999999999,0.0509999999999999
CUB,1272,0.367861,0.3224,0.372,0.004139,0.0495999999999999
CUB,1273,0.404729,0.3439,0.4011,-0.0036289999999999,0.0572
CUB,1274,0.334265,0.2857,0.3299,-0.0043649999999999,0.0442
CUB,1275,0.339074,0.2843,0.3361,-0.0029739999999999,0.0518
CUB,1276,0.381998,0.3315,0.3776,-0.004398,0.0460999999999999
CUB,1277,0.337184,0.298,0.3403,0.003116,0.0423
CUB,1278,0.319429,0.2899,0.3158,-0.0036289999999999,0.0259
CUB,1279,0.325042,0.2931,0.322,-0.0030419999999999,0.0288999999999999
CUB,1280,0.30419,0.26,0.3048,0.0006099999999999,0.0448
CUB,1281,0.218461,0.1818,0.2156,-0.0028609999999999,0.0338
CUB,1282,0.286544,0.2386,0.2844,-0.002144,0.0457999999999999
CUB,1283,0.366833,0.3067,0.3628,-0.004033,0.0561
CUB,1284,0.326166,0.2907,0.3291,0.0029339999999999,0.0383999999999999
CUB,1285,0.330025,0.284,0.3267,-0.003325,0.0427
CUB,1286,0.34324,0.29,0.3436,0.00036,0.0536
CUB,1287,0.337986,0.2993,0.3369,-0.001086,0.0375999999999999
CUB,1288,0.282763,0.2405,0.2826,-0.0001629999999999,0.0421
CUB,1289,0.278337,0.2335,0.2778,-0.000537,0.0442999999999999
CUB,1290,0.218886,0.1714,0.216,-0.0028859999999999,0.0446
CUB,1291,0.316505,0.2586,0.3129,-0.0036049999999999,0.0543
CUB,1292,0.324321,0.2717,0.3264,0.0020789999999999,0.0547
CUB,1293,0.376887,0.3236,0.3723,-0.004587,0.0487
CUB,1294,0.277516,0.2566,0.2802,0.002684,0.0236
CUB,1295,0.353345,0.306,0.3546,0.001255,0.0486
CUB,1296,0.360497,0.3021,0.3591,-0.001397,0.0569999999999999
CUB,1297,0.348153,0.2968,0.3432,-0.0049529999999999,0.0464
CUB,1298,0.33501,0.2696,0.3286,-0.0064099999999999,0.059
CUB,1299,0.345285,0.2906,0.3449,-0.000385,0.0542999999999999
CUB,1300,0.381113,0.3242,0.3783,-0.0028129999999999,0.0541
CUB,1301,0.307433,0.2385,0.3071,-0.000333,0.0686
CUB,1302,0.320478,0.2554,0.3198,-0.000678,0.0643999999999999
CUB,1303,0.336786,0.2912,0.3345,-0.0022859999999999,0.0433
CUB,1304,0.296382,0.2718,0.2911,-0.0052819999999999,0.0193
CUB,1305,0.336865,0.2885,0.3351,-0.001765,0.0466
CUB,1306,0.338078,0.2849,0.3381,2.2000000000022e-05,0.0532
CUB,1307,0.330733,0.2803,0.328,-0.0027329999999999,0.0477
CUB,1308,0.139234,0.1057,0.1379,-0.001334,0.0321999999999999
CUB,1309,0.344449,0.2967,0.349,0.0045509999999999,0.0522999999999999
CUB,1310,0.232718,0.1812,0.231,-0.0017179999999999,0.0498
CUB,1311,0.337679,0.2969,0.3415,0.003821,0.0446
CUB,1312,0.332383,0.2986,0.3311,-0.0012829999999999,0.0325
CUB,1313,0.344526,0.2931,0.3402,-0.0043259999999999,0.0470999999999999
CUB,1314,0.298651,0.2605,0.2971,-0.001551,0.0365999999999999
CUB,1315,0.396916,0.3243,0.3982,0.001284,0.0739
CUB,1316,0.325026,0.2874,0.3283,0.0032739999999999,0.0408999999999999
CUB,1317,0.33293,0.3075,0.3297,-0.00323,0.0221999999999999
CUB,1318,0.286554,0.2489,0.286,-0.0005539999999999,0.0370999999999999
CUB,1319,0.308943,0.2596,0.3095,0.0005569999999999,0.0499
CUB,1320,0.303069,0.2608,0.3037,0.000631,0.0429
CUB,1321,0.263922,0.222,0.2603,-0.003622,0.0382999999999999
CUB,1322,0.365636,0.3161,0.3668,0.0011639999999999,0.0507
CUB,1323,0.44734,0.3644,0.445,-0.00234,0.0806
CUB,1324,0.344346,0.3008,0.3497,0.005354,0.0489
CUB,1325,0.350865,0.2974,0.3512,0.000335,0.0538
CUB,1326,0.218255,0.1881,0.2217,0.003445,0.0336
CUB,1327,0.344652,0.2886,0.3499,0.0052479999999999,0.0612999999999999
CUB,1328,0.192699,0.1515,0.1888,-0.003899,0.0373
CUB,1329,0.312795,0.2655,0.3104,-0.0023949999999999,0.0448999999999999
CUB,1330,0.382406,0.3335,0.3828,0.0003939999999999,0.0492999999999999
CUB,1331,0.31042,0.2595,0.3126,0.00218,0.0530999999999999
CUB,1332,0.318483,0.2735,0.3202,0.0017169999999999,0.0466999999999999
CUB,1333,0.284676,0.2428,0.2893,0.004624,0.0465
CUB,1334,0.355103,0.2951,0.356,0.0008969999999999,0.0609
CUB,1335,0.373813,0.322,0.3681,-0.005713,0.0460999999999999
CUB,1336,0.260687,0.2136,0.2579,-0.0027869999999999,0.0443
CUB,1337,0.378877,0.3367,0.3717,-0.007177,0.0349999999999999
CUB,1338,0.390615,0.3445,0.389,-0.0016149999999999,0.0445
CUB,1339,0.339979,0.2824,0.338,-0.0019789999999999,0.0556
CUB,1340,0.290775,0.2344,0.2894,-0.001375,0.0549999999999999
CUB,1341,0.259344,0.2294,0.2586,-0.000744,0.0292
CUB,1342,0.281644,0.2357,0.2778,-0.003844,0.0421
CUB,1343,0.263982,0.2098,0.2636,-0.0003819999999999,0.0538
CUB,1344,0.367942,0.302,0.3658,-0.0021419999999999,0.0638
CUB,1345,0.254006,0.2169,0.2533,-0.0007059999999999,0.0364
CUB,1346,0.332494,0.2822,0.3267,-0.005794,0.0444999999999999
CUB,1347,0.262798,0.2261,0.2622,-0.0005979999999999,0.0360999999999999
CUB,1348,0.266412,0.2122,0.2677,0.001288,0.0554999999999999
CUB,1349,0.344202,0.2848,0.3457,0.0014979999999999,0.0609
CUB,1350,0.292902,0.2489,0.2968,0.003898,0.0479
CUB,1351,0.369072,0.3118,0.3714,0.0023279999999999,0.0595999999999999
CUB,1352,0.400931,0.3399,0.3949,-0.006031,0.0549999999999999
CUB,1353,0.261872,0.2019,0.2632,0.0013279999999999,0.0612999999999999
CUB,1354,0.298248,0.2469,0.2982,-4.799999999999249e-05,0.0513
CUB,1355,0.343739,0.2888,0.3392,-0.004539,0.0504
CUB,1356,0.352426,0.3043,0.353,0.0005739999999999,0.0486999999999999
CUB,1357,0.323962,0.278,0.3227,-0.001262,0.0446999999999999
CUB,1358,0.428731,0.3696,0.4334,0.004669,0.0638
CUB,1359,0.334354,0.278,0.3396,0.005246,0.0615999999999999
CUB,1360,0.276691,0.231,0.2704,-0.006291,0.0393999999999999
CUB,1361,0.283941,0.244,0.2854,0.0014589999999999,0.0413999999999999
CUB,1362,0.297652,0.2463,0.2968,-0.000852,0.0505
CUB,1363,0.352971,0.3078,0.3538,0.000829,0.0459999999999999
CUB,1364,0.405318,0.3393,0.4057,0.0003819999999999,0.0664
CUB,1365,0.346306,0.278,0.3484,0.0020939999999999,0.0703999999999999
CUB,1366,0.324885,0.2672,0.3254,0.000515,0.0582
CUB,1367,0.249792,0.2297,0.2521,0.002308,0.0224
CUB,1368,0.31646,0.2617,0.317,0.0005399999999999,0.0553
CUB,1369,0.283355,0.2496,0.2817,-0.001655,0.0321
CUB,1370,0.422681,0.3544,0.419,-0.0036809999999999,0.0645999999999999
CUB,1371,0.270679,0.2173,0.2646,-0.006079,0.0473
CUB,1372,0.244536,0.2145,0.2475,0.0029639999999999,0.033
CUB,1373,0.35975,0.3015,0.3588,-0.00095,0.0573
CUB,1374,0.40741,0.3359,0.4045,-0.0029099999999999,0.0686
CUB,1375,0.28196,0.2575,0.2811,-0.0008599999999999,0.0236
CUB,1376,0.312735,0.2578,0.311,-0.0017349999999999,0.0532
CUB,1377,0.24449,0.2189,0.2441,-0.00039,0.0252
CUB,1378,0.297373,0.2413,0.3002,0.002827,0.0589
CUB,1379,0.239554,0.1958,0.2336,-0.0059539999999999,0.0378
CUB,1380,0.292415,0.2451,0.2865,-0.005915,0.0413999999999999
CUB,1381,0.250739,0.2048,0.2461,-0.0046389999999999,0.0413
CUB,1382,0.436721,0.3709,0.4332,-0.003521,0.0622999999999999
CUB,1383,0.407028,0.3451,0.4055,-0.0015279999999999,0.0604
CUB,1384,0.225217,0.1918,0.2234,-0.001817,0.0315999999999999
CUB,1385,0.30225,0.2751,0.3003,-0.00195,0.0252
CUB,1386,0.253935,0.2199,0.2464,-0.007535,0.0264999999999999
CUB,1387,0.364891,0.3317,0.3629,-0.001991,0.0312
CUB,1388,0.382388,0.327,0.3812,-0.001188,0.0541999999999999
CUB,1389,0.248071,0.2037,0.2475,-0.000571,0.0438
CUB,1390,0.3806,0.3136,0.3845,0.0039,0.0709
CUB,1391,0.145303,0.1013,0.1453,-2.9999999999752447e-06,0.044
CUB,1392,0.347207,0.283,0.3459,-0.001307,0.0629
CUB,1393,0.211983,0.1711,0.212,1.6999999999989246e-05,0.0408999999999999
CUB,1394,0.319255,0.2667,0.3082,-0.011055,0.0414999999999999
CUB,1395,0.248042,0.1931,0.2461,-0.0019419999999999,0.053
CUB,1396,0.359229,0.3083,0.3614,0.0021709999999999,0.0530999999999999
CUB,1397,0.295768,0.2445,0.2901,-0.0056679999999999,0.0456
CUB,1398,0.231789,0.1923,0.2327,0.0009109999999999,0.0403999999999999
CUB,1399,0.364177,0.2968,0.3667,0.002523,0.0699
CUB,1400,0.33722,0.2879,0.3371,-0.00012,0.0492
CUB,1401,0.419158,0.3534,0.4207,0.001542,0.0673
CUB,1402,0.299714,0.2462,0.2982,-0.0015139999999999,0.052
CUB,1403,0.416656,0.3569,0.4158,-0.000856,0.0589
CUB,1404,0.333695,0.2666,0.333,-0.000695,0.0664
CUB,1405,0.359201,0.3254,0.3652,0.005999,0.0398
CUB,1406,0.293507,0.2478,0.2923,-0.001207,0.0445
CUB,1407,0.315919,0.2535,0.31,-0.005919,0.0564999999999999
CUB,1408,0.302857,0.2674,0.2959,-0.0069569999999999,0.0284999999999999
CUB,1409,0.309408,0.2544,0.3069,-0.002508,0.0524999999999999
CUB,1410,0.349236,0.2963,0.3521,0.002864,0.0558
CUB,1411,0.226434,0.1978,0.2263,-0.0001339999999999,0.0284999999999999
CUB,1412,0.357964,0.3061,0.355,-0.002964,0.0489
CUB,1413,0.404323,0.3374,0.4046,0.000277,0.0672
CUB,1414,0.307991,0.2721,0.3059,-0.002091,0.0338
CUB,1415,0.364371,0.3089,0.3579,-0.006471,0.0489999999999999
CUB,1416,0.373622,0.3229,0.3695,-0.004122,0.0465999999999999
CUB,1417,0.33597,0.275,0.3365,0.00053,0.0615
CUB,1418,0.337433,0.2956,0.3272,-0.0102329999999999,0.0316
CUB,1419,0.296269,0.255,0.293,-0.003269,0.0379999999999999
CUB,1420,0.275889,0.2322,0.2794,0.0035109999999999,0.0471999999999999
CUB,1421,0.258573,0.2146,0.2621,0.003527,0.0474999999999999
CUB,1422,0.254361,0.2088,0.2573,0.0029389999999999,0.0484999999999999
CUB,1423,0.30654,0.2575,0.304,-0.0025399999999999,0.0464999999999999
CUB,1424,0.373968,0.325,0.3775,0.0035319999999999,0.0524999999999999
CUB,1425,0.394883,0.3415,0.3898,-0.005083,0.0482999999999999
CUB,1426,0.281709,0.2436,0.2855,0.0037909999999999,0.0418999999999999
CUB,1427,0.237693,0.1997,0.2397,0.002007,0.04
CUB,1428,0.3544,0.3098,0.3557,0.0013,0.0458999999999999
CUB,1429,0.350131,0.291,0.345,-0.005131,0.0539999999999999
CUB,1430,0.354429,0.3072,0.3558,0.001371,0.0486
CUB,1431,0.28995,0.2643,0.2897,-0.0002499999999999,0.0254
CUB,1432,0.352886,0.2947,0.3537,0.000814,0.059
CUB,1433,0.249846,0.2225,0.2509,0.0010539999999999,0.0284
CUB,1434,0.098831,0.0719,0.0947,-0.0041309999999999,0.0228
CUB,1435,0.284217,0.2401,0.2832,-0.0010169999999999,0.0431
CUB,1436,0.362169,0.3059,0.3554,-0.006769,0.0494999999999999
CUB,1437,0.334376,0.2813,0.3304,-0.0039759999999999,0.0491
CUB,1438,0.408038,0.3475,0.4019,-0.006138,0.0544
CUB,1439,0.269928,0.2527,0.2738,0.0038719999999999,0.0211
CUB,1440,0.356826,0.3059,0.3632,0.006374,0.0573
CUB,1441,0.378122,0.3219,0.3749,-0.003222,0.0529999999999999
CUB,1442,0.34262,0.2856,0.3416,-0.0010199999999999,0.0559999999999999
CUB,1443,0.279646,0.2349,0.277,-0.0026459999999999,0.0421
CUB,1444,0.245523,0.2078,0.2448,-0.000723,0.0369999999999999
CUB,1445,0.478094,0.419,0.4767,-0.001394,0.0577
CUB,1446,0.399069,0.3378,0.4013,0.0022309999999999,0.0635
CUB,1447,0.255806,0.2351,0.2482,-0.0076059999999999,0.0131
CUB,1448,0.300751,0.2595,0.299,-0.001751,0.0394999999999999
CUB,1449,0.269813,0.2207,0.2694,-0.000413,0.0486999999999999
CUB,1450,0.305021,0.2489,0.3039,-0.0011209999999999,0.0549999999999999
CUB,1451,0.358132,0.3035,0.361,0.0028679999999999,0.0574999999999999
CUB,1452,0.333105,0.2763,0.3301,-0.0030049999999999,0.0538
CUB,1453,0.360877,0.3102,0.3562,-0.0046769999999999,0.046
CUB,1454,0.316499,0.2735,0.3147,-0.0017989999999999,0.0411999999999999
CUB,1455,0.310394,0.2717,0.3112,0.0008059999999999,0.0394999999999999
CUB,1456,0.300816,0.2767,0.2967,-0.0041159999999999,0.02
CUB,1457,0.293993,0.252,0.3005,0.0065069999999999,0.0484999999999999
CUB,1458,0.280117,0.2254,0.277,-0.0031169999999999,0.0516
CUB,1459,0.389347,0.3261,0.3919,0.002553,0.0658
CUB,1460,0.258619,0.203,0.2594,0.000781,0.0564
CUB,1461,0.344006,0.3076,0.3349,-0.009106,0.0272999999999999
CUB,1462,0.363083,0.3098,0.3581,-0.004983,0.0482999999999999
CUB,1463,0.35176,0.2988,0.3475,-0.00426,0.0486999999999999
CUB,1464,0.326555,0.2868,0.3268,0.0002449999999999,0.0399999999999999
CUB,1465,0.351135,0.2852,0.3506,-0.0005349999999999,0.0654
CUB,1466,0.219793,0.1928,0.2144,-0.0053929999999999,0.0216
CUB,1467,0.321783,0.2688,0.3265,0.004717,0.0577
CUB,1468,0.231856,0.1823,0.2332,0.0013439999999999,0.0509
CUB,1469,0.388122,0.3394,0.3901,0.0019779999999999,0.0507
CUB,1470,0.381157,0.3195,0.3733,-0.007857,0.0538
CUB,1471,0.364005,0.3168,0.3677,0.003695,0.0509
CUB,1472,0.212826,0.1776,0.2153,0.002474,0.0376999999999999
CUB,1473,0.31113,0.263,0.3066,-0.00453,0.0435999999999999
CUB,1474,0.302553,0.2455,0.3052,0.002647,0.0597
CUB,1475,0.317533,0.2745,0.317,-0.000533,0.0424999999999999
CUB,1476,0.415806,0.3449,0.4129,-0.002906,0.068
CUB,1477,0.348794,0.282,0.3471,-0.0016939999999999,0.0651
CUB,1478,0.317017,0.2768,0.3182,0.0011829999999999,0.0413999999999999
CUB,1479,0.312753,0.2499,0.3068,-0.0059529999999999,0.0569
CUB,1480,0.204868,0.1719,0.2053,0.000432,0.0334
CUB,1481,0.348479,0.295,0.3479,-0.0005789999999999,0.0529
CUB,1482,0.326435,0.2977,0.3304,0.003965,0.0327
CUB,1483,0.367439,0.2979,0.3607,-0.0067389999999999,0.0628
CUB,1484,0.339147,0.2634,0.3399,0.000753,0.0764999999999999
CUB,1485,0.379507,0.3239,0.3808,0.001293,0.0569
CUB,1486,0.277606,0.2404,0.2757,-0.001906,0.0353
CUB,1487,0.427581,0.3507,0.4261,-0.001481,0.0753999999999999
CUB,1488,0.281275,0.2235,0.2798,-0.001475,0.0562999999999999
CUB,1489,0.278012,0.2325,0.2784,0.0003879999999999,0.0458999999999999
CUB,1490,0.333992,0.2692,0.3363,0.0023079999999999,0.0670999999999999
CUB,1491,0.3289,0.257,0.3291,0.0001999999999999,0.0721
CUB,1492,0.382965,0.3231,0.3716,-0.011365,0.0484999999999999
CUB,1493,0.283546,0.2285,0.2779,-0.005646,0.0493999999999999
CUB,1494,0.396681,0.3371,0.3985,0.001819,0.0614
CUB,1495,0.22706,0.1942,0.2264,-0.00066,0.0321999999999999
CUB,1496,0.377237,0.3013,0.3695,-0.0077369999999999,0.0681999999999999
CUB,1497,0.34483,0.2952,0.3436,-0.00123,0.0484
CUB,1498,0.219944,0.2008,0.217,-0.002944,0.0161999999999999
CUB,1499,0.330443,0.2805,0.3272,-0.0032429999999999,0.0466999999999999
EuroSAT,0,0.148396,0.1049,0.151,0.0026039999999999,0.0461
EuroSAT,1,0.175901,0.0843,0.1551,-0.020801,0.0707999999999999
EuroSAT,2,0.157516,0.0968,0.1581,0.000584,0.0612999999999999
EuroSAT,3,0.220528,0.1295,0.217,-0.003528,0.0875
EuroSAT,4,0.147323,0.0894,0.1429,-0.004423,0.0535
EuroSAT,5,0.141404,0.1012,0.1423,0.000896,0.0411
EuroSAT,6,0.18673,0.1188,0.1913,0.0045699999999999,0.0725
EuroSAT,7,0.190668,0.1262,0.1922,0.001532,0.066
EuroSAT,8,0.16652,0.1162,0.1702,0.0036799999999999,0.0539999999999999
EuroSAT,9,0.159869,0.1156,0.1612,0.0013309999999999,0.0456
EuroSAT,10,0.226456,0.1461,0.2254,-0.001056,0.0792999999999999
EuroSAT,11,0.178437,0.1192,0.1839,0.0054629999999999,0.0647
EuroSAT,12,0.175844,0.0995,0.1816,0.005756,0.0821
EuroSAT,13,0.107006,0.0601,0.11,0.0029939999999999,0.0499
EuroSAT,14,0.143421,0.0937,0.1368,-0.0066209999999999,0.0431
EuroSAT,15,0.179198,0.1216,0.1797,0.000502,0.0581
EuroSAT,16,0.098021,0.0624,0.0907,-0.0073209999999999,0.0283
EuroSAT,17,0.294438,0.2255,0.3066,0.012162,0.0810999999999999
EuroSAT,18,0.161173,0.1151,0.1661,0.0049269999999999,0.051
EuroSAT,19,0.218596,0.1452,0.2033,-0.015296,0.0581
EuroSAT,20,0.227372,0.1571,0.2216,-0.0057719999999999,0.0645
EuroSAT,21,0.141779,0.0994,0.143,0.0012209999999999,0.0435999999999999
EuroSAT,22,0.21408,0.1418,0.2055,-0.00858,0.0636999999999999
EuroSAT,23,0.153963,0.1038,0.1484,-0.0055629999999999,0.0446
EuroSAT,24,0.1421,0.082,0.1392,-0.0029,0.0571999999999999
EuroSAT,25,0.097375,0.053,0.0885,-0.008875,0.0355
EuroSAT,26,0.15434,0.1022,0.1397,-0.01464,0.0374999999999999
EuroSAT,27,0.144596,0.095,0.1403,-0.0042959999999999,0.0453
EuroSAT,28,0.170243,0.1081,0.1739,0.0036569999999999,0.0658
EuroSAT,29,0.127769,0.0628,0.1194,-0.0083689999999999,0.0566
EuroSAT,30,0.222145,0.1404,0.2086,-0.013545,0.0682
EuroSAT,31,0.092433,0.0511,0.0858,-0.006633,0.0347
EuroSAT,32,0.188237,0.1172,0.173,-0.015237,0.0557999999999999
EuroSAT,33,0.267845,0.1893,0.2639,-0.0039449999999999,0.0746
EuroSAT,34,0.130956,0.0473,0.123,-0.0079559999999999,0.0756999999999999
EuroSAT,35,0.114591,0.0948,0.119,0.0044089999999999,0.0242
EuroSAT,36,0.244285,0.1725,0.2552,0.0109149999999999,0.0827
EuroSAT,37,0.222699,0.144,0.2187,-0.003999,0.0747
EuroSAT,38,0.245405,0.1815,0.2473,0.0018949999999999,0.0658
EuroSAT,39,0.162767,0.1084,0.1639,0.0011329999999999,0.0554999999999999
EuroSAT,40,0.166426,0.111,0.166,-0.0004259999999999,0.055
EuroSAT,41,0.202539,0.1427,0.1994,-0.003139,0.0567
EuroSAT,42,0.20677,0.1509,0.2076,0.0008299999999999,0.0567
EuroSAT,43,0.176794,0.1171,0.1736,-0.003194,0.0565
EuroSAT,44,0.218123,0.1411,0.207,-0.011123,0.0658999999999999
EuroSAT,45,0.114488,0.0663,0.1126,-0.001888,0.0463
EuroSAT,46,0.113195,0.0939,0.1153,0.0021049999999999,0.0214
EuroSAT,47,0.134714,0.0879,0.1335,-0.0012139999999999,0.0456
EuroSAT,48,0.143064,0.0797,0.1303,-0.0127639999999999,0.0506
EuroSAT,49,0.166589,0.0933,0.1648,-0.0017889999999999,0.0715
EuroSAT,50,0.11403,0.0594,0.1073,-0.00673,0.0479
EuroSAT,51,0.201533,0.1174,0.1868,-0.0147329999999999,0.0693999999999999
EuroSAT,52,0.092794,0.0431,0.0849,-0.0078939999999999,0.0418
EuroSAT,53,0.159038,0.0897,0.1551,-0.003938,0.0653999999999999
EuroSAT,54,0.237845,0.1602,0.2441,0.006255,0.0839
EuroSAT,55,0.091019,0.0619,0.0905,-0.000519,0.0286
EuroSAT,56,0.170846,0.1186,0.1645,-0.0063459999999999,0.0459
EuroSAT,57,0.151144,0.0895,0.1481,-0.0030439999999999,0.0586
EuroSAT,58,0.186626,0.1213,0.189,0.002374,0.0677
EuroSAT,59,0.17913,0.1222,0.1726,-0.00653,0.0504
EuroSAT,60,0.175445,0.108,0.1781,0.002655,0.0701
EuroSAT,61,0.224058,0.1637,0.2217,-0.0023579999999999,0.0579999999999999
EuroSAT,62,0.153928,0.094,0.1611,0.0071719999999999,0.0670999999999999
EuroSAT,63,0.182028,0.1204,0.1732,-0.008828,0.0528
EuroSAT,64,0.145269,0.104,0.1427,-0.002569,0.0387
EuroSAT,65,0.106469,0.0778,0.1079,0.001431,0.0301
EuroSAT,66,0.168572,0.102,0.1653,-0.0032719999999999,0.0633
EuroSAT,67,0.164169,0.1022,0.1649,0.0007309999999999,0.0626999999999999
EuroSAT,68,0.13522,0.0889,0.1299,-0.00532,0.0409999999999999
EuroSAT,69,0.148016,0.0806,0.1405,-0.0075159999999999,0.0599
EuroSAT,70,0.209187,0.1342,0.211,0.0018129999999999,0.0767999999999999
EuroSAT,71,0.105988,0.0609,0.1006,-0.005388,0.0396999999999999
EuroSAT,72,0.25915,0.178,0.2517,-0.00745,0.0736999999999999
EuroSAT,73,0.130677,0.0857,0.1354,0.004723,0.0496999999999999
EuroSAT,74,0.180481,0.1304,0.1842,0.003719,0.0538
EuroSAT,75,0.098347,0.0557,0.0964,-0.001947,0.0407
EuroSAT,76,0.152329,0.1003,0.1459,-0.0064289999999999,0.0456
EuroSAT,77,0.09794,0.0653,0.0915,-0.00644,0.0262
EuroSAT,78,0.175827,0.1012,0.1747,-0.001127,0.0735
EuroSAT,79,0.176923,0.1339,0.1766,-0.0003229999999999,0.0427
EuroSAT,80,0.205574,0.1262,0.2047,-0.000874,0.0784999999999999
EuroSAT,81,0.116904,0.0789,0.114,-0.0029039999999999,0.0351
EuroSAT,82,0.165294,0.1061,0.1543,-0.010994,0.0481999999999999
EuroSAT,83,0.127047,0.0767,0.1305,0.003453,0.0538
EuroSAT,84,0.113234,0.0927,0.1284,0.0151659999999999,0.0356999999999999
EuroSAT,85,0.203666,0.124,0.1921,-0.011566,0.0681
EuroSAT,86,0.224874,0.1631,0.2351,0.010226,0.072
EuroSAT,87,0.182706,0.1209,0.1876,0.0048939999999999,0.0667
EuroSAT,88,0.149945,0.1202,0.1456,-0.0043449999999999,0.0254
EuroSAT,89,0.139368,0.0882,0.1288,-0.0105679999999999,0.0406
EuroSAT,90,0.143518,0.0779,0.1308,-0.012718,0.0529
EuroSAT,91,0.138979,0.0794,0.1331,-0.0058789999999999,0.0537
EuroSAT,92,0.209221,0.1543,0.2137,0.004479,0.0594
EuroSAT,93,0.134513,0.0713,0.12,-0.0145129999999999,0.0486999999999999
EuroSAT,94,0.111992,0.0564,0.112,8.000000000008e-06,0.0556
EuroSAT,95,0.144402,0.1075,0.1442,-0.000202,0.0366999999999999
EuroSAT,96,0.144436,0.0945,0.1458,0.001364,0.0513
EuroSAT,97,0.194222,0.1405,0.1998,0.005578,0.0592999999999999
EuroSAT,98,0.089899,0.039,0.0788,-0.011099,0.0397999999999999
EuroSAT,99,0.201691,0.1464,0.2122,0.0105089999999999,0.0658
EuroSAT,100,0.107472,0.0752,0.1119,0.004428,0.0366999999999999
EuroSAT,101,0.14723,0.0807,0.1323,-0.0149299999999999,0.0516
EuroSAT,102,0.118471,0.0679,0.1189,0.0004289999999999,0.051
EuroSAT,103,0.167483,0.1118,0.173,0.0055169999999999,0.0611999999999999
EuroSAT,104,0.12212,0.0778,0.1105,-0.01162,0.0327
EuroSAT,105,0.138377,0.0773,0.1415,0.0031229999999999,0.0642
EuroSAT,106,0.19225,0.1417,0.1918,-0.00045,0.0501
EuroSAT,107,0.168524,0.1013,0.1532,-0.015324,0.0519
EuroSAT,108,0.249296,0.1811,0.2464,-0.0028959999999999,0.0653
EuroSAT,109,0.157942,0.1035,0.155,-0.002942,0.0515
EuroSAT,110,0.222813,0.1677,0.2276,0.0047869999999999,0.0599
EuroSAT,111,0.106834,0.0681,0.107,0.0001659999999999,0.0389
EuroSAT,112,0.220085,0.1759,0.2279,0.0078149999999999,0.0519999999999999
EuroSAT,113,0.152595,0.1054,0.1585,0.0059049999999999,0.0531
EuroSAT,114,0.209834,0.1168,0.1998,-0.0100339999999999,0.083
EuroSAT,115,0.086194,0.0443,0.0858,-0.000394,0.0415
EuroSAT,116,0.115581,0.0769,0.1231,0.0075189999999999,0.0462
EuroSAT,117,0.184797,0.1272,0.1781,-0.0066969999999999,0.0509
EuroSAT,118,0.148465,0.1033,0.1517,0.0032349999999999,0.0484
EuroSAT,119,0.173219,0.1198,0.1754,0.0021809999999999,0.0556
EuroSAT,120,0.149068,0.0922,0.1448,-0.0042679999999999,0.0526
EuroSAT,121,0.151589,0.1088,0.1542,0.002611,0.0454
EuroSAT,122,0.131622,0.0683,0.1193,-0.0123219999999999,0.051
EuroSAT,123,0.234065,0.1702,0.2321,-0.0019649999999999,0.0619
EuroSAT,124,0.185501,0.1359,0.1948,0.009299,0.0589
EuroSAT,125,0.192692,0.112,0.1909,-0.001792,0.0788999999999999
EuroSAT,126,0.108517,0.0763,0.115,0.006483,0.0387
EuroSAT,127,0.288203,0.2081,0.2863,-0.0019029999999999,0.0781999999999999
EuroSAT,128,0.161483,0.1024,0.1599,-0.001583,0.0574999999999999
EuroSAT,129,0.190221,0.1285,0.1843,-0.005921,0.0557999999999999
EuroSAT,130,0.217166,0.1409,0.2124,-0.0047659999999999,0.0715
EuroSAT,131,0.178044,0.1217,0.1775,-0.000544,0.0557999999999999
EuroSAT,132,0.14699,0.1164,0.1552,0.0082099999999999,0.0388
EuroSAT,133,0.200282,0.134,0.1882,-0.0120819999999999,0.0542
EuroSAT,134,0.190201,0.1551,0.1956,0.0053989999999999,0.0405
EuroSAT,135,0.197152,0.1335,0.1943,-0.0028519999999999,0.0607999999999999
EuroSAT,136,0.135207,0.0741,0.1286,-0.006607,0.0544999999999999
EuroSAT,137,0.160083,0.1136,0.164,0.003917,0.0504
EuroSAT,138,0.194487,0.1155,0.1961,0.001613,0.0805999999999999
EuroSAT,139,0.113428,0.0601,0.1097,-0.0037279999999999,0.0496
EuroSAT,140,0.166833,0.1274,0.1771,0.0102669999999999,0.0496999999999999
EuroSAT,141,0.163399,0.0933,0.1545,-0.0088989999999999,0.0612
EuroSAT,142,0.065592,0.017,0.0423,-0.023292,0.0252999999999999
EuroSAT,143,0.193676,0.1357,0.1937,2.4000000000024e-05,0.058
EuroSAT,144,0.106545,0.0688,0.1155,0.008955,0.0467
EuroSAT,145,0.051996,0.0314,0.0537,0.0017039999999999,0.0223
EuroSAT,146,0.160335,0.1056,0.1687,0.0083649999999999,0.0630999999999999
EuroSAT,147,0.146606,0.1055,0.156,0.009394,0.0505
EuroSAT,148,0.169578,0.1133,0.1725,0.0029219999999999,0.0591999999999999
EuroSAT,149,0.159326,0.1048,0.164,0.004674,0.0592
EuroSAT,150,0.165331,0.1284,0.1658,0.0004689999999999,0.0374
EuroSAT,151,0.213871,0.1366,0.2151,0.001229,0.0785
EuroSAT,152,0.204076,0.1277,0.1823,-0.021776,0.0545999999999999
EuroSAT,153,0.148279,0.0969,0.1448,-0.0034789999999999,0.0479
EuroSAT,154,0.119709,0.0922,0.1333,0.013591,0.0411
EuroSAT,155,0.188583,0.128,0.1919,0.0033169999999999,0.0638999999999999
EuroSAT,156,0.186032,0.1291,0.1836,-0.0024319999999999,0.0545
EuroSAT,157,0.102354,0.0609,0.0962,-0.006154,0.0352999999999999
EuroSAT,158,0.220551,0.1545,0.2233,0.002749,0.0688
EuroSAT,159,0.148986,0.1061,0.151,0.0020139999999999,0.0448999999999999
EuroSAT,160,0.158322,0.1068,0.1649,0.006578,0.0580999999999999
EuroSAT,161,0.135416,0.0906,0.1282,-0.007216,0.0376
EuroSAT,162,0.15433,0.0933,0.1481,-0.0062299999999999,0.0548
EuroSAT,163,0.179727,0.114,0.173,-0.006727,0.0589999999999999
EuroSAT,164,0.147057,0.0935,0.1535,0.006443,0.06
EuroSAT,165,0.173739,0.1249,0.1737,-3.900000000001125e-05,0.0487999999999999
EuroSAT,166,0.192323,0.1431,0.1911,-0.001223,0.0479999999999999
EuroSAT,167,0.122668,0.0734,0.1146,-0.008068,0.0411999999999999
EuroSAT,168,0.152774,0.1078,0.1512,-0.0015739999999999,0.0433999999999999
EuroSAT,169,0.152677,0.1036,0.1528,0.0001229999999999,0.0491999999999999
EuroSAT,170,0.127594,0.1004,0.137,0.0094059999999999,0.0366
EuroSAT,171,0.172318,0.1063,0.1704,-0.001918,0.0640999999999999
EuroSAT,172,0.123667,0.0756,0.1187,-0.0049669999999999,0.0431
EuroSAT,173,0.134833,0.099,0.1309,-0.003933,0.0318999999999999
EuroSAT,174,0.164016,0.0989,0.1636,-0.0004159999999999,0.0647
EuroSAT,175,0.260142,0.1852,0.2566,-0.0035419999999999,0.0713999999999999
EuroSAT,176,0.168626,0.1218,0.1777,0.0090739999999999,0.0558999999999999
EuroSAT,177,0.186502,0.127,0.1824,-0.0041019999999999,0.0554
EuroSAT,178,0.185638,0.1213,0.1872,0.001562,0.0659
EuroSAT,179,0.08997,0.0812,0.0996,0.00963,0.0184
EuroSAT,180,0.17756,0.1207,0.1823,0.0047399999999999,0.0615999999999999
EuroSAT,181,0.238071,0.1534,0.2443,0.0062289999999999,0.0908999999999999
EuroSAT,182,0.158123,0.1134,0.1621,0.0039769999999999,0.0486999999999999
EuroSAT,183,0.155064,0.116,0.1669,0.0118359999999999,0.0508999999999999
EuroSAT,184,0.173098,0.1222,0.1834,0.010302,0.0612
EuroSAT,185,0.23145,0.1602,0.2322,0.00075,0.0719999999999999
EuroSAT,186,0.201311,0.1325,0.2085,0.007189,0.0759999999999999
EuroSAT,187,0.118761,0.0988,0.1235,0.0047389999999999,0.0247
EuroSAT,188,0.127835,0.0982,0.1282,0.000365,0.03
EuroSAT,189,0.199568,0.1492,0.1995,-6.799999999998474e-05,0.0503
EuroSAT,190,0.134108,0.0878,0.1335,-0.0006079999999999,0.0457
EuroSAT,191,0.138543,0.095,0.1369,-0.001643,0.0418999999999999
EuroSAT,192,0.144245,0.0861,0.1401,-0.004145,0.054
EuroSAT,193,0.158185,0.1016,0.1523,-0.005885,0.0506999999999999
EuroSAT,194,0.126129,0.0795,0.1207,-0.0054289999999999,0.0412
EuroSAT,195,0.118707,0.0705,0.1181,-0.0006069999999999,0.0476
EuroSAT,196,0.136682,0.1047,0.1431,0.006418,0.0384
EuroSAT,197,0.169573,0.1166,0.1721,0.002527,0.0555
EuroSAT,198,0.167577,0.1142,0.1715,0.003923,0.0573
EuroSAT,199,0.175445,0.0921,0.1744,-0.0010449999999999,0.0823
EuroSAT,200,0.177013,0.1221,0.1751,-0.0019129999999999,0.053
EuroSAT,201,0.232733,0.1348,0.235,0.0022669999999999,0.1001999999999999
EuroSAT,202,0.141713,0.1002,0.135,-0.0067129999999999,0.0348
EuroSAT,203,0.126266,0.0838,0.1313,0.005034,0.0475
EuroSAT,204,0.180732,0.1246,0.1869,0.006168,0.0623
EuroSAT,205,0.154408,0.0948,0.1578,0.003392,0.063
EuroSAT,206,0.148819,0.0927,0.1391,-0.009719,0.0464
EuroSAT,207,0.19313,0.1069,0.1845,-0.0086299999999999,0.0776
EuroSAT,208,0.161333,0.11,0.1618,0.0004669999999999,0.0518
EuroSAT,209,0.18627,0.1259,0.1938,0.00753,0.0678999999999999
EuroSAT,210,0.085685,0.0554,0.1012,0.015515,0.0458
EuroSAT,211,0.194502,0.1417,0.1946,9.7999999999987e-05,0.0529
EuroSAT,212,0.190541,0.1163,0.1837,-0.0068409999999999,0.0674
EuroSAT,213,0.172972,0.1063,0.1641,-0.0088719999999999,0.0577999999999999
EuroSAT,214,0.14033,0.0992,0.1418,0.0014699999999999,0.0426
EuroSAT,215,0.171451,0.1053,0.1591,-0.012351,0.0537999999999999
EuroSAT,216,0.119072,0.0761,0.1143,-0.0047719999999999,0.0382
EuroSAT,217,0.144132,0.1008,0.1452,0.0010679999999999,0.0443999999999999
EuroSAT,218,0.185105,0.1224,0.1825,-0.0026049999999999,0.0601
EuroSAT,219,0.187722,0.1477,0.1894,0.001678,0.0417
EuroSAT,220,0.104531,0.072,0.1012,-0.003331,0.0292
EuroSAT,221,0.252977,0.1902,0.2481,-0.004877,0.0578999999999999
EuroSAT,222,0.267124,0.1839,0.2696,0.002476,0.0857
EuroSAT,223,0.0954,0.0713,0.0958,0.0003999999999999,0.0244999999999999
EuroSAT,224,0.178383,0.1291,0.1771,-0.001283,0.048
EuroSAT,225,0.192622,0.1237,0.1981,0.005478,0.0744
EuroSAT,226,0.188172,0.1101,0.1884,0.000228,0.0783
EuroSAT,227,0.101898,0.0649,0.1013,-0.000598,0.0364
EuroSAT,228,0.172812,0.115,0.1741,0.001288,0.0591
EuroSAT,229,0.218372,0.1317,0.2077,-0.010672,0.0759999999999999
EuroSAT,230,0.104846,0.086,0.1055,0.000654,0.0195
EuroSAT,231,0.113323,0.0632,0.1083,-0.005023,0.0450999999999999
EuroSAT,232,0.169295,0.1059,0.1595,-0.0097949999999999,0.0536
EuroSAT,233,0.153521,0.1015,0.1461,-0.0074209999999999,0.0446
EuroSAT,234,0.161708,0.1131,0.1651,0.003392,0.0519999999999999
EuroSAT,235,0.188228,0.1219,0.17,-0.0182279999999999,0.0481
EuroSAT,236,0.247715,0.1765,0.2422,-0.0055149999999999,0.0657
EuroSAT,237,0.190285,0.1209,0.1863,-0.003985,0.0654
EuroSAT,238,0.14554,0.109,0.142,-0.00354,0.0329999999999999
EuroSAT,239,0.256391,0.1881,0.2491,-0.0072909999999999,0.061
EuroSAT,240,0.088855,0.0508,0.0849,-0.003955,0.0341
EuroSAT,241,0.222621,0.1755,0.236,0.0133789999999999,0.0605
EuroSAT,242,0.223727,0.1335,0.218,-0.005727,0.0844999999999999
EuroSAT,243,0.210164,0.1488,0.2069,-0.0032639999999999,0.0581
EuroSAT,244,0.159592,0.1246,0.1655,0.0059079999999999,0.0409
EuroSAT,245,0.173474,0.1163,0.182,0.008526,0.0657
EuroSAT,246,0.234809,0.1429,0.2265,-0.0083089999999999,0.0836
EuroSAT,247,0.134092,0.0853,0.127,-0.0070919999999999,0.0417
EuroSAT,248,0.129939,0.0992,0.1329,0.0029609999999999,0.0336999999999999
EuroSAT,249,0.15399,0.0934,0.1474,-0.0065899999999999,0.054
EuroSAT,250,0.138883,0.0909,0.1309,-0.007983,0.0399999999999999
EuroSAT,251,0.135142,0.0971,0.1395,0.004358,0.0424
EuroSAT,252,0.177506,0.1299,0.1744,-0.0031059999999999,0.0445
EuroSAT,253,0.215845,0.1263,0.2055,-0.010345,0.0791999999999999
EuroSAT,254,0.231915,0.1649,0.2355,0.0035849999999999,0.0706
EuroSAT,255,0.176721,0.1177,0.1595,-0.0172209999999999,0.0418
EuroSAT,256,0.237315,0.137,0.2345,-0.002815,0.0974999999999999
EuroSAT,257,0.208421,0.1071,0.1916,-0.016821,0.0844999999999999
EuroSAT,258,0.13294,0.0764,0.1275,-0.00544,0.0511
EuroSAT,259,0.144919,0.0996,0.1608,0.015881,0.0612
EuroSAT,260,0.133566,0.0896,0.1328,-0.0007659999999999,0.0432
EuroSAT,261,0.131051,0.071,0.1217,-0.0093509999999999,0.0507
EuroSAT,262,0.127665,0.0821,0.1259,-0.0017649999999999,0.0438
EuroSAT,263,0.179036,0.1236,0.1733,-0.0057359999999999,0.0497
EuroSAT,264,0.224949,0.1458,0.2221,-0.002849,0.0762999999999999
EuroSAT,265,0.155777,0.0909,0.1527,-0.0030769999999999,0.0618
EuroSAT,266,0.153045,0.1078,0.1462,-0.0068449999999999,0.0383999999999999
EuroSAT,267,0.116391,0.0792,0.1219,0.005509,0.0426999999999999
EuroSAT,268,0.181125,0.1327,0.1865,0.0053749999999999,0.0537999999999999
EuroSAT,269,0.242726,0.1784,0.2402,-0.002526,0.0617999999999999
EuroSAT,270,0.164162,0.127,0.1703,0.006138,0.0433
EuroSAT,271,0.14967,0.0979,0.1514,0.00173,0.0535
EuroSAT,272,0.210482,0.1574,0.2056,-0.0048819999999999,0.0481999999999999
EuroSAT,273,0.198857,0.1008,0.1852,-0.013657,0.0844
EuroSAT,274,0.198401,0.1322,0.2024,0.003999,0.0701999999999999
EuroSAT,275,0.144326,0.1087,0.1555,0.0111739999999999,0.0467999999999999
EuroSAT,276,0.224726,0.1637,0.2213,-0.003426,0.0575999999999999
EuroSAT,277,0.103848,0.062,0.0936,-0.0102479999999999,0.0316
EuroSAT,278,0.156833,0.1193,0.1574,0.000567,0.0381
EuroSAT,279,0.163034,0.1102,0.1593,-0.003734,0.0490999999999999
EuroSAT,280,0.156134,0.1023,0.1527,-0.0034339999999999,0.0504
EuroSAT,281,0.146291,0.0945,0.1468,0.000509,0.0523
EuroSAT,282,0.090187,0.0519,0.0823,-0.007887,0.0303999999999999
EuroSAT,283,0.225895,0.1604,0.222,-0.003895,0.0616
EuroSAT,284,0.230693,0.1619,0.2334,0.0027069999999999,0.0715
EuroSAT,285,0.175562,0.1141,0.1705,-0.0050619999999999,0.0564
EuroSAT,286,0.157906,0.0932,0.1653,0.007394,0.0721
EuroSAT,287,0.13494,0.0764,0.1343,-0.00064,0.0579
EuroSAT,288,0.145566,0.0978,0.1484,0.002834,0.0506
EuroSAT,289,0.18895,0.1326,0.1835,-0.00545,0.0509
EuroSAT,290,0.127362,0.0856,0.1268,-0.000562,0.0412
EuroSAT,291,0.199726,0.1468,0.2005,0.000774,0.0537
EuroSAT,292,0.228632,0.1402,0.2161,-0.012532,0.0759
EuroSAT,293,0.159997,0.0992,0.1578,-0.002197,0.0586
EuroSAT,294,0.142963,0.0898,0.1338,-0.009163,0.044
EuroSAT,295,0.156319,0.1121,0.1548,-0.001519,0.0426999999999999
EuroSAT,296,0.187583,0.1287,0.1893,0.0017169999999999,0.0605999999999999
EuroSAT,297,0.198646,0.1316,0.1927,-0.0059459999999999,0.0611
EuroSAT,298,0.18198,0.1318,0.1767,-0.00528,0.0448999999999999
EuroSAT,299,0.157393,0.0893,0.1642,0.006807,0.0749
EuroSAT,300,0.186333,0.1156,0.1837,-0.0026329999999999,0.0681
EuroSAT,301,0.212871,0.1114,0.1912,-0.0216709999999999,0.0798
EuroSAT,302,0.241659,0.1314,0.2283,-0.013359,0.0969
EuroSAT,303,0.213347,0.1376,0.2118,-0.001547,0.0741999999999999
EuroSAT,304,0.166728,0.1206,0.1631,-0.0036279999999999,0.0424999999999999
EuroSAT,305,0.181473,0.1442,0.1897,0.008227,0.0455
EuroSAT,306,0.146652,0.0886,0.1476,0.000948,0.059
EuroSAT,307,0.165596,0.1216,0.1719,0.006304,0.0503
EuroSAT,308,0.134563,0.0851,0.1348,0.000237,0.0497
EuroSAT,309,0.194746,0.1289,0.1983,0.003554,0.0694
EuroSAT,310,0.130334,0.0859,0.1281,-0.002234,0.0421999999999999
EuroSAT,311,0.170656,0.1104,0.1723,0.001644,0.0619
EuroSAT,312,0.125349,0.0883,0.1306,0.005251,0.0422999999999999
EuroSAT,313,0.160097,0.1053,0.1643,0.004203,0.059
EuroSAT,314,0.167507,0.1119,0.1614,-0.006107,0.0494999999999999
EuroSAT,315,0.143757,0.1047,0.1473,0.0035429999999999,0.0425999999999999
EuroSAT,316,0.253383,0.1568,0.2492,-0.004183,0.0924
EuroSAT,317,0.128813,0.0847,0.1282,-0.000613,0.0435
EuroSAT,318,0.112594,0.0594,0.1205,0.0079059999999999,0.0610999999999999
EuroSAT,319,0.176489,0.1075,0.1767,0.0002109999999999,0.0692
EuroSAT,320,0.139054,0.0858,0.1432,0.0041459999999999,0.0573999999999999
EuroSAT,321,0.190645,0.1416,0.1922,0.001555,0.0506
EuroSAT,322,0.145302,0.0962,0.1425,-0.0028019999999999,0.0462999999999999
EuroSAT,323,0.129992,0.0903,0.1373,0.007308,0.047
EuroSAT,324,0.174488,0.1056,0.1659,-0.008588,0.0602999999999999
EuroSAT,325,0.147592,0.0853,0.1449,-0.002692,0.0596
EuroSAT,326,0.135126,0.0797,0.1324,-0.002726,0.0527
EuroSAT,327,0.129481,0.083,0.1291,-0.000381,0.0460999999999999
EuroSAT,328,0.104851,0.0638,0.0993,-0.005551,0.0355
EuroSAT,329,0.104538,0.0701,0.1087,0.0041619999999999,0.0386
EuroSAT,330,0.189733,0.1081,0.1914,0.0016669999999999,0.0832999999999999
EuroSAT,331,0.267407,0.2037,0.266,-0.0014069999999999,0.0623
EuroSAT,332,0.129714,0.1081,0.1366,0.006886,0.0284999999999999
EuroSAT,333,0.082069,0.0363,0.0759,-0.006169,0.0395999999999999
EuroSAT,334,0.13055,0.0857,0.128,-0.0025499999999999,0.0423
EuroSAT,335,0.214997,0.1456,0.2175,0.002503,0.0718999999999999
EuroSAT,336,0.243984,0.1687,0.2406,-0.0033839999999999,0.0719
EuroSAT,337,0.137124,0.1041,0.1336,-0.0035239999999999,0.0295
EuroSAT,338,0.150593,0.0991,0.1438,-0.0067929999999999,0.0447
EuroSAT,339,0.164845,0.0944,0.1619,-0.002945,0.0674999999999999
EuroSAT,340,0.120834,0.0704,0.1192,-0.0016339999999999,0.0487999999999999
EuroSAT,341,0.190388,0.1118,0.1737,-0.016688,0.0619
EuroSAT,342,0.165528,0.0671,0.1506,-0.0149279999999999,0.0835
EuroSAT,343,0.131573,0.1084,0.1319,0.0003269999999999,0.0234999999999999
EuroSAT,344,0.203763,0.1429,0.2065,0.0027369999999999,0.0635999999999999
EuroSAT,345,0.168693,0.0992,0.1686,-9.300000000000974e-05,0.0694
EuroSAT,346,0.11859,0.0716,0.1149,-0.0036899999999999,0.0433
EuroSAT,347,0.14655,0.1143,0.1476,0.0010499999999999,0.0333
EuroSAT,348,0.104499,0.0768,0.1026,-0.0018989999999999,0.0258
EuroSAT,349,0.126187,0.0838,0.127,0.000813,0.0432
EuroSAT,350,0.134087,0.095,0.1455,0.0114129999999999,0.0504999999999999
EuroSAT,351,0.156791,0.1095,0.1558,-0.000991,0.0462999999999999
EuroSAT,352,0.186596,0.1327,0.1878,0.0012039999999999,0.0550999999999999
EuroSAT,353,0.183838,0.1223,0.1765,-0.007338,0.0541999999999999
EuroSAT,354,0.196546,0.1449,0.2088,0.012254,0.0639
EuroSAT,355,0.150606,0.1119,0.1498,-0.000806,0.0378999999999999
EuroSAT,356,0.137924,0.0904,0.1348,-0.0031239999999999,0.0444
EuroSAT,357,0.204572,0.1497,0.2089,0.0043279999999999,0.0592
EuroSAT,358,0.082266,0.0541,0.0801,-0.002166,0.026
EuroSAT,359,0.147421,0.1165,0.152,0.004579,0.0354999999999999
EuroSAT,360,0.131693,0.0856,0.13,-0.001693,0.0444
EuroSAT,361,0.213303,0.1412,0.2075,-0.005803,0.0663
EuroSAT,362,0.133513,0.094,0.1257,-0.0078129999999999,0.0317
EuroSAT,363,0.186493,0.1374,0.1921,0.005607,0.0547
EuroSAT,364,0.143056,0.0918,0.1512,0.008144,0.0593999999999999
EuroSAT,365,0.168871,0.0908,0.1625,-0.0063709999999999,0.0717
EuroSAT,366,0.20194,0.1222,0.1941,-0.00784,0.0718999999999999
EuroSAT,367,0.190194,0.1446,0.1965,0.006306,0.0519
EuroSAT,368,0.133031,0.0854,0.1349,0.0018689999999999,0.0494999999999999
EuroSAT,369,0.205572,0.1246,0.1971,-0.008472,0.0725
EuroSAT,370,0.126528,0.0757,0.1306,0.0040719999999999,0.0548999999999999
EuroSAT,371,0.186433,0.1317,0.1913,0.004867,0.0595999999999999
EuroSAT,372,0.135301,0.1023,0.1384,0.0030989999999999,0.0360999999999999
EuroSAT,373,0.19025,0.1207,0.1919,0.0016499999999999,0.0711999999999999
EuroSAT,374,0.173598,0.1369,0.1828,0.0092019999999999,0.0458999999999999
EuroSAT,375,0.185309,0.1249,0.1823,-0.003009,0.0573999999999999
EuroSAT,376,0.198694,0.122,0.189,-0.009694,0.067
EuroSAT,377,0.201458,0.14,0.2008,-0.0006579999999999,0.0607999999999999
EuroSAT,378,0.121005,0.0673,0.1206,-0.000405,0.0533
EuroSAT,379,0.136229,0.0875,0.138,0.001771,0.0505
EuroSAT,380,0.217116,0.1453,0.2162,-0.000916,0.0708999999999999
EuroSAT,381,0.205879,0.1343,0.2065,0.0006209999999999,0.0721999999999999
EuroSAT,382,0.132935,0.0878,0.1224,-0.010535,0.0345999999999999
EuroSAT,383,0.159934,0.0917,0.1526,-0.0073339999999999,0.0609
EuroSAT,384,0.218555,0.1393,0.2192,0.000645,0.0799
EuroSAT,385,0.178581,0.113,0.1772,-0.0013809999999999,0.0642
EuroSAT,386,0.1977,0.1383,0.1903,-0.0073999999999999,0.0519999999999999
EuroSAT,387,0.11917,0.0714,0.1163,-0.0028699999999999,0.0448999999999999
EuroSAT,388,0.202729,0.1291,0.1795,-0.023229,0.0504
EuroSAT,389,0.150211,0.1091,0.1482,-0.002011,0.0390999999999999
EuroSAT,390,0.114441,0.0597,0.111,-0.0034409999999999,0.0513
EuroSAT,391,0.150107,0.1143,0.1541,0.0039929999999999,0.0397999999999999
EuroSAT,392,0.14652,0.0946,0.1531,0.00658,0.0585
EuroSAT,393,0.150687,0.0959,0.1486,-0.0020869999999999,0.0527
EuroSAT,394,0.13293,0.1028,0.133,7.00000000000145e-05,0.0302
EuroSAT,395,0.188998,0.0957,0.1854,-0.0035979999999999,0.0897
EuroSAT,396,0.125456,0.0811,0.1274,0.001944,0.0463
EuroSAT,397,0.185895,0.1209,0.183,-0.002895,0.0621
EuroSAT,398,0.133665,0.0983,0.1388,0.005135,0.0405
EuroSAT,399,0.189584,0.1349,0.1816,-0.0079839999999999,0.0467
EuroSAT,400,0.148392,0.0942,0.1484,8.000000000008e-06,0.0542
EuroSAT,401,0.183953,0.1299,0.1834,-0.0005529999999999,0.0535
EuroSAT,402,0.157315,0.0884,0.1533,-0.004015,0.0648999999999999
EuroSAT,403,0.149216,0.085,0.1515,0.002284,0.0664999999999999
EuroSAT,404,0.155768,0.0986,0.1409,-0.0148679999999999,0.0423
EuroSAT,405,0.155826,0.1153,0.158,0.002174,0.0427
EuroSAT,406,0.207525,0.1231,0.1901,-0.0174249999999999,0.0669999999999999
EuroSAT,407,0.118414,0.0694,0.113,-0.005414,0.0436
EuroSAT,408,0.173508,0.1384,0.1804,0.006892,0.042
EuroSAT,409,0.151056,0.1094,0.1432,-0.007856,0.0338
EuroSAT,410,0.191047,0.1237,0.1844,-0.0066469999999999,0.0607
EuroSAT,411,0.157655,0.0981,0.1496,-0.0080549999999999,0.0515
EuroSAT,412,0.151485,0.1124,0.1619,0.0104149999999999,0.0494999999999999
EuroSAT,413,0.144852,0.1004,0.1391,-0.005752,0.0387
EuroSAT,414,0.177195,0.1201,0.1731,-0.0040949999999999,0.053
EuroSAT,415,0.23569,0.1905,0.2368,0.0011099999999999,0.0463
EuroSAT,416,0.102544,0.0649,0.1014,-0.0011439999999999,0.0365
EuroSAT,417,0.201962,0.1406,0.1951,-0.006862,0.0544999999999999
EuroSAT,418,0.233536,0.1711,0.2326,-0.0009359999999999,0.0615
EuroSAT,419,0.156068,0.0829,0.1528,-0.003268,0.0698999999999999
EuroSAT,420,0.171857,0.1144,0.168,-0.0038569999999999,0.0536
EuroSAT,421,0.167827,0.1173,0.1586,-0.009227,0.0412999999999999
EuroSAT,422,0.135861,0.0956,0.1349,-0.000961,0.0392999999999999
EuroSAT,423,0.213518,0.1366,0.2155,0.0019819999999999,0.0789
EuroSAT,424,0.185607,0.1309,0.1751,-0.0105069999999999,0.0442
EuroSAT,425,0.216262,0.1312,0.202,-0.0142619999999999,0.0708
EuroSAT,426,0.172349,0.113,0.1707,-0.001649,0.0576999999999999
EuroSAT,427,0.187042,0.1186,0.1859,-0.001142,0.0673
EuroSAT,428,0.228394,0.1499,0.22,-0.008394,0.0701
EuroSAT,429,0.105948,0.0652,0.102,-0.003948,0.0368
EuroSAT,430,0.214366,0.1575,0.2124,-0.0019659999999999,0.0549
EuroSAT,431,0.108042,0.0624,0.1101,0.002058,0.0477
EuroSAT,432,0.131461,0.0959,0.135,0.003539,0.0391
EuroSAT,433,0.136775,0.0865,0.1393,0.0025249999999999,0.0528
EuroSAT,434,0.146865,0.0851,0.1545,0.007635,0.0694
EuroSAT,435,0.154698,0.1109,0.1567,0.002002,0.0458
EuroSAT,436,0.238565,0.1598,0.2251,-0.013465,0.0653
EuroSAT,437,0.22085,0.1438,0.2166,-0.00425,0.0727999999999999
EuroSAT,438,0.152756,0.1053,0.1546,0.0018439999999999,0.0492999999999999
EuroSAT,439,0.186337,0.141,0.2009,0.0145629999999999,0.0599
EuroSAT,440,0.120277,0.0827,0.1201,-0.0001769999999999,0.0374
EuroSAT,441,0.115921,0.0854,0.1132,-0.002721,0.0277999999999999
EuroSAT,442,0.106975,0.0782,0.1045,-0.002475,0.0262999999999999
EuroSAT,443,0.176812,0.1114,0.1652,-0.0116119999999999,0.0538
EuroSAT,444,0.162516,0.1014,0.16,-0.0025159999999999,0.0586
EuroSAT,445,0.206863,0.1368,0.1989,-0.0079629999999999,0.0620999999999999
EuroSAT,446,0.150458,0.1054,0.149,-0.001458,0.0436
EuroSAT,447,0.059788,0.0159,0.0543,-0.005488,0.0384
EuroSAT,448,0.128393,0.0747,0.133,0.004607,0.0583
EuroSAT,449,0.12622,0.0858,0.1219,-0.00432,0.0360999999999999
EuroSAT,450,0.165323,0.1079,0.1685,0.003177,0.0606
EuroSAT,451,0.155595,0.0998,0.1561,0.0005049999999999,0.0562999999999999
EuroSAT,452,0.094387,0.0556,0.0949,0.0005129999999999,0.0393
EuroSAT,453,0.166785,0.1245,0.1751,0.008315,0.0506
EuroSAT,454,0.232334,0.14,0.2225,-0.009834,0.0824999999999999
EuroSAT,455,0.131902,0.0785,0.1233,-0.0086019999999999,0.0448
EuroSAT,456,0.141541,0.108,0.1383,-0.0032409999999999,0.0303
EuroSAT,457,0.217563,0.1462,0.2089,-0.008663,0.0627
EuroSAT,458,0.159288,0.1225,0.1524,-0.006888,0.0299
EuroSAT,459,0.19845,0.1387,0.21,0.01155,0.0713
EuroSAT,460,0.112356,0.0731,0.1165,0.004144,0.0434
EuroSAT,461,0.13948,0.0769,0.1389,-0.0005799999999999,0.062
EuroSAT,462,0.104885,0.0463,0.1008,-0.004085,0.0545
EuroSAT,463,0.17343,0.0959,0.17,-0.0034299999999999,0.0741
EuroSAT,464,0.155577,0.0942,0.1536,-0.001977,0.0593999999999999
EuroSAT,465,0.207302,0.1414,0.2049,-0.0024019999999999,0.0635
EuroSAT,466,0.157476,0.1046,0.151,-0.006476,0.0464
EuroSAT,467,0.187164,0.0991,0.1735,-0.013664,0.0744
EuroSAT,468,0.188374,0.1209,0.1792,-0.009174,0.0583
EuroSAT,469,0.110625,0.0546,0.1034,-0.0072249999999999,0.0488
EuroSAT,470,0.173216,0.1186,0.1826,0.009384,0.064
EuroSAT,471,0.14136,0.0889,0.1401,-0.00126,0.0511999999999999
EuroSAT,472,0.198172,0.1455,0.1979,-0.0002719999999999,0.0524
EuroSAT,473,0.097827,0.0674,0.0948,-0.003027,0.0273999999999999
EuroSAT,474,0.165288,0.1068,0.1636,-0.0016879999999999,0.0567999999999999
EuroSAT,475,0.201995,0.1426,0.2023,0.0003049999999999,0.0597
EuroSAT,476,0.135088,0.1008,0.1355,0.0004119999999999,0.0347
EuroSAT,477,0.152392,0.1044,0.1569,0.004508,0.0525
EuroSAT,478,0.156516,0.1047,0.1537,-0.0028159999999999,0.049
EuroSAT,479,0.155907,0.12,0.1562,0.000293,0.0362
EuroSAT,480,0.219407,0.1455,0.2144,-0.0050069999999999,0.0689
EuroSAT,481,0.212569,0.1371,0.2101,-0.0024689999999999,0.073
EuroSAT,482,0.143567,0.0854,0.1363,-0.0072669999999999,0.0509
EuroSAT,483,0.169226,0.1173,0.1776,0.008374,0.0603
EuroSAT,484,0.173737,0.1475,0.1884,0.014663,0.0409
EuroSAT,485,0.193615,0.1373,0.1841,-0.0095149999999999,0.0468
EuroSAT,486,0.130058,0.0817,0.1306,0.0005419999999999,0.0489
EuroSAT,487,0.173626,0.1297,0.1777,0.0040739999999999,0.0479999999999999
EuroSAT,488,0.131894,0.0924,0.1352,0.0033059999999999,0.0427999999999999
EuroSAT,489,0.126016,0.0845,0.1267,0.000684,0.0422
EuroSAT,490,0.157828,0.1009,0.1621,0.0042719999999999,0.0611999999999999
EuroSAT,491,0.152287,0.1029,0.1529,0.000613,0.05
EuroSAT,492,0.234146,0.1713,0.2388,0.004654,0.0675
EuroSAT,493,0.162976,0.1067,0.1652,0.002224,0.0585
EuroSAT,494,0.17556,0.1247,0.1774,0.00184,0.0527
EuroSAT,495,0.200953,0.1395,0.1986,-0.0023529999999999,0.0590999999999999
EuroSAT,496,0.19866,0.1394,0.1976,-0.00106,0.0582
EuroSAT,497,0.164793,0.1101,0.1682,0.0034069999999999,0.0580999999999999
EuroSAT,498,0.219145,0.1223,0.2045,-0.014645,0.0821999999999999
EuroSAT,499,0.136206,0.0918,0.1408,0.004594,0.049
EuroSAT,500,0.208473,0.1325,0.1889,-0.0195729999999999,0.0564
EuroSAT,501,0.159348,0.0907,0.1502,-0.0091479999999999,0.0595
EuroSAT,502,0.211465,0.1118,0.1917,-0.0197649999999999,0.0799
EuroSAT,503,0.211037,0.1351,0.2059,-0.005137,0.0708
EuroSAT,504,0.171023,0.1138,0.1672,-0.003823,0.0533999999999999
EuroSAT,505,0.157006,0.0958,0.1553,-0.001706,0.0595
EuroSAT,506,0.121159,0.0895,0.1132,-0.007959,0.0237
EuroSAT,507,0.218116,0.1554,0.2092,-0.008916,0.0537999999999999
EuroSAT,508,0.160995,0.1053,0.1574,-0.0035949999999999,0.0521
EuroSAT,509,0.232757,0.1579,0.2357,0.002943,0.0777999999999999
EuroSAT,510,0.159037,0.0956,0.1569,-0.002137,0.0613
EuroSAT,511,0.203984,0.1454,0.2024,-0.001584,0.0569999999999999
EuroSAT,512,0.219774,0.1727,0.2212,0.001426,0.0485
EuroSAT,513,0.218601,0.1437,0.2086,-0.0100009999999999,0.0649
EuroSAT,514,0.16364,0.1071,0.1648,0.0011599999999999,0.0577
EuroSAT,515,0.150128,0.1014,0.1604,0.0102719999999999,0.0589999999999999
EuroSAT,516,0.141857,0.0974,0.1399,-0.001957,0.0424999999999999
EuroSAT,517,0.150009,0.1146,0.1624,0.0123909999999999,0.0477999999999999
EuroSAT,518,0.144716,0.0816,0.1324,-0.012316,0.0507999999999999
EuroSAT,519,0.208491,0.1099,0.1971,-0.011391,0.0872
EuroSAT,520,0.128199,0.0979,0.1329,0.0047009999999999,0.0349999999999999
EuroSAT,521,0.111191,0.0477,0.1017,-0.009491,0.054
EuroSAT,522,0.184875,0.1223,0.1817,-0.003175,0.0593999999999999
EuroSAT,523,0.216095,0.1484,0.2203,0.0042049999999999,0.0718999999999999
EuroSAT,524,0.103576,0.06,0.0995,-0.0040759999999999,0.0395
EuroSAT,525,0.217989,0.1701,0.2211,0.003111,0.0509999999999999
EuroSAT,526,0.210862,0.1528,0.2133,0.0024379999999999,0.0605
EuroSAT,527,0.158368,0.1142,0.1619,0.0035319999999999,0.0476999999999999
EuroSAT,528,0.156875,0.1085,0.1669,0.010025,0.0583999999999999
EuroSAT,529,0.158006,0.0943,0.1476,-0.0104059999999999,0.0533
EuroSAT,530,0.127935,0.1016,0.1298,0.001865,0.0282
EuroSAT,531,0.173118,0.1178,0.177,0.0038819999999999,0.0591999999999999
EuroSAT,532,0.115196,0.076,0.1134,-0.001796,0.0374
EuroSAT,533,0.206339,0.1362,0.209,0.0026609999999999,0.0728
EuroSAT,534,0.166992,0.1319,0.1786,0.011608,0.0467
EuroSAT,535,0.178918,0.1189,0.1811,0.002182,0.0622
EuroSAT,536,0.157742,0.0973,0.132,-0.0257419999999999,0.0347
EuroSAT,537,0.151217,0.1107,0.1488,-0.002417,0.0380999999999999
EuroSAT,538,0.126882,0.0771,0.125,-0.0018819999999999,0.0479
EuroSAT,539,0.137702,0.0991,0.1433,0.005598,0.0442
EuroSAT,540,0.135157,0.0962,0.1426,0.007443,0.0464
EuroSAT,541,0.185667,0.1437,0.1859,0.000233,0.0422
EuroSAT,542,0.206971,0.1325,0.2047,-0.0022709999999999,0.0721999999999999
EuroSAT,543,0.216227,0.1587,0.2235,0.007273,0.0648
EuroSAT,544,0.167356,0.0911,0.1576,-0.009756,0.0664999999999999
EuroSAT,545,0.215426,0.1489,0.214,-0.001426,0.0650999999999999
EuroSAT,546,0.18626,0.1251,0.1869,0.00064,0.0618
EuroSAT,547,0.15999,0.0921,0.1409,-0.0190899999999999,0.0487999999999999
EuroSAT,548,0.183184,0.103,0.1758,-0.007384,0.0728
EuroSAT,549,0.105957,0.0712,0.1049,-0.001057,0.0336999999999999
EuroSAT,550,0.221966,0.1688,0.2218,-0.0001659999999999,0.0529999999999999
EuroSAT,551,0.172689,0.1296,0.1658,-0.006889,0.0362
EuroSAT,552,0.215417,0.1523,0.2111,-0.0043169999999999,0.0588
EuroSAT,553,0.192829,0.1189,0.1957,0.002871,0.0768
EuroSAT,554,0.137808,0.0952,0.1363,-0.001508,0.0411
EuroSAT,555,0.173582,0.1251,0.1686,-0.0049819999999999,0.0435
EuroSAT,556,0.178985,0.1194,0.1825,0.0035149999999999,0.0630999999999999
EuroSAT,557,0.150372,0.1067,0.1589,0.008528,0.0522
EuroSAT,558,0.203745,0.1426,0.2116,0.007855,0.069
EuroSAT,559,0.171854,0.1148,0.1699,-0.001954,0.0550999999999999
EuroSAT,560,0.164623,0.1115,0.1664,0.001777,0.0548999999999999
EuroSAT,561,0.115603,0.0979,0.1264,0.010797,0.0285
EuroSAT,562,0.213405,0.1502,0.2206,0.0071949999999999,0.0703999999999999
EuroSAT,563,0.183389,0.1237,0.1783,-0.005089,0.0545999999999999
EuroSAT,564,0.164844,0.0958,0.1555,-0.0093439999999999,0.0597
EuroSAT,565,0.168684,0.1109,0.1611,-0.007584,0.0501999999999999
EuroSAT,566,0.197823,0.113,0.1876,-0.010223,0.0745999999999999
EuroSAT,567,0.163782,0.0806,0.1494,-0.014382,0.0688
EuroSAT,568,0.227495,0.1532,0.2288,0.001305,0.0756
EuroSAT,569,0.15048,0.0965,0.1425,-0.00798,0.0459999999999999
EuroSAT,570,0.202152,0.1334,0.1947,-0.0074519999999999,0.0613
EuroSAT,571,0.17673,0.1266,0.1847,0.00797,0.0581
EuroSAT,572,0.233959,0.161,0.2333,-0.0006589999999999,0.0723
EuroSAT,573,0.129814,0.0996,0.1332,0.003386,0.0336
EuroSAT,574,0.113055,0.0683,0.1077,-0.0053549999999999,0.0394
EuroSAT,575,0.151048,0.1086,0.1525,0.001452,0.0438999999999999
EuroSAT,576,0.2292,0.159,0.2191,-0.0100999999999999,0.0600999999999999
EuroSAT,577,0.164306,0.1212,0.1663,0.0019939999999999,0.0451
EuroSAT,578,0.207766,0.1114,0.1968,-0.010966,0.0854
EuroSAT,579,0.194718,0.1166,0.1873,-0.007418,0.0707
EuroSAT,580,0.099761,0.0583,0.0993,-0.000461,0.041
EuroSAT,581,0.160064,0.1136,0.1536,-0.006464,0.0399999999999999
EuroSAT,582,0.196949,0.1341,0.1886,-0.008349,0.0544999999999999
EuroSAT,583,0.183275,0.1351,0.1854,0.002125,0.0503
EuroSAT,584,0.203023,0.1354,0.2038,0.0007769999999999,0.0684
EuroSAT,585,0.192139,0.1348,0.1943,0.0021609999999999,0.0595
EuroSAT,586,0.246321,0.1789,0.2447,-0.001621,0.0658
EuroSAT,587,0.150138,0.0922,0.1424,-0.0077379999999999,0.0501999999999999
EuroSAT,588,0.208488,0.1385,0.2075,-0.000988,0.0689999999999999
EuroSAT,589,0.191176,0.1442,0.1942,0.0030239999999999,0.05
EuroSAT,590,0.182782,0.1276,0.188,0.005218,0.0604
EuroSAT,591,0.204259,0.1351,0.2035,-0.000759,0.0683999999999999
EuroSAT,592,0.085641,0.0374,0.0759,-0.009741,0.0384999999999999
EuroSAT,593,0.099986,0.0759,0.0975,-0.002486,0.0216
EuroSAT,594,0.119609,0.0738,0.1146,-0.0050089999999999,0.0407999999999999
EuroSAT,595,0.18293,0.1292,0.1761,-0.00683,0.0469
EuroSAT,596,0.13255,0.0808,0.1346,0.0020499999999999,0.0538
EuroSAT,597,0.156839,0.1056,0.1617,0.004861,0.0561
EuroSAT,598,0.128395,0.0854,0.1195,-0.008895,0.0340999999999999
EuroSAT,599,0.189362,0.1236,0.1852,-0.0041619999999999,0.0616
EuroSAT,600,0.205105,0.1382,0.2004,-0.004705,0.0622
EuroSAT,601,0.216516,0.1531,0.2138,-0.0027159999999999,0.0606999999999999
EuroSAT,602,0.055508,0.0342,0.0489,-0.006608,0.0146999999999999
EuroSAT,603,0.094924,0.0615,0.0906,-0.0043239999999999,0.0291
EuroSAT,604,0.2209,0.1594,0.2149,-0.006,0.0555
EuroSAT,605,0.210122,0.1538,0.2092,-0.000922,0.0554
EuroSAT,606,0.129244,0.0851,0.1288,-0.0004439999999999,0.0437
EuroSAT,607,0.204647,0.1306,0.2027,-0.001947,0.0721
EuroSAT,608,0.239631,0.1415,0.2261,-0.013531,0.0846
EuroSAT,609,0.189035,0.1505,0.1875,-0.001535,0.037
EuroSAT,610,0.131743,0.0918,0.1425,0.0107569999999999,0.0506999999999999
EuroSAT,611,0.217857,0.1372,0.2106,-0.0072569999999999,0.0734
EuroSAT,612,0.224156,0.1568,0.2236,-0.000556,0.0668
EuroSAT,613,0.131349,0.0822,0.1226,-0.0087489999999999,0.0404
EuroSAT,614,0.14073,0.0829,0.1347,-0.00603,0.0517999999999999
EuroSAT,615,0.089658,0.0633,0.0911,0.0014419999999999,0.0278
EuroSAT,616,0.15088,0.0935,0.1495,-0.0013799999999999,0.0559999999999999
EuroSAT,617,0.201966,0.1277,0.197,-0.0049659999999999,0.0693
EuroSAT,618,0.191859,0.1425,0.1991,0.0072409999999999,0.0566
EuroSAT,619,0.186502,0.1223,0.1872,0.000698,0.0649
EuroSAT,620,0.133249,0.0874,0.1332,-4.899999999999349e-05,0.0458
EuroSAT,621,0.166653,0.1063,0.1671,0.000447,0.0607999999999999
EuroSAT,622,0.135669,0.0938,0.1365,0.0008309999999999,0.0427
EuroSAT,623,0.183743,0.1287,0.1864,0.002657,0.0577
EuroSAT,624,0.112573,0.0719,0.1034,-0.009173,0.0315
EuroSAT,625,0.122145,0.0851,0.1201,-0.002045,0.035
EuroSAT,626,0.187055,0.1156,0.1936,0.0065449999999999,0.078
EuroSAT,627,0.172548,0.1151,0.1724,-0.000148,0.0573
EuroSAT,628,0.210813,0.1167,0.1972,-0.013613,0.0804999999999999
EuroSAT,629,0.1813,0.1104,0.1783,-0.003,0.0678999999999999
EuroSAT,630,0.230588,0.1522,0.2104,-0.0201879999999999,0.0582
EuroSAT,631,0.178211,0.1336,0.178,-0.000211,0.0443999999999999
EuroSAT,632,0.144453,0.0853,0.1485,0.0040469999999999,0.0631999999999999
EuroSAT,633,0.146531,0.0929,0.1474,0.000869,0.0545
EuroSAT,634,0.21172,0.1477,0.2114,-0.0003199999999999,0.0637
EuroSAT,635,0.180614,0.1432,0.1985,0.017886,0.0553
EuroSAT,636,0.148865,0.094,0.1405,-0.0083649999999999,0.0465
EuroSAT,637,0.155709,0.1165,0.1698,0.014091,0.0533
EuroSAT,638,0.128196,0.0915,0.1356,0.0074039999999999,0.0441
EuroSAT,639,0.159022,0.117,0.1574,-0.0016219999999999,0.0404
EuroSAT,640,0.246693,0.1795,0.2387,-0.007993,0.0592
EuroSAT,641,0.155416,0.089,0.1405,-0.0149159999999999,0.0515
EuroSAT,642,0.19444,0.1215,0.1798,-0.01464,0.0582999999999999
EuroSAT,643,0.140881,0.0815,0.1366,-0.004281,0.0550999999999999
EuroSAT,644,0.184348,0.1279,0.1808,-0.003548,0.0528999999999999
EuroSAT,645,0.12789,0.0879,0.1277,-0.0001899999999999,0.0398
EuroSAT,646,0.224987,0.1576,0.2231,-0.0018869999999999,0.0655
EuroSAT,647,0.193664,0.1213,0.1918,-0.001864,0.0705
EuroSAT,648,0.156267,0.1187,0.1626,0.006333,0.0438999999999999
EuroSAT,649,0.118405,0.09,0.1308,0.012395,0.0408
EuroSAT,650,0.145313,0.1021,0.1458,0.000487,0.0437
EuroSAT,651,0.207523,0.1327,0.2035,-0.004023,0.0707999999999999
EuroSAT,652,0.189441,0.1234,0.192,0.002559,0.0686
EuroSAT,653,0.149563,0.1047,0.1496,3.700000000000925e-05,0.0449
EuroSAT,654,0.211807,0.147,0.2168,0.0049929999999999,0.0698
EuroSAT,655,0.15071,0.087,0.1407,-0.01001,0.0537
EuroSAT,656,0.228621,0.1851,0.2373,0.008679,0.0522
EuroSAT,657,0.126377,0.0797,0.1212,-0.0051769999999999,0.0415
EuroSAT,658,0.105125,0.0741,0.1115,0.006375,0.0374
EuroSAT,659,0.259477,0.1817,0.27,0.010523,0.0883
EuroSAT,660,0.189675,0.1424,0.1887,-0.000975,0.0463
EuroSAT,661,0.160342,0.119,0.1646,0.0042579999999999,0.0456
EuroSAT,662,0.114019,0.0803,0.1187,0.004681,0.0384
EuroSAT,663,0.160812,0.098,0.16,-0.000812,0.062
EuroSAT,664,0.12043,0.0764,0.119,-0.00143,0.0426
EuroSAT,665,0.190759,0.1161,0.1822,-0.008559,0.0661
EuroSAT,666,0.145925,0.0998,0.1531,0.007175,0.0533
EuroSAT,667,0.19473,0.1421,0.1832,-0.0115299999999999,0.0411
EuroSAT,668,0.221471,0.1497,0.2138,-0.007671,0.0640999999999999
EuroSAT,669,0.216617,0.1714,0.2224,0.0057829999999999,0.0509999999999999
EuroSAT,670,0.17274,0.1036,0.1745,0.0017599999999999,0.0708999999999999
EuroSAT,671,0.194134,0.1314,0.1862,-0.0079339999999999,0.0548
EuroSAT,672,0.264992,0.2013,0.2743,0.0093079999999999,0.0729999999999999
EuroSAT,673,0.207518,0.1501,0.1982,-0.009318,0.0480999999999999
EuroSAT,674,0.138577,0.0956,0.1315,-0.007077,0.0359
EuroSAT,675,0.109315,0.0914,0.129,0.019685,0.0376
EuroSAT,676,0.147117,0.0941,0.1436,-0.0035169999999999,0.0495
EuroSAT,677,0.115945,0.0617,0.1055,-0.010445,0.0438
EuroSAT,678,0.097287,0.0343,0.0916,-0.0056869999999999,0.0573
EuroSAT,679,0.099281,0.0439,0.0935,-0.0057809999999999,0.0496
EuroSAT,680,0.186469,0.1282,0.1935,0.007031,0.0653
EuroSAT,681,0.205346,0.155,0.2074,0.002054,0.0524
EuroSAT,682,0.165369,0.1193,0.1665,0.001131,0.0472
EuroSAT,683,0.19231,0.1348,0.1969,0.0045899999999999,0.0620999999999999
EuroSAT,684,0.154272,0.0804,0.1476,-0.0066719999999999,0.0672
EuroSAT,685,0.264077,0.1835,0.2609,-0.0031769999999999,0.0774
EuroSAT,686,0.175879,0.1267,0.1703,-0.005579,0.0436
EuroSAT,687,0.114857,0.0726,0.111,-0.0038569999999999,0.0384
EuroSAT,688,0.161354,0.1038,0.1621,0.0007459999999999,0.0582999999999999
EuroSAT,689,0.153645,0.0926,0.1426,-0.011045,0.05
EuroSAT,690,0.154229,0.1119,0.158,0.0037709999999999,0.0461
EuroSAT,691,0.148597,0.0984,0.1491,0.000503,0.0507
EuroSAT,692,0.239921,0.1925,0.2494,0.009479,0.0569
EuroSAT,693,0.151559,0.0912,0.1476,-0.0039589999999999,0.0564
EuroSAT,694,0.270948,0.1994,0.2698,-0.001148,0.0703999999999999
EuroSAT,695,0.219364,0.1634,0.2172,-0.0021639999999999,0.0538
EuroSAT,696,0.221548,0.1411,0.2192,-0.0023479999999999,0.0781
EuroSAT,697,0.138688,0.0819,0.1305,-0.008188,0.0486
EuroSAT,698,0.052602,0.029,0.0458,-0.006802,0.0168
EuroSAT,699,0.166868,0.1239,0.1702,0.003332,0.0462999999999999
EuroSAT,700,0.082179,0.0453,0.089,0.0068209999999999,0.0436999999999999
EuroSAT,701,0.148117,0.0777,0.1521,0.003983,0.0744
EuroSAT,702,0.199874,0.1326,0.1831,-0.0167739999999999,0.0505
EuroSAT,703,0.178373,0.1181,0.1832,0.0048269999999999,0.0651
EuroSAT,704,0.146525,0.0959,0.1466,7.50000000000195e-05,0.0507
EuroSAT,705,0.201651,0.1415,0.2003,-0.0013509999999999,0.0588
EuroSAT,706,0.153779,0.1121,0.159,0.005221,0.0469
EuroSAT,707,0.162468,0.0771,0.1568,-0.005668,0.0797
EuroSAT,708,0.228424,0.1537,0.2267,-0.0017239999999999,0.073
EuroSAT,709,0.168751,0.1218,0.1639,-0.004851,0.0420999999999999
EuroSAT,710,0.094654,0.0837,0.0907,-0.0039539999999999,0.007
EuroSAT,711,0.192969,0.1514,0.1984,0.0054309999999999,0.0469999999999999
EuroSAT,712,0.141417,0.0842,0.14,-0.0014169999999999,0.0558
EuroSAT,713,0.114953,0.0906,0.1225,0.0075469999999999,0.0319
EuroSAT,714,0.149838,0.1067,0.1507,0.000862,0.044
EuroSAT,715,0.233366,0.1534,0.2302,-0.003166,0.0767999999999999
EuroSAT,716,0.095585,0.0525,0.0926,-0.002985,0.0401
EuroSAT,717,0.165355,0.1025,0.1725,0.0071449999999999,0.0699999999999999
EuroSAT,718,0.158924,0.115,0.1585,-0.000424,0.0435
EuroSAT,719,0.151566,0.0951,0.1509,-0.0006659999999999,0.0558
EuroSAT,720,0.140999,0.0847,0.1427,0.0017009999999999,0.0579999999999999
EuroSAT,721,0.1441,0.0883,0.1402,-0.0039,0.0518999999999999
EuroSAT,722,0.182423,0.1243,0.1816,-0.0008229999999999,0.0573
EuroSAT,723,0.217534,0.13,0.2125,-0.005034,0.0824999999999999
EuroSAT,724,0.195588,0.1218,0.1891,-0.006488,0.0672999999999999
EuroSAT,725,0.201184,0.1302,0.1956,-0.005584,0.0653999999999999
EuroSAT,726,0.153751,0.1007,0.151,-0.002751,0.0503
EuroSAT,727,0.11269,0.0804,0.1143,0.00161,0.0339
EuroSAT,728,0.249625,0.1804,0.2489,-0.000725,0.0685
EuroSAT,729,0.142679,0.0939,0.143,0.0003209999999999,0.0490999999999999
EuroSAT,730,0.100151,0.0578,0.0983,-0.001851,0.0405
EuroSAT,731,0.182104,0.1129,0.1752,-0.0069039999999999,0.0622999999999999
EuroSAT,732,0.140472,0.1011,0.1416,0.0011279999999999,0.0405
EuroSAT,733,0.131083,0.0771,0.1243,-0.006783,0.0471999999999999
EuroSAT,734,0.121673,0.0746,0.1095,-0.012173,0.0349
EuroSAT,735,0.139927,0.091,0.1475,0.0075729999999999,0.0564999999999999
EuroSAT,736,0.178896,0.122,0.1827,0.003804,0.0607
EuroSAT,737,0.13891,0.1004,0.1431,0.0041899999999999,0.0427
EuroSAT,738,0.115232,0.0666,0.1085,-0.006732,0.0418999999999999
EuroSAT,739,0.217912,0.1591,0.2214,0.003488,0.0623
EuroSAT,740,0.165465,0.096,0.148,-0.017465,0.0519999999999999
EuroSAT,741,0.072234,0.0454,0.0664,-0.005834,0.0209999999999999
EuroSAT,742,0.089724,0.052,0.091,0.0012759999999999,0.039
EuroSAT,743,0.138401,0.0741,0.1396,0.001199,0.0655
EuroSAT,744,0.140839,0.0974,0.1382,-0.002639,0.0407999999999999
EuroSAT,745,0.177642,0.0923,0.1645,-0.0131419999999999,0.0722
EuroSAT,746,0.256679,0.1517,0.2521,-0.004579,0.1003999999999999
EuroSAT,747,0.188761,0.1115,0.1883,-0.000461,0.0768
EuroSAT,748,0.145823,0.0905,0.1504,0.0045769999999999,0.0599
EuroSAT,749,0.145593,0.0994,0.1468,0.001207,0.0474
EuroSAT,750,0.14212,0.0912,0.1422,7.999999999999674e-05,0.0509999999999999
EuroSAT,751,0.168412,0.1102,0.1677,-0.000712,0.0574999999999999
EuroSAT,752,0.139393,0.0921,0.1366,-0.0027929999999999,0.0445
EuroSAT,753,0.178211,0.1086,0.1724,-0.005811,0.0638
EuroSAT,754,0.201333,0.1433,0.2043,0.0029669999999999,0.061
EuroSAT,755,0.226706,0.1621,0.2222,-0.0045059999999999,0.0601
EuroSAT,756,0.223017,0.1477,0.2207,-0.0023169999999999,0.073
EuroSAT,757,0.188911,0.1244,0.1732,-0.015711,0.0487999999999999
EuroSAT,758,0.168271,0.125,0.1712,0.0029289999999999,0.0461999999999999
EuroSAT,759,0.171952,0.1043,0.1686,-0.0033519999999999,0.0643
EuroSAT,760,0.077424,0.0565,0.0798,0.0023759999999999,0.0232999999999999
EuroSAT,761,0.107714,0.075,0.1107,0.002986,0.0357
EuroSAT,762,0.189299,0.1253,0.1849,-0.0043989999999999,0.0596
EuroSAT,763,0.223346,0.1443,0.2165,-0.0068459999999999,0.0721999999999999
EuroSAT,764,0.21694,0.1526,0.2154,-0.0015399999999999,0.0628
EuroSAT,765,0.127908,0.0889,0.1263,-0.0016079999999999,0.0373999999999999
EuroSAT,766,0.143994,0.1092,0.152,0.0080059999999999,0.0427999999999999
EuroSAT,767,0.124728,0.0713,0.1174,-0.007328,0.0461
EuroSAT,768,0.119841,0.0845,0.112,-0.007841,0.0274999999999999
EuroSAT,769,0.216937,0.1352,0.2059,-0.0110369999999999,0.0707
EuroSAT,770,0.114957,0.0731,0.1084,-0.006557,0.0353
EuroSAT,771,0.140226,0.0875,0.1405,0.000274,0.053
EuroSAT,772,0.172313,0.1064,0.1744,0.002087,0.068
EuroSAT,773,0.157516,0.0974,0.1525,-0.0050159999999999,0.0550999999999999
EuroSAT,774,0.179914,0.1182,0.1724,-0.0075139999999999,0.0542
EuroSAT,775,0.25341,0.1859,0.258,0.0045899999999999,0.0721
EuroSAT,776,0.200713,0.1487,0.2124,0.011687,0.0637
EuroSAT,777,0.181521,0.1136,0.1698,-0.0117209999999999,0.0562
EuroSAT,778,0.193217,0.1395,0.2,0.006783,0.0605
EuroSAT,779,0.115493,0.0746,0.116,0.000507,0.0414
EuroSAT,780,0.187136,0.1318,0.1887,0.001564,0.0569
EuroSAT,781,0.156087,0.0975,0.1534,-0.0026869999999999,0.0559
EuroSAT,782,0.18705,0.1265,0.1858,-0.00125,0.0592999999999999
EuroSAT,783,0.209091,0.1344,0.2004,-0.008691,0.066
EuroSAT,784,0.160632,0.1056,0.1603,-0.0003319999999999,0.0547
EuroSAT,785,0.167352,0.1017,0.1658,-0.0015519999999999,0.0641
EuroSAT,786,0.167271,0.1166,0.1621,-0.005171,0.0455
EuroSAT,787,0.107988,0.0657,0.1091,0.001112,0.0434
EuroSAT,788,0.105449,0.0727,0.1134,0.007951,0.0407
EuroSAT,789,0.140055,0.0603,0.1335,-0.006555,0.0732
EuroSAT,790,0.221531,0.1437,0.2172,-0.004331,0.0735
EuroSAT,791,0.115528,0.0659,0.1118,-0.003728,0.0458999999999999
EuroSAT,792,0.162472,0.1054,0.166,0.003528,0.0606
EuroSAT,793,0.108618,0.0725,0.1193,0.0106819999999999,0.0468
EuroSAT,794,0.17537,0.1213,0.1873,0.0119299999999999,0.0659999999999999
EuroSAT,795,0.171436,0.1049,0.1602,-0.0112359999999999,0.0553
EuroSAT,796,0.154669,0.101,0.1538,-0.000869,0.0527999999999999
EuroSAT,797,0.1134,0.0513,0.0993,-0.0141,0.048
EuroSAT,798,0.213331,0.1221,0.2017,-0.011631,0.0795999999999999
EuroSAT,799,0.158925,0.1244,0.1691,0.0101749999999999,0.0447
EuroSAT,800,0.177416,0.1301,0.1885,0.011084,0.0584
EuroSAT,801,0.159964,0.1034,0.1586,-0.001364,0.0551999999999999
EuroSAT,802,0.11815,0.088,0.1199,0.00175,0.0319
EuroSAT,803,0.201371,0.1116,0.197,-0.0043709999999999,0.0854
EuroSAT,804,0.160985,0.1078,0.1621,0.001115,0.0542999999999999
EuroSAT,805,0.202686,0.1401,0.2047,0.0020139999999999,0.0645999999999999
EuroSAT,806,0.149123,0.082,0.1468,-0.0023229999999999,0.0648
EuroSAT,807,0.20145,0.1194,0.1855,-0.0159499999999999,0.0660999999999999
EuroSAT,808,0.122772,0.0856,0.1178,-0.004972,0.0322
EuroSAT,809,0.112669,0.0638,0.11,-0.002669,0.0462
EuroSAT,810,0.11014,0.064,0.0968,-0.01334,0.0327999999999999
EuroSAT,811,0.11039,0.0786,0.1163,0.0059099999999999,0.0377
EuroSAT,812,0.122326,0.0607,0.1092,-0.0131259999999999,0.0485
EuroSAT,813,0.170696,0.1218,0.1749,0.004204,0.0530999999999999
EuroSAT,814,0.135228,0.0864,0.1378,0.002572,0.0514
EuroSAT,815,0.162046,0.101,0.1529,-0.0091459999999999,0.0519
EuroSAT,816,0.190317,0.1295,0.1881,-0.0022169999999999,0.0585999999999999
EuroSAT,817,0.16301,0.1111,0.1692,0.00619,0.0580999999999999
EuroSAT,818,0.260963,0.1779,0.2615,0.000537,0.0836
EuroSAT,819,0.173864,0.1316,0.1809,0.007036,0.0493
EuroSAT,820,0.151656,0.1068,0.1522,0.0005439999999999,0.0453999999999999
EuroSAT,821,0.110358,0.0563,0.1011,-0.009258,0.0447999999999999
EuroSAT,822,0.190696,0.1192,0.1815,-0.009196,0.0622999999999999
EuroSAT,823,0.161227,0.1085,0.1587,-0.002527,0.0502
EuroSAT,824,0.16692,0.1147,0.1744,0.0074799999999999,0.0597
EuroSAT,825,0.180685,0.136,0.1785,-0.002185,0.0424999999999999
EuroSAT,826,0.215909,0.1599,0.2117,-0.0042089999999999,0.0518
EuroSAT,827,0.125912,0.0795,0.1117,-0.014212,0.0321999999999999
EuroSAT,828,0.197034,0.1335,0.19,-0.0070339999999999,0.0564999999999999
EuroSAT,829,0.258157,0.1794,0.2588,0.0006429999999999,0.0793999999999999
EuroSAT,830,0.215896,0.1549,0.2209,0.005004,0.066
EuroSAT,831,0.090758,0.0679,0.0957,0.0049419999999999,0.0277999999999999
EuroSAT,832,0.169063,0.1123,0.1695,0.000437,0.0572
EuroSAT,833,0.17483,0.1196,0.1793,0.0044699999999999,0.0596999999999999
EuroSAT,834,0.165283,0.1153,0.1569,-0.008383,0.0416
EuroSAT,835,0.150005,0.1015,0.1564,0.006395,0.0549
EuroSAT,836,0.226263,0.1463,0.2215,-0.0047629999999999,0.0751999999999999
EuroSAT,837,0.197131,0.1285,0.1995,0.002369,0.071
EuroSAT,838,0.150124,0.0841,0.1397,-0.010424,0.0556
EuroSAT,839,0.160138,0.1121,0.1699,0.0097619999999999,0.0577999999999999
EuroSAT,840,0.177606,0.1364,0.1748,-0.002806,0.0384
EuroSAT,841,0.115175,0.0672,0.1229,0.0077249999999999,0.0557
EuroSAT,842,0.101396,0.0597,0.1107,0.009304,0.051
EuroSAT,843,0.144202,0.0919,0.149,0.0047979999999999,0.0571
EuroSAT,844,0.257902,0.1753,0.2476,-0.010302,0.0722999999999999
EuroSAT,845,0.127574,0.1022,0.1273,-0.0002739999999999,0.0250999999999999
EuroSAT,846,0.141821,0.106,0.153,0.0111789999999999,0.047
EuroSAT,847,0.143958,0.119,0.137,-0.0069579999999999,0.018
EuroSAT,848,0.18047,0.1365,0.1781,-0.0023699999999999,0.0416
EuroSAT,849,0.13317,0.0956,0.1326,-0.00057,0.0369999999999999
EuroSAT,850,0.151071,0.1028,0.1607,0.0096289999999999,0.0579
EuroSAT,851,0.20981,0.151,0.2072,-0.00261,0.0562
EuroSAT,852,0.168004,0.1217,0.1673,-0.0007039999999999,0.0456
EuroSAT,853,0.252493,0.1779,0.2498,-0.002693,0.0718999999999999
EuroSAT,854,0.199426,0.142,0.1932,-0.0062259999999999,0.0512
EuroSAT,855,0.169117,0.1016,0.1673,-0.0018169999999999,0.0657
EuroSAT,856,0.21344,0.1485,0.2013,-0.0121399999999999,0.0528
EuroSAT,857,0.173412,0.1144,0.1736,0.0001879999999999,0.0592
EuroSAT,858,0.155453,0.1007,0.1521,-0.0033529999999999,0.0514
EuroSAT,859,0.15856,0.0965,0.1626,0.0040399999999999,0.0660999999999999
EuroSAT,860,0.206247,0.1283,0.1988,-0.007447,0.0705
EuroSAT,861,0.115367,0.0483,0.1031,-0.012267,0.0547999999999999
EuroSAT,862,0.186613,0.1268,0.1855,-0.001113,0.0587
EuroSAT,863,0.161732,0.1277,0.1662,0.004468,0.0384999999999999
EuroSAT,864,0.179005,0.1115,0.1777,-0.001305,0.0662
EuroSAT,865,0.185574,0.1261,0.1767,-0.0088739999999999,0.0506
EuroSAT,866,0.184215,0.0981,0.1794,-0.0048149999999999,0.0813
EuroSAT,867,0.164881,0.1084,0.1603,-0.004581,0.0519
EuroSAT,868,0.175664,0.1268,0.1748,-0.0008639999999999,0.048
EuroSAT,869,0.0874,0.0523,0.0792,-0.0081999999999999,0.0269
EuroSAT,870,0.156942,0.1065,0.154,-0.002942,0.0475
EuroSAT,871,0.185672,0.1382,0.2014,0.0157279999999999,0.0632
EuroSAT,872,0.13729,0.0931,0.1391,0.00181,0.046
EuroSAT,873,0.158158,0.1,0.1595,0.001342,0.0595
EuroSAT,874,0.092934,0.0507,0.0849,-0.008034,0.0342
EuroSAT,875,0.179278,0.1266,0.1882,0.008922,0.0616
EuroSAT,876,0.15837,0.1055,0.1589,0.00053,0.0534
EuroSAT,877,0.179801,0.1157,0.1855,0.005699,0.0698
EuroSAT,878,0.143485,0.0937,0.1521,0.008615,0.0584
EuroSAT,879,0.173205,0.1473,0.1934,0.0201949999999999,0.0461
EuroSAT,880,0.216883,0.165,0.2223,0.005417,0.0572999999999999
EuroSAT,881,0.158671,0.0948,0.1564,-0.0022709999999999,0.0616
EuroSAT,882,0.210814,0.161,0.2155,0.0046859999999999,0.0544999999999999
EuroSAT,883,0.129189,0.0739,0.124,-0.0051889999999999,0.0501
EuroSAT,884,0.211364,0.1462,0.2109,-0.0004639999999999,0.0647
EuroSAT,885,0.153832,0.0982,0.1603,0.006468,0.0621
EuroSAT,886,0.131499,0.0687,0.1206,-0.010899,0.0519
EuroSAT,887,0.196239,0.1149,0.1916,-0.004639,0.0766999999999999
EuroSAT,888,0.219399,0.1444,0.2184,-0.0009989999999999,0.074
EuroSAT,889,0.117099,0.0675,0.1159,-0.0011989999999999,0.0484
EuroSAT,890,0.16441,0.1004,0.1557,-0.0087099999999999,0.0553
EuroSAT,891,0.146432,0.1046,0.1477,0.0012679999999999,0.0431
EuroSAT,892,0.205615,0.1331,0.2107,0.005085,0.0776
EuroSAT,893,0.207119,0.1225,0.198,-0.0091189999999999,0.0755
EuroSAT,894,0.176506,0.1194,0.1875,0.010994,0.0681
EuroSAT,895,0.192692,0.1063,0.1932,0.000508,0.0869
EuroSAT,896,0.1061,0.0715,0.1089,0.0027999999999999,0.0374
EuroSAT,897,0.181986,0.1028,0.1848,0.0028139999999999,0.0819999999999999
EuroSAT,898,0.130627,0.0887,0.1304,-0.000227,0.0416999999999999
EuroSAT,899,0.102938,0.0516,0.0958,-0.007138,0.0441999999999999
EuroSAT,900,0.168758,0.1179,0.1613,-0.0074579999999999,0.0433999999999999
EuroSAT,901,0.147905,0.1157,0.154,0.0060949999999999,0.0383
EuroSAT,902,0.123363,0.0896,0.1302,0.006837,0.0406
EuroSAT,903,0.140297,0.0939,0.1367,-0.003597,0.0427999999999999
EuroSAT,904,0.220839,0.1232,0.2127,-0.008139,0.0895
EuroSAT,905,0.180824,0.1229,0.1842,0.0033759999999999,0.0613
EuroSAT,906,0.139322,0.1088,0.1536,0.0142779999999999,0.0447999999999999
EuroSAT,907,0.16644,0.0943,0.1644,-0.00204,0.0701
EuroSAT,908,0.164108,0.1066,0.1546,-0.009508,0.0479999999999999
EuroSAT,909,0.122781,0.0982,0.1271,0.0043189999999999,0.0288999999999999
EuroSAT,910,0.158539,0.1007,0.1532,-0.005339,0.0525
EuroSAT,911,0.148203,0.0933,0.1444,-0.003803,0.0511
EuroSAT,912,0.126823,0.0897,0.1316,0.004777,0.0418999999999999
EuroSAT,913,0.125767,0.0809,0.1202,-0.0055669999999999,0.0393
EuroSAT,914,0.254522,0.202,0.258,0.0034779999999999,0.0559999999999999
EuroSAT,915,0.071184,0.0289,0.0603,-0.0108839999999999,0.0314
EuroSAT,916,0.130224,0.0812,0.1218,-0.008424,0.0406
EuroSAT,917,0.122417,0.0856,0.1398,0.017383,0.0542
EuroSAT,918,0.057972,0.0286,0.0595,0.0015279999999999,0.0308999999999999
EuroSAT,919,0.155246,0.0871,0.1559,0.000654,0.0688
EuroSAT,920,0.095838,0.0626,0.0906,-0.005238,0.0279999999999999
EuroSAT,921,0.127195,0.087,0.1269,-0.0002949999999999,0.0399
EuroSAT,922,0.153075,0.1006,0.1465,-0.0065749999999999,0.0458999999999999
EuroSAT,923,0.087599,0.0635,0.0884,0.000801,0.0249
EuroSAT,924,0.133221,0.0959,0.1339,0.0006789999999999,0.0379999999999999
EuroSAT,925,0.181513,0.1165,0.1795,-0.002013,0.0629999999999999
EuroSAT,926,0.147145,0.1021,0.1452,-0.001945,0.0431
EuroSAT,927,0.203844,0.1135,0.1928,-0.0110439999999999,0.0793
EuroSAT,928,0.245006,0.1638,0.2348,-0.0102059999999999,0.071
EuroSAT,929,0.189331,0.1228,0.1865,-0.002831,0.0636999999999999
EuroSAT,930,0.127174,0.0918,0.1346,0.0074259999999999,0.0427999999999999
EuroSAT,931,0.141415,0.0975,0.1434,0.0019849999999999,0.0458999999999999
EuroSAT,932,0.104175,0.0539,0.0916,-0.012575,0.0377
EuroSAT,933,0.12814,0.0938,0.1385,0.01036,0.0447
EuroSAT,934,0.207681,0.1663,0.204,-0.003681,0.0376999999999999
EuroSAT,935,0.171607,0.1286,0.1769,0.0052929999999999,0.0483
EuroSAT,936,0.198481,0.1438,0.193,-0.0054809999999999,0.0491999999999999
EuroSAT,937,0.124438,0.0964,0.1281,0.0036619999999999,0.0316999999999999
EuroSAT,938,0.110382,0.0566,0.0958,-0.0145819999999999,0.0392
EuroSAT,939,0.131968,0.0936,0.1321,0.0001319999999999,0.0384999999999999
EuroSAT,940,0.147251,0.1147,0.1549,0.007649,0.0402
EuroSAT,941,0.206002,0.1327,0.2043,-0.0017019999999999,0.0716
EuroSAT,942,0.204356,0.1479,0.1976,-0.006756,0.0496999999999999
EuroSAT,943,0.178622,0.1184,0.1812,0.0025779999999999,0.0628
EuroSAT,944,0.219275,0.1651,0.2222,0.002925,0.0571
EuroSAT,945,0.163591,0.1126,0.158,-0.0055909999999999,0.0453999999999999
EuroSAT,946,0.138544,0.0931,0.1329,-0.005644,0.0397999999999999
EuroSAT,947,0.251162,0.18,0.2469,-0.0042619999999999,0.0669
EuroSAT,948,0.097001,0.079,0.0971,9.900000000000186e-05,0.0181
EuroSAT,949,0.204959,0.1469,0.2062,0.0012409999999999,0.0592999999999999
EuroSAT,950,0.161495,0.097,0.1504,-0.0110949999999999,0.0534
EuroSAT,951,0.225458,0.1513,0.2231,-0.0023579999999999,0.0718
EuroSAT,952,0.186484,0.1249,0.1776,-0.008884,0.0527
EuroSAT,953,0.169692,0.0921,0.1567,-0.012992,0.0646
EuroSAT,954,0.222095,0.1555,0.2193,-0.0027949999999999,0.0638
EuroSAT,955,0.088674,0.0643,0.0901,0.0014259999999999,0.0258
EuroSAT,956,0.171051,0.1116,0.1803,0.0092489999999999,0.0686999999999999
EuroSAT,957,0.189332,0.1253,0.196,0.006668,0.0707
EuroSAT,958,0.169902,0.1191,0.1803,0.0103979999999999,0.0611999999999999
EuroSAT,959,0.142539,0.0834,0.1447,0.0021609999999999,0.0612999999999999
EuroSAT,960,0.139239,0.0944,0.1436,0.004361,0.0492
EuroSAT,961,0.21409,0.1347,0.2123,-0.00179,0.0776
EuroSAT,962,0.130204,0.0816,0.1353,0.005096,0.0537
EuroSAT,963,0.136431,0.0929,0.1387,0.0022689999999999,0.0457999999999999
EuroSAT,964,0.116473,0.0872,0.1266,0.0101269999999999,0.0393999999999999
EuroSAT,965,0.173388,0.0979,0.1586,-0.0147879999999999,0.0606999999999999
EuroSAT,966,0.05391,0.0186,0.0491,-0.00481,0.0305
EuroSAT,967,0.174895,0.1142,0.1714,-0.0034949999999999,0.0572
EuroSAT,968,0.177397,0.1211,0.161,-0.0163969999999999,0.0399
EuroSAT,969,0.139412,0.0881,0.131,-0.008412,0.0429
EuroSAT,970,0.248704,0.1731,0.2437,-0.005004,0.0706
EuroSAT,971,0.187258,0.1128,0.1799,-0.007358,0.0671
EuroSAT,972,0.176541,0.1247,0.1883,0.0117589999999999,0.0635999999999999
EuroSAT,973,0.15685,0.114,0.1585,0.00165,0.0445
EuroSAT,974,0.22516,0.1653,0.2328,0.00764,0.0675
EuroSAT,975,0.188768,0.1182,0.1821,-0.0066679999999999,0.0639
EuroSAT,976,0.105122,0.0615,0.0996,-0.0055219999999999,0.0380999999999999
EuroSAT,977,0.181264,0.1271,0.1867,0.0054359999999999,0.0596
EuroSAT,978,0.20156,0.1334,0.1935,-0.0080599999999999,0.0601
EuroSAT,979,0.110799,0.064,0.1093,-0.001499,0.0452999999999999
EuroSAT,980,0.146017,0.0914,0.1515,0.0054829999999999,0.0601
EuroSAT,981,0.176243,0.1052,0.1712,-0.005043,0.0659999999999999
EuroSAT,982,0.219723,0.13,0.2022,-0.017523,0.0721999999999999
EuroSAT,983,0.123019,0.0776,0.1181,-0.004919,0.0404999999999999
EuroSAT,984,0.115442,0.0718,0.1217,0.006258,0.0499
EuroSAT,985,0.187478,0.1087,0.1853,-0.002178,0.0765999999999999
EuroSAT,986,0.214006,0.1238,0.2093,-0.0047059999999999,0.0855
EuroSAT,987,0.174113,0.1186,0.1738,-0.0003129999999999,0.0552
EuroSAT,988,0.166664,0.1205,0.1632,-0.0034639999999999,0.0427
EuroSAT,989,0.181133,0.1356,0.1813,0.000167,0.0456999999999999
EuroSAT,990,0.151023,0.0907,0.1465,-0.0045229999999999,0.0557999999999999
EuroSAT,991,0.176976,0.1092,0.1622,-0.0147759999999999,0.053
EuroSAT,992,0.153417,0.1126,0.1509,-0.0025169999999999,0.0383
EuroSAT,993,0.160567,0.096,0.1462,-0.0143669999999999,0.0501999999999999
EuroSAT,994,0.150893,0.0932,0.1502,-0.0006929999999999,0.0569999999999999
EuroSAT,995,0.155913,0.1094,0.1513,-0.004613,0.0418999999999999
EuroSAT,996,0.113582,0.0817,0.1146,0.0010179999999999,0.0329
EuroSAT,997,0.156436,0.1178,0.1636,0.007164,0.0457999999999999
EuroSAT,998,0.209357,0.1204,0.1936,-0.0157569999999999,0.0732
EuroSAT,999,0.2031,0.1472,0.2092,0.0060999999999999,0.062
EuroSAT,1000,0.204639,0.1264,0.2072,0.002561,0.0807999999999999
EuroSAT,1001,0.213774,0.1542,0.2202,0.006426,0.066
EuroSAT,1002,0.248889,0.1669,0.2467,-0.0021889999999999,0.0798
EuroSAT,1003,0.250798,0.1884,0.2488,-0.001998,0.0603999999999999
EuroSAT,1004,0.162829,0.1157,0.1663,0.003471,0.0506
EuroSAT,1005,0.147789,0.0762,0.1462,-0.001589,0.0699999999999999
EuroSAT,1006,0.151231,0.0968,0.1497,-0.001531,0.0529
EuroSAT,1007,0.164744,0.1016,0.1575,-0.007244,0.0559
EuroSAT,1008,0.100107,0.0722,0.1049,0.0047929999999999,0.0326999999999999
EuroSAT,1009,0.176915,0.1051,0.1673,-0.0096149999999999,0.0622
EuroSAT,1010,0.175854,0.1115,0.1666,-0.009254,0.0550999999999999
EuroSAT,1011,0.17492,0.1382,0.1793,0.0043799999999999,0.0411
EuroSAT,1012,0.127521,0.0816,0.1278,0.000279,0.0461999999999999
EuroSAT,1013,0.09616,0.047,0.0911,-0.0050599999999999,0.0441
EuroSAT,1014,0.124351,0.0628,0.1195,-0.004851,0.0567
EuroSAT,1015,0.186559,0.1372,0.1859,-0.0006589999999999,0.0487
EuroSAT,1016,0.135965,0.0812,0.1342,-0.0017649999999999,0.053
EuroSAT,1017,0.08959,0.054,0.0875,-0.00209,0.0334999999999999
EuroSAT,1018,0.148281,0.0928,0.1452,-0.003081,0.0524
EuroSAT,1019,0.151403,0.1037,0.1532,0.0017969999999999,0.0495
EuroSAT,1020,0.202339,0.1385,0.1979,-0.0044389999999999,0.0593999999999999
EuroSAT,1021,0.16853,0.1005,0.1768,0.00827,0.0763
EuroSAT,1022,0.162083,0.1041,0.1627,0.000617,0.0586
EuroSAT,1023,0.199637,0.1267,0.2062,0.0065629999999999,0.0794999999999999
EuroSAT,1024,0.171007,0.1109,0.1755,0.0044929999999999,0.0645999999999999
EuroSAT,1025,0.17786,0.1277,0.1687,-0.00916,0.0409999999999999
EuroSAT,1026,0.141969,0.0873,0.1423,0.0003309999999999,0.055
EuroSAT,1027,0.118446,0.0678,0.1042,-0.0142459999999999,0.0364
EuroSAT,1028,0.122342,0.0683,0.1178,-0.004542,0.0495
EuroSAT,1029,0.133822,0.1021,0.1382,0.0043779999999999,0.0360999999999999
EuroSAT,1030,0.113478,0.0788,0.1131,-0.0003779999999999,0.0343
EuroSAT,1031,0.180557,0.1407,0.1802,-0.0003569999999999,0.0395
EuroSAT,1032,0.134503,0.1084,0.1467,0.0121969999999999,0.0383
EuroSAT,1033,0.174214,0.1155,0.1852,0.0109859999999999,0.0697
EuroSAT,1034,0.201801,0.1141,0.2002,-0.001601,0.0861
EuroSAT,1035,0.206422,0.136,0.2067,0.000278,0.0706999999999999
EuroSAT,1036,0.044444,0.0335,0.0401,-0.004344,0.0065999999999999
EuroSAT,1037,0.192112,0.1527,0.1902,-0.0019119999999999,0.0375
EuroSAT,1038,0.130296,0.0913,0.1366,0.006304,0.0452999999999999
EuroSAT,1039,0.125625,0.0637,0.1162,-0.0094249999999999,0.0524999999999999
EuroSAT,1040,0.124989,0.0865,0.1159,-0.009089,0.0294
EuroSAT,1041,0.229564,0.1628,0.2246,-0.0049639999999999,0.0617999999999999
EuroSAT,1042,0.22295,0.1553,0.2238,0.0008499999999999,0.0685
EuroSAT,1043,0.207357,0.1177,0.2001,-0.007257,0.0824
EuroSAT,1044,0.12359,0.0861,0.1196,-0.00399,0.0335
EuroSAT,1045,0.168485,0.1149,0.168,-0.0004849999999999,0.0531
EuroSAT,1046,0.11814,0.0716,0.1236,0.00546,0.052
EuroSAT,1047,0.169329,0.101,0.1672,-0.002129,0.0661999999999999
EuroSAT,1048,0.138639,0.0862,0.1371,-0.001539,0.0509
EuroSAT,1049,0.236592,0.1777,0.2371,0.000508,0.0594
EuroSAT,1050,0.169988,0.0899,0.1662,-0.003788,0.0762999999999999
EuroSAT,1051,0.160917,0.1095,0.1587,-0.0022169999999999,0.0492
EuroSAT,1052,0.160989,0.108,0.1682,0.0072109999999999,0.0601999999999999
EuroSAT,1053,0.200991,0.1544,0.1984,-0.002591,0.0439999999999999
EuroSAT,1054,0.131262,0.0893,0.1353,0.004038,0.046
EuroSAT,1055,0.146304,0.0981,0.1539,0.007596,0.0558
EuroSAT,1056,0.208751,0.125,0.2036,-0.0051509999999999,0.0786
EuroSAT,1057,0.208349,0.15,0.2083,-4.899999999999349e-05,0.0583
EuroSAT,1058,0.135671,0.0891,0.1322,-0.003471,0.0431
EuroSAT,1059,0.19846,0.1146,0.1986,0.00014,0.084
EuroSAT,1060,0.202868,0.1153,0.1884,-0.0144679999999999,0.0731
EuroSAT,1061,0.118262,0.0928,0.127,0.0087379999999999,0.0342
EuroSAT,1062,0.105611,0.068,0.1055,-0.0001109999999999,0.0374999999999999
EuroSAT,1063,0.202908,0.1378,0.2076,0.004692,0.0698
EuroSAT,1064,0.084878,0.0501,0.0788,-0.006078,0.0286999999999999
EuroSAT,1065,0.164583,0.108,0.1663,0.0017169999999999,0.0583
EuroSAT,1066,0.155176,0.0956,0.1524,-0.002776,0.0568
EuroSAT,1067,0.095629,0.0365,0.0824,-0.013229,0.0459
EuroSAT,1068,0.151725,0.1073,0.1427,-0.009025,0.0353999999999999
EuroSAT,1069,0.165901,0.1301,0.1682,0.0022989999999999,0.0380999999999999
EuroSAT,1070,0.09756,0.0614,0.0922,-0.0053599999999999,0.0308
EuroSAT,1071,0.20994,0.1425,0.1978,-0.0121399999999999,0.0553
EuroSAT,1072,0.155505,0.1083,0.1581,0.0025949999999999,0.0498
EuroSAT,1073,0.111659,0.0764,0.1111,-0.0005589999999999,0.0347
EuroSAT,1074,0.261219,0.1827,0.261,-0.0002189999999999,0.0783
EuroSAT,1075,0.12661,0.1086,0.1397,0.0130899999999999,0.0310999999999999
EuroSAT,1076,0.166203,0.1057,0.1633,-0.0029029999999999,0.0576
EuroSAT,1077,0.184517,0.0945,0.1765,-0.0080169999999999,0.0819999999999999
EuroSAT,1078,0.164559,0.0968,0.1575,-0.007059,0.0607
EuroSAT,1079,0.136472,0.0871,0.1409,0.0044279999999999,0.0538
EuroSAT,1080,0.200961,0.1373,0.1951,-0.005861,0.0577999999999999
EuroSAT,1081,0.165613,0.1139,0.1674,0.0017869999999999,0.0534999999999999
EuroSAT,1082,0.167171,0.1157,0.1694,0.002229,0.0537
EuroSAT,1083,0.138446,0.1004,0.1443,0.0058539999999999,0.0439
EuroSAT,1084,0.225595,0.1373,0.2187,-0.0068949999999999,0.0814
EuroSAT,1085,0.156555,0.1081,0.1502,-0.0063549999999999,0.0421
EuroSAT,1086,0.118888,0.0748,0.11,-0.0088879999999999,0.0351999999999999
EuroSAT,1087,0.128245,0.0921,0.1389,0.0106549999999999,0.0467999999999999
EuroSAT,1088,0.218458,0.16,0.2165,-0.001958,0.0564999999999999
EuroSAT,1089,0.082366,0.0465,0.0813,-0.0010659999999999,0.0348
EuroSAT,1090,0.179156,0.1267,0.1787,-0.000456,0.0519999999999999
EuroSAT,1091,0.171558,0.0828,0.1624,-0.009158,0.0795999999999999
EuroSAT,1092,0.162535,0.0964,0.1564,-0.006135,0.06
EuroSAT,1093,0.169727,0.1396,0.1764,0.006673,0.0368
EuroSAT,1094,0.164297,0.1073,0.1616,-0.002697,0.0542999999999999
EuroSAT,1095,0.269986,0.2018,0.2811,0.011114,0.0793
EuroSAT,1096,0.116472,0.08,0.1181,0.0016279999999999,0.0380999999999999
EuroSAT,1097,0.138972,0.0879,0.1387,-0.000272,0.0507999999999999
EuroSAT,1098,0.157309,0.1161,0.1601,0.0027909999999999,0.044
EuroSAT,1099,0.174297,0.1034,0.1632,-0.0110969999999999,0.0598
EuroSAT,1100,0.203443,0.1519,0.2028,-0.000643,0.0509
EuroSAT,1101,0.19223,0.1303,0.1916,-0.00063,0.0612999999999999
EuroSAT,1102,0.172291,0.1059,0.1663,-0.0059909999999999,0.0604
EuroSAT,1103,0.182452,0.135,0.1683,-0.0141519999999999,0.0332999999999999
EuroSAT,1104,0.158195,0.1055,0.1603,0.0021049999999999,0.0548
EuroSAT,1105,0.241478,0.1762,0.2345,-0.006978,0.0582999999999999
EuroSAT,1106,0.168819,0.1286,0.1753,0.006481,0.0467
EuroSAT,1107,0.14498,0.0867,0.15,0.0050199999999999,0.0633
EuroSAT,1108,0.128591,0.0861,0.1322,0.003609,0.0461
EuroSAT,1109,0.227184,0.1821,0.2352,0.0080159999999999,0.0530999999999999
EuroSAT,1110,0.160048,0.0929,0.1637,0.003652,0.0708
EuroSAT,1111,0.103694,0.0771,0.1019,-0.0017939999999999,0.0248
EuroSAT,1112,0.227501,0.162,0.2273,-0.000201,0.0653
EuroSAT,1113,0.150244,0.115,0.1647,0.014456,0.0497
EuroSAT,1114,0.23059,0.1376,0.2173,-0.0132899999999999,0.0797
EuroSAT,1115,0.10575,0.0633,0.1001,-0.00565,0.0368
EuroSAT,1116,0.175859,0.0997,0.1709,-0.0049589999999999,0.0712
EuroSAT,1117,0.148241,0.0822,0.1413,-0.006941,0.0591
EuroSAT,1118,0.156913,0.0915,0.1502,-0.0067129999999999,0.0587
EuroSAT,1119,0.144053,0.0851,0.1429,-0.0011529999999999,0.0578
EuroSAT,1120,0.126163,0.0862,0.1209,-0.005263,0.0346999999999999
EuroSAT,1121,0.134542,0.0911,0.1297,-0.0048419999999999,0.0386
EuroSAT,1122,0.187492,0.1129,0.1745,-0.012992,0.0615999999999999
EuroSAT,1123,0.144286,0.0886,0.1371,-0.0071859999999999,0.0485
EuroSAT,1124,0.197387,0.124,0.195,-0.002387,0.071
EuroSAT,1125,0.193489,0.1484,0.1882,-0.0052889999999999,0.0398
EuroSAT,1126,0.146593,0.0867,0.145,-0.001593,0.0582999999999999
EuroSAT,1127,0.172077,0.1126,0.1836,0.011523,0.071
EuroSAT,1128,0.204559,0.1211,0.1991,-0.0054589999999999,0.078
EuroSAT,1129,0.123773,0.0868,0.118,-0.005773,0.0311999999999999
EuroSAT,1130,0.13971,0.0855,0.1437,0.0039899999999999,0.0581999999999999
EuroSAT,1131,0.22877,0.1619,0.2416,0.01283,0.0797
EuroSAT,1132,0.178501,0.1362,0.1879,0.009399,0.0517
EuroSAT,1133,0.179412,0.1355,0.1839,0.004488,0.0484
EuroSAT,1134,0.149198,0.1056,0.1527,0.003502,0.0471
EuroSAT,1135,0.156327,0.0932,0.1513,-0.005027,0.0580999999999999
EuroSAT,1136,0.111051,0.0781,0.1091,-0.0019509999999999,0.031
EuroSAT,1137,0.150275,0.0998,0.151,0.000725,0.0511999999999999
EuroSAT,1138,0.100898,0.0512,0.0995,-0.0013979999999999,0.0483
EuroSAT,1139,0.175226,0.1265,0.1846,0.0093739999999999,0.0580999999999999
EuroSAT,1140,0.217505,0.1553,0.2217,0.004195,0.0664
EuroSAT,1141,0.201309,0.1614,0.2194,0.018091,0.058
EuroSAT,1142,0.117129,0.0832,0.1234,0.0062709999999999,0.0402
EuroSAT,1143,0.165368,0.1144,0.1678,0.002432,0.0534
EuroSAT,1144,0.1617,0.1022,0.1614,-0.0003,0.0591999999999999
EuroSAT,1145,0.131615,0.087,0.1362,0.0045849999999999,0.0491999999999999
EuroSAT,1146,0.130919,0.0896,0.123,-0.007919,0.0334
EuroSAT,1147,0.189421,0.1247,0.177,-0.012421,0.0522999999999999
EuroSAT,1148,0.179362,0.1452,0.186,0.006638,0.0408
EuroSAT,1149,0.120572,0.0783,0.1183,-0.0022719999999999,0.04
EuroSAT,1150,0.138276,0.0767,0.1286,-0.009676,0.0518999999999999
EuroSAT,1151,0.155954,0.1133,0.1558,-0.000154,0.0424999999999999
EuroSAT,1152,0.132637,0.0947,0.1377,0.0050629999999999,0.0429999999999999
EuroSAT,1153,0.15912,0.0972,0.1561,-0.00302,0.0588999999999999
EuroSAT,1154,0.119036,0.0691,0.1187,-0.000336,0.0496
EuroSAT,1155,0.110313,0.0693,0.1067,-0.0036129999999999,0.0374
EuroSAT,1156,0.081175,0.0436,0.0772,-0.0039749999999999,0.0336
EuroSAT,1157,0.120798,0.0593,0.1133,-0.007498,0.054
EuroSAT,1158,0.173765,0.097,0.1641,-0.009665,0.0670999999999999
EuroSAT,1159,0.191976,0.1403,0.1898,-0.002176,0.0494999999999999
EuroSAT,1160,0.16252,0.1154,0.1662,0.0036799999999999,0.0507999999999999
EuroSAT,1161,0.191507,0.1311,0.185,-0.006507,0.0539
EuroSAT,1162,0.155895,0.0871,0.1416,-0.014295,0.0545
EuroSAT,1163,0.200115,0.1571,0.2088,0.008685,0.0517
EuroSAT,1164,0.13533,0.0855,0.1373,0.0019699999999999,0.0518
EuroSAT,1165,0.199131,0.1054,0.1898,-0.009331,0.0844
EuroSAT,1166,0.181163,0.1283,0.1852,0.004037,0.0569
EuroSAT,1167,0.11399,0.0697,0.1008,-0.0131899999999999,0.0311
EuroSAT,1168,0.145857,0.0872,0.1417,-0.0041569999999999,0.0544999999999999
EuroSAT,1169,0.151991,0.1011,0.1504,-0.0015909999999999,0.0493
EuroSAT,1170,0.177355,0.1073,0.1707,-0.006655,0.0633999999999999
EuroSAT,1171,0.16451,0.1328,0.1645,-9.999999999982244e-06,0.0317
EuroSAT,1172,0.14737,0.0914,0.1426,-0.0047699999999999,0.0512
EuroSAT,1173,0.194383,0.1136,0.1944,1.6999999999989246e-05,0.0807999999999999
EuroSAT,1174,0.186136,0.1306,0.1831,-0.0030359999999999,0.0525
EuroSAT,1175,0.172966,0.112,0.1785,0.0055339999999999,0.0664999999999999
EuroSAT,1176,0.20132,0.1335,0.2058,0.00448,0.0723
EuroSAT,1177,0.225211,0.1388,0.2113,-0.013911,0.0724999999999999
EuroSAT,1178,0.217406,0.1566,0.2142,-0.0032059999999999,0.0576
EuroSAT,1179,0.130395,0.0716,0.1307,0.0003049999999999,0.0591
EuroSAT,1180,0.220842,0.1568,0.2207,-0.000142,0.0639
EuroSAT,1181,0.158582,0.1127,0.1636,0.0050179999999999,0.0509
EuroSAT,1182,0.189889,0.1577,0.1988,0.008911,0.0411
EuroSAT,1183,0.134694,0.084,0.1338,-0.000894,0.0498
EuroSAT,1184,0.200255,0.1429,0.1946,-0.0056549999999999,0.0516999999999999
EuroSAT,1185,0.163057,0.1112,0.1662,0.0031429999999999,0.0549999999999999
EuroSAT,1186,0.221799,0.1371,0.2111,-0.0106989999999999,0.074
EuroSAT,1187,0.196987,0.1495,0.1972,0.0002129999999999,0.0476999999999999
EuroSAT,1188,0.240371,0.1531,0.2376,-0.0027709999999999,0.0844999999999999
EuroSAT,1189,0.143431,0.0815,0.1354,-0.008031,0.0538999999999999
EuroSAT,1190,0.11028,0.0776,0.1237,0.01342,0.0461
EuroSAT,1191,0.202267,0.1426,0.1877,-0.0145669999999999,0.0451
EuroSAT,1192,0.191985,0.1278,0.1888,-0.0031849999999999,0.061
EuroSAT,1193,0.168266,0.117,0.172,0.0037339999999999,0.0549999999999999
EuroSAT,1194,0.140698,0.0912,0.1376,-0.0030979999999999,0.0464
EuroSAT,1195,0.187359,0.1295,0.1837,-0.0036589999999999,0.0542
EuroSAT,1196,0.188983,0.132,0.1878,-0.001183,0.0557999999999999
EuroSAT,1197,0.240548,0.1742,0.2339,-0.006648,0.0597
EuroSAT,1198,0.196358,0.1337,0.1969,0.0005419999999999,0.0631999999999999
EuroSAT,1199,0.134665,0.0703,0.1235,-0.011165,0.0532
EuroSAT,1200,0.130932,0.0842,0.1383,0.007368,0.0541
EuroSAT,1201,0.146407,0.0939,0.146,-0.000407,0.0520999999999999
EuroSAT,1202,0.237297,0.1653,0.2321,-0.005197,0.0668
EuroSAT,1203,0.159998,0.1175,0.152,-0.007998,0.0345
EuroSAT,1204,0.150327,0.0824,0.1402,-0.0101269999999999,0.0577999999999999
EuroSAT,1205,0.146427,0.0941,0.1431,-0.0033269999999999,0.049
EuroSAT,1206,0.205382,0.1523,0.2084,0.0030179999999999,0.0561
EuroSAT,1207,0.204911,0.1404,0.2089,0.0039889999999999,0.0685
EuroSAT,1208,0.134966,0.0816,0.1293,-0.005666,0.0476999999999999
EuroSAT,1209,0.211669,0.1347,0.21,-0.001669,0.0753
EuroSAT,1210,0.215291,0.1433,0.1993,-0.015991,0.0559999999999999
EuroSAT,1211,0.175136,0.1421,0.1784,0.003264,0.0363
EuroSAT,1212,0.125443,0.0871,0.1189,-0.0065429999999999,0.0318
EuroSAT,1213,0.174322,0.1111,0.1826,0.008278,0.0715
EuroSAT,1214,0.11253,0.0771,0.1076,-0.00493,0.0305
EuroSAT,1215,0.134808,0.0976,0.1394,0.0045919999999999,0.0417999999999999
EuroSAT,1216,0.192079,0.1398,0.2015,0.009421,0.0617
EuroSAT,1217,0.146142,0.1183,0.1665,0.020358,0.0482
EuroSAT,1218,0.129946,0.0923,0.1219,-0.008046,0.0296
EuroSAT,1219,0.178012,0.1077,0.1731,-0.004912,0.0654
EuroSAT,1220,0.073211,0.0454,0.0779,0.0046889999999999,0.0324999999999999
EuroSAT,1221,0.12597,0.0995,0.125,-0.0009699999999999,0.0254999999999999
EuroSAT,1222,0.123379,0.0803,0.113,-0.010379,0.0327
EuroSAT,1223,0.217385,0.1588,0.2226,0.0052149999999999,0.0638
EuroSAT,1224,0.19469,0.1336,0.182,-0.01269,0.0484
EuroSAT,1225,0.193591,0.1283,0.193,-0.000591,0.0647
EuroSAT,1226,0.123104,0.0888,0.1238,0.0006959999999999,0.0349999999999999
EuroSAT,1227,0.174782,0.1168,0.1694,-0.0053819999999999,0.0525999999999999
EuroSAT,1228,0.097678,0.0713,0.0945,-0.003178,0.0232
EuroSAT,1229,0.147662,0.1044,0.1454,-0.0022619999999999,0.0409999999999999
EuroSAT,1230,0.097481,0.0754,0.1023,0.004819,0.0269
EuroSAT,1231,0.20038,0.1161,0.1964,-0.00398,0.0803
EuroSAT,1232,0.123972,0.0762,0.1251,0.0011279999999999,0.0488999999999999
EuroSAT,1233,0.117167,0.095,0.13,0.012833,0.035
EuroSAT,1234,0.136162,0.0983,0.1421,0.0059379999999999,0.0438
EuroSAT,1235,0.187801,0.1198,0.1922,0.004399,0.0724
EuroSAT,1236,0.069392,0.0359,0.0719,0.002508,0.036
EuroSAT,1237,0.154564,0.0999,0.1529,-0.0016639999999999,0.053
EuroSAT,1238,0.150126,0.1079,0.1523,0.0021739999999999,0.0443999999999999
EuroSAT,1239,0.176096,0.1117,0.1764,0.0003039999999999,0.0647
EuroSAT,1240,0.096266,0.0462,0.0836,-0.012666,0.0373999999999999
EuroSAT,1241,0.177434,0.1057,0.174,-0.003434,0.0682999999999999
EuroSAT,1242,0.114605,0.0668,0.1084,-0.006205,0.0416
EuroSAT,1243,0.202652,0.1226,0.2012,-0.001452,0.0785999999999999
EuroSAT,1244,0.085669,0.0533,0.0786,-0.0070689999999999,0.0253
EuroSAT,1245,0.109247,0.0577,0.1011,-0.008147,0.0433999999999999
EuroSAT,1246,0.115153,0.0873,0.1192,0.0040469999999999,0.0319
EuroSAT,1247,0.191484,0.1367,0.183,-0.0084839999999999,0.0463
EuroSAT,1248,0.176461,0.1168,0.1823,0.0058389999999999,0.0654999999999999
EuroSAT,1249,0.136528,0.0836,0.1337,-0.0028279999999999,0.0501
EuroSAT,1250,0.16519,0.1227,0.1719,0.0067099999999999,0.0491999999999999
EuroSAT,1251,0.069553,0.0358,0.0709,0.001347,0.0351
EuroSAT,1252,0.107146,0.0841,0.1092,0.002054,0.0251
EuroSAT,1253,0.128974,0.0764,0.1216,-0.007374,0.0452
EuroSAT,1254,0.160784,0.1073,0.1586,-0.002184,0.0512999999999999
EuroSAT,1255,0.198624,0.1346,0.1897,-0.0089239999999999,0.0551
EuroSAT,1256,0.107377,0.0562,0.1013,-0.0060769999999999,0.0451
EuroSAT,1257,0.132259,0.0891,0.1234,-0.0088589999999999,0.0343
EuroSAT,1258,0.175284,0.0955,0.1628,-0.0124839999999999,0.0673
EuroSAT,1259,0.150585,0.0972,0.1432,-0.007385,0.046
EuroSAT,1260,0.243634,0.1691,0.2392,-0.0044339999999999,0.0701
EuroSAT,1261,0.105103,0.0778,0.1074,0.0022969999999999,0.0296
EuroSAT,1262,0.177066,0.1048,0.1747,-0.002366,0.0698999999999999
EuroSAT,1263,0.129639,0.0833,0.1377,0.0080609999999999,0.0543999999999999
EuroSAT,1264,0.189983,0.1173,0.1848,-0.005183,0.0674999999999999
EuroSAT,1265,0.115762,0.0737,0.1067,-0.009062,0.033
EuroSAT,1266,0.186472,0.1432,0.1877,0.001228,0.0445
EuroSAT,1267,0.199226,0.1414,0.2027,0.003474,0.0612999999999999
EuroSAT,1268,0.177257,0.1249,0.1781,0.000843,0.0532
EuroSAT,1269,0.07681,0.0474,0.0737,-0.00311,0.0263
EuroSAT,1270,0.129591,0.0831,0.1384,0.0088089999999999,0.0553
EuroSAT,1271,0.146846,0.0901,0.1516,0.004754,0.0615
EuroSAT,1272,0.243166,0.1714,0.2502,0.0070339999999999,0.0787999999999999
EuroSAT,1273,0.208236,0.1354,0.1993,-0.008936,0.0639
EuroSAT,1274,0.166212,0.1116,0.1601,-0.006112,0.0484999999999999
EuroSAT,1275,0.185613,0.1375,0.1873,0.0016869999999999,0.0497999999999999
EuroSAT,1276,0.181561,0.1302,0.1758,-0.0057609999999999,0.0456
EuroSAT,1277,0.196697,0.1417,0.1954,-0.001297,0.0537
EuroSAT,1278,0.1516,0.1188,0.1655,0.0138999999999999,0.0467
EuroSAT,1279,0.126583,0.0729,0.1354,0.0088169999999999,0.0624999999999999
EuroSAT,1280,0.212663,0.1651,0.2153,0.002637,0.0501999999999999
EuroSAT,1281,0.106676,0.0679,0.0956,-0.011076,0.0277
EuroSAT,1282,0.094149,0.0432,0.0919,-0.002249,0.0486999999999999
EuroSAT,1283,0.223395,0.1664,0.2136,-0.0097949999999999,0.0472
EuroSAT,1284,0.192416,0.1292,0.1838,-0.008616,0.0545999999999999
EuroSAT,1285,0.212559,0.156,0.2143,0.0017409999999999,0.0582999999999999
EuroSAT,1286,0.183633,0.1146,0.1804,-0.0032329999999999,0.0658
EuroSAT,1287,0.153546,0.0949,0.1509,-0.0026459999999999,0.056
EuroSAT,1288,0.205094,0.1084,0.1882,-0.0168939999999999,0.0798
EuroSAT,1289,0.208638,0.1341,0.2059,-0.0027379999999999,0.0718
EuroSAT,1290,0.138683,0.0699,0.1239,-0.014783,0.0539999999999999
EuroSAT,1291,0.175357,0.111,0.1703,-0.005057,0.0593
EuroSAT,1292,0.13832,0.0965,0.139,0.00068,0.0425
EuroSAT,1293,0.170266,0.0988,0.1664,-0.003866,0.0676
EuroSAT,1294,0.243459,0.1799,0.2366,-0.006859,0.0567
EuroSAT,1295,0.154062,0.0969,0.1468,-0.0072619999999999,0.0499
EuroSAT,1296,0.199907,0.133,0.2027,0.0027929999999999,0.0696999999999999
EuroSAT,1297,0.16847,0.1009,0.1623,-0.00617,0.0613999999999999
EuroSAT,1298,0.150757,0.1193,0.1602,0.009443,0.0409
EuroSAT,1299,0.125441,0.0892,0.1275,0.002059,0.0383
EuroSAT,1300,0.184016,0.1219,0.1794,-0.004616,0.0575
EuroSAT,1301,0.227861,0.169,0.23,0.002139,0.061
EuroSAT,1302,0.176958,0.1054,0.1681,-0.008858,0.0627
EuroSAT,1303,0.195024,0.1167,0.1916,-0.003424,0.0749
EuroSAT,1304,0.122105,0.075,0.115,-0.007105,0.04
EuroSAT,1305,0.155846,0.099,0.1595,0.0036539999999999,0.0605
EuroSAT,1306,0.150291,0.0941,0.145,-0.005291,0.0508999999999999
EuroSAT,1307,0.206007,0.1441,0.1985,-0.0075069999999999,0.0544
EuroSAT,1308,0.197839,0.1361,0.1955,-0.0023389999999999,0.0594
EuroSAT,1309,0.151214,0.085,0.1426,-0.0086139999999999,0.0576
EuroSAT,1310,0.192571,0.1361,0.1955,0.002929,0.0594
EuroSAT,1311,0.197498,0.1431,0.1975,2.000000000002e-06,0.0544
EuroSAT,1312,0.123578,0.0855,0.1412,0.017622,0.0556999999999999
EuroSAT,1313,0.116274,0.0891,0.1247,0.008426,0.0356
EuroSAT,1314,0.202423,0.1573,0.2103,0.0078769999999999,0.0529999999999999
EuroSAT,1315,0.185807,0.1177,0.1817,-0.0041069999999999,0.064
EuroSAT,1316,0.206018,0.1633,0.214,0.0079819999999999,0.0506999999999999
EuroSAT,1317,0.154183,0.1177,0.1612,0.007017,0.0435
EuroSAT,1318,0.153075,0.0956,0.1462,-0.0068749999999999,0.0505999999999999
EuroSAT,1319,0.148592,0.0871,0.1456,-0.0029919999999999,0.0585
EuroSAT,1320,0.10244,0.0652,0.1095,0.0070599999999999,0.0443
EuroSAT,1321,0.234538,0.1521,0.2281,-0.0064379999999999,0.0759999999999999
EuroSAT,1322,0.078933,0.0493,0.0854,0.006467,0.0361
EuroSAT,1323,0.147666,0.1016,0.1447,-0.0029659999999999,0.0431
EuroSAT,1324,0.224988,0.13,0.2114,-0.0135879999999999,0.0814
EuroSAT,1325,0.164759,0.1025,0.1623,-0.0024589999999999,0.0598
EuroSAT,1326,0.159168,0.1186,0.159,-0.000168,0.0404
EuroSAT,1327,0.146435,0.0858,0.1419,-0.004535,0.0561
EuroSAT,1328,0.186716,0.1242,0.1879,0.001184,0.0637
EuroSAT,1329,0.184166,0.1266,0.1947,0.010534,0.0681
EuroSAT,1330,0.127752,0.1049,0.1345,0.006748,0.0296
EuroSAT,1331,0.138567,0.0883,0.1344,-0.004167,0.0460999999999999
EuroSAT,1332,0.179842,0.1118,0.1866,0.0067579999999999,0.0747999999999999
EuroSAT,1333,0.194728,0.1123,0.1861,-0.008628,0.0737999999999999
EuroSAT,1334,0.13346,0.0887,0.1296,-0.00386,0.0408999999999999
EuroSAT,1335,0.210097,0.1475,0.2095,-0.000597,0.062
EuroSAT,1336,0.118949,0.0721,0.1187,-0.0002489999999999,0.0466
EuroSAT,1337,0.088486,0.0464,0.0844,-0.0040859999999999,0.038
EuroSAT,1338,0.185143,0.1335,0.186,0.0008569999999999,0.0524999999999999
EuroSAT,1339,0.108276,0.08,0.1107,0.002424,0.0307
EuroSAT,1340,0.156349,0.0957,0.1526,-0.0037489999999999,0.0569
EuroSAT,1341,0.168141,0.1172,0.1654,-0.002741,0.0481999999999999
EuroSAT,1342,0.163902,0.1182,0.1639,-2.000000000002e-06,0.0456999999999999
EuroSAT,1343,0.159734,0.1096,0.1671,0.007366,0.0574999999999999
EuroSAT,1344,0.176067,0.0585,0.1588,-0.017267,0.1003
EuroSAT,1345,0.148639,0.1056,0.1478,-0.000839,0.0421999999999999
EuroSAT,1346,0.160558,0.106,0.1562,-0.004358,0.0502
EuroSAT,1347,0.220893,0.1482,0.218,-0.002893,0.0698
EuroSAT,1348,0.164052,0.1136,0.1697,0.0056479999999999,0.0560999999999999
EuroSAT,1349,0.206553,0.1505,0.2133,0.006747,0.0628
EuroSAT,1350,0.109463,0.0697,0.1035,-0.005963,0.0338
EuroSAT,1351,0.107083,0.0685,0.1009,-0.0061829999999999,0.0324
EuroSAT,1352,0.251008,0.1651,0.2429,-0.008108,0.0778
EuroSAT,1353,0.187368,0.126,0.1874,3.200000000000425e-05,0.0614
EuroSAT,1354,0.179368,0.1033,0.1847,0.005332,0.0814
EuroSAT,1355,0.185277,0.1414,0.1891,0.0038229999999999,0.0476999999999999
EuroSAT,1356,0.160414,0.0966,0.1605,8.600000000000274e-05,0.0639
EuroSAT,1357,0.129826,0.0919,0.1351,0.005274,0.0432
EuroSAT,1358,0.201648,0.1461,0.2058,0.004152,0.0597
EuroSAT,1359,0.166154,0.1357,0.1662,4.599999999999049e-05,0.0305
EuroSAT,1360,0.195334,0.1433,0.2003,0.0049659999999999,0.0569999999999999
EuroSAT,1361,0.118866,0.0828,0.1163,-0.0025659999999999,0.0335
EuroSAT,1362,0.190986,0.1317,0.1901,-0.0008859999999999,0.0583999999999999
EuroSAT,1363,0.050558,0.0236,0.046,-0.0045579999999999,0.0224
EuroSAT,1364,0.108219,0.0725,0.1102,0.001981,0.0377
EuroSAT,1365,0.052588,0.0381,0.0551,0.002512,0.017
EuroSAT,1366,0.234873,0.165,0.2341,-0.0007729999999999,0.0691
EuroSAT,1367,0.137756,0.0914,0.1315,-0.0062559999999999,0.0401
EuroSAT,1368,0.180155,0.1155,0.1718,-0.008355,0.0563
EuroSAT,1369,0.10495,0.0643,0.0989,-0.00605,0.0346
EuroSAT,1370,0.099964,0.0575,0.1015,0.001536,0.044
EuroSAT,1371,0.122791,0.0676,0.1232,0.000409,0.0556
EuroSAT,1372,0.139165,0.1003,0.1458,0.006635,0.0455
EuroSAT,1373,0.208403,0.1559,0.2053,-0.0031029999999999,0.0494
EuroSAT,1374,0.149331,0.1011,0.144,-0.005331,0.0428999999999999
EuroSAT,1375,0.168727,0.1073,0.1674,-0.0013269999999999,0.0600999999999999
EuroSAT,1376,0.205549,0.1454,0.2108,0.0052509999999999,0.0653999999999999
EuroSAT,1377,0.152771,0.0969,0.1597,0.006929,0.0628
EuroSAT,1378,0.184631,0.1145,0.1772,-0.0074309999999999,0.0626999999999999
EuroSAT,1379,0.201234,0.1155,0.1937,-0.0075339999999999,0.0782
EuroSAT,1380,0.08422,0.0523,0.0854,0.00118,0.0331
EuroSAT,1381,0.147767,0.0907,0.1521,0.004333,0.0614
EuroSAT,1382,0.236092,0.1657,0.2294,-0.006692,0.0637
EuroSAT,1383,0.172654,0.1157,0.1687,-0.003954,0.0529999999999999
EuroSAT,1384,0.175601,0.1299,0.1816,0.005999,0.0517
EuroSAT,1385,0.201569,0.1596,0.2035,0.0019309999999999,0.0438999999999999
EuroSAT,1386,0.246357,0.1873,0.2489,0.002543,0.0616
EuroSAT,1387,0.22493,0.1596,0.2312,0.0062699999999999,0.0716
EuroSAT,1388,0.17459,0.1167,0.1744,-0.0001899999999999,0.0577
EuroSAT,1389,0.240645,0.1675,0.2359,-0.0047449999999999,0.0683999999999999
EuroSAT,1390,0.071293,0.065,0.0796,0.008307,0.0146
EuroSAT,1391,0.170433,0.1128,0.1722,0.0017669999999999,0.0593999999999999
EuroSAT,1392,0.165333,0.1118,0.1608,-0.004533,0.049
EuroSAT,1393,0.198095,0.1356,0.201,0.002905,0.0654
EuroSAT,1394,0.158075,0.1058,0.1631,0.005025,0.0572999999999999
EuroSAT,1395,0.180927,0.1022,0.1775,-0.003427,0.0752999999999999
EuroSAT,1396,0.137915,0.1027,0.1461,0.0081849999999999,0.0434
EuroSAT,1397,0.135402,0.0759,0.1283,-0.0071019999999999,0.0524
EuroSAT,1398,0.213462,0.1363,0.206,-0.007462,0.0696999999999999
EuroSAT,1399,0.15079,0.0962,0.1432,-0.00759,0.047
EuroSAT,1400,0.111626,0.069,0.106,-0.005626,0.0369999999999999
EuroSAT,1401,0.169895,0.1216,0.175,0.0051049999999999,0.0533999999999999
EuroSAT,1402,0.158659,0.1021,0.1552,-0.0034589999999999,0.0531
EuroSAT,1403,0.142046,0.0849,0.1358,-0.006246,0.0509
EuroSAT,1404,0.119488,0.0766,0.1152,-0.004288,0.0385999999999999
EuroSAT,1405,0.146347,0.0936,0.1454,-0.000947,0.0518
EuroSAT,1406,0.177,0.122,0.1819,0.0049,0.0599
EuroSAT,1407,0.206045,0.1522,0.1982,-0.007845,0.0459999999999999
EuroSAT,1408,0.140781,0.0993,0.1389,-0.0018809999999999,0.0395999999999999
EuroSAT,1409,0.176871,0.1199,0.1777,0.0008289999999999,0.0577999999999999
EuroSAT,1410,0.051358,0.0359,0.0434,-0.007958,0.0075
EuroSAT,1411,0.206963,0.1154,0.1844,-0.022563,0.069
EuroSAT,1412,0.154529,0.1103,0.163,0.008471,0.0527
EuroSAT,1413,0.193405,0.149,0.1905,-0.0029049999999999,0.0415
EuroSAT,1414,0.142558,0.0799,0.1397,-0.0028579999999999,0.0597999999999999
EuroSAT,1415,0.215483,0.1415,0.2088,-0.0066829999999999,0.0673
EuroSAT,1416,0.203573,0.1205,0.2009,-0.002673,0.0804
EuroSAT,1417,0.120594,0.0799,0.1282,0.007606,0.0483
EuroSAT,1418,0.124429,0.0863,0.1227,-0.0017289999999999,0.0364
EuroSAT,1419,0.129015,0.0875,0.1306,0.001585,0.0431
EuroSAT,1420,0.149604,0.1087,0.1577,0.008096,0.049
EuroSAT,1421,0.11957,0.0688,0.1169,-0.0026699999999999,0.0481
EuroSAT,1422,0.177616,0.1175,0.1842,0.006584,0.0667
EuroSAT,1423,0.152223,0.0987,0.1518,-0.000423,0.0530999999999999
EuroSAT,1424,0.194566,0.1434,0.1949,0.000334,0.0514999999999999
EuroSAT,1425,0.210755,0.1373,0.2097,-0.001055,0.0723999999999999
EuroSAT,1426,0.144355,0.0828,0.1461,0.0017449999999999,0.0633
EuroSAT,1427,0.1081,0.0712,0.0965,-0.0116,0.0253
EuroSAT,1428,0.160682,0.1185,0.1586,-0.002082,0.0401
EuroSAT,1429,0.08859,0.0524,0.0856,-0.00299,0.0331999999999999
EuroSAT,1430,0.165943,0.1066,0.1709,0.0049569999999999,0.0643
EuroSAT,1431,0.222638,0.1541,0.2249,0.0022619999999999,0.0708
EuroSAT,1432,0.084088,0.0585,0.0851,0.0010119999999999,0.0265999999999999
EuroSAT,1433,0.159139,0.1156,0.1559,-0.0032389999999999,0.0403
EuroSAT,1434,0.143336,0.0802,0.1394,-0.0039359999999999,0.0592
EuroSAT,1435,0.175852,0.1087,0.1785,0.0026479999999999,0.0697999999999999
EuroSAT,1436,0.182686,0.1418,0.1875,0.004814,0.0456999999999999
EuroSAT,1437,0.248049,0.1486,0.2327,-0.015349,0.0840999999999999
EuroSAT,1438,0.194653,0.151,0.201,0.006347,0.05
EuroSAT,1439,0.257643,0.1541,0.2459,-0.011743,0.0918
EuroSAT,1440,0.089429,0.0642,0.0879,-0.0015289999999999,0.0237
EuroSAT,1441,0.139448,0.112,0.1487,0.009252,0.0366999999999999
EuroSAT,1442,0.209539,0.1457,0.2078,-0.0017389999999999,0.0621
EuroSAT,1443,0.092998,0.0523,0.0883,-0.0046979999999999,0.036
EuroSAT,1444,0.178767,0.1256,0.1791,0.0003329999999999,0.0535
EuroSAT,1445,0.157101,0.1144,0.1672,0.0100989999999999,0.0527999999999999
EuroSAT,1446,0.212693,0.1473,0.2076,-0.0050929999999999,0.0603
EuroSAT,1447,0.180783,0.1261,0.1814,0.000617,0.0553
EuroSAT,1448,0.16169,0.1031,0.1629,0.0012099999999999,0.0597999999999999
EuroSAT,1449,0.154776,0.0881,0.1538,-0.000976,0.0657
EuroSAT,1450,0.123354,0.0984,0.1267,0.003346,0.0283
EuroSAT,1451,0.155869,0.0971,0.153,-0.002869,0.0558999999999999
EuroSAT,1452,0.150837,0.08,0.1516,0.000763,0.0716
EuroSAT,1453,0.184012,0.1136,0.1901,0.0060879999999999,0.0764999999999999
EuroSAT,1454,0.172155,0.1226,0.1766,0.004445,0.054
EuroSAT,1455,0.247259,0.1796,0.2457,-0.001559,0.0660999999999999
EuroSAT,1456,0.126854,0.0813,0.1251,-0.001754,0.0437999999999999
EuroSAT,1457,0.214319,0.1372,0.2083,-0.0060189999999999,0.0711
EuroSAT,1458,0.177101,0.1203,0.1839,0.0067989999999999,0.0636
EuroSAT,1459,0.221528,0.145,0.2289,0.0073719999999999,0.0839
EuroSAT,1460,0.122516,0.0786,0.1175,-0.005016,0.0388999999999999
EuroSAT,1461,0.108628,0.0705,0.1039,-0.0047279999999999,0.0334
EuroSAT,1462,0.124857,0.0807,0.1317,0.006843,0.051
EuroSAT,1463,0.208255,0.1554,0.2075,-0.000755,0.0520999999999999
EuroSAT,1464,0.143145,0.1073,0.1477,0.004555,0.0403999999999999
EuroSAT,1465,0.09037,0.0524,0.0843,-0.00607,0.0319
EuroSAT,1466,0.115575,0.0505,0.1029,-0.0126749999999999,0.0524
EuroSAT,1467,0.135927,0.071,0.1351,-0.0008269999999999,0.0641
EuroSAT,1468,0.207356,0.1244,0.2053,-0.002056,0.0809
EuroSAT,1469,0.253765,0.1845,0.2491,-0.004665,0.0645999999999999
EuroSAT,1470,0.185279,0.1256,0.1851,-0.000179,0.0595
EuroSAT,1471,0.145667,0.0978,0.1401,-0.0055669999999999,0.0423
EuroSAT,1472,0.095599,0.0766,0.0968,0.0012009999999999,0.0201999999999999
EuroSAT,1473,0.113999,0.0565,0.1003,-0.013699,0.0438
EuroSAT,1474,0.111611,0.0598,0.109,-0.002611,0.0492
EuroSAT,1475,0.167727,0.1065,0.155,-0.0127269999999999,0.0485
EuroSAT,1476,0.155514,0.1106,0.1575,0.0019859999999999,0.0469
EuroSAT,1477,0.149858,0.0955,0.152,0.002142,0.0564999999999999
EuroSAT,1478,0.187424,0.14,0.1831,-0.0043239999999999,0.0431
EuroSAT,1479,0.243001,0.1756,0.2532,0.0101989999999999,0.0775999999999999
EuroSAT,1480,0.16782,0.1087,0.1661,-0.0017199999999999,0.0573999999999999
EuroSAT,1481,0.16488,0.0969,0.162,-0.0028799999999999,0.0651
EuroSAT,1482,0.184975,0.1482,0.1984,0.0134249999999999,0.0501999999999999
EuroSAT,1483,0.248497,0.1679,0.238,-0.010497,0.0701
EuroSAT,1484,0.160928,0.0926,0.1561,-0.0048279999999999,0.0634999999999999
EuroSAT,1485,0.159831,0.1163,0.1643,0.004469,0.048
EuroSAT,1486,0.152942,0.1101,0.1597,0.006758,0.0496
EuroSAT,1487,0.123723,0.0728,0.1228,-0.0009229999999999,0.05
EuroSAT,1488,0.171849,0.1241,0.1783,0.0064509999999999,0.0541999999999999
EuroSAT,1489,0.140949,0.1007,0.148,0.007051,0.0472999999999999
EuroSAT,1490,0.214759,0.1407,0.2144,-0.0003589999999999,0.0737
EuroSAT,1491,0.179788,0.1183,0.1839,0.004112,0.0656
EuroSAT,1492,0.149353,0.0995,0.1411,-0.008253,0.0416
EuroSAT,1493,0.146558,0.0875,0.1453,-0.0012579999999999,0.0578
EuroSAT,1494,0.116548,0.065,0.1166,5.199999999999649e-05,0.0515999999999999
EuroSAT,1495,0.095218,0.0685,0.1037,0.008482,0.0351999999999999
EuroSAT,1496,0.151585,0.0881,0.142,-0.009585,0.0538999999999999
EuroSAT,1497,0.168502,0.1089,0.1617,-0.006802,0.0528
EuroSAT,1498,0.181775,0.1255,0.1851,0.0033249999999999,0.0595999999999999
EuroSAT,1499,0.133217,0.0779,0.1305,-0.0027169999999999,0.0526
ISIC,0,-0.017664,-0.0231,-0.0185,-0.0008359999999999,0.0046
ISIC,1,-0.063446,-0.0527,-0.0671,-0.003654,-0.0144
ISIC,2,-0.041454,-0.0431,-0.0453,-0.003846,-0.0022
ISIC,3,-0.042389,-0.0417,-0.0432,-0.0008109999999999,-0.0015
ISIC,4,-0.052018,-0.0531,-0.0542,-0.0021819999999999,-0.0010999999999999
ISIC,5,-0.035194,-0.0464,-0.0413,-0.006106,0.0050999999999999
ISIC,6,-0.057282,-0.0424,-0.0532,0.004082,-0.0107999999999999
ISIC,7,-0.023332,-0.0345,-0.0246,-0.001268,0.0099
ISIC,8,-0.078104,-0.0553,-0.0749,0.003204,-0.0195999999999999
ISIC,9,-0.041884,-0.0315,-0.0411,0.000784,-0.0095999999999999
ISIC,10,-0.095944,-0.072,-0.0921,0.003844,-0.0201
ISIC,11,-0.015318,-0.0229,-0.0174,-0.0020819999999999,0.0055
ISIC,12,-0.094891,-0.0843,-0.0947,0.0001909999999999,-0.0104
ISIC,13,-0.032059,-0.0427,-0.0355,-0.0034409999999999,0.0072
ISIC,14,-0.066443,-0.0637,-0.067,-0.000557,-0.0032999999999999
ISIC,15,-0.043645,-0.0399,-0.0419,0.001745,-0.002
ISIC,16,-0.058931,-0.0559,-0.0563,0.0026309999999999,-0.0004
ISIC,17,-0.000831,-0.0092,-0.0025,-0.001669,0.0066999999999999
ISIC,18,-0.043184,-0.0456,-0.0475,-0.004316,-0.0018999999999999
ISIC,19,-0.057188,-0.0468,-0.0549,0.002288,-0.0080999999999999
ISIC,20,-0.051969,-0.0508,-0.0533,-0.0013309999999999,-0.0025
ISIC,21,-0.053828,-0.0484,-0.0545,-0.0006719999999999,-0.0061
ISIC,22,-0.048178,-0.0487,-0.0471,0.0010779999999999,0.0015999999999999
ISIC,23,-0.033729,-0.0367,-0.0382,-0.0044709999999999,-0.0014999999999999
ISIC,24,-0.044885,-0.0403,-0.053,-0.0081149999999999,-0.0126999999999999
ISIC,25,-0.045457,-0.0472,-0.0498,-0.004343,-0.0025999999999999
ISIC,26,-0.055663,-0.065,-0.0527,0.002963,0.0123
ISIC,27,-0.033843,-0.0387,-0.0347,-0.000857,0.0039999999999999
ISIC,28,-0.082057,-0.0697,-0.0772,0.004857,-0.0075
ISIC,29,-0.040167,-0.0443,-0.0403,-0.000133,0.0039999999999999
ISIC,30,-0.051144,-0.0411,-0.0522,-0.001056,-0.0111
ISIC,31,-0.073257,-0.073,-0.0686,0.004657,0.0044
ISIC,32,-0.070301,-0.0537,-0.0662,0.004101,-0.0124999999999999
ISIC,33,-0.04712,-0.0431,-0.0426,0.00452,0.0005
ISIC,34,-0.052545,-0.0396,-0.05,0.0025449999999999,-0.0104
ISIC,35,-0.085556,-0.0701,-0.0825,0.0030559999999999,-0.0124
ISIC,36,-0.025481,-0.0362,-0.0288,-0.0033189999999999,0.0074
ISIC,37,-0.035127,-0.0279,-0.034,0.0011269999999999,-0.0061
ISIC,38,-0.048051,-0.0622,-0.0495,-0.0014489999999999,0.0126999999999999
ISIC,39,-0.037707,-0.0404,-0.0353,0.0024069999999999,0.0051
ISIC,40,0.006985,0.001,0.0109,0.003915,0.0098999999999999
ISIC,41,-0.032964,-0.0429,-0.0403,-0.007336,0.0025999999999999
ISIC,42,-0.073347,-0.0569,-0.0725,0.000847,-0.0155999999999999
ISIC,43,-0.076922,-0.0673,-0.0773,-0.0003779999999999,-0.0099999999999999
ISIC,44,-0.043117,-0.039,-0.0414,0.001717,-0.0023999999999999
ISIC,45,-0.069376,-0.059,-0.0699,-0.000524,-0.0109
ISIC,46,-0.069442,-0.0637,-0.0706,-0.0011579999999999,-0.0068999999999999
ISIC,47,-0.061715,-0.0611,-0.0619,-0.0001849999999999,-0.0007999999999999
ISIC,48,-0.025019,-0.0352,-0.0288,-0.0037809999999999,0.0064
ISIC,49,-0.053726,-0.0464,-0.0563,-0.002574,-0.0099
ISIC,50,-0.093622,-0.0994,-0.0883,0.0053219999999999,0.0110999999999999
ISIC,51,-0.063481,-0.0468,-0.0586,0.0048809999999999,-0.0117999999999999
ISIC,52,-0.02735,-0.0412,-0.0247,0.0026499999999999,0.0165
ISIC,53,-0.004027,-0.0143,-0.0036,0.000427,0.0107
ISIC,54,-0.048428,-0.0472,-0.045,0.003428,0.0022
ISIC,55,-0.046142,-0.0303,-0.0451,0.001042,-0.0148
ISIC,56,-0.079018,-0.0598,-0.0769,0.002118,-0.0170999999999999
ISIC,57,-0.074213,-0.0604,-0.0682,0.006013,-0.0077999999999999
ISIC,58,-0.016566,-0.0124,-0.0179,-0.0013339999999999,-0.0055
ISIC,59,-0.035528,-0.0326,-0.0321,0.003428,0.0005
ISIC,60,-0.036089,-0.0483,-0.0358,0.000289,0.0125
ISIC,61,-0.04948,-0.0555,-0.0474,0.00208,0.0081
ISIC,62,-0.088377,-0.0705,-0.0909,-0.0025229999999999,-0.0204
ISIC,63,0.022604,0.0033,0.0201,-0.0025039999999999,0.0168
ISIC,64,-0.073886,-0.0601,-0.0716,0.0022859999999999,-0.0114999999999999
ISIC,65,-0.072276,-0.0589,-0.0696,0.002676,-0.0106999999999999
ISIC,66,-0.100117,-0.0885,-0.095,0.0051169999999999,-0.0065
ISIC,67,-0.026819,-0.0429,-0.0292,-0.002381,0.0137
ISIC,68,-0.029922,-0.0453,-0.0301,-0.0001779999999999,0.0152
ISIC,69,-0.072425,-0.0627,-0.0765,-0.0040749999999999,-0.0137999999999999
ISIC,70,-0.072896,-0.0549,-0.0693,0.003596,-0.0144
ISIC,71,-0.041575,-0.0434,-0.0413,0.0002749999999999,0.0020999999999999
ISIC,72,-0.047841,-0.0397,-0.0477,0.000141,-0.008
ISIC,73,-0.094361,-0.0814,-0.0948,-0.0004389999999999,-0.0133999999999999
ISIC,74,-0.06453,-0.0657,-0.0639,0.00063,0.0017999999999999
ISIC,75,-0.026265,-0.0353,-0.0284,-0.002135,0.0068999999999999
ISIC,76,-0.028977,-0.0255,-0.0281,0.0008769999999999,-0.0026
ISIC,77,-0.044628,-0.0379,-0.048,-0.003372,-0.0100999999999999
ISIC,78,-0.053116,-0.0427,-0.0545,-0.001384,-0.0117999999999999
ISIC,79,-0.061676,-0.0724,-0.0562,0.005476,0.0162
ISIC,80,-0.090186,-0.0675,-0.0926,-0.0024139999999999,-0.0250999999999999
ISIC,81,-0.071485,-0.0717,-0.0745,-0.0030149999999999,-0.0027999999999999
ISIC,82,-0.082469,-0.0717,-0.0861,-0.0036309999999999,-0.0143999999999999
ISIC,83,-0.013182,-0.0224,-0.0125,0.0006819999999999,0.0098999999999999
ISIC,84,-0.064002,-0.0743,-0.0708,-0.0067979999999999,0.0035
ISIC,85,-0.002887,-0.014,-0.0058,-0.002913,0.0082
ISIC,86,-0.018086,-0.0192,-0.0178,0.000286,0.0013999999999999
ISIC,87,-0.028524,-0.0342,-0.0327,-0.0041759999999999,0.0015
ISIC,88,-0.033969,-0.0252,-0.0338,0.000169,-0.0085999999999999
ISIC,89,-0.007829,-0.0134,-0.0091,-0.001271,0.0043
ISIC,90,-0.053603,-0.0509,-0.0533,0.0003029999999999,-0.0023999999999999
ISIC,91,-0.045028,-0.043,-0.0508,-0.0057719999999999,-0.0078
ISIC,92,-0.027852,-0.0359,-0.0306,-0.002748,0.0053
ISIC,93,-0.036307,-0.0342,-0.0361,0.0002069999999999,-0.0018999999999999
ISIC,94,-0.107786,-0.0869,-0.1041,0.003686,-0.0171999999999999
ISIC,95,-0.035634,-0.0267,-0.0425,-0.006866,-0.0158
ISIC,96,-0.053017,-0.0464,-0.0507,0.0023169999999999,-0.0043
ISIC,97,-0.045599,-0.0432,-0.0488,-0.003201,-0.0056
ISIC,98,-0.041748,-0.0441,-0.0426,-0.0008519999999999,0.0015
ISIC,99,-0.032662,-0.0271,-0.0294,0.0032619999999999,-0.0023
ISIC,100,-0.01954,-0.0194,-0.0172,0.0023399999999999,0.0022
ISIC,101,-0.113864,-0.0936,-0.1097,0.004164,-0.0161
ISIC,102,-0.051219,-0.0599,-0.0569,-0.0056809999999999,0.003
ISIC,103,-0.012986,-0.0341,-0.0144,-0.001414,0.0197
ISIC,104,-0.044335,-0.0438,-0.0484,-0.0040649999999999,-0.0046
ISIC,105,-0.074911,-0.0523,-0.0691,0.005811,-0.0167999999999999
ISIC,106,-0.027236,-0.0296,-0.028,-0.000764,0.0016
ISIC,107,-0.050559,-0.0506,-0.0521,-0.001541,-0.0015
ISIC,108,-0.065119,-0.0675,-0.0688,-0.003681,-0.0012999999999999
ISIC,109,-0.05166,-0.0566,-0.0515,0.00016,0.0051
ISIC,110,-0.061881,-0.05,-0.0625,-0.000619,-0.0124999999999999
ISIC,111,-0.037199,-0.0406,-0.0372,-9.999999999940612e-07,0.0034
ISIC,112,-0.021756,-0.0224,-0.0193,0.002456,0.0030999999999999
ISIC,113,-0.019977,-0.0271,-0.0222,-0.0022229999999999,0.0048999999999999
ISIC,114,-0.030655,-0.0372,-0.0307,-4.49999999999999e-05,0.0064999999999999
ISIC,115,-0.047998,-0.0497,-0.0469,0.001098,0.0028
ISIC,116,-0.047319,-0.0651,-0.0519,-0.004581,0.0132
ISIC,117,-0.077035,-0.0628,-0.0767,0.000335,-0.0139
ISIC,118,-0.042096,-0.0394,-0.0408,0.0012959999999999,-0.0014
ISIC,119,-0.07165,-0.0516,-0.0666,0.0050499999999999,-0.015
ISIC,120,-0.028281,-0.0342,-0.0284,-0.000119,0.0058
ISIC,121,-0.079609,-0.0755,-0.0792,0.0004089999999999,-0.0037
ISIC,122,-0.098299,-0.0864,-0.0967,0.001599,-0.0102999999999999
ISIC,123,-0.051864,-0.0414,-0.0479,0.003964,-0.0064999999999999
ISIC,124,-0.033856,-0.0336,-0.0319,0.0019559999999999,0.0017
ISIC,125,-0.030577,-0.0292,-0.0279,0.0026769999999999,0.0012999999999999
ISIC,126,-0.021472,-0.0207,-0.0204,0.001072,0.0002999999999999
ISIC,127,-0.124298,-0.1034,-0.1279,-0.003602,-0.0245
ISIC,128,-0.049579,-0.0453,-0.05,-0.000421,-0.0047
ISIC,129,-0.003281,-0.0188,-0.0041,-0.000819,0.0147
ISIC,130,-0.032489,-0.0325,-0.0279,0.0045889999999999,0.0046
ISIC,131,-0.049246,-0.0404,-0.0417,0.0075459999999999,-0.0013
ISIC,132,-0.081247,-0.0682,-0.0824,-0.001153,-0.0142
ISIC,133,-0.074132,-0.0626,-0.0737,0.000432,-0.0110999999999999
ISIC,134,-0.02676,-0.0308,-0.0271,-0.00034,0.0037
ISIC,135,-0.066206,-0.0609,-0.0641,0.0021059999999999,-0.0032
ISIC,136,-0.062256,-0.0637,-0.0635,-0.001244,0.0002
ISIC,137,-0.012847,-0.0397,-0.014,-0.0011529999999999,0.0257
ISIC,138,-0.038692,-0.0417,-0.0428,-0.004108,-0.0010999999999999
ISIC,139,-0.090842,-0.0781,-0.0927,-0.0018579999999999,-0.0146
ISIC,140,-0.064081,-0.0467,-0.0632,0.0008809999999999,-0.0165
ISIC,141,-0.018049,-0.0283,-0.0162,0.001849,0.0121
ISIC,142,-0.047374,-0.044,-0.0498,-0.0024259999999999,-0.0058
ISIC,143,-0.043601,-0.0404,-0.0423,0.001301,-0.0018999999999999
ISIC,144,-0.059472,-0.0602,-0.0594,7.199999999999568e-05,0.0007999999999999
ISIC,145,-0.040325,-0.0431,-0.0446,-0.004275,-0.0015
ISIC,146,0.000921,-0.0078,-0.0013,-0.002221,0.0065
ISIC,147,-0.069217,-0.066,-0.071,-0.0017829999999999,-0.0049999999999999
ISIC,148,-0.024315,-0.0215,-0.0276,-0.0032849999999999,-0.0061
ISIC,149,-0.120859,-0.1061,-0.1199,0.0009589999999999,-0.0138
ISIC,150,-0.026866,-0.0444,-0.0319,-0.0050339999999999,0.0125
ISIC,151,-0.045108,-0.041,-0.045,0.000108,-0.0039999999999999
ISIC,152,-0.039982,-0.0357,-0.0429,-0.002918,-0.0071999999999999
ISIC,153,-0.048946,-0.0542,-0.054,-0.0050539999999999,0.0001999999999999
ISIC,154,0.000731,-0.0196,-0.001,-0.001731,0.0186
ISIC,155,-0.033273,-0.0473,-0.0335,-0.000227,0.0138
ISIC,156,-0.035204,-0.0359,-0.037,-0.0017959999999999,-0.0010999999999999
ISIC,157,-0.067096,-0.0715,-0.0684,-0.0013039999999999,0.0030999999999999
ISIC,158,-0.029442,-0.0483,-0.0352,-0.005758,0.0131
ISIC,159,-0.103481,-0.0861,-0.097,0.006481,-0.0109
ISIC,160,-0.004416,-0.0153,-0.0049,-0.000484,0.0104
ISIC,161,-0.023028,-0.0299,-0.0241,-0.001072,0.0058
ISIC,162,-0.009666,-0.0246,-0.0087,0.0009659999999999,0.0159
ISIC,163,-0.028224,-0.0288,-0.0272,0.001024,0.0016
ISIC,164,-0.035187,-0.0369,-0.0353,-0.0001129999999999,0.0016
ISIC,165,-0.038844,-0.0397,-0.0376,0.0012439999999999,0.0020999999999999
ISIC,166,-0.093418,-0.082,-0.0917,0.0017179999999999,-0.0097
ISIC,167,-0.066396,-0.0635,-0.0663,9.599999999999886e-05,-0.0027999999999999
ISIC,168,-0.032338,-0.064,-0.0311,0.0012379999999999,0.0329
ISIC,169,-0.032031,-0.0381,-0.029,0.0030309999999999,0.0091
ISIC,170,-0.081406,-0.0676,-0.0808,0.000606,-0.0132
ISIC,171,-0.033984,-0.0315,-0.0274,0.006584,0.0040999999999999
ISIC,172,-0.02745,-0.0374,-0.0299,-0.00245,0.0075
ISIC,173,-0.049326,-0.049,-0.0508,-0.0014739999999999,-0.0017999999999999
ISIC,174,-0.031615,-0.0369,-0.0309,0.0007149999999999,0.006
ISIC,175,-0.088655,-0.0792,-0.0884,0.0002549999999999,-0.0092
ISIC,176,-0.04374,-0.0471,-0.045,-0.0012599999999999,0.0021
ISIC,177,-0.06238,-0.0604,-0.0642,-0.0018199999999999,-0.0037999999999999
ISIC,178,-0.053242,-0.0479,-0.0524,0.0008419999999999,-0.0045
ISIC,179,-0.038438,-0.043,-0.0367,0.0017379999999999,0.0062999999999999
ISIC,180,-0.077473,-0.0618,-0.0759,0.001573,-0.0140999999999999
ISIC,181,-0.032268,-0.0349,-0.0326,-0.0003319999999999,0.0023
ISIC,182,-0.064616,-0.0646,-0.0558,0.008816,0.0088
ISIC,183,-0.008625,-0.0218,-0.0085,0.000125,0.0133
ISIC,184,-0.057678,-0.0541,-0.0588,-0.0011219999999999,-0.0046999999999999
ISIC,185,-0.008866,-0.0081,-0.0098,-0.0009339999999999,-0.0017
ISIC,186,-0.051613,-0.0613,-0.0534,-0.001787,0.0078999999999999
ISIC,187,-0.03482,-0.039,-0.0405,-0.00568,-0.0015
ISIC,188,-0.026028,-0.026,-0.0259,0.0001279999999999,9.99999999999994e-05
ISIC,189,-0.022082,-0.0226,-0.0223,-0.0002179999999999,0.0002999999999999
ISIC,190,-0.025971,-0.0312,-0.0277,-0.0017289999999999,0.0034999999999999
ISIC,191,-0.022766,-0.0264,-0.025,-0.002234,0.0013999999999999
ISIC,192,-0.046901,-0.0452,-0.0466,0.0003009999999999,-0.0014
ISIC,193,-0.101116,-0.0853,-0.1012,-8.400000000000074e-05,-0.0158999999999999
ISIC,194,-0.01531,-0.0244,-0.0191,-0.0037899999999999,0.0053
ISIC,195,-0.03388,-0.0369,-0.0332,0.00068,0.0037
ISIC,196,-0.070205,-0.0526,-0.0707,-0.0004949999999999,-0.0180999999999999
ISIC,197,-0.067481,-0.0586,-0.0686,-0.0011189999999999,-0.0099999999999999
ISIC,198,-0.037879,-0.0412,-0.039,-0.0011209999999999,0.0022
ISIC,199,-0.03183,-0.0432,-0.0412,-0.00937,0.002
ISIC,200,-0.066625,-0.0539,-0.0622,0.004425,-0.0082999999999999
ISIC,201,-0.012081,-0.0067,-0.0102,0.0018809999999999,-0.0035
ISIC,202,-0.06011,-0.0508,-0.0593,0.0008099999999999,-0.0085
ISIC,203,-0.059116,-0.0671,-0.0582,0.000916,0.0089
ISIC,204,-0.0593,-0.066,-0.0665,-0.0072,-0.0005
ISIC,205,-0.042412,-0.0553,-0.0446,-0.002188,0.0107
ISIC,206,-0.044436,-0.0429,-0.0402,0.004236,0.0027
ISIC,207,-0.060811,-0.0531,-0.0556,0.005211,-0.0024999999999999
ISIC,208,-0.012332,-0.0299,-0.0155,-0.003168,0.0144
ISIC,209,-0.056603,-0.0542,-0.0539,0.0027029999999999,0.0002999999999999
ISIC,210,-0.050373,-0.0691,-0.0535,-0.0031269999999999,0.0155999999999999
ISIC,211,0.012564,-0.0024,0.0126,3.5999999999999574e-05,0.015
ISIC,212,-0.027666,-0.0347,-0.027,0.0006659999999999,0.0077
ISIC,213,-0.050254,-0.0484,-0.048,0.0022539999999999,0.0003999999999999
ISIC,214,-0.060539,-0.062,-0.0659,-0.0053609999999999,-0.0039
ISIC,215,-0.04145,-0.0372,-0.042,-0.00055,-0.0048
ISIC,216,-0.027139,-0.0424,-0.0316,-0.004461,0.0107999999999999
ISIC,217,-0.042431,-0.0536,-0.043,-0.0005689999999999,0.0106
ISIC,218,-0.038908,-0.042,-0.0426,-0.003692,-0.0005999999999999
ISIC,219,-0.051444,-0.0465,-0.0557,-0.004256,-0.0092
ISIC,220,-0.021956,-0.0263,-0.0195,0.002456,0.0068
ISIC,221,-0.000216,-0.0032,0.0013,0.001516,0.0045
ISIC,222,-0.013612,-0.0271,-0.0172,-0.0035879999999999,0.0098999999999999
ISIC,223,-0.052736,-0.0517,-0.0519,0.0008359999999999,-0.0001999999999999
ISIC,224,0.003936,-0.0225,0.0045,0.0005639999999999,0.027
ISIC,225,-0.060476,-0.0694,-0.062,-0.0015239999999999,0.0074
ISIC,226,-0.05073,-0.0511,-0.0513,-0.00057,-0.0001999999999999
ISIC,227,-0.055708,-0.0728,-0.0583,-0.0025919999999999,0.0145
ISIC,228,-0.00384,-0.0243,-0.0056,-0.0017599999999999,0.0186999999999999
ISIC,229,-0.039627,-0.0482,-0.0393,0.000327,0.0088999999999999
ISIC,230,-0.043523,-0.0513,-0.0464,-0.0028769999999999,0.0049
ISIC,231,-0.065562,-0.0552,-0.0684,-0.002838,-0.0132
ISIC,232,-0.030411,-0.022,-0.0295,0.000911,-0.0075
ISIC,233,-0.019699,-0.0436,-0.02,-0.0003009999999999,0.0236
ISIC,234,-0.061444,-0.0628,-0.0703,-0.008856,-0.0075
ISIC,235,-0.052065,-0.0567,-0.0526,-0.000535,0.0040999999999999
ISIC,236,-0.068268,-0.0513,-0.0631,0.0051679999999999,-0.0118
ISIC,237,-0.04008,-0.0459,-0.0381,0.0019799999999999,0.0078
ISIC,238,-0.075857,-0.0579,-0.0704,0.0054569999999999,-0.0125
ISIC,239,-0.05678,-0.0476,-0.0548,0.0019799999999999,-0.0071999999999999
ISIC,240,0.00223,-0.0115,0.0006,-0.00163,0.0121
ISIC,241,-0.01342,-0.0142,-0.0129,0.0005199999999999,0.0013
ISIC,242,-0.008082,-0.0158,-0.0103,-0.0022179999999999,0.0055
ISIC,243,-0.067576,-0.0673,-0.0672,0.000376,0.0001
ISIC,244,-0.019421,-0.0236,-0.0174,0.002021,0.0062
ISIC,245,-0.118003,-0.1086,-0.1151,0.002903,-0.0064999999999999
ISIC,246,-0.05869,-0.0449,-0.0612,-0.0025099999999999,-0.0162999999999999
ISIC,247,-0.078271,-0.0672,-0.0818,-0.003529,-0.0146
ISIC,248,0.005247,0.0007,0.0038,-0.001447,0.0031
ISIC,249,-0.066367,-0.0548,-0.0702,-0.003833,-0.0153999999999999
ISIC,250,-0.01945,-0.0473,-0.0198,-0.00035,0.0275
ISIC,251,-0.071945,-0.0527,-0.0654,0.0065449999999999,-0.0127
ISIC,252,-0.050764,-0.0522,-0.0523,-0.001536,-9.999999999999593e-05
ISIC,253,-0.047592,-0.0428,-0.0497,-0.0021079999999999,-0.0069
ISIC,254,-0.044818,-0.0465,-0.0482,-0.003382,-0.0017
ISIC,255,-0.06845,-0.0589,-0.0659,0.0025499999999999,-0.0069999999999999
ISIC,256,-0.0395,-0.0455,-0.0381,0.0013999999999999,0.0073999999999999
ISIC,257,-0.010865,-0.0254,-0.0081,0.002765,0.0173
ISIC,258,-0.029534,-0.0245,-0.0285,0.001034,-0.004
ISIC,259,-0.016217,-0.0307,-0.0118,0.0044169999999999,0.0189
ISIC,260,-0.015262,-0.0102,-0.0161,-0.000838,-0.0058999999999999
ISIC,261,-0.042334,-0.0346,-0.0441,-0.001766,-0.0095
ISIC,262,-0.070425,-0.0665,-0.0767,-0.006275,-0.0102
ISIC,263,-0.03602,-0.0353,-0.034,0.00202,0.0012999999999999
ISIC,264,-0.062633,-0.055,-0.0606,0.0020329999999999,-0.0056
ISIC,265,-0.052887,-0.062,-0.0556,-0.0027129999999999,0.0064
ISIC,266,-0.029329,-0.0518,-0.033,-0.003671,0.0187999999999999
ISIC,267,-0.122137,-0.0902,-0.1157,0.0064369999999999,-0.0254999999999999
ISIC,268,-0.021868,-0.0301,-0.0217,0.0001679999999999,0.0083999999999999
ISIC,269,-0.061087,-0.0525,-0.0632,-0.002113,-0.0107
ISIC,270,-0.045219,-0.0396,-0.0459,-0.000681,-0.0063
ISIC,271,-0.032104,-0.0329,-0.0394,-0.0072959999999999,-0.0064999999999999
ISIC,272,-0.00356,-0.0076,-0.0041,-0.00054,0.0034999999999999
ISIC,273,0.014279,0.0013,0.0134,-0.0008789999999999,0.0121
ISIC,274,-0.024186,-0.0172,-0.0223,0.0018859999999999,-0.0051
ISIC,275,-0.035282,-0.0289,-0.034,0.0012819999999999,-0.0051
ISIC,276,-0.005825,-0.0146,-0.002,0.003825,0.0126
ISIC,277,-0.029303,-0.0382,-0.032,-0.002697,0.0061999999999999
ISIC,278,-0.037392,-0.0412,-0.0448,-0.0074079999999999,-0.0035999999999999
ISIC,279,-0.054073,-0.057,-0.0576,-0.0035269999999999,-0.0005999999999999
ISIC,280,-0.066806,-0.0629,-0.0633,0.003506,-0.0003999999999999
ISIC,281,-0.049222,-0.0449,-0.0483,0.0009219999999999,-0.0034
ISIC,282,-0.038902,-0.0434,-0.0402,-0.001298,0.0032
ISIC,283,-0.058677,-0.0522,-0.0573,0.001377,-0.0050999999999999
ISIC,284,-0.023541,-0.0345,-0.0262,-0.002659,0.0083
ISIC,285,-0.013049,-0.0134,-0.0136,-0.0005509999999999,-0.0001999999999999
ISIC,286,-0.033146,-0.0372,-0.0329,0.000246,0.0042999999999999
ISIC,287,-0.022964,-0.0376,-0.0214,0.0015639999999999,0.0162
ISIC,288,-0.096361,-0.076,-0.0987,-0.0023389999999999,-0.0226999999999999
ISIC,289,-0.08166,-0.0743,-0.0881,-0.00644,-0.0137999999999999
ISIC,290,-0.00335,-0.0159,-0.0049,-0.0015499999999999,0.011
ISIC,291,-0.061435,-0.0779,-0.0611,0.0003349999999999,0.0167999999999999
ISIC,292,-0.039933,-0.0478,-0.0398,0.000133,0.008
ISIC,293,-0.030559,-0.0269,-0.0287,0.0018589999999999,-0.0017999999999999
ISIC,294,-0.041555,-0.0321,-0.0435,-0.0019449999999999,-0.0114
ISIC,295,-0.040547,-0.0332,-0.0337,0.0068469999999999,-0.0005
ISIC,296,-0.030706,-0.0405,-0.0334,-0.0026939999999999,0.0071
ISIC,297,-0.068236,-0.0687,-0.0704,-0.0021639999999999,-0.0017
ISIC,298,-0.025434,-0.0309,-0.0286,-0.003166,0.0023
ISIC,299,-0.065353,-0.0571,-0.0693,-0.003947,-0.0122
ISIC,300,-0.033071,-0.0363,-0.0304,0.002671,0.0058999999999999
ISIC,301,-0.011384,-0.0239,-0.0115,-0.0001159999999999,0.0124
ISIC,302,-0.037254,-0.0282,-0.0369,0.000354,-0.0087
ISIC,303,-0.059071,-0.0624,-0.0613,-0.002229,0.0010999999999999
ISIC,304,-0.097167,-0.06,-0.0943,0.002867,-0.0343
ISIC,305,-0.038639,-0.0409,-0.0384,0.000239,0.0025
ISIC,306,-0.055486,-0.0566,-0.0615,-0.0060139999999999,-0.0049
ISIC,307,-0.029991,-0.0528,-0.0347,-0.004709,0.0180999999999999
ISIC,308,-0.056008,-0.0475,-0.0542,0.001808,-0.0066999999999999
ISIC,309,-0.029407,-0.0427,-0.0301,-0.0006929999999999,0.0126
ISIC,310,-0.074603,-0.0626,-0.0696,0.005003,-0.0069999999999999
ISIC,311,-0.067214,-0.053,-0.0614,0.0058139999999999,-0.0084
ISIC,312,-0.003265,-0.0173,-0.0045,-0.0012349999999999,0.0127999999999999
ISIC,313,-0.032573,-0.0469,-0.0372,-0.0046269999999999,0.0097
ISIC,314,-0.026557,-0.0344,-0.0315,-0.0049429999999999,0.0029
ISIC,315,-0.045002,-0.0708,-0.0449,0.0001019999999999,0.0259
ISIC,316,-0.047536,-0.0525,-0.051,-0.0034639999999999,0.0015
ISIC,317,-0.074131,-0.0728,-0.0743,-0.000169,-0.0015
ISIC,318,-0.039222,-0.0413,-0.0365,0.002722,0.0048
ISIC,319,-0.09847,-0.0935,-0.0972,0.00127,-0.0036999999999999
ISIC,320,-0.064929,-0.0613,-0.0699,-0.004971,-0.0086
ISIC,321,-0.070414,-0.0599,-0.073,-0.0025859999999999,-0.0130999999999999
ISIC,322,-0.10601,-0.08,-0.1086,-0.00259,-0.0286
ISIC,323,-0.05169,-0.0464,-0.0578,-0.0061099999999999,-0.0114
ISIC,324,-0.091304,-0.0755,-0.0912,0.0001039999999999,-0.0157
ISIC,325,-0.042254,-0.0337,-0.0396,0.0026539999999999,-0.0059
ISIC,326,-0.040272,-0.0513,-0.04,0.000272,0.0112999999999999
ISIC,327,-0.020358,-0.0532,-0.021,-0.000642,0.0321999999999999
ISIC,328,-0.021179,-0.0255,-0.0181,0.0030789999999999,0.0073999999999999
ISIC,329,-0.027803,-0.0214,-0.0283,-0.0004969999999999,-0.0069
ISIC,330,-0.078637,-0.0755,-0.0848,-0.006163,-0.0093
ISIC,331,-0.031221,-0.0287,-0.0312,2.1000000000000185e-05,-0.0024999999999999
ISIC,332,-0.033408,-0.0347,-0.0339,-0.0004919999999999,0.0008
ISIC,333,-0.03203,-0.0287,-0.0314,0.00063,-0.0026999999999999
ISIC,334,-0.123676,-0.1085,-0.1209,0.002776,-0.0123999999999999
ISIC,335,-0.037632,-0.0388,-0.0414,-0.003768,-0.0025999999999999
ISIC,336,-0.03918,-0.0316,-0.0389,0.00028,-0.0072999999999999
ISIC,337,-0.044562,-0.0413,-0.0447,-0.0001379999999999,-0.0033999999999999
ISIC,338,-0.051736,-0.054,-0.0539,-0.002164,9.999999999999593e-05
ISIC,339,0.006917,-0.01,0.0057,-0.001217,0.0157
ISIC,340,-0.031103,-0.0388,-0.035,-0.003897,0.0037999999999999
ISIC,341,-0.044018,-0.0451,-0.0428,0.001218,0.0023
ISIC,342,-0.033176,-0.0267,-0.0331,7.599999999999968e-05,-0.0063999999999999
ISIC,343,-0.054414,-0.0751,-0.0571,-0.002686,0.018
ISIC,344,-0.03721,-0.0428,-0.0378,-0.00059,0.0049999999999999
ISIC,345,-0.010137,-0.0148,-0.0105,-0.000363,0.0043
ISIC,346,-0.019935,-0.0265,-0.0207,-0.0007649999999999,0.0058
ISIC,347,-0.042376,-0.0487,-0.0478,-0.005424,0.0008999999999999
ISIC,348,-0.067274,-0.0536,-0.0631,0.0041739999999999,-0.0095
ISIC,349,-0.081832,-0.0618,-0.0762,0.0056319999999999,-0.0144
ISIC,350,-0.047623,-0.0361,-0.052,-0.0043769999999999,-0.0158999999999999
ISIC,351,-0.048239,-0.0529,-0.0481,0.000139,0.0048
ISIC,352,-0.046939,-0.0297,-0.0419,0.005039,-0.0121999999999999
ISIC,353,-0.036089,-0.0365,-0.0354,0.000689,0.0010999999999999
ISIC,354,-0.045771,-0.0337,-0.0467,-0.0009289999999999,-0.0129999999999999
ISIC,355,-0.016189,-0.0303,-0.0183,-0.002111,0.012
ISIC,356,-0.096066,-0.0718,-0.0898,0.0062659999999999,-0.018
ISIC,357,-0.005416,-0.0318,-0.0092,-0.003784,0.0226
ISIC,358,-0.013761,-0.0226,-0.0143,-0.0005389999999999,0.0082999999999999
ISIC,359,-0.020066,-0.0246,-0.0238,-0.003734,0.0007999999999999
ISIC,360,-0.012416,-0.0408,-0.0175,-0.005084,0.0233
ISIC,361,-0.041467,-0.0431,-0.0409,0.0005669999999999,0.0022
ISIC,362,-0.041882,-0.045,-0.0465,-0.0046179999999999,-0.0015
ISIC,363,-0.008261,-0.0096,-0.0063,0.0019609999999999,0.0032999999999999
ISIC,364,-0.008147,-0.0217,-0.0101,-0.0019529999999999,0.0116
ISIC,365,-0.040995,-0.0443,-0.0437,-0.002705,0.0005999999999999
ISIC,366,-0.035804,-0.0432,-0.0408,-0.004996,0.0023999999999999
ISIC,367,-0.072886,-0.0702,-0.0728,8.600000000000274e-05,-0.0026
ISIC,368,-0.024185,-0.0498,-0.0279,-0.0037149999999999,0.0218999999999999
ISIC,369,-0.034768,-0.0431,-0.0348,-3.199999999999731e-05,0.0083
ISIC,370,-0.008724,-0.0136,-0.0125,-0.003776,0.0010999999999999
ISIC,371,-0.070295,-0.0687,-0.0741,-0.003805,-0.0054
ISIC,372,-0.020318,-0.0201,-0.0242,-0.003882,-0.0040999999999999
ISIC,373,-0.029592,-0.0592,-0.0337,-0.004108,0.0255
ISIC,374,-0.019552,-0.0357,-0.0183,0.0012519999999999,0.0174
ISIC,375,-0.033925,-0.0357,-0.0319,0.0020249999999999,0.0038
ISIC,376,-0.009563,-0.0213,-0.007,0.002563,0.0143
ISIC,377,-0.072618,-0.0636,-0.07,0.0026179999999999,-0.0064
ISIC,378,-0.074505,-0.0594,-0.0783,-0.0037949999999999,-0.0188999999999999
ISIC,379,-0.033551,-0.0492,-0.0323,0.0012509999999999,0.0169
ISIC,380,-0.006162,-0.0216,-0.0096,-0.0034379999999999,0.012
ISIC,381,-0.022249,-0.0311,-0.0239,-0.0016509999999999,0.0071999999999999
ISIC,382,-0.066032,-0.0522,-0.0648,0.0012319999999999,-0.0125999999999999
ISIC,383,-0.047791,-0.0368,-0.0519,-0.004109,-0.0151
ISIC,384,-0.107872,-0.0895,-0.1068,0.0010719999999999,-0.0173
ISIC,385,0.008556,-0.0084,0.0128,0.004244,0.0212
ISIC,386,-0.044439,-0.0507,-0.0471,-0.002661,0.0035999999999999
ISIC,387,-0.03551,-0.0305,-0.0372,-0.0016899999999999,-0.0066999999999999
ISIC,388,-0.048413,-0.0405,-0.0468,0.0016129999999999,-0.0063
ISIC,389,-0.035874,-0.0351,-0.035,0.0008739999999999,9.999999999999593e-05
ISIC,390,-0.048862,-0.0545,-0.0481,0.000762,0.0064
ISIC,391,-0.033642,-0.0341,-0.0342,-0.000558,-0.0001
ISIC,392,-0.00114,-0.0208,-0.0045,-0.0033599999999999,0.0163
ISIC,393,-0.018349,-0.027,-0.0208,-0.0024509999999999,0.0062
ISIC,394,-0.057065,-0.0684,-0.0574,-0.000335,0.011
ISIC,395,-0.072612,-0.0761,-0.0772,-0.004588,-0.0011
ISIC,396,-0.091246,-0.0876,-0.0925,-0.001254,-0.0049
ISIC,397,-0.012367,-0.0109,-0.0118,0.0005669999999999,-0.0008999999999999
ISIC,398,-0.012368,-0.0167,-0.0128,-0.000432,0.0038999999999999
ISIC,399,-0.006977,-0.0323,-0.0149,-0.007923,0.0174
ISIC,400,-0.007394,-0.0179,-0.0136,-0.0062059999999999,0.0043
ISIC,401,-0.057638,-0.0577,-0.0558,0.0018379999999999,0.0018999999999999
ISIC,402,-0.053431,-0.0543,-0.0544,-0.0009689999999999,-9.999999999999593e-05
ISIC,403,-0.032647,-0.0466,-0.0347,-0.0020529999999999,0.0119
ISIC,404,-0.028121,-0.0338,-0.0309,-0.002779,0.0028999999999999
ISIC,405,-0.087059,-0.087,-0.0908,-0.003741,-0.0038
ISIC,406,-0.093164,-0.0695,-0.0911,0.0020639999999999,-0.0215999999999999
ISIC,407,-0.055904,-0.0517,-0.0549,0.001004,-0.0031999999999999
ISIC,408,-0.046346,-0.038,-0.0453,0.0010459999999999,-0.0073
ISIC,409,-0.045515,-0.0411,-0.0452,0.000315,-0.0040999999999999
ISIC,410,-0.0526,-0.0602,-0.0539,-0.0013,0.0062999999999999
ISIC,411,-0.0315,-0.0349,-0.0342,-0.0027,0.0006999999999999
ISIC,412,-0.068076,-0.0522,-0.0712,-0.003124,-0.0189999999999999
ISIC,413,-0.050685,-0.0484,-0.0483,0.0023849999999999,9.999999999999593e-05
ISIC,414,-0.064049,-0.0658,-0.0661,-0.002051,-0.0003
ISIC,415,0.007103,-0.0074,0.0029,-0.004203,0.0103
ISIC,416,-0.012209,-0.0096,-0.0148,-0.002591,-0.0052
ISIC,417,-0.023155,-0.0387,-0.0257,-0.002545,0.0129999999999999
ISIC,418,-0.042162,-0.0404,-0.0438,-0.001638,-0.0034
ISIC,419,-0.056817,-0.0607,-0.0588,-0.0019829999999999,0.0018999999999999
ISIC,420,-0.047337,-0.0348,-0.0441,0.0032369999999999,-0.0093
ISIC,421,-0.06197,-0.0655,-0.0652,-0.0032299999999999,0.0003
ISIC,422,-0.038906,-0.0373,-0.0427,-0.0037939999999999,-0.0054
ISIC,423,-0.004042,-0.0035,-0.001,0.0030419999999999,0.0025
ISIC,424,-0.074193,-0.0678,-0.0792,-0.005007,-0.0114
ISIC,425,-0.015611,-0.0362,-0.0196,-0.0039889999999999,0.0166
ISIC,426,-0.062751,-0.0739,-0.0652,-0.0024489999999999,0.0087
ISIC,427,-0.035817,-0.0298,-0.0317,0.004117,-0.0018999999999999
ISIC,428,-0.016076,-0.0339,-0.016,7.599999999999968e-05,0.0179
ISIC,429,-0.021606,-0.0189,-0.0281,-0.006494,-0.0092
ISIC,430,-0.118272,-0.0982,-0.1205,-0.0022279999999999,-0.0223
ISIC,431,-0.096387,-0.0969,-0.0928,0.003587,0.0041
ISIC,432,-0.063595,-0.0688,-0.0702,-0.006605,-0.0013999999999999
ISIC,433,-0.04675,-0.0418,-0.0502,-0.00345,-0.0084
ISIC,434,-0.092304,-0.0912,-0.0944,-0.002096,-0.0031999999999999
ISIC,435,-0.030177,-0.0323,-0.0257,0.0044769999999999,0.0066
ISIC,436,-0.027278,-0.0271,-0.0244,0.0028779999999999,0.0026999999999999
ISIC,437,-0.041455,-0.0362,-0.0411,0.000355,-0.0048999999999999
ISIC,438,-0.059216,-0.0667,-0.0639,-0.004684,0.0027999999999999
ISIC,439,-0.00082,-0.0063,-0.0009,-7.999999999999999e-05,0.0054
ISIC,440,-0.06089,-0.0571,-0.0607,0.00019,-0.0035999999999999
ISIC,441,-0.02586,-0.038,-0.0229,0.00296,0.0150999999999999
ISIC,442,-0.073159,-0.0708,-0.0708,0.002359,0.0
ISIC,443,0.007622,0.003,0.0041,-0.003522,0.0011
ISIC,444,-0.024115,-0.0276,-0.0203,0.003815,0.0073
ISIC,445,-0.017,-0.0318,-0.0161,0.0009,0.0157
ISIC,446,-0.064477,-0.0511,-0.0668,-0.0023229999999999,-0.0157
ISIC,447,-0.054991,-0.0517,-0.0542,0.000791,-0.0024999999999999
ISIC,448,-0.019193,-0.0354,-0.0204,-0.0012069999999999,0.015
ISIC,449,-0.029666,-0.0427,-0.0304,-0.0007339999999999,0.0123
ISIC,450,-0.122425,-0.0971,-0.123,-0.0005749999999999,-0.0258999999999999
ISIC,451,-0.068723,-0.0655,-0.0687,2.3000000000009124e-05,-0.0031999999999999
ISIC,452,-0.039177,-0.0534,-0.042,-0.002823,0.0114
ISIC,453,-0.071495,-0.067,-0.071,0.000495,-0.0039999999999999
ISIC,454,-0.068882,-0.0566,-0.068,0.0008819999999999,-0.0114
ISIC,455,-0.071531,-0.0807,-0.0733,-0.001769,0.0073999999999999
ISIC,456,-0.018694,-0.0264,-0.0172,0.0014939999999999,0.0092
ISIC,457,-0.040851,-0.0428,-0.0446,-0.003749,-0.0018
ISIC,458,-0.047784,-0.043,-0.0394,0.008384,0.0035999999999999
ISIC,459,-0.075112,-0.0724,-0.0759,-0.0007879999999999,-0.0034999999999999
ISIC,460,0.031918,0.0045,0.0267,-0.005218,0.0222
ISIC,461,-0.01513,-0.0117,-0.0148,0.0003299999999999,-0.0031
ISIC,462,-0.032677,-0.0301,-0.0365,-0.003823,-0.0063999999999999
ISIC,463,-0.002957,-0.0226,-0.0031,-0.0001429999999999,0.0195
ISIC,464,-0.036668,-0.0396,-0.04,-0.003332,-0.0003999999999999
ISIC,465,-0.050042,-0.0536,-0.0547,-0.0046579999999999,-0.0010999999999999
ISIC,466,-0.024399,-0.0355,-0.0259,-0.0015009999999999,0.0095999999999999
ISIC,467,-0.037765,-0.0418,-0.0397,-0.0019349999999999,0.0020999999999999
ISIC,468,-0.068271,-0.0482,-0.0637,0.0045709999999999,-0.0155
ISIC,469,-0.06419,-0.0731,-0.0619,0.00229,0.0112
ISIC,470,-0.049845,-0.0603,-0.0488,0.0010449999999999,0.0114999999999999
ISIC,471,-0.010785,-0.0112,-0.0104,0.0003849999999999,0.0008
ISIC,472,-0.032529,-0.0345,-0.0346,-0.0020709999999999,-9.999999999999593e-05
ISIC,473,-0.0844,-0.0754,-0.0801,0.0042999999999999,-0.0047
ISIC,474,-0.050133,-0.0492,-0.0482,0.0019329999999999,0.001
ISIC,475,-0.034224,-0.0518,-0.0387,-0.004476,0.0131
ISIC,476,-0.04739,-0.0441,-0.0391,0.0082899999999999,0.0049999999999999
ISIC,477,-0.040732,-0.0477,-0.0411,-0.000368,0.0066
ISIC,478,-0.056585,-0.0554,-0.0541,0.002485,0.0012999999999999
ISIC,479,-0.071881,-0.0545,-0.0698,0.0020809999999999,-0.0153
ISIC,480,-0.039872,-0.0412,-0.0415,-0.001628,-0.0003
ISIC,481,-0.061121,-0.049,-0.06,0.001121,-0.0109999999999999
ISIC,482,-0.04857,-0.044,-0.0485,7.000000000000062e-05,-0.0045
ISIC,483,-0.010517,-0.0179,-0.0105,1.6999999999999654e-05,0.0073999999999999
ISIC,484,-0.021874,-0.0265,-0.0233,-0.001426,0.0031999999999999
ISIC,485,-0.077688,-0.0626,-0.0766,0.0010879999999999,-0.0139999999999999
ISIC,486,0.01078,0.0015,0.0053,-0.00548,0.0038
ISIC,487,-0.052283,-0.0432,-0.0497,0.002583,-0.0064999999999999
ISIC,488,-0.069078,-0.0692,-0.0647,0.004378,0.0045
ISIC,489,-0.091002,-0.0886,-0.0867,0.004302,0.0018999999999999
ISIC,490,-0.044672,-0.0485,-0.0476,-0.002928,0.0008999999999999
ISIC,491,-0.027061,-0.0342,-0.0291,-0.0020389999999999,0.0051
ISIC,492,-0.03811,-0.0387,-0.0402,-0.00209,-0.0015
ISIC,493,-0.075567,-0.072,-0.0776,-0.002033,-0.0056
ISIC,494,-0.092945,-0.0685,-0.0917,0.0012449999999999,-0.0232
ISIC,495,-0.060984,-0.0618,-0.0602,0.000784,0.0016
ISIC,496,-0.064253,-0.07,-0.0672,-0.0029469999999999,0.0028
ISIC,497,-0.064969,-0.0428,-0.0568,0.0081689999999999,-0.014
ISIC,498,-0.026515,-0.0326,-0.0277,-0.0011849999999999,0.0048999999999999
ISIC,499,-0.043757,-0.0421,-0.0428,0.0009569999999999,-0.0006999999999999
ISIC,500,-0.028075,-0.0367,-0.0294,-0.0013249999999999,0.0073
ISIC,501,-0.023457,-0.0216,-0.0232,0.000257,-0.0015999999999999
ISIC,502,-0.01597,-0.0377,-0.0159,7.000000000000062e-05,0.0217999999999999
ISIC,503,-0.088877,-0.0834,-0.0877,0.0011769999999999,-0.0042999999999999
ISIC,504,-0.035987,-0.0326,-0.0318,0.0041869999999999,0.0007999999999999
ISIC,505,-0.081413,-0.0742,-0.0837,-0.0022869999999999,-0.0094999999999999
ISIC,506,-0.081031,-0.0721,-0.0847,-0.0036689999999999,-0.0126
ISIC,507,-0.075795,-0.064,-0.0764,-0.0006049999999999,-0.0123999999999999
ISIC,508,-0.044677,-0.0692,-0.0484,-0.0037229999999999,0.0208
ISIC,509,-0.045877,-0.0287,-0.0456,0.0002769999999999,-0.0169
ISIC,510,-0.037153,-0.0251,-0.0333,0.0038529999999999,-0.0082
ISIC,511,-0.040777,-0.0354,-0.042,-0.001223,-0.0066
ISIC,512,-0.049155,-0.0469,-0.0498,-0.0006449999999999,-0.0029
ISIC,513,-0.020561,-0.0277,-0.0246,-0.004039,0.0030999999999999
ISIC,514,-0.043705,-0.0436,-0.039,0.004705,0.0046
ISIC,515,-0.073161,-0.0595,-0.0749,-0.0017389999999999,-0.0153999999999999
ISIC,516,-0.044172,-0.0459,-0.0439,0.000272,0.002
ISIC,517,-0.076176,-0.0557,-0.0725,0.0036759999999999,-0.0167999999999999
ISIC,518,-0.073875,-0.0716,-0.0782,-0.004325,-0.0066
ISIC,519,-0.045212,-0.041,-0.0444,0.000812,-0.0034
ISIC,520,-0.072178,-0.0652,-0.0714,0.000778,-0.0062
ISIC,521,-0.063857,-0.0619,-0.0651,-0.001243,-0.0032
ISIC,522,-0.069152,-0.0596,-0.067,0.002152,-0.0074
ISIC,523,-0.033224,-0.0505,-0.0346,-0.001376,0.0159
ISIC,524,-0.072071,-0.0613,-0.0711,0.0009709999999999,-0.0097999999999999
ISIC,525,-0.027798,-0.0252,-0.0269,0.0008979999999999,-0.0017
ISIC,526,-0.069498,-0.0585,-0.0715,-0.0020019999999999,-0.0129999999999999
ISIC,527,-0.090108,-0.0965,-0.091,-0.000892,0.0055
ISIC,528,-0.062175,-0.069,-0.0671,-0.004925,0.0018999999999999
ISIC,529,-0.07286,-0.0726,-0.0717,0.0011599999999999,0.0008999999999999
ISIC,530,-0.066481,-0.068,-0.0692,-0.0027189999999999,-0.0011999999999999
ISIC,531,-0.076683,-0.0666,-0.0725,0.004183,-0.0058999999999999
ISIC,532,-0.040087,-0.0366,-0.0358,0.0042869999999999,0.0008
ISIC,533,-0.054421,-0.049,-0.0569,-0.002479,-0.0078999999999999
ISIC,534,-0.00534,-0.0081,-0.002,0.00334,0.0060999999999999
ISIC,535,-0.076495,-0.0691,-0.0688,0.0076949999999999,0.0002999999999999
ISIC,536,9.7e-05,-0.0073,-0.0035,-0.003597,0.0038
ISIC,537,-0.084929,-0.0667,-0.0854,-0.0004709999999999,-0.0187
ISIC,538,-0.078424,-0.0645,-0.0723,0.0061239999999999,-0.0078
ISIC,539,-0.077157,-0.068,-0.0772,-4.300000000000137e-05,-0.0092
ISIC,540,-0.067856,-0.0538,-0.0674,0.0004559999999999,-0.0136
ISIC,541,-0.028002,-0.0378,-0.0372,-0.0091979999999999,0.0006
ISIC,542,-0.029324,-0.0399,-0.0328,-0.003476,0.0070999999999999
ISIC,543,-0.033167,-0.0388,-0.0377,-0.0045329999999999,0.0011
ISIC,544,-0.069394,-0.0792,-0.0714,-0.002006,0.0078
ISIC,545,-0.022984,-0.0225,-0.025,-0.002016,-0.0025
ISIC,546,-0.019468,-0.023,-0.0187,0.0007679999999999,0.0042999999999999
ISIC,547,-0.040298,-0.0341,-0.0384,0.001898,-0.0042999999999999
ISIC,548,0.001133,-0.016,-0.0037,-0.004833,0.0123
ISIC,549,-0.026643,-0.0311,-0.0288,-0.0021569999999999,0.0023
ISIC,550,-0.028758,-0.0258,-0.0311,-0.002342,-0.0052999999999999
ISIC,551,-0.004289,-0.0102,-0.0072,-0.0029109999999999,0.003
ISIC,552,0.002704,-0.0061,0.004,0.001296,0.0101
ISIC,553,-0.067618,-0.0507,-0.0647,0.002918,-0.0139999999999999
ISIC,554,-0.06275,-0.0659,-0.0607,0.00205,0.0052
ISIC,555,-0.067725,-0.0587,-0.0659,0.0018249999999999,-0.0071999999999999
ISIC,556,-0.078343,-0.0606,-0.0792,-0.000857,-0.0186
ISIC,557,-0.092462,-0.0754,-0.0896,0.002862,-0.0142
ISIC,558,-0.072575,-0.0786,-0.0725,7.500000000000562e-05,0.0061
ISIC,559,-0.038595,-0.0465,-0.0428,-0.004205,0.0037
ISIC,560,-0.00729,-0.0239,-0.0084,-0.0011099999999999,0.0155
ISIC,561,-0.027154,-0.0215,-0.0282,-0.0010459999999999,-0.0067
ISIC,562,-0.03834,-0.0418,-0.0355,0.00284,0.0063
ISIC,563,-0.0112,-0.0176,-0.0151,-0.0039,0.0025
ISIC,564,-0.014717,-0.008,-0.0179,-0.003183,-0.0098999999999999
ISIC,565,-0.069129,-0.07,-0.0715,-0.0023709999999999,-0.0014999999999999
ISIC,566,-0.04695,-0.0486,-0.0434,0.0035499999999999,0.0051999999999999
ISIC,567,-0.05864,-0.0655,-0.0644,-0.00576,0.0011
ISIC,568,-0.049527,-0.0436,-0.049,0.0005269999999999,-0.0054
ISIC,569,-0.041931,-0.0318,-0.0409,0.001031,-0.0090999999999999
ISIC,570,-0.05372,-0.0553,-0.0526,0.0011199999999999,0.0027
ISIC,571,-0.057469,-0.0554,-0.0582,-0.000731,-0.0028
ISIC,572,-0.046549,-0.0464,-0.0455,0.001049,0.0008999999999999
ISIC,573,-0.069422,-0.0646,-0.0739,-0.0044779999999999,-0.0092999999999999
ISIC,574,-0.006505,-0.0142,-0.0082,-0.001695,0.006
ISIC,575,-0.129243,-0.0997,-0.127,0.0022429999999999,-0.0273
ISIC,576,-0.046169,-0.0441,-0.0462,-3.099999999999631e-05,-0.0020999999999999
ISIC,577,-0.042186,-0.0371,-0.0387,0.003486,-0.0015999999999999
ISIC,578,-0.029053,-0.0442,-0.0338,-0.0047469999999999,0.0104
ISIC,579,-0.041676,-0.0498,-0.045,-0.003324,0.0047999999999999
ISIC,580,-0.049036,-0.0604,-0.0507,-0.0016639999999999,0.0097
ISIC,581,-0.114628,-0.088,-0.1113,0.0033279999999999,-0.0233
ISIC,582,-0.020421,-0.0458,-0.0227,-0.0022789999999999,0.0231
ISIC,583,-0.074956,-0.0568,-0.0751,-0.000144,-0.0182999999999999
ISIC,584,-0.05329,-0.0661,-0.0507,0.0025899999999999,0.0154
ISIC,585,-0.062185,-0.049,-0.0639,-0.001715,-0.0148999999999999
ISIC,586,-0.041641,-0.0398,-0.0379,0.0037409999999999,0.0018999999999999
ISIC,587,-0.048349,-0.0476,-0.0517,-0.003351,-0.0040999999999999
ISIC,588,-0.041801,-0.0502,-0.0412,0.0006009999999999,0.009
ISIC,589,-0.008627,-0.03,-0.0094,-0.000773,0.0206
ISIC,590,-0.040625,-0.0286,-0.037,0.003625,-0.0083999999999999
ISIC,591,-0.068483,-0.0726,-0.0661,0.0023829999999999,0.0064999999999999
ISIC,592,-0.090086,-0.0885,-0.0877,0.0023859999999999,0.0007999999999999
ISIC,593,-0.022814,-0.026,-0.0236,-0.0007859999999999,0.0023999999999999
ISIC,594,-0.03276,-0.0541,-0.0277,0.0050599999999999,0.0264
ISIC,595,-0.018394,-0.037,-0.0219,-0.0035059999999999,0.0150999999999999
ISIC,596,-0.075493,-0.0739,-0.079,-0.0035069999999999,-0.0051
ISIC,597,-0.05606,-0.0611,-0.059,-0.0029399999999999,0.0021
ISIC,598,-0.03178,-0.043,-0.0323,-0.0005199999999999,0.0106999999999999
ISIC,599,0.005105,-0.0074,0.0,-0.005105,0.0074
ISIC,600,-0.036439,-0.0353,-0.0375,-0.0010609999999999,-0.0022
ISIC,601,-0.030858,-0.0409,-0.0354,-0.004542,0.0054999999999999
ISIC,602,-0.031208,-0.0454,-0.0351,-0.0038919999999999,0.0103
ISIC,603,-0.016293,-0.0222,-0.0157,0.0005929999999999,0.0065
ISIC,604,-0.059576,-0.0773,-0.0603,-0.000724,0.0169999999999999
ISIC,605,-0.034281,-0.0351,-0.0321,0.002181,0.003
ISIC,606,-0.056959,-0.0599,-0.0574,-0.0004409999999999,0.0025
ISIC,607,-0.054101,-0.0543,-0.0552,-0.0010989999999999,-0.0008999999999999
ISIC,608,-0.056239,-0.0452,-0.0521,0.0041389999999999,-0.0069
ISIC,609,-0.039068,-0.0394,-0.0424,-0.003332,-0.003
ISIC,610,-0.06844,-0.0715,-0.0723,-0.00386,-0.0008
ISIC,611,-0.062961,-0.0614,-0.0614,0.0015609999999999,0.0
ISIC,612,-0.097045,-0.0775,-0.0932,0.003845,-0.0157
ISIC,613,-0.06186,-0.0571,-0.0571,0.00476,0.0
ISIC,614,-0.060003,-0.0513,-0.062,-0.0019969999999999,-0.0107
ISIC,615,-0.077626,-0.073,-0.0814,-0.0037739999999999,-0.0084
ISIC,616,-0.051147,-0.0697,-0.0531,-0.001953,0.0165999999999999
ISIC,617,-0.034155,-0.0397,-0.0367,-0.002545,0.0029999999999999
ISIC,618,-0.072319,-0.0764,-0.0754,-0.003081,0.001
ISIC,619,-0.0276,-0.0234,-0.0256,0.0019999999999999,-0.0022
ISIC,620,-0.068033,-0.0638,-0.0669,0.0011329999999999,-0.0031
ISIC,621,0.008305,-0.0047,0.0059,-0.002405,0.0106
ISIC,622,-0.023676,-0.0281,-0.0228,0.0008759999999999,0.0052999999999999
ISIC,623,-0.033208,-0.0451,-0.0361,-0.0028919999999999,0.009
ISIC,624,-0.048472,-0.0506,-0.0493,-0.0008279999999999,0.0013
ISIC,625,-0.046872,-0.0487,-0.0478,-0.000928,0.0008999999999999
ISIC,626,-0.059194,-0.0659,-0.0577,0.0014939999999999,0.0081999999999999
ISIC,627,-0.106417,-0.0854,-0.1014,0.0050169999999999,-0.016
ISIC,628,-0.094473,-0.0912,-0.0962,-0.0017269999999999,-0.0049999999999999
ISIC,629,-0.054312,-0.0752,-0.0557,-0.001388,0.0195
ISIC,630,-0.008272,-0.0195,-0.0111,-0.002828,0.0084
ISIC,631,-0.09352,-0.0739,-0.0955,-0.0019799999999999,-0.0216
ISIC,632,-0.106392,-0.0847,-0.1049,0.001492,-0.0201999999999999
ISIC,633,-0.054957,-0.0697,-0.0606,-0.005643,0.0090999999999999
ISIC,634,-0.042748,-0.0398,-0.0468,-0.004052,-0.0069999999999999
ISIC,635,-0.018695,-0.0199,-0.0169,0.001795,0.003
ISIC,636,-0.068727,-0.0598,-0.0689,-0.000173,-0.0091
ISIC,637,-0.059543,-0.0571,-0.0546,0.0049429999999999,0.0024999999999999
ISIC,638,-0.045327,-0.0317,-0.0433,0.002027,-0.0116
ISIC,639,-0.012348,-0.0173,-0.0109,0.0014479999999999,0.0063999999999999
ISIC,640,-0.06914,-0.0493,-0.0663,0.0028399999999999,-0.017
ISIC,641,-0.000236,-0.0202,0.002,0.002236,0.0221999999999999
ISIC,642,-0.062884,-0.0628,-0.0608,0.0020839999999999,0.0019999999999999
ISIC,643,-0.061238,-0.0615,-0.0651,-0.003862,-0.0036
ISIC,644,-0.054992,-0.0683,-0.0574,-0.002408,0.0109
ISIC,645,-0.070348,-0.0657,-0.0715,-0.001152,-0.0058
ISIC,646,-0.135315,-0.0987,-0.1331,0.0022149999999999,-0.0344
ISIC,647,-0.035223,-0.0428,-0.0337,0.0015229999999999,0.0090999999999999
ISIC,648,-0.032916,-0.0251,-0.026,0.006916,-0.0008999999999999
ISIC,649,-0.05292,-0.0516,-0.0554,-0.0024799999999999,-0.0037999999999999
ISIC,650,-0.046578,-0.0553,-0.0501,-0.0035219999999999,0.0052
ISIC,651,-0.038271,-0.0314,-0.0316,0.0066709999999999,-0.0002
ISIC,652,-0.039785,-0.0542,-0.0402,-0.0004149999999999,0.0139999999999999
ISIC,653,-0.028751,-0.0347,-0.0269,0.0018509999999999,0.0078
ISIC,654,-0.060103,-0.055,-0.0613,-0.001197,-0.0063
ISIC,655,-0.075783,-0.0592,-0.0786,-0.002817,-0.0194
ISIC,656,-0.080655,-0.0643,-0.0825,-0.0018449999999999,-0.0182
ISIC,657,-0.019883,-0.0187,-0.0236,-0.0037169999999999,-0.0048999999999999
ISIC,658,-0.057359,-0.0528,-0.0587,-0.001341,-0.0059
ISIC,659,-0.020906,-0.0307,-0.0233,-0.002394,0.0074
ISIC,660,-0.044284,-0.0493,-0.0445,-0.000216,0.0047999999999999
ISIC,661,-0.00613,-0.0205,-0.0106,-0.00447,0.0099
ISIC,662,-0.033124,-0.0344,-0.0395,-0.006376,-0.0051
ISIC,663,-0.004986,-0.0227,-0.0088,-0.003814,0.0139
ISIC,664,-0.03972,-0.0585,-0.0356,0.0041199999999999,0.0229
ISIC,665,-0.04507,-0.0351,-0.0409,0.00417,-0.0058
ISIC,666,-0.057514,-0.0506,-0.0571,0.000414,-0.0064999999999999
ISIC,667,-0.047768,-0.0513,-0.0502,-0.002432,0.0010999999999999
ISIC,668,-0.116411,-0.0998,-0.1158,0.000611,-0.016
ISIC,669,-0.074974,-0.0637,-0.0724,0.0025739999999999,-0.0087
ISIC,670,-0.049213,-0.0653,-0.0553,-0.006087,0.0099999999999999
ISIC,671,-0.063515,-0.0505,-0.0613,0.002215,-0.0107999999999999
ISIC,672,0.006748,-0.0079,0.007,0.000252,0.0149
ISIC,673,-0.027882,-0.0215,-0.0305,-0.0026179999999999,-0.009
ISIC,674,-0.081771,-0.0708,-0.084,-0.002229,-0.0132
ISIC,675,-0.053051,-0.0575,-0.053,5.100000000000243e-05,0.0045
ISIC,676,-0.026791,-0.026,-0.0278,-0.0010089999999999,-0.0017999999999999
ISIC,677,-0.019513,-0.0187,-0.0183,0.0012129999999999,0.0004
ISIC,678,-0.032785,-0.0441,-0.0321,0.000685,0.012
ISIC,679,-0.030645,-0.0254,-0.0245,0.0061449999999999,0.0008999999999999
ISIC,680,-0.018247,-0.0242,-0.0213,-0.003053,0.0029
ISIC,681,-0.081104,-0.0746,-0.085,-0.003896,-0.0104
ISIC,682,-0.03979,-0.0421,-0.0408,-0.00101,0.0012999999999999
ISIC,683,-0.061119,-0.0466,-0.0599,0.0012189999999999,-0.0133
ISIC,684,-0.019677,-0.0363,-0.0203,-0.0006229999999999,0.016
ISIC,685,-0.024012,-0.0335,-0.0251,-0.001088,0.0084
ISIC,686,-0.059025,-0.0704,-0.0583,0.000725,0.0121
ISIC,687,-0.017439,-0.0196,-0.0139,0.003539,0.0057
ISIC,688,-0.026828,-0.0273,-0.03,-0.0031719999999999,-0.0026999999999999
ISIC,689,-0.025709,-0.0313,-0.0318,-0.006091,-0.0005
ISIC,690,-0.086679,-0.0794,-0.0844,0.002279,-0.005
ISIC,691,-0.056617,-0.0526,-0.0586,-0.0019829999999999,-0.0059999999999999
ISIC,692,-0.056202,-0.0556,-0.0557,0.000502,-0.0001
ISIC,693,-0.040342,-0.044,-0.0459,-0.005558,-0.0019
ISIC,694,-0.099865,-0.0829,-0.0941,0.0057649999999999,-0.0112
ISIC,695,-0.018804,-0.0238,-0.0209,-0.0020959999999999,0.0029
ISIC,696,-0.025777,-0.0162,-0.0242,0.001577,-0.008
ISIC,697,-0.007859,-0.0148,-0.0084,-0.0005409999999999,0.0064
ISIC,698,-0.037199,-0.0469,-0.0399,-0.0027009999999999,0.0069999999999999
ISIC,699,-0.081816,-0.0601,-0.0777,0.0041159999999999,-0.0176
ISIC,700,-0.051208,-0.0403,-0.0501,0.0011079999999999,-0.0097999999999999
ISIC,701,-0.05064,-0.0565,-0.0529,-0.00226,0.0035999999999999
ISIC,702,-0.063546,-0.0589,-0.065,-0.0014539999999999,-0.0061
ISIC,703,-0.076615,-0.0711,-0.0749,0.001715,-0.0037999999999999
ISIC,704,-0.048671,-0.0366,-0.0493,-0.0006289999999999,-0.0126999999999999
ISIC,705,-0.07409,-0.0673,-0.0718,0.00229,-0.0045
ISIC,706,-0.032527,-0.0319,-0.0348,-0.0022729999999999,-0.0029
ISIC,707,-0.063947,-0.0497,-0.069,-0.005053,-0.0193
ISIC,708,-0.011365,-0.0165,-0.0082,0.0031649999999999,0.0083
ISIC,709,-0.061392,-0.0519,-0.0628,-0.0014079999999999,-0.0108999999999999
ISIC,710,-0.02871,-0.0361,-0.0306,-0.0018899999999999,0.0055
ISIC,711,-0.0643,-0.0475,-0.0616,0.0026999999999999,-0.0141
ISIC,712,-0.01387,-0.0257,-0.0139,-2.9999999999998778e-05,0.0118
ISIC,713,-0.067499,-0.06,-0.0663,0.001199,-0.0063
ISIC,714,-0.02367,-0.0289,-0.029,-0.00533,-0.0001
ISIC,715,-0.043461,-0.0568,-0.0423,0.001161,0.0145
ISIC,716,-0.068481,-0.0475,-0.0631,0.0053809999999999,-0.0156
ISIC,717,-0.026486,-0.0262,-0.0261,0.0003859999999999,9.99999999999994e-05
ISIC,718,-0.028196,-0.0394,-0.0247,0.0034959999999999,0.0146999999999999
ISIC,719,-0.057037,-0.0709,-0.0536,0.0034369999999999,0.0173
ISIC,720,-0.037833,-0.0298,-0.0389,-0.0010669999999999,-0.0090999999999999
ISIC,721,-0.034177,-0.0454,-0.0318,0.0023769999999999,0.0136
ISIC,722,-0.038751,-0.0388,-0.0393,-0.000549,-0.0005
ISIC,723,-0.007678,-0.0265,-0.0074,0.0002779999999999,0.0191
ISIC,724,-0.059076,-0.0478,-0.0553,0.0037759999999999,-0.0075
ISIC,725,-0.033878,-0.0328,-0.036,-0.0021219999999999,-0.0031999999999999
ISIC,726,-0.026863,-0.0329,-0.0247,0.002163,0.0081999999999999
ISIC,727,-0.007417,-0.0219,-0.0077,-0.000283,0.0141999999999999
ISIC,728,-0.060954,-0.0611,-0.0606,0.000354,0.0005
ISIC,729,-0.027023,-0.029,-0.0277,-0.000677,0.0013
ISIC,730,-0.050585,-0.0534,-0.0524,-0.001815,0.001
ISIC,731,-0.031669,-0.0341,-0.0357,-0.004031,-0.0016
ISIC,732,-0.035027,-0.0414,-0.0356,-0.0005729999999999,0.0058
ISIC,733,-0.053866,-0.0479,-0.0492,0.0046659999999999,-0.0013
ISIC,734,-0.03171,-0.0292,-0.0316,0.0001099999999999,-0.0024
ISIC,735,-0.04551,-0.0524,-0.0461,-0.00059,0.0063
ISIC,736,-0.06488,-0.066,-0.0626,0.0022799999999999,0.0034
ISIC,737,-0.037966,-0.0527,-0.0433,-0.0053339999999999,0.0093999999999999
ISIC,738,-0.018407,-0.029,-0.0203,-0.0018929999999999,0.0087
ISIC,739,-0.055795,-0.0654,-0.0564,-0.000605,0.009
ISIC,740,-0.068618,-0.0749,-0.0703,-0.001682,0.0045999999999999
ISIC,741,-0.039853,-0.0442,-0.0424,-0.002547,0.0018
ISIC,742,-0.047247,-0.0481,-0.053,-0.005753,-0.0049
ISIC,743,-0.074162,-0.0718,-0.0732,0.000962,-0.0013999999999999
ISIC,744,-0.032554,-0.0314,-0.0282,0.004354,0.0031999999999999
ISIC,745,-0.040733,-0.0345,-0.0397,0.0010329999999999,-0.0051999999999999
ISIC,746,-0.067134,-0.0554,-0.0699,-0.002766,-0.0145
ISIC,747,0.014059,0.0024,0.0133,-0.000759,0.0109
ISIC,748,-0.046555,-0.034,-0.0477,-0.001145,-0.0136999999999999
ISIC,749,-0.04092,-0.0541,-0.043,-0.0020799999999999,0.0111
ISIC,750,-0.073773,-0.0684,-0.0707,0.003073,-0.0022999999999999
ISIC,751,-0.063021,-0.0573,-0.0679,-0.004879,-0.0106
ISIC,752,-0.026923,-0.0346,-0.0305,-0.003577,0.0040999999999999
ISIC,753,-0.07089,-0.0645,-0.0687,0.0021899999999999,-0.0041999999999999
ISIC,754,-0.069826,-0.0618,-0.0678,0.002026,-0.0059999999999999
ISIC,755,-0.128727,-0.1113,-0.1256,0.003127,-0.0142999999999999
ISIC,756,-0.09057,-0.0589,-0.088,0.00257,-0.0290999999999999
ISIC,757,-0.066086,-0.059,-0.0668,-0.0007139999999999,-0.0078
ISIC,758,-0.019795,-0.0162,-0.0104,0.009395,0.0058
ISIC,759,-0.041253,-0.0473,-0.0401,0.001153,0.0072
ISIC,760,-0.025106,-0.0389,-0.0291,-0.003994,0.0097999999999999
ISIC,761,-0.042804,-0.0346,-0.0388,0.004004,-0.0042
ISIC,762,-0.086784,-0.0746,-0.0888,-0.002016,-0.0142
ISIC,763,-0.071875,-0.066,-0.0709,0.0009749999999999,-0.0049
ISIC,764,-0.010746,-0.0101,-0.0107,4.60000000000009e-05,-0.0005999999999999
ISIC,765,-0.029458,-0.0295,-0.0326,-0.0031419999999999,-0.0030999999999999
ISIC,766,-0.039535,-0.0428,-0.0354,0.004135,0.0073999999999999
ISIC,767,-0.038548,-0.0372,-0.0387,-0.0001519999999999,-0.0015
ISIC,768,0.00535,-0.0147,0.0053,-4.99999999999997e-05,0.02
ISIC,769,-0.087504,-0.0591,-0.0867,0.0008039999999999,-0.0276
ISIC,770,-0.005583,-0.0157,-0.0072,-0.0016169999999999,0.0084999999999999
ISIC,771,-0.039263,-0.0491,-0.0411,-0.0018369999999999,0.008
ISIC,772,-0.031012,-0.0521,-0.0343,-0.0032879999999999,0.0178
ISIC,773,-0.070889,-0.0591,-0.0639,0.0069889999999999,-0.0047999999999999
ISIC,774,-0.034922,-0.0435,-0.0378,-0.0028779999999999,0.0056999999999999
ISIC,775,-0.059991,-0.0611,-0.057,0.002991,0.0040999999999999
ISIC,776,-0.09938,-0.0785,-0.0973,0.0020799999999999,-0.0187999999999999
ISIC,777,-0.083911,-0.0671,-0.0828,0.001111,-0.0156999999999999
ISIC,778,-0.064718,-0.0508,-0.0651,-0.000382,-0.0143
ISIC,779,-0.016695,-0.025,-0.0193,-0.0026049999999999,0.0057
ISIC,780,-0.011514,-0.0184,-0.0138,-0.002286,0.0046
ISIC,781,-0.038979,-0.0288,-0.0378,0.0011789999999999,-0.009
ISIC,782,-0.044806,-0.0352,-0.0398,0.0050059999999999,-0.0046
ISIC,783,-0.01244,-0.0307,-0.0167,-0.00426,0.014
ISIC,784,-0.069462,-0.0538,-0.073,-0.0035379999999999,-0.0191999999999999
ISIC,785,-0.087133,-0.0886,-0.0916,-0.0044669999999999,-0.003
ISIC,786,-0.030113,-0.0247,-0.0309,-0.0007869999999999,-0.0062
ISIC,787,-0.036342,-0.0481,-0.0356,0.0007419999999999,0.0124999999999999
ISIC,788,-0.082105,-0.0627,-0.079,0.0031049999999999,-0.0162999999999999
ISIC,789,-0.099178,-0.0819,-0.0969,0.002278,-0.015
ISIC,790,-0.015476,-0.0189,-0.0185,-0.0030239999999999,0.0004
ISIC,791,0.006863,-0.0039,0.0056,-0.001263,0.0095
ISIC,792,-0.006774,-0.0185,-0.007,-0.000226,0.0115
ISIC,793,-0.10883,-0.0871,-0.1114,-0.00257,-0.0243
ISIC,794,-0.033962,-0.0335,-0.0348,-0.0008379999999999,-0.0012999999999999
ISIC,795,-0.06302,-0.0634,-0.0632,-0.0001799999999999,0.0001999999999999
ISIC,796,-0.093683,-0.0829,-0.0944,-0.0007169999999999,-0.0114999999999999
ISIC,797,-0.053179,-0.0616,-0.0557,-0.002521,0.0059
ISIC,798,-0.07936,-0.0611,-0.0768,0.00256,-0.0156999999999999
ISIC,799,-0.041119,-0.0611,-0.0413,-0.000181,0.0197999999999999
ISIC,800,-0.082025,-0.0682,-0.0752,0.0068249999999999,-0.007
ISIC,801,-0.010391,-0.0177,-0.0095,0.0008909999999999,0.0082
ISIC,802,-0.058425,-0.0679,-0.0598,-0.001375,0.0081
ISIC,803,-0.083034,-0.0734,-0.0822,0.000834,-0.0087999999999999
ISIC,804,-0.043664,-0.0459,-0.0412,0.002464,0.0047
ISIC,805,-0.067539,-0.0779,-0.0713,-0.003761,0.0065999999999999
ISIC,806,-0.047314,-0.0556,-0.0467,0.000614,0.0088999999999999
ISIC,807,-0.020348,-0.0238,-0.0218,-0.0014519999999999,0.002
ISIC,808,-0.050654,-0.0599,-0.0505,0.0001539999999999,0.0093999999999999
ISIC,809,-0.027361,-0.0309,-0.0271,0.000261,0.0038
ISIC,810,-0.095842,-0.0854,-0.0968,-0.000958,-0.0113999999999999
ISIC,811,-0.052214,-0.0718,-0.0568,-0.004586,0.015
ISIC,812,-0.032671,-0.033,-0.0275,0.0051709999999999,0.0055
ISIC,813,-0.065475,-0.0659,-0.0678,-0.0023249999999999,-0.0018999999999999
ISIC,814,-0.083371,-0.0854,-0.0861,-0.0027289999999999,-0.0006999999999999
ISIC,815,-0.088667,-0.0867,-0.0891,-0.000433,-0.0023999999999999
ISIC,816,-0.097557,-0.0884,-0.1013,-0.0037429999999999,-0.0128999999999999
ISIC,817,-0.042927,-0.0428,-0.0416,0.001327,0.0011999999999999
ISIC,818,-0.035209,-0.033,-0.033,0.0022089999999999,0.0
ISIC,819,-0.030114,-0.0594,-0.0281,0.0020139999999999,0.0313
ISIC,820,-0.023442,-0.0221,-0.0285,-0.005058,-0.0063999999999999
ISIC,821,-0.055099,-0.0422,-0.0539,0.0011989999999999,-0.0117
ISIC,822,-0.04004,-0.0397,-0.0419,-0.00186,-0.0022
ISIC,823,-0.076594,-0.0864,-0.0758,0.0007939999999999,0.0105999999999999
ISIC,824,-0.029043,-0.0419,-0.0315,-0.002457,0.0104
ISIC,825,-0.072152,-0.0628,-0.0761,-0.003948,-0.0133
ISIC,826,-0.02066,-0.0191,-0.0211,-0.0004399999999999,-0.002
ISIC,827,-0.03355,-0.042,-0.0356,-0.0020499999999999,0.0064
ISIC,828,-0.010721,-0.008,-0.0092,0.0015209999999999,-0.0011999999999999
ISIC,829,-0.057307,-0.0607,-0.0542,0.0031069999999999,0.0064999999999999
ISIC,830,-0.052633,-0.0551,-0.0506,0.002033,0.0045
ISIC,831,-0.021571,-0.0245,-0.0197,0.001871,0.0048
ISIC,832,-0.043068,-0.0572,-0.0394,0.003668,0.0178
ISIC,833,-0.076836,-0.0766,-0.0747,0.0021359999999999,0.0018999999999999
ISIC,834,-0.050531,-0.052,-0.049,0.0015309999999999,0.0029999999999999
ISIC,835,-0.05489,-0.0434,-0.0539,0.0009899999999999,-0.0105
ISIC,836,-0.015425,-0.0394,-0.0196,-0.004175,0.0197999999999999
ISIC,837,-0.013809,-0.0319,-0.0148,-0.000991,0.0170999999999999
ISIC,838,-0.019679,-0.0168,-0.0178,0.0018789999999999,-0.001
ISIC,839,-0.041519,-0.0344,-0.0425,-0.000981,-0.0081
ISIC,840,-0.096795,-0.0852,-0.0973,-0.0005049999999999,-0.0121
ISIC,841,-0.07745,-0.06,-0.0787,-0.00125,-0.0187
ISIC,842,-0.02458,-0.0312,-0.0214,0.00318,0.0098
ISIC,843,-0.044268,-0.0337,-0.0403,0.0039679999999999,-0.0066
ISIC,844,-0.058984,-0.0551,-0.0599,-0.000916,-0.0047999999999999
ISIC,845,-0.027079,-0.0222,-0.0313,-0.004221,-0.0091
ISIC,846,-0.038297,-0.031,-0.0382,9.699999999999986e-05,-0.0071999999999999
ISIC,847,-0.025142,-0.0221,-0.0221,0.0030419999999999,0.0
ISIC,848,-0.022788,-0.0322,-0.021,0.0017879999999999,0.0111999999999999
ISIC,849,-0.021264,-0.0375,-0.0257,-0.0044359999999999,0.0117999999999999
ISIC,850,-0.063372,-0.0478,-0.063,0.0003719999999999,-0.0151999999999999
ISIC,851,-0.119885,-0.0921,-0.1119,0.007985,-0.0197999999999999
ISIC,852,-0.027093,-0.0255,-0.0267,0.0003929999999999,-0.0012
ISIC,853,-0.054518,-0.0713,-0.0546,-8.200000000000568e-05,0.0167
ISIC,854,-0.081356,-0.0806,-0.0803,0.001056,0.0003
ISIC,855,-0.05911,-0.057,-0.0644,-0.0052899999999999,-0.0073999999999999
ISIC,856,-0.092435,-0.0757,-0.0835,0.0089349999999999,-0.0078
ISIC,857,-0.069855,-0.0656,-0.0657,0.004155,-9.9999999999989e-05
ISIC,858,-0.035549,-0.0307,-0.036,-0.000451,-0.0052999999999999
ISIC,859,-0.074776,-0.0633,-0.0759,-0.001124,-0.0126
ISIC,860,-0.020695,-0.0339,-0.0242,-0.0035049999999999,0.0097
ISIC,861,-0.035095,-0.0318,-0.0375,-0.0024049999999999,-0.0056999999999999
ISIC,862,-0.038854,-0.0388,-0.0394,-0.0005459999999999,-0.0005999999999999
ISIC,863,-0.072228,-0.0565,-0.073,-0.0007719999999999,-0.0164999999999999
ISIC,864,-0.056032,-0.0542,-0.0558,0.0002319999999999,-0.0016
ISIC,865,-0.072843,-0.0678,-0.075,-0.0021569999999999,-0.0071999999999999
ISIC,866,-0.0334,-0.0377,-0.0369,-0.0035,0.0007999999999999
ISIC,867,-0.070907,-0.0477,-0.0715,-0.0005929999999999,-0.0237999999999999
ISIC,868,-0.089586,-0.0937,-0.087,0.002586,0.0067
ISIC,869,-0.029509,-0.0298,-0.0288,0.000709,0.001
ISIC,870,-0.053397,-0.0633,-0.0598,-0.0064029999999999,0.0034999999999999
ISIC,871,-0.010313,-0.0246,-0.0136,-0.003287,0.011
ISIC,872,-0.053733,-0.0718,-0.0553,-0.0015669999999999,0.0165
ISIC,873,-0.05302,-0.0572,-0.0535,-0.00048,0.0037
ISIC,874,0.001204,-0.0123,-0.0044,-0.005604,0.0079
ISIC,875,-0.016752,-0.0229,-0.0209,-0.0041479999999999,0.002
ISIC,876,-0.091518,-0.0714,-0.0893,0.0022179999999999,-0.0179
ISIC,877,-0.092433,-0.0646,-0.0894,0.003033,-0.0247999999999999
ISIC,878,-0.022759,-0.0437,-0.0292,-0.0064409999999999,0.0145
ISIC,879,-0.034122,-0.0377,-0.0359,-0.001778,0.0017999999999999
ISIC,880,-0.0535,-0.0634,-0.0567,-0.0032,0.0066999999999999
ISIC,881,-0.064343,-0.0576,-0.0649,-0.000557,-0.0073
ISIC,882,-0.018106,-0.0174,-0.0224,-0.0042939999999999,-0.005
ISIC,883,-0.046063,-0.053,-0.0451,0.0009629999999999,0.0078999999999999
ISIC,884,-0.02828,-0.025,-0.0307,-0.00242,-0.0057
ISIC,885,-0.063548,-0.0719,-0.0662,-0.002652,0.0057
ISIC,886,-0.120455,-0.0976,-0.1219,-0.0014449999999999,-0.0242999999999999
ISIC,887,-0.06497,-0.0606,-0.0625,0.00247,-0.0018999999999999
ISIC,888,-0.016169,-0.0154,-0.0155,0.0006689999999999,-9.99999999999994e-05
ISIC,889,-0.107885,-0.0956,-0.1036,0.0042849999999999,-0.0079999999999999
ISIC,890,-0.056727,-0.0524,-0.0547,0.002027,-0.0022999999999999
ISIC,891,-0.024677,-0.0387,-0.0259,-0.0012229999999999,0.0127999999999999
ISIC,892,-0.015357,-0.0263,-0.0148,0.000557,0.0115
ISIC,893,-0.063736,-0.0655,-0.0671,-0.003364,-0.0016
ISIC,894,-0.04289,-0.046,-0.0441,-0.00121,0.0018999999999999
ISIC,895,-0.026743,-0.0284,-0.0262,0.0005429999999999,0.0022
ISIC,896,-0.042816,-0.0409,-0.0377,0.005116,0.0032
ISIC,897,-0.015538,-0.0144,-0.0152,0.0003379999999999,-0.0008
ISIC,898,-0.0414,-0.0456,-0.0508,-0.0093999999999999,-0.0051999999999999
ISIC,899,-0.074221,-0.0647,-0.0735,0.0007209999999999,-0.0088
ISIC,900,-0.059335,-0.0451,-0.0607,-0.0013649999999999,-0.0155999999999999
ISIC,901,-0.006089,-0.0295,-0.0092,-0.003111,0.0203
ISIC,902,-0.044152,-0.0417,-0.0421,0.0020519999999999,-0.0003999999999999
ISIC,903,-0.083936,-0.0774,-0.0806,0.0033359999999999,-0.0032
ISIC,904,-0.016975,-0.0359,-0.0201,-0.0031249999999999,0.0158
ISIC,905,-0.035672,-0.0448,-0.0343,0.001372,0.0105
ISIC,906,-0.115068,-0.0759,-0.1066,0.008468,-0.0307
ISIC,907,-0.037167,-0.0205,-0.0395,-0.002333,-0.019
ISIC,908,-0.032099,-0.0282,-0.0326,-0.0005009999999999,-0.0043999999999999
ISIC,909,-0.050087,-0.0474,-0.0523,-0.0022129999999999,-0.0049
ISIC,910,-0.072557,-0.0596,-0.0729,-0.000343,-0.0133
ISIC,911,-0.039991,-0.0389,-0.0415,-0.001509,-0.0026
ISIC,912,-0.051462,-0.0474,-0.052,-0.0005379999999999,-0.0046
ISIC,913,-0.027649,-0.0338,-0.027,0.000649,0.0067999999999999
ISIC,914,-0.094153,-0.0755,-0.0884,0.0057529999999999,-0.0129
ISIC,915,-0.074906,-0.0687,-0.0759,-0.0009939999999999,-0.0071999999999999
ISIC,916,-0.022982,-0.0226,-0.0194,0.0035819999999999,0.0031999999999999
ISIC,917,-0.055885,-0.056,-0.0552,0.0006849999999999,0.0008
ISIC,918,-0.056973,-0.0581,-0.0626,-0.005627,-0.0045
ISIC,919,-0.067564,-0.0604,-0.0624,0.005164,-0.0019999999999999
ISIC,920,-0.040399,-0.0366,-0.0388,0.0015989999999999,-0.0022
ISIC,921,-0.024772,-0.0294,-0.0234,0.0013719999999999,0.0059999999999999
ISIC,922,-0.027049,-0.0468,-0.0275,-0.000451,0.0193
ISIC,923,-0.133137,-0.1123,-0.1304,0.002737,-0.0180999999999999
ISIC,924,-0.034141,-0.0335,-0.0341,4.099999999999937e-05,-0.0005999999999999
ISIC,925,-0.03904,-0.039,-0.0384,0.00064,0.0006
ISIC,926,-0.067136,-0.0837,-0.0673,-0.0001639999999999,0.0163999999999999
ISIC,927,-0.059346,-0.0481,-0.0571,0.002246,-0.009
ISIC,928,-0.0175,-0.0263,-0.0218,-0.0042999999999999,0.0045
ISIC,929,-0.043546,-0.0376,-0.0388,0.004746,-0.0011999999999999
ISIC,930,-0.019401,-0.0281,-0.0218,-0.0023989999999999,0.0063
ISIC,931,-0.031606,-0.0368,-0.0344,-0.0027939999999999,0.0023999999999999
ISIC,932,-0.052616,-0.0721,-0.0508,0.001816,0.0213
ISIC,933,-0.042724,-0.0369,-0.0401,0.002624,-0.0031999999999999
ISIC,934,-0.05105,-0.0514,-0.052,-0.0009499999999999,-0.0005999999999999
ISIC,935,-0.067449,-0.072,-0.0627,0.0047489999999999,0.0092999999999999
ISIC,936,-0.013696,-0.0263,-0.0141,-0.0004039999999999,0.0122
ISIC,937,-0.028778,-0.0315,-0.0293,-0.0005219999999999,0.0022
ISIC,938,-0.009538,-0.0148,-0.01,-0.000462,0.0048
ISIC,939,-0.031173,-0.0377,-0.0339,-0.002727,0.0037999999999999
ISIC,940,-0.090239,-0.088,-0.0898,0.0004389999999999,-0.0018
ISIC,941,-0.045215,-0.0638,-0.0445,0.000715,0.0192999999999999
ISIC,942,-0.080031,-0.0784,-0.0809,-0.0008689999999999,-0.0025
ISIC,943,-0.044215,-0.0383,-0.0404,0.0038149999999999,-0.0020999999999999
ISIC,944,-0.016117,-0.0293,-0.0183,-0.002183,0.011
ISIC,945,-0.048087,-0.0435,-0.0523,-0.004213,-0.0088
ISIC,946,-0.021977,-0.0296,-0.0194,0.0025769999999999,0.0102
ISIC,947,-0.021119,-0.0219,-0.0171,0.0040189999999999,0.0047999999999999
ISIC,948,-0.035288,-0.0432,-0.0358,-0.0005119999999999,0.0074
ISIC,949,-0.05543,-0.0454,-0.049,0.0064299999999999,-0.0035999999999999
ISIC,950,-0.038943,-0.0457,-0.0416,-0.0026569999999999,0.0040999999999999
ISIC,951,-0.054206,-0.0418,-0.0514,0.0028059999999999,-0.0096
ISIC,952,-0.021209,-0.0404,-0.0171,0.0041089999999999,0.0232999999999999
ISIC,953,-0.056778,-0.0612,-0.0591,-0.0023219999999999,0.0020999999999999
ISIC,954,-0.006869,-0.0258,-0.0089,-0.002031,0.0169
ISIC,955,-0.012518,-0.0379,-0.0151,-0.002582,0.0228
ISIC,956,-0.069525,-0.0573,-0.0711,-0.0015749999999999,-0.0138
ISIC,957,-0.022738,-0.0223,-0.0186,0.004138,0.0037
ISIC,958,-0.08089,-0.0781,-0.0799,0.00099,-0.0017999999999999
ISIC,959,-0.05374,-0.0596,-0.0555,-0.0017599999999999,0.0040999999999999
ISIC,960,-0.029752,-0.0238,-0.0263,0.003452,-0.0024999999999999
ISIC,961,-0.083887,-0.0678,-0.0808,0.003087,-0.0129999999999999
ISIC,962,-0.028253,-0.0344,-0.0345,-0.006247,-0.0001
ISIC,963,-0.038464,-0.0356,-0.0397,-0.001236,-0.0040999999999999
ISIC,964,-0.005965,-0.0108,-0.0053,0.0006649999999999,0.0055
ISIC,965,-0.01673,-0.0345,-0.0193,-0.00257,0.0152
ISIC,966,-0.06358,-0.0724,-0.0664,-0.00282,0.006
ISIC,967,-0.045759,-0.0578,-0.0463,-0.0005409999999999,0.0114999999999999
ISIC,968,-0.041336,-0.0241,-0.0387,0.0026359999999999,-0.0145999999999999
ISIC,969,-0.051843,-0.0385,-0.051,0.000843,-0.0124999999999999
ISIC,970,-0.062304,-0.062,-0.0653,-0.0029959999999999,-0.0032999999999999
ISIC,971,0.002464,0.0021,0.0047,0.002236,0.0026
ISIC,972,-0.022298,-0.0397,-0.0221,0.0001979999999999,0.0175999999999999
ISIC,973,-0.028796,-0.038,-0.0299,-0.001104,0.0081
ISIC,974,-0.014192,-0.0148,-0.0134,0.0007919999999999,0.0014
ISIC,975,-0.019927,-0.0347,-0.0241,-0.004173,0.0106
ISIC,976,-0.040764,-0.0453,-0.0412,-0.0004359999999999,0.0040999999999999
ISIC,977,-0.002368,-0.0058,0.0004,0.002768,0.0062
ISIC,978,-0.050836,-0.0472,-0.051,-0.0001639999999999,-0.0037999999999999
ISIC,979,-0.084163,-0.0671,-0.0783,0.005863,-0.0111999999999999
ISIC,980,-0.041891,-0.0417,-0.0445,-0.002609,-0.0027999999999999
ISIC,981,-0.066693,-0.0633,-0.0687,-0.0020069999999999,-0.0054
ISIC,982,-0.078361,-0.0764,-0.0779,0.000461,-0.0015
ISIC,983,-0.0627,-0.0589,-0.0584,0.0043,0.0005
ISIC,984,-0.045595,-0.0417,-0.0451,0.0004949999999999,-0.0034
ISIC,985,-0.017697,-0.0345,-0.0216,-0.003903,0.0129
ISIC,986,-0.051678,-0.0408,-0.0525,-0.0008219999999999,-0.0116999999999999
ISIC,987,-0.026585,-0.0223,-0.0242,0.002385,-0.0018999999999999
ISIC,988,-0.025314,-0.0425,-0.0229,0.0024139999999999,0.0196
ISIC,989,-0.050319,-0.0502,-0.0499,0.000419,0.0003
ISIC,990,-0.02934,-0.0294,-0.0338,-0.0044599999999999,-0.0043999999999999
ISIC,991,-0.076274,-0.0509,-0.0731,0.0031739999999999,-0.0221999999999999
ISIC,992,-0.061342,-0.0643,-0.0643,-0.0029579999999999,0.0
ISIC,993,-0.023681,-0.0283,-0.0288,-0.0051189999999999,-0.0005
ISIC,994,-0.025918,-0.0501,-0.0321,-0.0061819999999999,0.018
ISIC,995,-0.031484,-0.0282,-0.0339,-0.002416,-0.0057
ISIC,996,-0.06904,-0.0611,-0.0681,0.00094,-0.0069999999999999
ISIC,997,-0.063908,-0.0736,-0.0662,-0.0022919999999999,0.0074
ISIC,998,-0.032995,-0.0375,-0.0328,0.0001949999999999,0.0046999999999999
ISIC,999,0.010951,-0.0016,0.0118,0.0008489999999999,0.0134
ISIC,1000,-0.000836,-0.0201,0.0004,0.001236,0.0205
ISIC,1001,-0.026739,-0.0523,-0.0264,0.0003389999999999,0.0259
ISIC,1002,-0.064058,-0.0554,-0.059,0.005058,-0.0035999999999999
ISIC,1003,-0.051157,-0.0527,-0.0502,0.0009569999999999,0.0024999999999999
ISIC,1004,-0.048111,-0.0456,-0.0479,0.000211,-0.0022999999999999
ISIC,1005,-0.055852,-0.0465,-0.0501,0.005752,-0.0035999999999999
ISIC,1006,-0.015026,-0.0203,-0.0183,-0.003274,0.0019999999999999
ISIC,1007,-0.059681,-0.0504,-0.0606,-0.000919,-0.0102
ISIC,1008,-0.061711,-0.0538,-0.0621,-0.000389,-0.0083
ISIC,1009,-0.022104,-0.0356,-0.0247,-0.002596,0.0109
ISIC,1010,-0.030637,-0.0401,-0.0264,0.004237,0.0136999999999999
ISIC,1011,-0.075956,-0.0633,-0.0773,-0.0013439999999999,-0.0139999999999999
ISIC,1012,-0.051425,-0.0496,-0.0504,0.0010249999999999,-0.0008
ISIC,1013,-0.06378,-0.0666,-0.0675,-0.00372,-0.0008999999999999
ISIC,1014,-0.064884,-0.0564,-0.0608,0.0040839999999999,-0.0044
ISIC,1015,-0.062828,-0.0569,-0.0614,0.0014279999999999,-0.0045
ISIC,1016,-0.042599,-0.0535,-0.0404,0.0021989999999999,0.0131
ISIC,1017,-0.037484,-0.0282,-0.0318,0.005684,-0.0036
ISIC,1018,-0.011356,-0.0189,-0.013,-0.0016439999999999,0.0059
ISIC,1019,-0.080415,-0.0829,-0.0815,-0.001085,0.0013999999999999
ISIC,1020,-0.028693,-0.0252,-0.0249,0.003793,0.0003
ISIC,1021,-0.041265,-0.0453,-0.0444,-0.0031349999999999,0.0008999999999999
ISIC,1022,-0.051934,-0.0666,-0.0555,-0.0035659999999999,0.0111
ISIC,1023,-0.062292,-0.0685,-0.0632,-0.000908,0.0052999999999999
ISIC,1024,-0.040389,-0.0515,-0.0398,0.0005889999999999,0.0116999999999999
ISIC,1025,-0.015604,-0.0228,-0.0155,0.0001039999999999,0.0073
ISIC,1026,-0.021121,-0.0196,-0.0222,-0.001079,-0.0026
ISIC,1027,-0.095788,-0.0833,-0.0944,0.001388,-0.0110999999999999
ISIC,1028,-0.0603,-0.062,-0.0576,0.0027,0.0044
ISIC,1029,-0.102971,-0.0847,-0.0998,0.0031709999999999,-0.0151
ISIC,1030,-0.057832,-0.0501,-0.0587,-0.000868,-0.0086
ISIC,1031,-0.078467,-0.0681,-0.0803,-0.001833,-0.0122
ISIC,1032,-0.053636,-0.0467,-0.0514,0.002236,-0.0047
ISIC,1033,-0.044915,-0.0379,-0.047,-0.002085,-0.0090999999999999
ISIC,1034,-0.06291,-0.059,-0.0662,-0.00329,-0.0071999999999999
ISIC,1035,-0.044284,-0.0337,-0.0435,0.000784,-0.0097999999999999
ISIC,1036,-0.014029,-0.031,-0.0143,-0.000271,0.0167
ISIC,1037,-0.011963,-0.018,-0.0139,-0.0019369999999999,0.0040999999999999
ISIC,1038,-0.033543,-0.0424,-0.0293,0.004243,0.0131
ISIC,1039,-0.026985,-0.0345,-0.0288,-0.001815,0.0057
ISIC,1040,-0.048787,-0.0527,-0.0478,0.0009869999999999,0.0048999999999999
ISIC,1041,-0.054156,-0.057,-0.0577,-0.0035439999999999,-0.0006999999999999
ISIC,1042,0.003365,0.0038,0.0031,-0.000265,-0.0007
ISIC,1043,-0.028302,-0.0354,-0.026,0.002302,0.0094
ISIC,1044,-0.057344,-0.0658,-0.0624,-0.0050559999999999,0.0034
ISIC,1045,-0.083597,-0.0696,-0.0807,0.002897,-0.0110999999999999
ISIC,1046,-0.07078,-0.0596,-0.0735,-0.00272,-0.0138999999999999
ISIC,1047,-0.020157,-0.034,-0.0231,-0.0029429999999999,0.0109
ISIC,1048,-0.029847,-0.0426,-0.0282,0.0016469999999999,0.0144
ISIC,1049,0.000364,-0.0045,-0.004,-0.004364,0.0004999999999999
ISIC,1050,-0.019604,-0.0413,-0.0208,-0.0011959999999999,0.0205
ISIC,1051,-0.053149,-0.0544,-0.0524,0.0007489999999999,0.0019999999999999
ISIC,1052,-0.04656,-0.0383,-0.0431,0.0034599999999999,-0.0047999999999999
ISIC,1053,-0.03634,-0.0446,-0.0368,-0.00046,0.0078
ISIC,1054,-0.05798,-0.0319,-0.0557,0.0022799999999999,-0.0238
ISIC,1055,-0.046256,-0.0525,-0.0475,-0.001244,0.0049999999999999
ISIC,1056,-0.021854,-0.0314,-0.0211,0.0007539999999999,0.0102999999999999
ISIC,1057,-0.007364,-0.0209,-0.0137,-0.006336,0.0071999999999999
ISIC,1058,-0.033491,-0.0324,-0.034,-0.000509,-0.0016
ISIC,1059,-0.064087,-0.0481,-0.0645,-0.0004129999999999,-0.0164
ISIC,1060,-0.084195,-0.0897,-0.0828,0.001395,0.0069
ISIC,1061,-0.026602,-0.031,-0.0341,-0.0074979999999999,-0.0030999999999999
ISIC,1062,-0.038913,-0.032,-0.0395,-0.0005869999999999,-0.0075
ISIC,1063,-0.063552,-0.0631,-0.062,0.0015519999999999,0.0011
ISIC,1064,-0.033247,-0.0311,-0.0346,-0.001353,-0.0034999999999999
ISIC,1065,-0.067763,-0.0658,-0.0706,-0.0028369999999999,-0.0047999999999999
ISIC,1066,0.003725,-0.0119,0.0023,-0.001425,0.0142
ISIC,1067,0.00234,-0.0126,0.0021,-0.00024,0.0147
ISIC,1068,-0.038419,-0.0393,-0.0384,1.9000000000005124e-05,0.0009
ISIC,1069,-0.08389,-0.0828,-0.082,0.00189,0.0007999999999999
ISIC,1070,-0.055776,-0.0499,-0.0563,-0.000524,-0.0064
ISIC,1071,-0.039154,-0.0471,-0.0332,0.005954,0.0139
ISIC,1072,-0.096323,-0.0845,-0.0966,-0.0002769999999999,-0.0121
ISIC,1073,-0.031896,-0.0235,-0.032,-0.0001039999999999,-0.0085
ISIC,1074,-0.098528,-0.0933,-0.1015,-0.002972,-0.0082
ISIC,1075,-0.081214,-0.0674,-0.0717,0.0095139999999999,-0.0042999999999999
ISIC,1076,-0.031501,-0.0364,-0.0333,-0.001799,0.0030999999999999
ISIC,1077,-0.048463,-0.0431,-0.0482,0.0002629999999999,-0.0051
ISIC,1078,-0.090259,-0.0784,-0.0898,0.000459,-0.0114
ISIC,1079,-0.025137,-0.0309,-0.0254,-0.0002629999999999,0.0055
ISIC,1080,-0.046396,-0.0437,-0.0471,-0.000704,-0.0034
ISIC,1081,-0.055501,-0.0545,-0.0544,0.001101,0.0001
ISIC,1082,0.014969,-0.009,0.0133,-0.001669,0.0223
ISIC,1083,0.005082,0.0049,0.0073,0.002218,0.0024
ISIC,1084,-0.072061,-0.0652,-0.0701,0.001961,-0.0049
ISIC,1085,-0.044643,-0.0417,-0.0481,-0.0034569999999999,-0.0063999999999999
ISIC,1086,-0.039273,-0.0475,-0.0393,-2.6999999999999247e-05,0.0081999999999999
ISIC,1087,-0.056702,-0.0557,-0.0589,-0.0021979999999999,-0.0032
ISIC,1088,-0.055,-0.0571,-0.0537,0.0013,0.0034
ISIC,1089,-0.04381,-0.0388,-0.0453,-0.0014899999999999,-0.0064999999999999
ISIC,1090,-0.029574,-0.0365,-0.0258,0.0037739999999999,0.0106999999999999
ISIC,1091,-0.062583,-0.0581,-0.066,-0.003417,-0.0079
ISIC,1092,-0.059986,-0.0636,-0.058,0.0019859999999999,0.0056
ISIC,1093,-0.045552,-0.0445,-0.046,-0.0004479999999999,-0.0015
ISIC,1094,-0.055111,-0.0477,-0.0555,-0.000389,-0.0078
ISIC,1095,-0.038589,-0.0339,-0.0387,-0.0001109999999999,-0.0047999999999999
ISIC,1096,-0.01488,-0.0276,-0.0176,-0.00272,0.0099999999999999
ISIC,1097,-0.035625,-0.0294,-0.0315,0.0041249999999999,-0.0021
ISIC,1098,-0.054678,-0.0786,-0.0534,0.0012779999999999,0.0252
ISIC,1099,-0.109367,-0.0965,-0.1067,0.002667,-0.0102
ISIC,1100,-0.04068,-0.0419,-0.0363,0.00438,0.0056
ISIC,1101,-0.042792,-0.0513,-0.0433,-0.000508,0.008
ISIC,1102,0.01492,0.0065,0.0144,-0.0005199999999999,0.0079
ISIC,1103,-0.051826,-0.0505,-0.0489,0.0029259999999999,0.0016
ISIC,1104,-0.01223,-0.0278,-0.014,-0.00177,0.0137999999999999
ISIC,1105,-0.057638,-0.0466,-0.0598,-0.0021619999999999,-0.0131999999999999
ISIC,1106,-0.048912,-0.0434,-0.0419,0.0070119999999999,0.0015
ISIC,1107,-0.018554,-0.0275,-0.0198,-0.001246,0.0076999999999999
ISIC,1108,-0.048654,-0.0669,-0.0482,0.000454,0.0187
ISIC,1109,-0.08098,-0.0587,-0.0775,0.0034799999999999,-0.0187999999999999
ISIC,1110,-0.019218,-0.0286,-0.021,-0.001782,0.0075999999999999
ISIC,1111,-0.057121,-0.0535,-0.0577,-0.000579,-0.0042
ISIC,1112,-0.073614,-0.0637,-0.0742,-0.000586,-0.0104999999999999
ISIC,1113,-0.040163,-0.0441,-0.0399,0.0002629999999999,0.0042
ISIC,1114,-0.023583,-0.0155,-0.0221,0.0014829999999999,-0.0066
ISIC,1115,-0.06013,-0.0683,-0.0604,-0.0002699999999999,0.0078999999999999
ISIC,1116,-0.006172,-0.0033,-0.004,0.002172,-0.0007
ISIC,1117,-0.040077,-0.0528,-0.0397,0.000377,0.0131
ISIC,1118,-0.070819,-0.0569,-0.0718,-0.000981,-0.0149
ISIC,1119,-0.035315,-0.0353,-0.0305,0.004815,0.0047999999999999
ISIC,1120,-0.068759,-0.0586,-0.0696,-0.0008409999999999,-0.0109999999999999
ISIC,1121,-0.034952,-0.05,-0.038,-0.003048,0.012
ISIC,1122,-0.094075,-0.0931,-0.0939,0.000175,-0.0007999999999999
ISIC,1123,-0.035299,-0.0292,-0.0342,0.0010989999999999,-0.005
ISIC,1124,-0.061103,-0.0362,-0.0535,0.0076029999999999,-0.0172999999999999
ISIC,1125,-0.020487,-0.0183,-0.0222,-0.001713,-0.0039
ISIC,1126,-0.041095,-0.0572,-0.0421,-0.0010049999999999,0.0151
ISIC,1127,-0.032762,-0.0412,-0.0308,0.0019619999999999,0.0104
ISIC,1128,-0.08102,-0.0672,-0.0756,0.0054199999999999,-0.0084
ISIC,1129,-0.029284,-0.0152,-0.0208,0.008484,-0.0055999999999999
ISIC,1130,-0.043012,-0.049,-0.0438,-0.0007879999999999,0.0052
ISIC,1131,-0.033901,-0.0271,-0.0322,0.001701,-0.0051
ISIC,1132,-0.023751,-0.0299,-0.0229,0.000851,0.0069999999999999
ISIC,1133,-0.053598,-0.0735,-0.0577,-0.004102,0.0157999999999999
ISIC,1134,-0.055618,-0.0587,-0.0579,-0.0022819999999999,0.0008
ISIC,1135,-0.129741,-0.1065,-0.1294,0.000341,-0.0228999999999999
ISIC,1136,-0.046578,-0.064,-0.0515,-0.0049219999999999,0.0125
ISIC,1137,-0.079862,-0.0649,-0.0801,-0.000238,-0.0152
ISIC,1138,-0.031811,-0.0373,-0.0311,0.0007109999999999,0.0062
ISIC,1139,-0.04231,-0.0485,-0.0426,-0.0002899999999999,0.0059
ISIC,1140,-0.057278,-0.0561,-0.0581,-0.0008219999999999,-0.002
ISIC,1141,-0.024649,-0.025,-0.0295,-0.0048509999999999,-0.0044999999999999
ISIC,1142,-0.068152,-0.0734,-0.0706,-0.0024479999999999,0.0028
ISIC,1143,-0.025354,-0.0288,-0.0301,-0.0047459999999999,-0.0012999999999999
ISIC,1144,-0.031273,-0.0294,-0.0342,-0.0029269999999999,-0.0048
ISIC,1145,-0.045359,-0.038,-0.0457,-0.000341,-0.0076999999999999
ISIC,1146,-0.102608,-0.0778,-0.1017,0.000908,-0.0239
ISIC,1147,-0.054239,-0.0435,-0.0528,0.001439,-0.0093
ISIC,1148,-0.013362,-0.0188,-0.0141,-0.0007379999999999,0.0047
ISIC,1149,-0.030388,-0.0347,-0.0342,-0.003812,0.0005
ISIC,1150,-0.057351,-0.0572,-0.0594,-0.002049,-0.0022
ISIC,1151,-0.049866,-0.0553,-0.0505,-0.000634,0.0047999999999999
ISIC,1152,-0.046193,-0.0425,-0.0413,0.0048929999999999,0.0011999999999999
ISIC,1153,-0.032927,-0.0494,-0.0404,-0.007473,0.009
ISIC,1154,-0.039993,-0.052,-0.0382,0.001793,0.0138
ISIC,1155,-0.021342,-0.0367,-0.0215,-0.0001579999999999,0.0152
ISIC,1156,-0.054679,-0.0469,-0.0476,0.0070789999999999,-0.0007
ISIC,1157,-0.037813,-0.0273,-0.0421,-0.0042869999999999,-0.0147999999999999
ISIC,1158,-0.015592,-0.0212,-0.0168,-0.0012079999999999,0.0044
ISIC,1159,-0.086232,-0.0946,-0.0863,-6.799999999999862e-05,0.0083
ISIC,1160,-0.006402,-0.0123,-0.0109,-0.004498,0.0014
ISIC,1161,-0.027784,-0.0242,-0.0238,0.0039839999999999,0.0003999999999999
ISIC,1162,-0.043401,-0.0445,-0.0466,-0.003199,-0.0021
ISIC,1163,-0.043357,-0.0431,-0.0442,-0.000843,-0.0011
ISIC,1164,-0.040361,-0.034,-0.0398,0.0005609999999999,-0.0058
ISIC,1165,-0.060235,-0.0586,-0.0629,-0.002665,-0.0042999999999999
ISIC,1166,0.001092,-0.0216,0.0012,0.0001079999999999,0.0228
ISIC,1167,-0.05086,-0.0379,-0.0458,0.00506,-0.0078999999999999
ISIC,1168,-0.096082,-0.0802,-0.0908,0.0052819999999999,-0.0106
ISIC,1169,-0.03597,-0.0523,-0.0419,-0.0059299999999999,0.0104
ISIC,1170,-0.010755,-0.0208,-0.0105,0.000255,0.0102999999999999
ISIC,1171,-0.055922,-0.0484,-0.0567,-0.000778,-0.0083
ISIC,1172,-0.065782,-0.0537,-0.0653,0.0004819999999999,-0.0116
ISIC,1173,-0.020069,-0.0389,-0.0175,0.0025689999999999,0.0213999999999999
ISIC,1174,-0.047781,-0.0463,-0.0471,0.0006809999999999,-0.0008
ISIC,1175,-0.079454,-0.0592,-0.0756,0.0038539999999999,-0.0163999999999999
ISIC,1176,-0.041153,-0.0485,-0.0461,-0.004947,0.0023999999999999
ISIC,1177,-0.08146,-0.0693,-0.0796,0.00186,-0.0103
ISIC,1178,-0.081445,-0.0614,-0.0791,0.002345,-0.0177
ISIC,1179,-0.065011,-0.0597,-0.0606,0.0044109999999999,-0.0008999999999999
ISIC,1180,-0.100839,-0.1126,-0.096,0.0048389999999999,0.0166
ISIC,1181,-0.05418,-0.0674,-0.0586,-0.00442,0.0088
ISIC,1182,-0.04391,-0.0426,-0.0412,0.0027099999999999,0.0013999999999999
ISIC,1183,-0.063906,-0.0694,-0.0664,-0.0024939999999999,0.003
ISIC,1184,-0.048044,-0.0509,-0.0467,0.001344,0.0042
ISIC,1185,-0.026434,-0.032,-0.0256,0.0008339999999999,0.0063999999999999
ISIC,1186,-0.052151,-0.07,-0.0518,0.000351,0.0182
ISIC,1187,-0.0479,-0.0495,-0.0469,0.001,0.0026
ISIC,1188,-0.026445,-0.0255,-0.0266,-0.0001549999999999,-0.0011
ISIC,1189,-0.040473,-0.0334,-0.0416,-0.0011269999999999,-0.0081999999999999
ISIC,1190,-0.081406,-0.0658,-0.0821,-0.000694,-0.0163
ISIC,1191,-0.070019,-0.0528,-0.0667,0.003319,-0.0138999999999999
ISIC,1192,-0.035003,-0.04,-0.0341,0.000903,0.0059
ISIC,1193,-0.069701,-0.0734,-0.0732,-0.003499,0.0002
ISIC,1194,-0.017183,-0.033,-0.0195,-0.0023169999999999,0.0135
ISIC,1195,-0.090543,-0.0811,-0.0876,0.002943,-0.0064999999999999
ISIC,1196,-0.061391,-0.0557,-0.0647,-0.0033089999999999,-0.0089999999999999
ISIC,1197,-0.094674,-0.0857,-0.0922,0.0024739999999999,-0.0065
ISIC,1198,-0.028138,-0.0337,-0.022,0.006138,0.0117
ISIC,1199,-0.061768,-0.0569,-0.0607,0.001068,-0.0037999999999999
ISIC,1200,-0.037558,-0.0307,-0.0388,-0.001242,-0.0081
ISIC,1201,-0.072117,-0.0597,-0.0687,0.003417,-0.0089999999999999
ISIC,1202,-0.015445,-0.0306,-0.0161,-0.0006549999999999,0.0144999999999999
ISIC,1203,-0.050769,-0.042,-0.054,-0.0032309999999999,-0.0119999999999999
ISIC,1204,-0.029366,-0.0412,-0.0303,-0.000934,0.0109
ISIC,1205,-0.014098,-0.0176,-0.0146,-0.000502,0.003
ISIC,1206,-0.023429,-0.0443,-0.0225,0.0009289999999999,0.0218
ISIC,1207,-0.062336,-0.066,-0.0611,0.001236,0.0049
ISIC,1208,-0.040388,-0.0436,-0.0412,-0.000812,0.0023999999999999
ISIC,1209,-0.073087,-0.07,-0.0744,-0.0013129999999999,-0.0043999999999999
ISIC,1210,-0.044185,-0.0394,-0.043,0.001185,-0.0035999999999999
ISIC,1211,-0.050193,-0.0548,-0.052,-0.0018069999999999,0.0028
ISIC,1212,-0.072613,-0.0749,-0.0746,-0.001987,0.0002999999999999
ISIC,1213,-0.018847,-0.0301,-0.0227,-0.003853,0.0073999999999999
ISIC,1214,-0.041229,-0.0487,-0.0459,-0.004671,0.0027999999999999
ISIC,1215,-0.028104,-0.0247,-0.0289,-0.0007959999999999,-0.0041999999999999
ISIC,1216,-0.062763,-0.0885,-0.0628,-3.699999999999537e-05,0.0257
ISIC,1217,-0.062975,-0.0572,-0.0679,-0.0049249999999999,-0.0107
ISIC,1218,-0.056318,-0.0322,-0.0544,0.001918,-0.0221999999999999
ISIC,1219,-0.068896,-0.0601,-0.0685,0.0003959999999999,-0.0084
ISIC,1220,-0.004486,-0.0062,-0.0047,-0.0002139999999999,0.0014999999999999
ISIC,1221,-0.024698,-0.0364,-0.0272,-0.0025019999999999,0.0092
ISIC,1222,-0.052558,-0.0617,-0.0535,-0.0009419999999999,0.0081999999999999
ISIC,1223,-0.049668,-0.0443,-0.0498,-0.000132,-0.0054999999999999
ISIC,1224,-0.081273,-0.0649,-0.0768,0.004473,-0.0118999999999999
ISIC,1225,-0.049932,-0.0598,-0.0499,3.199999999999731e-05,0.0098999999999999
ISIC,1226,-0.036743,-0.0358,-0.0326,0.004143,0.0032
ISIC,1227,-0.047618,-0.0406,-0.0496,-0.0019819999999999,-0.009
ISIC,1228,-0.010086,-0.022,-0.0127,-0.002614,0.0093
ISIC,1229,-0.090986,-0.0667,-0.0885,0.002486,-0.0218
ISIC,1230,-0.01678,-0.0298,-0.0165,0.0002799999999999,0.0133
ISIC,1231,0.010066,-0.0007,0.0105,0.000434,0.0112
ISIC,1232,-0.090651,-0.0668,-0.0904,0.000251,-0.0235999999999999
ISIC,1233,-0.056551,-0.0524,-0.0529,0.0036509999999999,-0.0005
ISIC,1234,-0.050502,-0.0578,-0.0511,-0.000598,0.0066999999999999
ISIC,1235,-0.01361,-0.0139,-0.0119,0.0017099999999999,0.0019999999999999
ISIC,1236,0.004601,-0.0138,0.0005,-0.004101,0.0143
ISIC,1237,-0.040893,-0.0373,-0.0389,0.001993,-0.0015999999999999
ISIC,1238,-0.065148,-0.0555,-0.0644,0.0007479999999999,-0.0088999999999999
ISIC,1239,-0.039933,-0.0407,-0.0418,-0.0018669999999999,-0.0010999999999999
ISIC,1240,-0.024494,-0.0283,-0.0288,-0.004306,-0.0005
ISIC,1241,-0.052112,-0.0571,-0.0512,0.0009119999999999,0.0058999999999999
ISIC,1242,-0.064598,-0.0531,-0.0632,0.0013979999999999,-0.0101
ISIC,1243,-0.045589,-0.0604,-0.0419,0.0036889999999999,0.0185
ISIC,1244,-0.033844,-0.0344,-0.0336,0.000244,0.0008
ISIC,1245,-0.083761,-0.0894,-0.0823,0.001461,0.0070999999999999
ISIC,1246,-0.142764,-0.1205,-0.1377,0.005064,-0.0171999999999999
ISIC,1247,-0.101858,-0.0716,-0.0984,0.003458,-0.0268
ISIC,1248,-0.027508,-0.0206,-0.026,0.001508,-0.0053999999999999
ISIC,1249,-0.056179,-0.0586,-0.0579,-0.001721,0.0006999999999999
ISIC,1250,-0.096367,-0.0975,-0.093,0.0033669999999999,0.0045
ISIC,1251,-0.034277,-0.0422,-0.0369,-0.002623,0.0052999999999999
ISIC,1252,-0.067275,-0.0528,-0.0629,0.004375,-0.0100999999999999
ISIC,1253,-0.047602,-0.0612,-0.0463,0.0013019999999999,0.0148999999999999
ISIC,1254,-0.001155,-0.0044,-0.0033,-0.002145,0.0011
ISIC,1255,-0.013564,-0.0236,-0.0143,-0.000736,0.0093
ISIC,1256,-0.049529,-0.0528,-0.0478,0.0017289999999999,0.0049999999999999
ISIC,1257,-0.026981,-0.0316,-0.0243,0.002681,0.0073
ISIC,1258,-0.069063,-0.0655,-0.0675,0.0015629999999999,-0.002
ISIC,1259,-0.059772,-0.0678,-0.0649,-0.005128,0.0029
ISIC,1260,-0.052701,-0.0561,-0.0561,-0.0033989999999999,0.0
ISIC,1261,-0.052024,-0.0525,-0.0469,0.005124,0.0056
ISIC,1262,-0.049461,-0.0493,-0.0525,-0.003039,-0.0032
ISIC,1263,-0.082488,-0.071,-0.0872,-0.0047119999999999,-0.0162
ISIC,1264,-0.033001,-0.0547,-0.0321,0.000901,0.0226
ISIC,1265,0.016378,-0.0049,0.0135,-0.002878,0.0184
ISIC,1266,-0.095214,-0.08,-0.0941,0.0011139999999999,-0.0141
ISIC,1267,-0.062703,-0.07,-0.0681,-0.0053969999999999,0.0019
ISIC,1268,-0.064095,-0.0517,-0.0619,0.002195,-0.0101999999999999
ISIC,1269,-0.045602,-0.044,-0.0486,-0.002998,-0.0046
ISIC,1270,-0.056503,-0.0606,-0.0552,0.0013029999999999,0.0054
ISIC,1271,-0.008969,-0.0186,-0.0093,-0.0003309999999999,0.0093
ISIC,1272,-0.030277,-0.047,-0.0349,-0.004623,0.0121
ISIC,1273,-0.031167,-0.0379,-0.0287,0.002467,0.0092
ISIC,1274,-0.00239,-0.0243,-0.0036,-0.0012099999999999,0.0207
ISIC,1275,-0.08709,-0.0697,-0.0833,0.00379,-0.0136
ISIC,1276,-0.051836,-0.0479,-0.0519,-6.400000000000156e-05,-0.004
ISIC,1277,-0.045512,-0.0492,-0.0485,-0.002988,0.0006999999999999
ISIC,1278,-0.09303,-0.092,-0.0952,-0.00217,-0.0032
ISIC,1279,-0.031597,-0.0302,-0.0335,-0.001903,-0.0033
ISIC,1280,-0.038364,-0.0465,-0.0417,-0.0033359999999999,0.0047999999999999
ISIC,1281,-0.04035,-0.0423,-0.0454,-0.00505,-0.0031
ISIC,1282,-0.053682,-0.0563,-0.0537,-1.7999999999997185e-05,0.0026
ISIC,1283,-0.074821,-0.0578,-0.0747,0.0001209999999999,-0.0169
ISIC,1284,-0.014756,-0.0185,-0.0196,-0.0048439999999999,-0.0011
ISIC,1285,-0.04457,-0.045,-0.0437,0.0008699999999999,0.0012999999999999
ISIC,1286,-0.047188,-0.0364,-0.0439,0.0032879999999999,-0.0075
ISIC,1287,0.009241,-0.0188,0.0097,0.000459,0.0285
ISIC,1288,-0.025848,-0.0264,-0.0243,0.001548,0.0021
ISIC,1289,-0.042588,-0.0478,-0.0395,0.003088,0.0083
ISIC,1290,-0.032049,-0.033,-0.03,0.002049,0.003
ISIC,1291,-0.017957,-0.0222,-0.0119,0.006057,0.0103
ISIC,1292,-0.048694,-0.046,-0.0492,-0.0005059999999999,-0.0032
ISIC,1293,-0.023981,-0.0296,-0.0249,-0.0009189999999999,0.0047
ISIC,1294,-0.074601,-0.084,-0.0792,-0.004599,0.0047999999999999
ISIC,1295,-0.081645,-0.0743,-0.0842,-0.002555,-0.0098999999999999
ISIC,1296,-0.076339,-0.0673,-0.074,0.002339,-0.0066999999999999
ISIC,1297,-0.046843,-0.042,-0.0441,0.002743,-0.0020999999999999
ISIC,1298,-0.064027,-0.0689,-0.0635,0.0005269999999999,0.0054
ISIC,1299,-0.058197,-0.053,-0.0584,-0.000203,-0.0054
ISIC,1300,-0.030872,-0.0331,-0.0271,0.003772,0.0059999999999999
ISIC,1301,-0.115725,-0.0847,-0.1156,0.000125,-0.0308999999999999
ISIC,1302,-0.028391,-0.0266,-0.0251,0.0032909999999999,0.0014999999999999
ISIC,1303,-0.038552,-0.0446,-0.0373,0.001252,0.0073
ISIC,1304,-0.066132,-0.0532,-0.063,0.0031319999999999,-0.0098
ISIC,1305,-0.067645,-0.0592,-0.0672,0.000445,-0.0079999999999999
ISIC,1306,-0.104836,-0.0971,-0.1012,0.003636,-0.0040999999999999
ISIC,1307,-0.095211,-0.0764,-0.0894,0.005811,-0.0129999999999999
ISIC,1308,-0.043565,-0.0453,-0.0441,-0.000535,0.0011999999999999
ISIC,1309,-0.0515,-0.04,-0.0501,0.0013999999999999,-0.0100999999999999
ISIC,1310,-0.046422,-0.0479,-0.0478,-0.001378,9.999999999999593e-05
ISIC,1311,-0.051836,-0.0581,-0.0507,0.0011359999999999,0.0073999999999999
ISIC,1312,-0.063877,-0.0419,-0.064,-0.0001229999999999,-0.0221
ISIC,1313,-0.023099,-0.0286,-0.025,-0.001901,0.0035999999999999
ISIC,1314,0.014156,-0.0116,0.0127,-0.001456,0.0243
ISIC,1315,-0.095268,-0.0855,-0.0909,0.004368,-0.0053999999999999
ISIC,1316,-0.040232,-0.0593,-0.0425,-0.002268,0.0167999999999999
ISIC,1317,-0.021781,-0.0407,-0.0205,0.0012809999999999,0.0202
ISIC,1318,-0.022723,-0.0277,-0.0206,0.002123,0.0070999999999999
ISIC,1319,-0.003781,-0.0137,-0.0081,-0.004319,0.0056
ISIC,1320,-0.041121,-0.0341,-0.0416,-0.000479,-0.0075
ISIC,1321,-0.045634,-0.06,-0.0442,0.0014339999999999,0.0157999999999999
ISIC,1322,-0.069548,-0.0726,-0.0657,0.003848,0.0069
ISIC,1323,-0.024966,-0.0353,-0.0297,-0.004734,0.0055999999999999
ISIC,1324,-0.03385,-0.0509,-0.034,-0.00015,0.0169
ISIC,1325,-0.063312,-0.0498,-0.0621,0.0012119999999999,-0.0123
ISIC,1326,-0.043195,-0.0523,-0.0468,-0.003605,0.0054999999999999
ISIC,1327,-0.067455,-0.0719,-0.0713,-0.003845,0.0006
ISIC,1328,-0.04352,-0.0541,-0.0449,-0.0013799999999999,0.0092
ISIC,1329,-0.009736,-0.0127,-0.0123,-0.002564,0.0003999999999999
ISIC,1330,-0.067009,-0.0594,-0.0692,-0.0021909999999999,-0.0097999999999999
ISIC,1331,-0.037266,-0.0291,-0.0387,-0.0014339999999999,-0.0095999999999999
ISIC,1332,-0.048402,-0.0444,-0.0462,0.002202,-0.0017999999999999
ISIC,1333,-0.00716,-0.0043,-0.0072,-4.0000000000000105e-05,-0.0029
ISIC,1334,-0.026828,-0.0274,-0.0267,0.0001279999999999,0.0006999999999999
ISIC,1335,-0.04747,-0.0453,-0.0518,-0.00433,-0.0064999999999999
ISIC,1336,-0.029424,-0.029,-0.0289,0.000524,0.0001
ISIC,1337,-0.036888,-0.0282,-0.0369,-1.2000000000005062e-05,-0.0087
ISIC,1338,-0.125487,-0.1088,-0.1278,-0.002313,-0.019
ISIC,1339,-0.049171,-0.0486,-0.0472,0.001971,0.0013999999999999
ISIC,1340,-0.004622,-0.0105,-0.002,0.002622,0.0085
ISIC,1341,-0.02941,-0.0279,-0.0274,0.0020099999999999,0.0005
ISIC,1342,-0.029679,-0.0287,-0.0336,-0.0039209999999999,-0.0048999999999999
ISIC,1343,-0.02734,-0.0261,-0.0238,0.0035399999999999,0.0023
ISIC,1344,-0.085944,-0.092,-0.0859,4.400000000000237e-05,0.0060999999999999
ISIC,1345,-0.049766,-0.0651,-0.0518,-0.002034,0.0133
ISIC,1346,-0.057238,-0.0487,-0.0589,-0.001662,-0.0102
ISIC,1347,-0.110897,-0.0994,-0.1123,-0.001403,-0.0128999999999999
ISIC,1348,-0.051381,-0.0573,-0.0552,-0.0038189999999999,0.0020999999999999
ISIC,1349,-0.030212,-0.0431,-0.0314,-0.0011879999999999,0.0117
ISIC,1350,-0.065556,-0.0741,-0.0706,-0.0050439999999999,0.0035
ISIC,1351,-0.03629,-0.0335,-0.0354,0.00089,-0.0018999999999999
ISIC,1352,-0.052821,-0.0579,-0.0485,0.0043209999999999,0.0093999999999999
ISIC,1353,-0.041157,-0.0334,-0.044,-0.0028429999999999,-0.0105999999999999
ISIC,1354,-0.002429,-0.014,-0.0057,-0.003271,0.0083
ISIC,1355,-0.029415,-0.0353,-0.0346,-0.0051849999999999,0.0006999999999999
ISIC,1356,-0.026543,-0.0286,-0.0315,-0.004957,-0.0029
ISIC,1357,-0.036494,-0.037,-0.0345,0.0019939999999999,0.0024999999999999
ISIC,1358,-0.019424,-0.0385,-0.0175,0.0019239999999999,0.0209999999999999
ISIC,1359,-0.042566,-0.0268,-0.0408,0.0017659999999999,-0.014
ISIC,1360,-0.072903,-0.0666,-0.0758,-0.002897,-0.0092
ISIC,1361,-0.027677,-0.0422,-0.0242,0.003477,0.018
ISIC,1362,-0.053555,-0.0486,-0.0553,-0.001745,-0.0067
ISIC,1363,-0.119037,-0.106,-0.1209,-0.0018629999999999,-0.0148999999999999
ISIC,1364,-0.054789,-0.0498,-0.0544,0.000389,-0.0046
ISIC,1365,-0.080863,-0.0897,-0.0823,-0.0014369999999999,0.0074
ISIC,1366,-0.062548,-0.0612,-0.0616,0.000948,-0.0004
ISIC,1367,-0.01918,-0.0186,-0.0242,-0.00502,-0.0056
ISIC,1368,-0.006153,-0.0245,-0.0017,0.0044529999999999,0.0228
ISIC,1369,-0.043929,-0.0418,-0.0452,-0.0012709999999999,-0.0034
ISIC,1370,-0.062968,-0.0612,-0.0606,0.0023679999999999,0.0005999999999999
ISIC,1371,-0.045768,-0.0489,-0.0455,0.000268,0.0034
ISIC,1372,-0.066623,-0.0651,-0.0674,-0.0007769999999999,-0.0022999999999999
ISIC,1373,-0.039429,-0.0374,-0.0477,-0.008271,-0.0102999999999999
ISIC,1374,-0.052021,-0.0565,-0.0545,-0.002479,0.002
ISIC,1375,-0.048578,-0.0593,-0.0461,0.002478,0.0131999999999999
ISIC,1376,-0.014449,-0.0209,-0.0204,-0.005951,0.0004999999999999
ISIC,1377,-0.081418,-0.0647,-0.0743,0.0071179999999999,-0.0096
ISIC,1378,-0.063486,-0.0636,-0.0602,0.003286,0.0034
ISIC,1379,-0.086457,-0.0926,-0.0912,-0.0047429999999999,0.0013999999999999
ISIC,1380,-0.072674,-0.0529,-0.0701,0.002574,-0.0171999999999999
ISIC,1381,-0.018367,-0.0195,-0.0164,0.001967,0.0030999999999999
ISIC,1382,-0.055882,-0.0614,-0.0575,-0.001618,0.0039
ISIC,1383,-0.035867,-0.0384,-0.0378,-0.0019329999999999,0.0005999999999999
ISIC,1384,-0.02811,-0.0173,-0.0265,0.00161,-0.0092
ISIC,1385,-0.092842,-0.074,-0.0942,-0.001358,-0.0202
ISIC,1386,-0.040838,-0.0368,-0.044,-0.0031619999999999,-0.0071999999999999
ISIC,1387,-0.111667,-0.0905,-0.1106,0.0010669999999999,-0.0201
ISIC,1388,-0.021409,-0.0464,-0.0266,-0.0051909999999999,0.0197999999999999
ISIC,1389,-0.058772,-0.0526,-0.0568,0.0019719999999999,-0.0042
ISIC,1390,-0.071513,-0.0594,-0.0707,0.0008129999999999,-0.0112999999999999
ISIC,1391,-0.045857,-0.0352,-0.0444,0.001457,-0.0092
ISIC,1392,-0.007758,-0.0056,-0.0049,0.002858,0.0007
ISIC,1393,-0.072274,-0.077,-0.0736,-0.0013259999999999,0.0034
ISIC,1394,-0.044631,-0.053,-0.045,-0.000369,0.008
ISIC,1395,-0.080916,-0.0703,-0.0831,-0.0021839999999999,-0.0127999999999999
ISIC,1396,-0.059117,-0.0524,-0.0557,0.003417,-0.0032999999999999
ISIC,1397,-0.062796,-0.0554,-0.061,0.001796,-0.0056
ISIC,1398,-0.022322,-0.0203,-0.0232,-0.0008779999999999,-0.0029
ISIC,1399,-0.039857,-0.032,-0.0424,-0.002543,-0.0104
ISIC,1400,-0.063908,-0.0514,-0.0622,0.001708,-0.0107999999999999
ISIC,1401,-0.055865,-0.0566,-0.0561,-0.0002349999999999,0.0005
ISIC,1402,-0.035787,-0.0388,-0.0362,-0.000413,0.0025999999999999
ISIC,1403,-0.054221,-0.0512,-0.0538,0.0004209999999999,-0.0025999999999999
ISIC,1404,-0.102872,-0.0865,-0.0922,0.010672,-0.0057
ISIC,1405,-0.04132,-0.0354,-0.0474,-0.0060799999999999,-0.0119999999999999
ISIC,1406,-0.028195,-0.0431,-0.0294,-0.0012049999999999,0.0137
ISIC,1407,-0.056511,-0.0624,-0.058,-0.001489,0.0043999999999999
ISIC,1408,-0.030186,-0.0309,-0.0361,-0.0059139999999999,-0.0052
ISIC,1409,-0.038877,-0.0405,-0.0406,-0.0017229999999999,-9.999999999999593e-05
ISIC,1410,-0.062562,-0.0565,-0.0603,0.002262,-0.0037999999999999
ISIC,1411,-0.022364,-0.0301,-0.0269,-0.004536,0.0031999999999999
ISIC,1412,-0.025029,-0.0293,-0.0228,0.0022289999999999,0.0064999999999999
ISIC,1413,-0.041769,-0.055,-0.0451,-0.003331,0.0098999999999999
ISIC,1414,-0.068516,-0.0574,-0.0704,-0.001884,-0.013
ISIC,1415,-0.05115,-0.0429,-0.0475,0.00365,-0.0046
ISIC,1416,-0.08464,-0.0763,-0.0838,0.00084,-0.0074999999999999
ISIC,1417,-0.027909,-0.0186,-0.0244,0.0035089999999999,-0.0058
ISIC,1418,-0.065919,-0.0592,-0.0639,0.002019,-0.0046999999999999
ISIC,1419,-0.065616,-0.0765,-0.0681,-0.002484,0.0084
ISIC,1420,-0.031268,-0.0414,-0.0364,-0.005132,0.0049999999999999
ISIC,1421,-0.025859,-0.0329,-0.0315,-0.005641,0.0013999999999999
ISIC,1422,-0.06978,-0.0631,-0.0677,0.0020799999999999,-0.0045999999999999
ISIC,1423,-0.035629,-0.0268,-0.035,0.0006289999999999,-0.0082
ISIC,1424,-0.059657,-0.052,-0.0611,-0.0014429999999999,-0.0091
ISIC,1425,-0.054384,-0.06,-0.0495,0.0048839999999999,0.0104999999999999
ISIC,1426,-0.060697,-0.0622,-0.0552,0.005497,0.0069999999999999
ISIC,1427,-0.011035,-0.031,-0.0138,-0.002765,0.0172
ISIC,1428,-0.024169,-0.0243,-0.0243,-0.0001309999999999,0.0
ISIC,1429,-0.104047,-0.093,-0.1027,0.001347,-0.0097
ISIC,1430,-0.051427,-0.0492,-0.0502,0.0012269999999999,-0.001
ISIC,1431,-0.084003,-0.085,-0.0828,0.0012029999999999,0.0022
ISIC,1432,-0.041089,-0.0555,-0.0447,-0.0036109999999999,0.0108
ISIC,1433,-0.03762,-0.0421,-0.0364,0.0012199999999999,0.0056999999999999
ISIC,1434,-0.091046,-0.0783,-0.0861,0.004946,-0.0078
ISIC,1435,-0.030776,-0.0358,-0.0298,0.000976,0.0059999999999999
ISIC,1436,-0.008419,-0.0258,-0.0081,0.0003189999999999,0.0177
ISIC,1437,-0.067086,-0.0483,-0.064,0.003086,-0.0157
ISIC,1438,-0.037337,-0.0398,-0.0416,-0.0042629999999999,-0.0017999999999999
ISIC,1439,-0.041408,-0.0413,-0.0435,-0.0020919999999999,-0.0021999999999999
ISIC,1440,-0.051139,-0.0406,-0.0568,-0.005661,-0.0162
ISIC,1441,-0.05878,-0.0732,-0.0592,-0.00042,0.0139999999999999
ISIC,1442,-0.079204,-0.0702,-0.0814,-0.002196,-0.0112
ISIC,1443,-0.01524,-0.0289,-0.0207,-0.00546,0.0081999999999999
ISIC,1444,-0.065896,-0.0609,-0.0694,-0.003504,-0.0085
ISIC,1445,-0.057368,-0.0427,-0.0551,0.0022679999999999,-0.0124
ISIC,1446,-0.045894,-0.047,-0.046,-0.000106,0.001
ISIC,1447,-0.047271,-0.0407,-0.0481,-0.0008289999999999,-0.0073999999999999
ISIC,1448,-0.003044,-0.0177,-0.0075,-0.004456,0.0102
ISIC,1449,-0.027018,-0.032,-0.0248,0.002218,0.0072
ISIC,1450,-0.058544,-0.0443,-0.0571,0.001444,-0.0127999999999999
ISIC,1451,-0.007439,-0.0169,-0.0105,-0.003061,0.0063999999999999
ISIC,1452,-0.032871,-0.0489,-0.0349,-0.002029,0.0139999999999999
ISIC,1453,-0.042833,-0.0469,-0.0428,3.300000000000525e-05,0.0040999999999999
ISIC,1454,-0.014848,-0.0325,-0.0155,-0.0006519999999999,0.017
ISIC,1455,-0.030272,-0.0451,-0.0277,0.002572,0.0174
ISIC,1456,-0.025006,-0.0347,-0.028,-0.002994,0.0067
ISIC,1457,-0.052874,-0.0512,-0.0555,-0.002626,-0.0042999999999999
ISIC,1458,-0.031247,-0.0283,-0.0272,0.004047,0.0011
ISIC,1459,-0.048246,-0.0434,-0.0459,0.0023459999999999,-0.0025
ISIC,1460,-0.045682,-0.0442,-0.047,-0.0013179999999999,-0.0027999999999999
ISIC,1461,-0.055167,-0.0397,-0.0535,0.001667,-0.0138
ISIC,1462,-0.047433,-0.054,-0.0453,0.002133,0.0087
ISIC,1463,-0.023064,-0.0237,-0.0216,0.001464,0.0020999999999999
ISIC,1464,-0.062885,-0.0658,-0.064,-0.001115,0.0017999999999999
ISIC,1465,-0.080221,-0.0648,-0.0789,0.001321,-0.0141
ISIC,1466,-0.032754,-0.0254,-0.032,0.0007539999999999,-0.0066
ISIC,1467,-0.039463,-0.0396,-0.0396,-0.000137,0.0
ISIC,1468,-0.058575,-0.0581,-0.0608,-0.0022249999999999,-0.0027
ISIC,1469,-0.02831,-0.027,-0.032,-0.00369,-0.005
ISIC,1470,-0.059814,-0.0503,-0.0585,0.0013139999999999,-0.0082
ISIC,1471,-0.037022,-0.0434,-0.0386,-0.001578,0.0047999999999999
ISIC,1472,-0.110257,-0.0811,-0.1061,0.0041569999999999,-0.0249999999999999
ISIC,1473,-0.028152,-0.0336,-0.0278,0.000352,0.0058
ISIC,1474,-0.02707,-0.0446,-0.0302,-0.00313,0.0144
ISIC,1475,-0.005766,-0.0096,-0.0064,-0.000634,0.0031999999999999
ISIC,1476,-0.093521,-0.0911,-0.0913,0.002221,-0.0002
ISIC,1477,-0.051835,-0.0661,-0.0497,0.0021349999999999,0.0164
ISIC,1478,-0.063432,-0.0595,-0.065,-0.001568,-0.0055
ISIC,1479,-0.057056,-0.0623,-0.0571,-4.399999999999543e-05,0.0052
ISIC,1480,-0.0595,-0.0453,-0.0567,0.0027999999999999,-0.0114
ISIC,1481,-0.05676,-0.0474,-0.0603,-0.00354,-0.0129
ISIC,1482,-0.103698,-0.088,-0.1038,-0.000102,-0.0158
ISIC,1483,-0.083175,-0.0722,-0.0841,-0.0009249999999999,-0.0118999999999999
ISIC,1484,-0.044305,-0.0431,-0.0434,0.0009049999999999,-0.0003
ISIC,1485,-0.031719,-0.031,-0.0322,-0.000481,-0.0011999999999999
ISIC,1486,-0.069846,-0.0593,-0.0699,-5.3999999999998494e-05,-0.0106
ISIC,1487,-0.061087,-0.0562,-0.0617,-0.0006129999999999,-0.0054999999999999
ISIC,1488,-0.018002,-0.0289,-0.017,0.0010019999999999,0.0118999999999999
ISIC,1489,-0.056743,-0.0512,-0.0609,-0.004157,-0.0097
ISIC,1490,-0.05676,-0.0696,-0.0549,0.00186,0.0146999999999999
ISIC,1491,-0.05682,-0.0433,-0.0527,0.00412,-0.0093999999999999
ISIC,1492,-0.079378,-0.063,-0.0739,0.005478,-0.0108999999999999
ISIC,1493,-0.002823,-0.0247,-0.0068,-0.003977,0.0179
ISIC,1494,-0.069823,-0.068,-0.0731,-0.003277,-0.0050999999999999
ISIC,1495,-0.072695,-0.0593,-0.0722,0.0004949999999999,-0.0129
ISIC,1496,-0.015357,-0.0318,-0.0133,0.002057,0.0185
ISIC,1497,-0.049126,-0.0446,-0.0462,0.002926,-0.0015999999999999
ISIC,1498,-0.04407,-0.0466,-0.0482,-0.00413,-0.0015999999999999
ISIC,1499,-0.06629,-0.0564,-0.0681,-0.0018099999999999,-0.0116999999999999
